patient_id,name,gender,age,city,insurance_provider,blood_group
PT00001,Riya Patil,M,15,Chennai,HDFC Ergo,O+
PT00002,Priya Rao,F,45,Kolkata,Care Health,A-
PT00003,Sanjay Pillai,M,33,Mumbai,Self Pay,AB+
PT00004,Rahul Malhotra,M,47,Pune,Star Health,O-
PT00005,Tanvi Patil,M,39,Jaipur,Niva Bupa,AB+
PT00006,Manish Gupta,F,71,Bangalore,HDFC Ergo,AB+
PT00007,Sanjay Mehta,F,52,Jaipur,Star Health,O+
PT00008,Anjali Nair,F,75,Lucknow,Self Pay,O-
PT00009,Karthik Bose,F,87,Hyderabad,ICICI Lombard,AB-
PT00010,Neha Iyer,F,66,Lucknow,Niva Bupa,A-
PT00011,Kavya Singh,M,26,Bangalore,Star Health,A+
PT00012,Kavya Chopra,M,59,Pune,Self Pay,B-
PT00013,Sanjay Chopra,F,32,Bangalore,Self Pay,A+
PT00014,Sneha Das,M,23,Jaipur,Care Health,A+
PT00015,Riya Reddy,M,59,Bangalore,Care Health,O-
PT00016,Karthik Shah,F,71,Ahmedabad,HDFC Ergo,AB-
PT00017,Karthik Khan,M,82,Chennai,ICICI Lombard,AB-
PT00018,Kavya Khan,F,10,Chennai,HDFC Ergo,O+
PT00019,Manish Patil,M,18,Bangalore,HDFC Ergo,AB+
PT00020,Vikram Nair,M,54,Pune,Niva Bupa,AB-
PT00021,Pooja Verma,M,54,Pune,ICICI Lombard,A+
PT00022,Aditya Gupta,F,1,Kolkata,Niva Bupa,AB+
PT00023,Pooja Bhat,M,63,Hyderabad,Niva Bupa,AB+
PT00024,Meera Sharma,F,44,Pune,Self Pay,B+
PT00025,Karthik Kapoor,M,51,Lucknow,ICICI Lombard,A+
PT00026,Amit Das,M,60,Bangalore,Star Health,O+
PT00027,Sanjay Patil,M,59,Kolkata,Niva Bupa,AB+
PT00028,Rohit Das,F,11,Ahmedabad,Star Health,A+
PT00029,Divya Reddy,M,84,Mumbai,Star Health,B-
PT00030,Arjun Sharma,M,31,Bangalore,Care Health,A-
PT00031,Aditya Nair,F,33,Kolkata,HDFC Ergo,A-
PT00032,Neha Singh,M,75,Mumbai,Niva Bupa,AB+
PT00033,Sanjay Nair,M,76,Hyderabad,Star Health,O+
PT00034,Tanvi Rao,M,45,Jaipur,Care Health,O-
PT00035,Amit Malhotra,F,2,Pune,Care Health,A-
PT00036,Pooja Joshi,F,20,Pune,HDFC Ergo,O+
PT00037,Tanvi Bhat,F,60,Pune,Self Pay,O+
PT00038,Manish Reddy,M,36,Ahmedabad,HDFC Ergo,AB-
PT00039,Aditya Shah,F,44,Mumbai,Care Health,O-
PT00040,Neha Chopra,M,46,Chennai,Niva Bupa,O+
PT00041,Tanvi Khan,M,67,Hyderabad,Star Health,B-
PT00042,Pooja Chopra,M,89,Ahmedabad,Self Pay,AB-
PT00043,Karthik Sharma,M,38,Hyderabad,Care Health,B-
PT00044,Anjali Pillai,F,61,Jaipur,ICICI Lombard,O-
PT00045,Pooja Bhat,F,46,Ahmedabad,Niva Bupa,O+
PT00046,Rohit Reddy,M,25,Kolkata,Star Health,B+
PT00047,Arjun Nair,F,36,Lucknow,ICICI Lombard,O+
PT00048,Sneha Nair,F,30,Kolkata,HDFC Ergo,O+
PT00049,Rahul Bhat,M,36,Mumbai,Star Health,O+
PT00050,Vikram Chopra,M,2,Lucknow,Niva Bupa,AB-
PT00051,Meera Bose,F,24,Mumbai,Niva Bupa,AB-
PT00052,Sneha Iyer,F,63,Delhi,ICICI Lombard,A+
PT00053,Vikram Kapoor,F,11,Hyderabad,Star Health,AB+
PT00054,Tanvi Shah,M,67,Pune,Care Health,AB-
PT00055,Anjali Pillai,F,40,Lucknow,ICICI Lombard,A+
PT00056,Tanvi Rao,M,81,Hyderabad,Niva Bupa,A-
PT00057,Neha Reddy,M,71,Delhi,HDFC Ergo,A+
PT00058,Pooja Bose,F,38,Mumbai,HDFC Ergo,O+
PT00059,Anjali Bose,M,88,Hyderabad,Niva Bupa,B-
PT00060,Pooja Rao,M,83,Bangalore,Niva Bupa,B+
PT00061,Amit Verma,M,40,Lucknow,Self Pay,O+
PT00062,Karthik Rao,F,89,Chennai,Self Pay,AB+
PT00063,Rohit Malhotra,F,57,Delhi,ICICI Lombard,A+
PT00064,Pooja Patil,F,4,Delhi,HDFC Ergo,A+
PT00065,Rohit Pillai,M,23,Ahmedabad,ICICI Lombard,AB-
PT00066,Rohit Mehta,F,82,Ahmedabad,Star Health,AB-
PT00067,Divya Das,F,42,Delhi,HDFC Ergo,O-
PT00068,Pooja Chopra,F,85,Pune,ICICI Lombard,A+
PT00069,Karthik Iyer,F,33,Kolkata,Star Health,AB+
PT00070,Ishaan Sharma,F,53,Mumbai,HDFC Ergo,O-
PT00071,Tanvi Chopra,F,7,Hyderabad,Niva Bupa,B+
PT00072,Anjali Bose,F,16,Mumbai,Self Pay,B-
PT00073,Neha Singh,M,71,Pune,Star Health,B-
PT00074,Sneha Bose,M,83,Bangalore,Care Health,O+
PT00075,Ishaan Khan,F,62,Ahmedabad,HDFC Ergo,AB-
PT00076,Riya Kapoor,F,25,Lucknow,ICICI Lombard,B+
PT00077,Amit Khan,F,44,Jaipur,Niva Bupa,A+
PT00078,Anjali Singh,F,20,Ahmedabad,ICICI Lombard,AB-
PT00079,Divya Patil,F,59,Kolkata,HDFC Ergo,B-
PT00080,Aditya Gupta,M,53,Mumbai,Niva Bupa,AB-
PT00081,Sanjay Gupta,M,64,Mumbai,HDFC Ergo,O-
PT00082,Sneha Bose,M,68,Ahmedabad,Star Health,B+
PT00083,Pooja Kapoor,M,61,Chennai,Niva Bupa,AB+
PT00084,Amit Patil,F,41,Ahmedabad,ICICI Lombard,A+
PT00085,Tanvi Iyer,M,81,Chennai,HDFC Ergo,A-
PT00086,Pooja Rao,M,57,Bangalore,Self Pay,O+
PT00087,Rahul Verma,F,8,Chennai,Niva Bupa,O-
PT00088,Pooja Kapoor,M,68,Pune,ICICI Lombard,B+
PT00089,Neha Mehta,M,79,Pune,ICICI Lombard,B-
PT00090,Meera Pillai,M,30,Ahmedabad,Self Pay,O+
PT00091,Karthik Khan,M,60,Chennai,Self Pay,B+
PT00092,Amit Bose,F,76,Chennai,Self Pay,AB+
PT00093,Rohit Bose,F,26,Pune,Care Health,A-
PT00094,Kavya Gupta,F,74,Chennai,Self Pay,O+
PT00095,Rahul Gupta,F,2,Lucknow,Self Pay,A+
PT00096,Tanvi Chopra,F,30,Lucknow,Niva Bupa,B-
PT00097,Arjun Shah,F,87,Bangalore,Self Pay,A-
PT00098,Priya Singh,F,5,Lucknow,Niva Bupa,B+
PT00099,Amit Singh,F,54,Bangalore,HDFC Ergo,B+
PT00100,Riya Joshi,F,22,Chennai,Care Health,O+
PT00101,Manish Rao,F,10,Bangalore,HDFC Ergo,AB+
PT00102,Riya Joshi,M,51,Mumbai,Niva Bupa,A-
PT00103,Karthik Joshi,F,75,Pune,Self Pay,O-
PT00104,Sneha Reddy,F,4,Lucknow,ICICI Lombard,O-
PT00105,Tanvi Reddy,M,82,Ahmedabad,Self Pay,O+
PT00106,Pooja Rao,M,6,Mumbai,Niva Bupa,AB-
PT00107,Sneha Rao,M,69,Bangalore,Care Health,AB-
PT00108,Divya Bhat,F,76,Bangalore,Care Health,A-
PT00109,Meera Shah,F,36,Mumbai,Self Pay,O-
PT00110,Arjun Bose,F,31,Kolkata,Star Health,O-
PT00111,Riya Joshi,M,51,Chennai,HDFC Ergo,A-
PT00112,Karthik Iyer,M,83,Lucknow,Star Health,A+
PT00113,Manish Reddy,M,73,Hyderabad,Star Health,B-
PT00114,Aditya Nair,M,43,Bangalore,ICICI Lombard,A+
PT00115,Rohit Kapoor,M,70,Chennai,HDFC Ergo,A-
PT00116,Rahul Kapoor,M,46,Hyderabad,ICICI Lombard,O-
PT00117,Rahul Mehta,F,7,Bangalore,Self Pay,AB+
PT00118,Ishaan Rao,M,61,Ahmedabad,Niva Bupa,A-
PT00119,Karthik Malhotra,M,79,Mumbai,Self Pay,O+
PT00120,Karthik Sharma,M,62,Pune,Care Health,A-
PT00121,Meera Bose,M,11,Kolkata,ICICI Lombard,B+
PT00122,Amit Kapoor,F,80,Lucknow,ICICI Lombard,O-
PT00123,Sanjay Shah,F,59,Jaipur,ICICI Lombard,AB+
PT00124,Sneha Rao,M,56,Ahmedabad,HDFC Ergo,AB+
PT00125,Manish Bose,F,54,Delhi,Niva Bupa,AB+
PT00126,Manish Khan,F,20,Ahmedabad,Star Health,A-
PT00127,Amit Iyer,F,13,Kolkata,HDFC Ergo,A+
PT00128,Aditya Bhat,F,86,Delhi,Care Health,O-
PT00129,Pooja Verma,F,77,Chennai,Niva Bupa,A-
PT00130,Aditya Malhotra,M,20,Ahmedabad,HDFC Ergo,A-
PT00131,Divya Bhat,F,15,Chennai,ICICI Lombard,B-
PT00132,Pooja Bhat,M,78,Chennai,Star Health,B+
PT00133,Rohit Singh,F,45,Mumbai,HDFC Ergo,B+
PT00134,Aditya Gupta,M,19,Mumbai,Star Health,B-
PT00135,Sanjay Das,F,44,Bangalore,Niva Bupa,O+
PT00136,Manish Pillai,M,7,Bangalore,HDFC Ergo,A+
PT00137,Amit Khan,F,85,Pune,Care Health,AB-
PT00138,Pooja Khan,M,66,Delhi,Niva Bupa,AB+
PT00139,Sneha Singh,F,68,Chennai,Star Health,B-
PT00140,Sanjay Shah,M,1,Hyderabad,Niva Bupa,B-
PT00141,Vikram Khan,F,42,Delhi,Star Health,AB-
PT00142,Pooja Mehta,M,49,Jaipur,Self Pay,B-
PT00143,Ishaan Bhat,F,10,Pune,Self Pay,A+
PT00144,Pooja Sharma,F,10,Kolkata,ICICI Lombard,AB+
PT00145,Aditya Gupta,F,38,Delhi,Care Health,A+
PT00146,Manish Mehta,F,89,Kolkata,Star Health,AB+
PT00147,Sneha Reddy,F,76,Pune,ICICI Lombard,A-
PT00148,Sanjay Singh,F,29,Kolkata,HDFC Ergo,A-
PT00149,Ishaan Rao,M,45,Kolkata,Self Pay,B+
PT00150,Kavya Rao,M,33,Hyderabad,HDFC Ergo,B+
PT00151,Amit Mehta,F,60,Lucknow,ICICI Lombard,AB-
PT00152,Aditya Shah,F,81,Kolkata,HDFC Ergo,AB-
PT00153,Amit Chopra,F,81,Chennai,Niva Bupa,A+
PT00154,Divya Malhotra,M,40,Ahmedabad,Care Health,A+
PT00155,Priya Joshi,F,10,Delhi,ICICI Lombard,AB+
PT00156,Karthik Pillai,M,58,Lucknow,Self Pay,B-
PT00157,Manish Shah,F,65,Bangalore,Star Health,AB-
PT00158,Sneha Patil,M,65,Bangalore,Star Health,B-
PT00159,Karthik Bose,M,47,Kolkata,Niva Bupa,AB+
PT00160,Pooja Patil,M,81,Kolkata,Star Health,O-
PT00161,Sneha Bhat,F,37,Chennai,Self Pay,B+
PT00162,Manish Iyer,M,45,Chennai,Self Pay,AB+
PT00163,Vikram Shah,M,40,Jaipur,Care Health,O-
PT00164,Vikram Malhotra,M,83,Pune,ICICI Lombard,O-
PT00165,Rahul Joshi,F,24,Hyderabad,Niva Bupa,AB-
PT00166,Arjun Reddy,M,20,Delhi,Niva Bupa,A-
PT00167,Ishaan Bhat,M,85,Kolkata,ICICI Lombard,B+
PT00168,Tanvi Gupta,M,21,Bangalore,Self Pay,B+
PT00169,Karthik Verma,F,47,Hyderabad,Care Health,O+
PT00170,Karthik Reddy,M,40,Ahmedabad,HDFC Ergo,O-
PT00171,Aditya Bose,F,37,Pune,ICICI Lombard,AB+
PT00172,Neha Nair,M,33,Mumbai,Self Pay,AB-
PT00173,Divya Bhat,M,67,Delhi,Niva Bupa,A-
PT00174,Neha Khan,F,66,Bangalore,Care Health,A-
PT00175,Kavya Bose,F,4,Pune,Star Health,AB+
PT00176,Ishaan Joshi,M,50,Delhi,Niva Bupa,B-
PT00177,Rahul Patil,M,84,Kolkata,HDFC Ergo,B+
PT00178,Priya Singh,F,18,Ahmedabad,Care Health,A+
PT00179,Amit Sharma,F,28,Bangalore,ICICI Lombard,AB+
PT00180,Sneha Singh,M,39,Delhi,Star Health,B-
PT00181,Pooja Shah,F,9,Delhi,Care Health,A+
PT00182,Ishaan Pillai,M,19,Chennai,Care Health,A+
PT00183,Tanvi Joshi,M,74,Pune,HDFC Ergo,A-
PT00184,Ishaan Joshi,M,68,Jaipur,ICICI Lombard,A+
PT00185,Sanjay Chopra,M,82,Pune,Niva Bupa,O+
PT00186,Rahul Joshi,M,45,Hyderabad,Self Pay,A-
PT00187,Aditya Patil,M,6,Kolkata,ICICI Lombard,O-
PT00188,Neha Bose,F,81,Bangalore,HDFC Ergo,A-
PT00189,Karthik Verma,F,26,Mumbai,HDFC Ergo,A+
PT00190,Manish Singh,F,70,Ahmedabad,Niva Bupa,A+
PT00191,Arjun Singh,F,7,Kolkata,Niva Bupa,A-
PT00192,Divya Das,F,57,Pune,Niva Bupa,B+
PT00193,Meera Chopra,F,67,Chennai,Star Health,AB+
PT00194,Amit Das,M,70,Chennai,Niva Bupa,A-
PT00195,Amit Patil,F,40,Ahmedabad,ICICI Lombard,AB+
PT00196,Neha Bose,F,58,Mumbai,Self Pay,O-
PT00197,Tanvi Das,F,82,Mumbai,Star Health,AB+
PT00198,Divya Malhotra,M,4,Bangalore,ICICI Lombard,AB-
PT00199,Priya Kapoor,M,31,Kolkata,Niva Bupa,AB+
PT00200,Aditya Verma,M,87,Ahmedabad,Niva Bupa,O-
PT00201,Karthik Iyer,M,68,Kolkata,Care Health,O-
PT00202,Rohit Reddy,M,4,Bangalore,Care Health,AB+
PT00203,Riya Rao,F,34,Ahmedabad,HDFC Ergo,O+
PT00204,Meera Nair,M,18,Delhi,Care Health,B+
PT00205,Karthik Iyer,F,86,Kolkata,Self Pay,A-
PT00206,Riya Bhat,F,39,Bangalore,Self Pay,B+
PT00207,Divya Malhotra,M,16,Hyderabad,HDFC Ergo,B-
PT00208,Meera Sharma,F,71,Lucknow,Niva Bupa,AB-
PT00209,Riya Kapoor,M,9,Chennai,Care Health,AB-
PT00210,Ishaan Das,F,74,Delhi,HDFC Ergo,O-
PT00211,Amit Bose,F,88,Jaipur,Niva Bupa,B+
PT00212,Riya Pillai,M,17,Pune,ICICI Lombard,A+
PT00213,Sneha Malhotra,M,39,Bangalore,HDFC Ergo,O-
PT00214,Kavya Joshi,F,11,Chennai,HDFC Ergo,O+
PT00215,Vikram Singh,M,65,Bangalore,ICICI Lombard,B+
PT00216,Neha Shah,F,73,Mumbai,Star Health,A-
PT00217,Priya Pillai,F,84,Hyderabad,ICICI Lombard,AB+
PT00218,Tanvi Sharma,F,81,Jaipur,Niva Bupa,O+
PT00219,Meera Reddy,F,39,Ahmedabad,Star Health,A+
PT00220,Neha Bose,F,62,Ahmedabad,HDFC Ergo,O-
PT00221,Tanvi Kapoor,F,41,Kolkata,Care Health,B+
PT00222,Divya Malhotra,M,41,Hyderabad,Care Health,A-
PT00223,Rohit Bose,M,19,Delhi,Star Health,O+
PT00224,Sanjay Shah,F,32,Bangalore,Niva Bupa,O-
PT00225,Arjun Mehta,F,66,Ahmedabad,Care Health,O+
PT00226,Meera Sharma,M,51,Jaipur,Care Health,B-
PT00227,Arjun Pillai,F,7,Mumbai,Niva Bupa,AB-
PT00228,Tanvi Chopra,F,69,Mumbai,Star Health,AB+
PT00229,Vikram Khan,F,52,Kolkata,Star Health,AB+
PT00230,Priya Pillai,M,47,Jaipur,Niva Bupa,A-
PT00231,Sanjay Malhotra,F,71,Chennai,ICICI Lombard,A-
PT00232,Vikram Rao,F,48,Kolkata,ICICI Lombard,O-
PT00233,Vikram Nair,F,65,Mumbai,Star Health,A+
PT00234,Vikram Patil,F,67,Ahmedabad,HDFC Ergo,B+
PT00235,Manish Shah,F,21,Pune,ICICI Lombard,O+
PT00236,Aditya Patil,F,73,Chennai,Care Health,A+
PT00237,Divya Patil,M,54,Lucknow,Niva Bupa,A+
PT00238,Tanvi Chopra,F,84,Lucknow,ICICI Lombard,B-
PT00239,Priya Pillai,F,22,Jaipur,Self Pay,AB+
PT00240,Vikram Reddy,M,74,Delhi,HDFC Ergo,A+
PT00241,Karthik Patil,F,20,Pune,Self Pay,B-
PT00242,Pooja Malhotra,F,8,Bangalore,ICICI Lombard,B-
PT00243,Riya Patil,F,68,Pune,Niva Bupa,B+
PT00244,Karthik Bhat,F,70,Kolkata,Self Pay,O+
PT00245,Tanvi Chopra,M,32,Chennai,ICICI Lombard,O+
PT00246,Kavya Singh,F,27,Ahmedabad,Niva Bupa,AB-
PT00247,Divya Bhat,F,37,Delhi,ICICI Lombard,AB+
PT00248,Sanjay Joshi,M,38,Mumbai,Niva Bupa,A-
PT00249,Divya Bose,F,62,Hyderabad,HDFC Ergo,O+
PT00250,Riya Khan,M,14,Lucknow,Self Pay,B-
PT00251,Kavya Verma,M,82,Hyderabad,Star Health,A-
PT00252,Pooja Patil,F,13,Bangalore,Star Health,B+
PT00253,Pooja Chopra,F,84,Hyderabad,Niva Bupa,O-
PT00254,Anjali Verma,M,84,Lucknow,HDFC Ergo,A+
PT00255,Neha Das,M,5,Pune,Care Health,B+
PT00256,Anjali Verma,M,39,Lucknow,ICICI Lombard,A-
PT00257,Manish Singh,F,83,Jaipur,ICICI Lombard,AB-
PT00258,Vikram Malhotra,F,35,Hyderabad,Star Health,O-
PT00259,Neha Bose,F,24,Mumbai,Self Pay,O-
PT00260,Anjali Pillai,M,23,Lucknow,Self Pay,AB+
PT00261,Pooja Malhotra,F,12,Pune,Self Pay,A-
PT00262,Neha Kapoor,F,42,Hyderabad,Star Health,O+
PT00263,Sanjay Reddy,F,35,Kolkata,Niva Bupa,A+
PT00264,Rohit Joshi,M,8,Delhi,Care Health,O+
PT00265,Neha Gupta,F,89,Delhi,Self Pay,O+
PT00266,Divya Shah,M,29,Bangalore,Care Health,B+
PT00267,Karthik Shah,F,54,Jaipur,Care Health,B-
PT00268,Kavya Shah,M,68,Ahmedabad,ICICI Lombard,O-
PT00269,Amit Pillai,M,8,Jaipur,ICICI Lombard,B-
PT00270,Aditya Bhat,M,22,Kolkata,ICICI Lombard,AB-
PT00271,Sneha Nair,F,12,Jaipur,Care Health,A+
PT00272,Karthik Kapoor,F,59,Lucknow,Star Health,AB-
PT00273,Anjali Sharma,F,33,Mumbai,Self Pay,B-
PT00274,Aditya Iyer,M,55,Kolkata,Self Pay,A-
PT00275,Riya Verma,M,61,Mumbai,Niva Bupa,AB+
PT00276,Neha Kapoor,F,48,Pune,Care Health,AB+
PT00277,Sanjay Iyer,M,84,Kolkata,Star Health,B+
PT00278,Riya Gupta,M,29,Mumbai,Star Health,O+
PT00279,Karthik Bhat,F,69,Pune,HDFC Ergo,B-
PT00280,Karthik Joshi,M,36,Hyderabad,Self Pay,A-
PT00281,Priya Das,M,31,Hyderabad,Star Health,A-
PT00282,Tanvi Verma,F,77,Mumbai,HDFC Ergo,A+
PT00283,Sanjay Bose,M,70,Hyderabad,Star Health,B+
PT00284,Ishaan Singh,M,74,Kolkata,ICICI Lombard,O-
PT00285,Kavya Singh,M,85,Jaipur,HDFC Ergo,AB+
PT00286,Anjali Khan,M,72,Lucknow,Self Pay,B+
PT00287,Pooja Bhat,F,7,Kolkata,Self Pay,AB+
PT00288,Ishaan Patil,F,53,Bangalore,Niva Bupa,AB+
PT00289,Neha Bhat,F,31,Hyderabad,Niva Bupa,B+
PT00290,Karthik Verma,F,54,Jaipur,ICICI Lombard,B+
PT00291,Sanjay Reddy,F,27,Kolkata,Self Pay,A-
PT00292,Karthik Joshi,M,69,Hyderabad,Star Health,O+
PT00293,Sanjay Shah,M,10,Hyderabad,ICICI Lombard,B-
PT00294,Meera Nair,F,39,Mumbai,HDFC Ergo,B-
PT00295,Sneha Chopra,M,78,Hyderabad,Care Health,B-
PT00296,Riya Patil,F,49,Ahmedabad,ICICI Lombard,O-
PT00297,Anjali Khan,F,66,Ahmedabad,Care Health,A-
PT00298,Meera Patil,M,48,Kolkata,Care Health,A+
PT00299,Aditya Reddy,M,3,Chennai,ICICI Lombard,AB+
PT00300,Anjali Kapoor,M,43,Hyderabad,Care Health,B-
PT00301,Meera Bhat,F,33,Ahmedabad,Self Pay,AB-
PT00302,Karthik Mehta,F,22,Bangalore,Self Pay,AB-
PT00303,Neha Bhat,M,68,Mumbai,Star Health,A+
PT00304,Rahul Das,M,81,Hyderabad,Star Health,B+
PT00305,Rahul Nair,F,48,Mumbai,ICICI Lombard,AB-
PT00306,Meera Sharma,M,69,Jaipur,Care Health,A+
PT00307,Rahul Malhotra,F,69,Chennai,Star Health,AB+
PT00308,Neha Rao,M,68,Bangalore,HDFC Ergo,B-
PT00309,Tanvi Malhotra,F,46,Chennai,Care Health,A-
PT00310,Divya Gupta,F,73,Hyderabad,Self Pay,B-
PT00311,Anjali Iyer,M,12,Pune,Care Health,AB+
PT00312,Riya Chopra,M,82,Mumbai,Self Pay,B+
PT00313,Amit Chopra,F,83,Kolkata,ICICI Lombard,A-
PT00314,Ishaan Verma,M,28,Lucknow,Care Health,O+
PT00315,Priya Iyer,F,70,Lucknow,Self Pay,A+
PT00316,Neha Patil,M,27,Lucknow,HDFC Ergo,AB+
PT00317,Amit Singh,M,73,Hyderabad,ICICI Lombard,AB+
PT00318,Riya Patil,F,18,Delhi,ICICI Lombard,O-
PT00319,Priya Rao,F,30,Delhi,Niva Bupa,AB+
PT00320,Manish Sharma,F,58,Ahmedabad,HDFC Ergo,O-
PT00321,Riya Gupta,F,24,Lucknow,Self Pay,AB+
PT00322,Amit Shah,F,32,Delhi,Star Health,O+
PT00323,Vikram Gupta,M,50,Kolkata,Niva Bupa,A-
PT00324,Amit Sharma,F,57,Kolkata,Niva Bupa,A-
PT00325,Vikram Iyer,M,56,Ahmedabad,ICICI Lombard,AB+
PT00326,Sneha Sharma,M,46,Jaipur,Star Health,O-
PT00327,Sanjay Sharma,F,53,Pune,Star Health,B-
PT00328,Aditya Malhotra,M,88,Pune,HDFC Ergo,B+
PT00329,Rohit Singh,F,64,Bangalore,Star Health,B+
PT00330,Pooja Khan,F,39,Ahmedabad,Star Health,O-
PT00331,Rohit Reddy,F,77,Lucknow,HDFC Ergo,AB-
PT00332,Sneha Kapoor,F,1,Pune,Niva Bupa,AB+
PT00333,Manish Bose,F,56,Lucknow,HDFC Ergo,O+
PT00334,Manish Shah,M,62,Kolkata,HDFC Ergo,AB+
PT00335,Manish Singh,F,74,Hyderabad,Niva Bupa,AB+
PT00336,Rohit Gupta,F,15,Lucknow,HDFC Ergo,B+
PT00337,Riya Sharma,F,27,Ahmedabad,Niva Bupa,A-
PT00338,Pooja Chopra,M,82,Chennai,HDFC Ergo,O+
PT00339,Vikram Das,F,10,Ahmedabad,ICICI Lombard,AB-
PT00340,Aditya Gupta,F,70,Mumbai,Niva Bupa,A-
PT00341,Sneha Reddy,F,22,Lucknow,Star Health,AB+
PT00342,Manish Das,M,2,Delhi,Niva Bupa,B-
PT00343,Ishaan Malhotra,M,58,Kolkata,Care Health,AB-
PT00344,Aditya Malhotra,M,45,Mumbai,Care Health,A-
PT00345,Anjali Das,M,15,Bangalore,Niva Bupa,O+
PT00346,Manish Bose,M,67,Ahmedabad,Niva Bupa,AB-
PT00347,Sneha Bose,F,41,Delhi,Niva Bupa,A+
PT00348,Sneha Sharma,F,83,Delhi,Self Pay,B+
PT00349,Kavya Malhotra,M,71,Bangalore,Niva Bupa,AB+
PT00350,Karthik Reddy,F,81,Bangalore,HDFC Ergo,AB+
PT00351,Sanjay Sharma,M,58,Lucknow,Care Health,AB+
PT00352,Rahul Nair,M,36,Delhi,ICICI Lombard,A-
PT00353,Riya Mehta,F,42,Hyderabad,Care Health,A-
PT00354,Rohit Chopra,F,77,Pune,ICICI Lombard,AB+
PT00355,Aditya Rao,F,46,Ahmedabad,ICICI Lombard,B+
PT00356,Anjali Shah,M,87,Bangalore,Niva Bupa,A-
PT00357,Kavya Singh,M,24,Kolkata,Self Pay,B+
PT00358,Ishaan Gupta,F,77,Bangalore,ICICI Lombard,AB+
PT00359,Pooja Mehta,F,82,Jaipur,Self Pay,B+
PT00360,Riya Mehta,F,37,Bangalore,HDFC Ergo,O-
PT00361,Karthik Shah,M,46,Mumbai,Care Health,B+
PT00362,Arjun Gupta,F,53,Ahmedabad,Care Health,AB-
PT00363,Meera Mehta,M,73,Mumbai,HDFC Ergo,O+
PT00364,Priya Khan,M,69,Chennai,HDFC Ergo,AB-
PT00365,Aditya Chopra,M,74,Delhi,Niva Bupa,O-
PT00366,Riya Verma,F,70,Hyderabad,Care Health,A-
PT00367,Kavya Singh,M,58,Chennai,Niva Bupa,A-
PT00368,Karthik Rao,M,27,Lucknow,Self Pay,O-
PT00369,Tanvi Das,M,79,Bangalore,HDFC Ergo,B-
PT00370,Priya Pillai,F,69,Chennai,ICICI Lombard,B+
PT00371,Manish Singh,F,74,Chennai,ICICI Lombard,A-
PT00372,Vikram Das,M,36,Bangalore,Self Pay,B+
PT00373,Kavya Kapoor,F,32,Pune,Care Health,B+
PT00374,Aditya Khan,F,49,Ahmedabad,Star Health,A-
PT00375,Sanjay Malhotra,F,89,Kolkata,Care Health,AB-
PT00376,Manish Pillai,M,12,Ahmedabad,Self Pay,O-
PT00377,Amit Bhat,F,28,Pune,HDFC Ergo,AB-
PT00378,Rohit Patil,F,44,Jaipur,ICICI Lombard,B+
PT00379,Aditya Chopra,F,88,Mumbai,Star Health,A-
PT00380,Karthik Sharma,M,21,Ahmedabad,Care Health,A+
PT00381,Pooja Nair,M,84,Chennai,HDFC Ergo,O+
PT00382,Amit Joshi,F,11,Kolkata,Self Pay,B+
PT00383,Priya Gupta,F,30,Pune,Self Pay,A-
PT00384,Sneha Sharma,M,62,Delhi,HDFC Ergo,B-
PT00385,Ishaan Bose,M,2,Kolkata,Star Health,AB+
PT00386,Vikram Chopra,M,30,Pune,Star Health,A-
PT00387,Sneha Patil,F,39,Bangalore,Care Health,B+
PT00388,Vikram Iyer,M,79,Bangalore,Care Health,O-
PT00389,Arjun Kapoor,F,79,Ahmedabad,HDFC Ergo,A-
PT00390,Sneha Kapoor,M,76,Pune,Niva Bupa,AB+
PT00391,Manish Kapoor,M,36,Delhi,HDFC Ergo,O+
PT00392,Rahul Singh,M,67,Lucknow,ICICI Lombard,B-
PT00393,Sanjay Singh,M,31,Ahmedabad,Care Health,A-
PT00394,Kavya Chopra,M,68,Mumbai,Niva Bupa,O-
PT00395,Vikram Gupta,F,47,Jaipur,Self Pay,B+
PT00396,Meera Iyer,M,76,Delhi,Star Health,O+
PT00397,Arjun Verma,M,51,Jaipur,Niva Bupa,AB+
PT00398,Pooja Gupta,M,82,Jaipur,ICICI Lombard,B+
PT00399,Rohit Iyer,F,11,Jaipur,HDFC Ergo,B+
PT00400,Riya Patil,F,76,Delhi,Niva Bupa,AB+
PT00401,Kavya Verma,M,12,Pune,Star Health,AB-
PT00402,Tanvi Shah,M,40,Bangalore,Star Health,A+
PT00403,Vikram Sharma,M,64,Kolkata,ICICI Lombard,O+
PT00404,Neha Joshi,M,35,Delhi,Star Health,O-
PT00405,Pooja Khan,M,34,Lucknow,Self Pay,A-
PT00406,Meera Bose,F,8,Ahmedabad,ICICI Lombard,B+
PT00407,Divya Mehta,F,14,Lucknow,Self Pay,A-
PT00408,Kavya Malhotra,M,6,Mumbai,HDFC Ergo,A+
PT00409,Meera Joshi,F,20,Bangalore,Star Health,AB+
PT00410,Kavya Patil,M,54,Kolkata,Niva Bupa,A-
PT00411,Aditya Joshi,M,65,Mumbai,HDFC Ergo,B-
PT00412,Ishaan Verma,F,9,Ahmedabad,Niva Bupa,O+
PT00413,Manish Iyer,F,2,Kolkata,HDFC Ergo,O+
PT00414,Aditya Singh,M,60,Kolkata,ICICI Lombard,AB-
PT00415,Arjun Bhat,M,20,Mumbai,Care Health,A+
PT00416,Kavya Bhat,F,82,Mumbai,Niva Bupa,A+
PT00417,Sanjay Singh,M,27,Jaipur,HDFC Ergo,AB+
PT00418,Meera Verma,M,36,Delhi,Star Health,B-
PT00419,Ishaan Das,F,59,Delhi,ICICI Lombard,A-
PT00420,Ishaan Kapoor,F,10,Lucknow,ICICI Lombard,A+
PT00421,Pooja Kapoor,M,38,Chennai,Niva Bupa,AB+
PT00422,Manish Patil,F,35,Hyderabad,Star Health,B-
PT00423,Vikram Pillai,M,20,Delhi,HDFC Ergo,AB-
PT00424,Karthik Patil,F,16,Jaipur,Niva Bupa,B-
PT00425,Karthik Singh,F,34,Delhi,Star Health,B+
PT00426,Anjali Shah,M,28,Kolkata,HDFC Ergo,A-
PT00427,Kavya Joshi,F,66,Mumbai,Self Pay,O+
PT00428,Rohit Mehta,M,52,Ahmedabad,ICICI Lombard,B-
PT00429,Sneha Bose,M,18,Delhi,Star Health,A+
PT00430,Kavya Kapoor,M,52,Kolkata,Self Pay,A-
PT00431,Aditya Pillai,F,10,Mumbai,Star Health,B-
PT00432,Karthik Kapoor,M,43,Delhi,Star Health,AB-
PT00433,Priya Mehta,F,51,Ahmedabad,Star Health,AB+
PT00434,Pooja Mehta,F,28,Bangalore,Niva Bupa,O+
PT00435,Karthik Kapoor,M,79,Lucknow,ICICI Lombard,B-
PT00436,Anjali Chopra,F,71,Ahmedabad,Star Health,A-
PT00437,Rohit Gupta,M,54,Hyderabad,Self Pay,B-
PT00438,Riya Sharma,F,46,Ahmedabad,ICICI Lombard,AB-
PT00439,Divya Pillai,F,50,Chennai,HDFC Ergo,A+
PT00440,Manish Shah,M,4,Chennai,Star Health,AB-
PT00441,Ishaan Joshi,M,21,Delhi,HDFC Ergo,B-
PT00442,Rohit Bhat,M,29,Lucknow,Care Health,O-
PT00443,Neha Mehta,M,76,Kolkata,Self Pay,O-
PT00444,Aditya Sharma,F,73,Lucknow,HDFC Ergo,B-
PT00445,Meera Bhat,F,23,Ahmedabad,Star Health,A-
PT00446,Priya Reddy,M,3,Jaipur,Care Health,A+
PT00447,Manish Shah,M,17,Kolkata,Self Pay,B+
PT00448,Manish Verma,M,19,Lucknow,Self Pay,B+
PT00449,Sneha Malhotra,F,10,Kolkata,Self Pay,AB+
PT00450,Aditya Rao,F,39,Kolkata,HDFC Ergo,B+
PT00451,Pooja Chopra,F,23,Jaipur,Self Pay,O-
PT00452,Kavya Pillai,M,49,Chennai,Self Pay,O+
PT00453,Vikram Mehta,M,74,Pune,ICICI Lombard,A+
PT00454,Neha Shah,F,79,Hyderabad,Self Pay,A-
PT00455,Meera Kapoor,F,10,Hyderabad,Niva Bupa,O-
PT00456,Neha Iyer,F,58,Mumbai,Niva Bupa,B-
PT00457,Kavya Iyer,F,33,Delhi,Self Pay,A+
PT00458,Priya Gupta,F,54,Bangalore,Care Health,AB-
PT00459,Sanjay Joshi,F,13,Ahmedabad,ICICI Lombard,B-
PT00460,Neha Bose,M,5,Chennai,Star Health,O-
PT00461,Rohit Rao,M,44,Bangalore,Care Health,B+
PT00462,Amit Bhat,M,44,Lucknow,ICICI Lombard,AB-
PT00463,Rahul Das,M,78,Pune,HDFC Ergo,A+
PT00464,Sneha Patil,M,25,Pune,Self Pay,O+
PT00465,Anjali Singh,M,13,Mumbai,Care Health,AB-
PT00466,Vikram Verma,F,1,Pune,Star Health,O+
PT00467,Tanvi Chopra,M,13,Mumbai,HDFC Ergo,B+
PT00468,Anjali Iyer,F,15,Chennai,Care Health,AB-
PT00469,Meera Khan,M,83,Jaipur,Care Health,B+
PT00470,Divya Gupta,F,24,Ahmedabad,Star Health,O+
PT00471,Karthik Bose,F,29,Chennai,ICICI Lombard,A+
PT00472,Vikram Rao,M,86,Kolkata,ICICI Lombard,AB+
PT00473,Aditya Reddy,M,50,Jaipur,Care Health,AB-
PT00474,Aditya Reddy,F,39,Delhi,Care Health,A+
PT00475,Ishaan Pillai,M,16,Ahmedabad,HDFC Ergo,B+
PT00476,Arjun Nair,M,6,Pune,Star Health,AB+
PT00477,Arjun Kapoor,F,41,Delhi,Star Health,AB+
PT00478,Riya Gupta,F,36,Jaipur,Care Health,A+
PT00479,Tanvi Pillai,F,15,Pune,HDFC Ergo,B+
PT00480,Aditya Pillai,M,14,Lucknow,Star Health,O+
PT00481,Riya Joshi,F,34,Pune,Self Pay,AB-
PT00482,Aditya Shah,F,5,Bangalore,Niva Bupa,AB+
PT00483,Vikram Shah,F,5,Pune,Niva Bupa,B-
PT00484,Priya Chopra,F,48,Mumbai,Niva Bupa,O+
PT00485,Anjali Khan,F,88,Delhi,HDFC Ergo,B+
PT00486,Anjali Bose,F,35,Pune,ICICI Lombard,A-
PT00487,Arjun Bose,M,53,Ahmedabad,ICICI Lombard,O-
PT00488,Priya Malhotra,M,9,Chennai,Self Pay,AB+
PT00489,Vikram Malhotra,M,23,Hyderabad,HDFC Ergo,A+
PT00490,Kavya Verma,F,7,Kolkata,Self Pay,B-
PT00491,Rohit Joshi,F,65,Pune,Self Pay,A-
PT00492,Rahul Reddy,F,63,Lucknow,Care Health,B+
PT00493,Meera Pillai,F,45,Bangalore,Niva Bupa,A-
PT00494,Anjali Sharma,F,7,Bangalore,ICICI Lombard,B-
PT00495,Kavya Reddy,M,35,Pune,ICICI Lombard,A+
PT00496,Rahul Chopra,M,83,Bangalore,ICICI Lombard,A+
PT00497,Kavya Khan,F,83,Chennai,Care Health,AB+
PT00498,Divya Bose,F,28,Ahmedabad,Niva Bupa,AB+
PT00499,Aditya Rao,M,66,Kolkata,ICICI Lombard,O+
PT00500,Anjali Rao,F,9,Kolkata,Niva Bupa,O-
PT00501,Rohit Khan,F,25,Bangalore,ICICI Lombard,B-
PT00502,Priya Shah,F,85,Kolkata,Self Pay,B+
PT00503,Rahul Chopra,F,34,Pune,Care Health,AB+
PT00504,Priya Pillai,M,44,Hyderabad,Self Pay,AB-
PT00505,Divya Malhotra,F,22,Jaipur,HDFC Ergo,O+
PT00506,Sneha Chopra,M,34,Jaipur,HDFC Ergo,O-
PT00507,Amit Reddy,F,29,Chennai,Care Health,O-
PT00508,Divya Khan,F,60,Delhi,Care Health,A+
PT00509,Aditya Pillai,M,61,Hyderabad,ICICI Lombard,A-
PT00510,Sanjay Malhotra,F,53,Mumbai,HDFC Ergo,B+
PT00511,Arjun Patil,F,73,Ahmedabad,HDFC Ergo,O-
PT00512,Neha Iyer,F,43,Bangalore,Niva Bupa,A+
PT00513,Rahul Bose,F,27,Bangalore,ICICI Lombard,B+
PT00514,Meera Iyer,M,79,Pune,Self Pay,AB+
PT00515,Sanjay Das,F,50,Mumbai,Star Health,B-
PT00516,Divya Sharma,F,68,Hyderabad,Star Health,A+
PT00517,Kavya Reddy,F,40,Bangalore,Star Health,AB+
PT00518,Ishaan Pillai,F,22,Delhi,Star Health,O+
PT00519,Anjali Bose,F,56,Bangalore,Niva Bupa,AB-
PT00520,Divya Nair,M,52,Mumbai,HDFC Ergo,B-
PT00521,Vikram Nair,M,76,Jaipur,HDFC Ergo,A-
PT00522,Divya Verma,F,82,Chennai,ICICI Lombard,A+
PT00523,Tanvi Verma,M,84,Mumbai,Star Health,A-
PT00524,Pooja Bose,F,16,Jaipur,Niva Bupa,AB-
PT00525,Vikram Nair,M,39,Pune,Self Pay,A-
PT00526,Ishaan Khan,M,54,Delhi,ICICI Lombard,A-
PT00527,Anjali Rao,M,64,Hyderabad,ICICI Lombard,B-
PT00528,Rohit Malhotra,M,46,Pune,Niva Bupa,B+
PT00529,Priya Bhat,F,27,Ahmedabad,Niva Bupa,B-
PT00530,Rahul Sharma,M,15,Lucknow,Self Pay,AB-
PT00531,Vikram Iyer,M,13,Chennai,Self Pay,B-
PT00532,Karthik Singh,F,60,Mumbai,Star Health,B+
PT00533,Priya Singh,F,87,Kolkata,Care Health,A-
PT00534,Sneha Verma,M,18,Bangalore,Niva Bupa,O-
PT00535,Karthik Shah,F,12,Kolkata,Niva Bupa,B+
PT00536,Sneha Gupta,F,59,Chennai,Care Health,AB-
PT00537,Pooja Mehta,M,17,Mumbai,HDFC Ergo,A-
PT00538,Pooja Pillai,F,73,Ahmedabad,HDFC Ergo,AB+
PT00539,Divya Shah,M,88,Bangalore,Care Health,AB-
PT00540,Sneha Das,F,6,Delhi,Niva Bupa,O-
PT00541,Rahul Malhotra,M,86,Kolkata,ICICI Lombard,A-
PT00542,Pooja Reddy,F,45,Pune,HDFC Ergo,A+
PT00543,Rahul Mehta,F,64,Bangalore,Star Health,AB-
PT00544,Manish Reddy,F,36,Mumbai,ICICI Lombard,B-
PT00545,Riya Gupta,F,31,Delhi,Care Health,AB-
PT00546,Aditya Bose,M,64,Ahmedabad,Niva Bupa,A-
PT00547,Meera Sharma,M,52,Pune,Star Health,A+
PT00548,Amit Shah,F,66,Jaipur,HDFC Ergo,AB-
PT00549,Manish Joshi,M,29,Ahmedabad,Niva Bupa,AB-
PT00550,Divya Bose,M,13,Hyderabad,Star Health,O-
PT00551,Divya Singh,F,14,Mumbai,HDFC Ergo,AB-
PT00552,Vikram Das,M,33,Lucknow,HDFC Ergo,B-
PT00553,Sneha Gupta,M,59,Hyderabad,Self Pay,O-
PT00554,Sneha Das,M,82,Lucknow,Star Health,AB-
PT00555,Karthik Pillai,M,64,Mumbai,ICICI Lombard,A+
PT00556,Riya Das,F,66,Bangalore,Self Pay,B+
PT00557,Vikram Rao,F,85,Lucknow,ICICI Lombard,O-
PT00558,Ishaan Gupta,F,78,Hyderabad,Niva Bupa,AB+
PT00559,Manish Singh,F,18,Bangalore,Care Health,O+
PT00560,Riya Patil,M,26,Hyderabad,ICICI Lombard,O+
PT00561,Divya Kapoor,M,65,Jaipur,Self Pay,O-
PT00562,Sneha Joshi,F,75,Lucknow,Self Pay,AB+
PT00563,Riya Singh,F,2,Jaipur,Star Health,A+
PT00564,Sanjay Kapoor,M,86,Mumbai,HDFC Ergo,O+
PT00565,Neha Singh,F,19,Mumbai,Self Pay,O+
PT00566,Arjun Bhat,M,46,Ahmedabad,Star Health,B-
PT00567,Riya Gupta,M,66,Chennai,Self Pay,A+
PT00568,Sanjay Gupta,F,88,Kolkata,ICICI Lombard,A+
PT00569,Rahul Khan,M,80,Ahmedabad,HDFC Ergo,O-
PT00570,Aditya Bhat,M,25,Chennai,Care Health,B+
PT00571,Amit Mehta,M,66,Delhi,Care Health,A+
PT00572,Pooja Khan,F,17,Bangalore,ICICI Lombard,O+
PT00573,Rahul Patil,F,20,Mumbai,HDFC Ergo,O-
PT00574,Tanvi Verma,F,63,Lucknow,ICICI Lombard,O-
PT00575,Amit Patil,M,24,Jaipur,Star Health,B+
PT00576,Pooja Bhat,F,12,Kolkata,HDFC Ergo,B-
PT00577,Manish Patil,F,38,Hyderabad,ICICI Lombard,AB-
PT00578,Riya Sharma,M,86,Kolkata,Care Health,B-
PT00579,Tanvi Shah,M,6,Kolkata,Care Health,A-
PT00580,Sanjay Khan,F,4,Jaipur,Niva Bupa,AB-
PT00581,Meera Verma,F,84,Hyderabad,Niva Bupa,A-
PT00582,Sneha Mehta,M,81,Delhi,HDFC Ergo,B-
PT00583,Pooja Rao,M,69,Pune,Self Pay,A-
PT00584,Vikram Sharma,F,43,Mumbai,Star Health,A-
PT00585,Priya Mehta,F,72,Delhi,ICICI Lombard,B-
PT00586,Rohit Das,F,58,Pune,Care Health,O-
PT00587,Rahul Gupta,M,69,Mumbai,Self Pay,A-
PT00588,Aditya Verma,M,46,Jaipur,Star Health,O+
PT00589,Anjali Shah,M,37,Ahmedabad,Care Health,AB+
PT00590,Rahul Chopra,M,69,Hyderabad,HDFC Ergo,AB+
PT00591,Riya Singh,M,39,Kolkata,Star Health,B+
PT00592,Sneha Verma,M,74,Lucknow,Care Health,A-
PT00593,Anjali Nair,F,28,Pune,Self Pay,B+
PT00594,Neha Mehta,M,79,Chennai,HDFC Ergo,A-
PT00595,Neha Pillai,M,71,Ahmedabad,Self Pay,A-
PT00596,Anjali Iyer,F,13,Hyderabad,Self Pay,AB-
PT00597,Manish Joshi,M,86,Hyderabad,Star Health,O+
PT00598,Tanvi Iyer,M,41,Ahmedabad,Care Health,O-
PT00599,Tanvi Singh,M,73,Lucknow,Niva Bupa,O-
PT00600,Pooja Mehta,M,41,Hyderabad,HDFC Ergo,AB+
PT00601,Rohit Joshi,M,87,Kolkata,Care Health,AB-
PT00602,Karthik Joshi,F,63,Jaipur,Star Health,B+
PT00603,Tanvi Iyer,F,18,Jaipur,HDFC Ergo,O+
PT00604,Amit Iyer,M,65,Mumbai,ICICI Lombard,AB+
PT00605,Aditya Nair,M,71,Chennai,ICICI Lombard,AB-
PT00606,Vikram Joshi,F,29,Lucknow,Self Pay,O+
PT00607,Vikram Bose,M,51,Kolkata,ICICI Lombard,A+
PT00608,Kavya Shah,M,66,Bangalore,Care Health,B+
PT00609,Neha Pillai,M,62,Kolkata,Star Health,B-
PT00610,Meera Reddy,M,34,Kolkata,HDFC Ergo,A+
PT00611,Arjun Malhotra,F,50,Ahmedabad,Care Health,A+
PT00612,Priya Patil,M,67,Chennai,Self Pay,O+
PT00613,Aditya Bhat,M,49,Pune,Niva Bupa,A-
PT00614,Ishaan Khan,F,29,Jaipur,Care Health,O-
PT00615,Divya Chopra,F,78,Mumbai,ICICI Lombard,B+
PT00616,Karthik Mehta,M,10,Jaipur,Self Pay,O+
PT00617,Arjun Kapoor,M,21,Kolkata,ICICI Lombard,A-
PT00618,Kavya Das,F,15,Ahmedabad,Self Pay,AB-
PT00619,Meera Nair,M,83,Pune,Star Health,B-
PT00620,Priya Kapoor,M,18,Jaipur,Star Health,B+
PT00621,Priya Mehta,F,24,Jaipur,Care Health,A+
PT00622,Anjali Iyer,M,58,Lucknow,Care Health,AB-
PT00623,Neha Reddy,F,77,Bangalore,ICICI Lombard,B+
PT00624,Tanvi Malhotra,F,22,Kolkata,Care Health,A-
PT00625,Kavya Gupta,F,17,Delhi,Star Health,B-
PT00626,Ishaan Malhotra,F,20,Lucknow,Star Health,B+
PT00627,Meera Shah,M,69,Jaipur,Star Health,A-
PT00628,Meera Kapoor,M,87,Pune,ICICI Lombard,AB+
PT00629,Divya Verma,F,30,Ahmedabad,Care Health,O-
PT00630,Aditya Pillai,M,55,Bangalore,Niva Bupa,AB-
PT00631,Kavya Iyer,F,77,Jaipur,Care Health,O+
PT00632,Arjun Sharma,M,74,Jaipur,Star Health,A+
PT00633,Sanjay Nair,F,53,Kolkata,Star Health,B+
PT00634,Pooja Pillai,F,34,Jaipur,Care Health,O-
PT00635,Tanvi Khan,F,27,Pune,ICICI Lombard,AB-
PT00636,Neha Joshi,F,33,Chennai,ICICI Lombard,O-
PT00637,Sanjay Kapoor,M,30,Ahmedabad,Self Pay,B+
PT00638,Sneha Nair,F,44,Jaipur,ICICI Lombard,A+
PT00639,Neha Gupta,M,12,Bangalore,Care Health,AB+
PT00640,Amit Iyer,F,29,Kolkata,Star Health,A+
PT00641,Sanjay Gupta,F,77,Mumbai,HDFC Ergo,AB-
PT00642,Karthik Sharma,M,85,Jaipur,Niva Bupa,B-
PT00643,Priya Shah,M,79,Bangalore,Self Pay,A+
PT00644,Divya Reddy,M,21,Delhi,Niva Bupa,AB+
PT00645,Divya Gupta,F,76,Hyderabad,ICICI Lombard,A+
PT00646,Amit Iyer,F,72,Lucknow,Niva Bupa,O-
PT00647,Rohit Reddy,M,59,Pune,ICICI Lombard,A+
PT00648,Rohit Mehta,F,65,Delhi,ICICI Lombard,A-
PT00649,Ishaan Singh,F,15,Jaipur,Niva Bupa,O+
PT00650,Karthik Gupta,F,32,Kolkata,Care Health,AB-
PT00651,Aditya Sharma,F,15,Chennai,Star Health,AB+
PT00652,Kavya Reddy,F,53,Kolkata,ICICI Lombard,A+
PT00653,Rohit Reddy,F,12,Pune,Self Pay,O-
PT00654,Amit Bhat,M,61,Kolkata,Niva Bupa,B-
PT00655,Aditya Khan,M,88,Hyderabad,Care Health,B-
PT00656,Kavya Reddy,F,27,Hyderabad,HDFC Ergo,B-
PT00657,Tanvi Joshi,M,14,Delhi,Star Health,AB-
PT00658,Tanvi Sharma,M,62,Kolkata,ICICI Lombard,O-
PT00659,Meera Pillai,F,63,Bangalore,ICICI Lombard,O+
PT00660,Sanjay Reddy,M,7,Jaipur,Care Health,AB-
PT00661,Riya Verma,F,51,Bangalore,Care Health,A-
PT00662,Ishaan Bose,F,89,Mumbai,Star Health,B-
PT00663,Sanjay Pillai,M,42,Kolkata,ICICI Lombard,O+
PT00664,Neha Bhat,F,31,Chennai,Care Health,O-
PT00665,Divya Mehta,F,55,Hyderabad,Care Health,O-
PT00666,Divya Gupta,F,58,Bangalore,ICICI Lombard,B+
PT00667,Aditya Reddy,M,35,Hyderabad,ICICI Lombard,AB+
PT00668,Sanjay Nair,M,20,Ahmedabad,Star Health,B+
PT00669,Pooja Chopra,M,81,Jaipur,ICICI Lombard,O-
PT00670,Meera Singh,F,72,Lucknow,Star Health,AB+
PT00671,Sneha Mehta,M,28,Chennai,Care Health,A-
PT00672,Karthik Patil,F,47,Kolkata,ICICI Lombard,O+
PT00673,Divya Sharma,F,16,Kolkata,Self Pay,B-
PT00674,Aditya Pillai,M,37,Kolkata,Niva Bupa,AB-
PT00675,Karthik Iyer,F,79,Chennai,Care Health,B+
PT00676,Neha Patil,F,81,Lucknow,ICICI Lombard,AB+
PT00677,Amit Iyer,M,44,Hyderabad,Niva Bupa,O-
PT00678,Anjali Khan,F,35,Ahmedabad,Niva Bupa,AB-
PT00679,Pooja Mehta,M,3,Bangalore,Self Pay,B-
PT00680,Rohit Iyer,M,22,Pune,Star Health,A-
PT00681,Amit Chopra,M,4,Pune,ICICI Lombard,A-
PT00682,Sneha Khan,M,11,Pune,Niva Bupa,B-
PT00683,Kavya Singh,F,81,Bangalore,HDFC Ergo,B+
PT00684,Rahul Verma,F,42,Ahmedabad,Care Health,O+
PT00685,Riya Bose,M,70,Bangalore,ICICI Lombard,AB-
PT00686,Aditya Das,F,45,Ahmedabad,ICICI Lombard,B-
PT00687,Amit Bose,F,47,Pune,Niva Bupa,B+
PT00688,Anjali Sharma,M,67,Bangalore,Niva Bupa,O+
PT00689,Meera Bhat,M,89,Ahmedabad,Care Health,O+
PT00690,Rahul Das,F,77,Hyderabad,Star Health,O-
PT00691,Arjun Das,F,51,Hyderabad,HDFC Ergo,AB+
PT00692,Sanjay Reddy,F,11,Pune,Self Pay,B-
PT00693,Ishaan Shah,F,37,Jaipur,Niva Bupa,AB+
PT00694,Arjun Iyer,M,18,Chennai,Star Health,AB-
PT00695,Tanvi Bose,F,80,Ahmedabad,HDFC Ergo,O-
PT00696,Rahul Kapoor,M,69,Mumbai,HDFC Ergo,A-
PT00697,Anjali Khan,M,57,Mumbai,HDFC Ergo,A-
PT00698,Vikram Sharma,F,28,Kolkata,Care Health,O+
PT00699,Meera Joshi,F,5,Kolkata,Star Health,B+
PT00700,Priya Khan,F,10,Jaipur,Care Health,B+
PT00701,Arjun Khan,F,2,Delhi,Self Pay,B-
PT00702,Sanjay Bose,M,5,Hyderabad,Care Health,A-
PT00703,Ishaan Nair,F,50,Chennai,Niva Bupa,B+
PT00704,Priya Bhat,M,33,Ahmedabad,Self Pay,O+
PT00705,Arjun Joshi,M,86,Hyderabad,Star Health,B-
PT00706,Pooja Patil,M,22,Chennai,ICICI Lombard,A-
PT00707,Sanjay Reddy,M,6,Lucknow,Self Pay,AB-
PT00708,Tanvi Kapoor,F,12,Hyderabad,HDFC Ergo,AB-
PT00709,Amit Shah,F,81,Mumbai,Star Health,O-
PT00710,Vikram Bhat,M,17,Ahmedabad,HDFC Ergo,O-
PT00711,Riya Joshi,F,25,Mumbai,Self Pay,AB+
PT00712,Divya Kapoor,F,6,Ahmedabad,Self Pay,AB-
PT00713,Riya Singh,F,25,Lucknow,HDFC Ergo,O-
PT00714,Manish Bose,F,77,Jaipur,HDFC Ergo,A-
PT00715,Ishaan Kapoor,F,38,Chennai,ICICI Lombard,O-
PT00716,Karthik Sharma,F,24,Mumbai,ICICI Lombard,O-
PT00717,Tanvi Reddy,F,9,Jaipur,Care Health,B-
PT00718,Ishaan Chopra,M,79,Chennai,Niva Bupa,AB+
PT00719,Manish Rao,M,67,Delhi,Star Health,B+
PT00720,Neha Verma,M,14,Ahmedabad,HDFC Ergo,A-
PT00721,Priya Pillai,F,85,Ahmedabad,ICICI Lombard,O+
PT00722,Priya Joshi,M,78,Delhi,Star Health,B-
PT00723,Meera Iyer,F,82,Mumbai,Niva Bupa,AB+
PT00724,Divya Verma,F,68,Mumbai,Self Pay,A-
PT00725,Anjali Iyer,M,67,Delhi,Star Health,B-
PT00726,Riya Gupta,M,25,Jaipur,Self Pay,B-
PT00727,Aditya Mehta,F,14,Lucknow,Niva Bupa,AB-
PT00728,Pooja Rao,M,24,Jaipur,Care Health,O-
PT00729,Neha Bhat,F,46,Kolkata,ICICI Lombard,O-
PT00730,Divya Das,F,42,Lucknow,HDFC Ergo,B-
PT00731,Sanjay Bhat,F,47,Ahmedabad,Care Health,AB+
PT00732,Rahul Verma,F,77,Mumbai,ICICI Lombard,B+
PT00733,Anjali Sharma,F,29,Hyderabad,Niva Bupa,A+
PT00734,Rohit Bhat,M,13,Mumbai,Care Health,O-
PT00735,Vikram Kapoor,F,47,Lucknow,HDFC Ergo,B-
PT00736,Rohit Singh,M,74,Pune,ICICI Lombard,B-
PT00737,Amit Patil,F,23,Ahmedabad,Self Pay,A-
PT00738,Tanvi Singh,M,74,Pune,Star Health,A+
PT00739,Manish Joshi,F,54,Delhi,HDFC Ergo,A+
PT00740,Sanjay Verma,F,68,Mumbai,Niva Bupa,B+
PT00741,Manish Malhotra,M,20,Mumbai,Self Pay,AB+
PT00742,Karthik Shah,M,29,Pune,Niva Bupa,AB+
PT00743,Vikram Kapoor,F,11,Ahmedabad,ICICI Lombard,A+
PT00744,Riya Gupta,F,11,Pune,ICICI Lombard,AB+
PT00745,Vikram Kapoor,F,72,Hyderabad,Care Health,AB+
PT00746,Aditya Nair,M,32,Delhi,Niva Bupa,AB+
PT00747,Manish Pillai,M,15,Pune,Care Health,O-
PT00748,Divya Nair,F,45,Lucknow,Self Pay,A+
PT00749,Anjali Mehta,F,79,Ahmedabad,ICICI Lombard,B+
PT00750,Karthik Verma,M,26,Kolkata,HDFC Ergo,A-
PT00751,Sneha Verma,M,80,Bangalore,Niva Bupa,A+
PT00752,Manish Rao,F,58,Ahmedabad,Star Health,O-
PT00753,Arjun Bhat,M,27,Jaipur,ICICI Lombard,O+
PT00754,Riya Chopra,M,89,Mumbai,Care Health,A+
PT00755,Rohit Mehta,M,37,Hyderabad,Self Pay,O+
PT00756,Priya Bose,M,9,Pune,Self Pay,O+
PT00757,Divya Rao,M,38,Pune,HDFC Ergo,AB+
PT00758,Ishaan Rao,F,63,Lucknow,ICICI Lombard,A-
PT00759,Neha Nair,F,72,Mumbai,Star Health,B-
PT00760,Ishaan Singh,F,63,Pune,Self Pay,B+
PT00761,Rahul Joshi,F,46,Chennai,HDFC Ergo,O+
PT00762,Priya Khan,F,4,Jaipur,Niva Bupa,B-
PT00763,Vikram Patil,F,85,Bangalore,Star Health,AB+
PT00764,Ishaan Shah,M,54,Hyderabad,ICICI Lombard,B+
PT00765,Pooja Singh,F,58,Jaipur,HDFC Ergo,B-
PT00766,Vikram Pillai,M,18,Chennai,Self Pay,B+
PT00767,Pooja Kapoor,M,41,Delhi,ICICI Lombard,A-
PT00768,Neha Patil,M,4,Kolkata,Care Health,AB+
PT00769,Anjali Bose,F,20,Hyderabad,Star Health,B+
PT00770,Neha Sharma,F,78,Lucknow,ICICI Lombard,B-
PT00771,Tanvi Reddy,M,88,Mumbai,Niva Bupa,A-
PT00772,Meera Kapoor,F,84,Kolkata,HDFC Ergo,AB+
PT00773,Meera Chopra,M,21,Hyderabad,HDFC Ergo,A+
PT00774,Pooja Sharma,F,53,Hyderabad,Self Pay,B-
PT00775,Arjun Iyer,M,57,Lucknow,Care Health,O-
PT00776,Karthik Reddy,F,52,Mumbai,ICICI Lombard,AB+
PT00777,Manish Gupta,M,67,Delhi,Care Health,AB-
PT00778,Priya Reddy,F,6,Jaipur,Care Health,A+
PT00779,Arjun Singh,F,51,Chennai,Niva Bupa,AB-
PT00780,Neha Das,F,79,Mumbai,Self Pay,B+
PT00781,Karthik Bose,M,65,Delhi,HDFC Ergo,B+
PT00782,Sanjay Das,F,58,Mumbai,HDFC Ergo,AB-
PT00783,Aditya Nair,F,12,Chennai,Niva Bupa,B+
PT00784,Sneha Iyer,M,58,Kolkata,Star Health,AB+
PT00785,Ishaan Shah,M,49,Jaipur,Care Health,A+
PT00786,Neha Patil,M,21,Bangalore,HDFC Ergo,A+
PT00787,Pooja Singh,F,58,Chennai,Self Pay,B+
PT00788,Sneha Kapoor,M,1,Lucknow,Niva Bupa,A+
PT00789,Karthik Chopra,F,70,Mumbai,ICICI Lombard,AB-
PT00790,Kavya Nair,F,59,Pune,Care Health,A-
PT00791,Tanvi Shah,M,32,Jaipur,Niva Bupa,B-
PT00792,Priya Mehta,M,8,Kolkata,Star Health,B+
PT00793,Priya Pillai,F,43,Delhi,Star Health,A-
PT00794,Pooja Mehta,M,87,Chennai,ICICI Lombard,B+
PT00795,Karthik Pillai,F,5,Delhi,Niva Bupa,O-
PT00796,Divya Gupta,M,55,Jaipur,Star Health,O+
PT00797,Meera Kapoor,M,89,Chennai,Niva Bupa,AB+
PT00798,Ishaan Nair,M,79,Mumbai,Star Health,A-
PT00799,Meera Shah,F,55,Lucknow,Niva Bupa,O+
PT00800,Ishaan Pillai,F,17,Lucknow,ICICI Lombard,AB-
PT00801,Ishaan Chopra,F,24,Lucknow,HDFC Ergo,O+
PT00802,Arjun Sharma,M,4,Ahmedabad,Self Pay,A-
PT00803,Arjun Shah,F,53,Mumbai,Niva Bupa,O-
PT00804,Riya Nair,M,82,Hyderabad,Self Pay,O+
PT00805,Rohit Iyer,F,39,Jaipur,ICICI Lombard,O-
PT00806,Rahul Rao,F,44,Pune,Self Pay,A+
PT00807,Neha Nair,F,44,Ahmedabad,Care Health,A+
PT00808,Vikram Chopra,M,81,Ahmedabad,ICICI Lombard,O-
PT00809,Karthik Das,M,67,Chennai,ICICI Lombard,O-
PT00810,Riya Bhat,M,27,Lucknow,Self Pay,O-
PT00811,Divya Iyer,M,36,Mumbai,Niva Bupa,AB+
PT00812,Riya Mehta,F,24,Lucknow,Star Health,O+
PT00813,Manish Verma,F,53,Delhi,Care Health,B-
PT00814,Divya Bose,F,28,Jaipur,Niva Bupa,B+
PT00815,Sneha Joshi,M,26,Delhi,Care Health,A+
PT00816,Meera Malhotra,M,25,Kolkata,Care Health,O+
PT00817,Manish Kapoor,M,67,Bangalore,HDFC Ergo,A+
PT00818,Karthik Gupta,M,1,Chennai,Star Health,A-
PT00819,Manish Bose,M,14,Jaipur,Self Pay,O+
PT00820,Rahul Pillai,F,82,Hyderabad,Niva Bupa,B-
PT00821,Arjun Singh,F,69,Kolkata,Care Health,A-
PT00822,Rohit Kapoor,M,36,Delhi,Star Health,A-
PT00823,Arjun Bhat,F,71,Kolkata,Niva Bupa,B+
PT00824,Anjali Pillai,M,22,Delhi,Niva Bupa,O-
PT00825,Riya Bose,M,17,Mumbai,Care Health,A+
PT00826,Sneha Gupta,M,12,Pune,Care Health,B+
PT00827,Tanvi Pillai,F,79,Kolkata,Niva Bupa,O-
PT00828,Arjun Bhat,M,60,Lucknow,HDFC Ergo,A-
PT00829,Karthik Rao,F,40,Ahmedabad,Care Health,B-
PT00830,Kavya Kapoor,F,47,Pune,HDFC Ergo,O-
PT00831,Manish Bose,F,4,Delhi,Care Health,A-
PT00832,Divya Chopra,F,22,Chennai,Niva Bupa,B+
PT00833,Ishaan Rao,F,14,Kolkata,ICICI Lombard,A-
PT00834,Anjali Bhat,F,52,Lucknow,Care Health,B-
PT00835,Tanvi Reddy,M,62,Pune,Star Health,O-
PT00836,Arjun Pillai,F,56,Lucknow,Niva Bupa,B-
PT00837,Neha Iyer,F,15,Lucknow,ICICI Lombard,AB-
PT00838,Manish Bhat,M,57,Bangalore,Niva Bupa,AB+
PT00839,Amit Shah,M,88,Lucknow,Care Health,O-
PT00840,Meera Verma,M,28,Bangalore,ICICI Lombard,A+
PT00841,Vikram Kapoor,F,69,Chennai,Care Health,AB-
PT00842,Arjun Nair,F,39,Lucknow,Self Pay,O+
PT00843,Pooja Joshi,M,75,Mumbai,ICICI Lombard,AB+
PT00844,Vikram Singh,M,48,Jaipur,Star Health,A+
PT00845,Riya Joshi,M,37,Mumbai,HDFC Ergo,AB+
PT00846,Aditya Gupta,F,49,Pune,Care Health,AB+
PT00847,Riya Nair,M,61,Bangalore,HDFC Ergo,AB+
PT00848,Divya Das,M,37,Bangalore,HDFC Ergo,A+
PT00849,Amit Sharma,M,63,Pune,HDFC Ergo,A-
PT00850,Vikram Das,F,78,Pune,ICICI Lombard,B+
PT00851,Karthik Malhotra,F,71,Ahmedabad,Care Health,O-
PT00852,Kavya Mehta,F,78,Mumbai,ICICI Lombard,AB-
PT00853,Kavya Malhotra,F,53,Jaipur,ICICI Lombard,O-
PT00854,Priya Verma,F,48,Delhi,ICICI Lombard,AB-
PT00855,Amit Kapoor,F,60,Jaipur,Star Health,A-
PT00856,Kavya Chopra,M,88,Jaipur,ICICI Lombard,O+
PT00857,Tanvi Verma,F,69,Mumbai,Care Health,AB-
PT00858,Ishaan Chopra,F,54,Kolkata,Niva Bupa,O+
PT00859,Neha Verma,F,73,Chennai,Star Health,AB-
PT00860,Aditya Mehta,M,85,Chennai,Self Pay,A+
PT00861,Anjali Chopra,M,17,Jaipur,Star Health,O+
PT00862,Rohit Kapoor,F,36,Chennai,Star Health,A-
PT00863,Tanvi Mehta,M,85,Ahmedabad,Niva Bupa,B+
PT00864,Rohit Reddy,F,24,Jaipur,Star Health,O-
PT00865,Amit Kapoor,M,64,Pune,Care Health,B-
PT00866,Karthik Mehta,M,74,Kolkata,Star Health,O+
PT00867,Sneha Verma,M,60,Pune,Care Health,O+
PT00868,Meera Bhat,M,49,Pune,Care Health,O+
PT00869,Vikram Malhotra,F,2,Chennai,Care Health,AB+
PT00870,Manish Malhotra,M,13,Jaipur,Self Pay,O-
PT00871,Pooja Shah,F,43,Chennai,Niva Bupa,A-
PT00872,Rohit Pillai,F,60,Hyderabad,Self Pay,B-
PT00873,Ishaan Patil,M,41,Jaipur,Star Health,A+
PT00874,Amit Sharma,F,13,Jaipur,Star Health,AB-
PT00875,Divya Reddy,F,33,Hyderabad,Star Health,A+
PT00876,Tanvi Iyer,M,77,Hyderabad,ICICI Lombard,A-
PT00877,Sneha Iyer,M,49,Lucknow,HDFC Ergo,A-
PT00878,Neha Khan,F,60,Delhi,Self Pay,AB-
PT00879,Rohit Das,F,33,Bangalore,Star Health,O+
PT00880,Priya Gupta,F,43,Mumbai,Niva Bupa,O+
PT00881,Neha Bose,M,63,Hyderabad,ICICI Lombard,AB+
PT00882,Neha Chopra,M,19,Jaipur,Care Health,B-
PT00883,Tanvi Rao,F,34,Delhi,Star Health,A-
PT00884,Amit Pillai,F,58,Mumbai,Care Health,B+
PT00885,Rahul Verma,F,35,Bangalore,Self Pay,O-
PT00886,Sanjay Pillai,M,66,Ahmedabad,Care Health,AB+
PT00887,Sanjay Iyer,M,1,Pune,Self Pay,AB-
PT00888,Sneha Pillai,F,43,Chennai,Care Health,A+
PT00889,Amit Joshi,F,11,Ahmedabad,Niva Bupa,B-
PT00890,Neha Bhat,M,50,Hyderabad,Niva Bupa,AB+
PT00891,Sneha Joshi,F,11,Ahmedabad,Self Pay,B-
PT00892,Vikram Verma,M,4,Lucknow,HDFC Ergo,AB-
PT00893,Sanjay Iyer,F,64,Jaipur,Care Health,A+
PT00894,Priya Patil,M,44,Mumbai,Care Health,A-
PT00895,Arjun Malhotra,F,87,Jaipur,HDFC Ergo,B-
PT00896,Amit Verma,M,63,Mumbai,Care Health,A+
PT00897,Kavya Kapoor,M,23,Mumbai,Niva Bupa,A-
PT00898,Karthik Shah,M,76,Delhi,Star Health,A-
PT00899,Meera Shah,M,9,Hyderabad,Care Health,O-
PT00900,Sanjay Patil,M,88,Lucknow,ICICI Lombard,B+
PT00901,Manish Nair,M,76,Bangalore,Niva Bupa,A-
PT00902,Sneha Khan,M,54,Bangalore,Self Pay,O-
PT00903,Riya Mehta,F,32,Lucknow,Star Health,B+
PT00904,Sneha Shah,F,21,Mumbai,Care Health,A-
PT00905,Rahul Sharma,M,12,Lucknow,Niva Bupa,AB+
PT00906,Meera Kapoor,M,19,Chennai,ICICI Lombard,AB-
PT00907,Pooja Reddy,M,79,Mumbai,ICICI Lombard,B+
PT00908,Meera Shah,M,81,Chennai,Niva Bupa,AB+
PT00909,Rahul Bhat,M,25,Delhi,ICICI Lombard,A-
PT00910,Tanvi Joshi,M,60,Hyderabad,Niva Bupa,A+
PT00911,Arjun Rao,M,88,Ahmedabad,Care Health,B+
PT00912,Neha Verma,M,83,Kolkata,Niva Bupa,B-
PT00913,Pooja Khan,F,79,Ahmedabad,Star Health,A-
PT00914,Priya Bhat,M,21,Mumbai,Care Health,A-
PT00915,Amit Reddy,F,76,Lucknow,Niva Bupa,AB+
PT00916,Arjun Patil,M,15,Kolkata,HDFC Ergo,A-
PT00917,Kavya Das,M,49,Hyderabad,Star Health,AB-
PT00918,Aditya Chopra,M,56,Bangalore,HDFC Ergo,AB-
PT00919,Neha Gupta,F,18,Ahmedabad,Self Pay,B-
PT00920,Divya Khan,M,43,Bangalore,Star Health,A+
PT00921,Rohit Kapoor,M,60,Ahmedabad,Care Health,B+
PT00922,Manish Reddy,F,78,Bangalore,Self Pay,B+
PT00923,Aditya Bhat,M,12,Pune,ICICI Lombard,AB-
PT00924,Arjun Pillai,F,60,Chennai,Star Health,AB+
PT00925,Kavya Reddy,F,56,Lucknow,HDFC Ergo,B+
PT00926,Aditya Sharma,F,6,Mumbai,Care Health,A+
PT00927,Pooja Malhotra,F,62,Delhi,Care Health,AB-
PT00928,Kavya Iyer,M,89,Pune,HDFC Ergo,B+
PT00929,Divya Singh,M,83,Delhi,Star Health,AB-
PT00930,Anjali Mehta,F,74,Lucknow,Star Health,AB-
PT00931,Karthik Kapoor,F,24,Kolkata,Self Pay,AB-
PT00932,Rahul Iyer,F,89,Kolkata,ICICI Lombard,A+
PT00933,Anjali Das,F,79,Jaipur,ICICI Lombard,B-
PT00934,Amit Shah,F,8,Jaipur,Self Pay,O-
PT00935,Priya Rao,F,47,Ahmedabad,ICICI Lombard,A+
PT00936,Divya Joshi,M,83,Jaipur,Self Pay,A-
PT00937,Riya Nair,M,43,Hyderabad,ICICI Lombard,A-
PT00938,Meera Pillai,M,29,Kolkata,Niva Bupa,O+
PT00939,Ishaan Das,F,7,Delhi,Niva Bupa,O-
PT00940,Karthik Chopra,M,61,Jaipur,Self Pay,O+
PT00941,Karthik Shah,F,87,Delhi,HDFC Ergo,AB-
PT00942,Amit Iyer,F,23,Chennai,Star Health,A-
PT00943,Neha Khan,M,19,Ahmedabad,HDFC Ergo,B-
PT00944,Ishaan Sharma,F,54,Jaipur,HDFC Ergo,AB-
PT00945,Divya Das,F,83,Mumbai,Niva Bupa,B-
PT00946,Amit Sharma,M,67,Kolkata,Care Health,O-
PT00947,Manish Chopra,F,59,Chennai,ICICI Lombard,B+
PT00948,Anjali Mehta,F,30,Ahmedabad,Niva Bupa,O+
PT00949,Priya Kapoor,F,37,Ahmedabad,HDFC Ergo,B+
PT00950,Riya Singh,M,23,Bangalore,HDFC Ergo,B-
PT00951,Sneha Verma,F,74,Bangalore,Care Health,O+
PT00952,Divya Mehta,M,72,Mumbai,Self Pay,O-
PT00953,Divya Kapoor,F,58,Jaipur,HDFC Ergo,O+
PT00954,Sneha Sharma,F,64,Bangalore,Care Health,O-
PT00955,Vikram Sharma,F,83,Chennai,Care Health,O+
PT00956,Aditya Kapoor,F,44,Delhi,Self Pay,AB-
PT00957,Priya Kapoor,M,40,Mumbai,Care Health,B-
PT00958,Karthik Joshi,M,42,Mumbai,ICICI Lombard,B-
PT00959,Aditya Malhotra,M,36,Hyderabad,Star Health,A-
PT00960,Riya Bose,M,66,Pune,HDFC Ergo,AB-
PT00961,Manish Shah,M,86,Kolkata,Care Health,B+
PT00962,Pooja Joshi,F,48,Mumbai,Niva Bupa,O-
PT00963,Divya Singh,F,72,Delhi,HDFC Ergo,AB-
PT00964,Pooja Bose,F,21,Pune,Self Pay,AB+
PT00965,Vikram Pillai,M,19,Hyderabad,Niva Bupa,AB-
PT00966,Ishaan Patil,M,76,Pune,Star Health,A+
PT00967,Pooja Khan,F,23,Jaipur,Care Health,B+
PT00968,Arjun Mehta,F,38,Jaipur,Care Health,A+
PT00969,Anjali Pillai,F,64,Jaipur,Self Pay,AB-
PT00970,Kavya Sharma,M,20,Chennai,Niva Bupa,AB-
PT00971,Sneha Singh,F,23,Ahmedabad,Self Pay,B-
PT00972,Rahul Rao,F,64,Delhi,ICICI Lombard,O-
PT00973,Aditya Chopra,F,34,Ahmedabad,Self Pay,A-
PT00974,Divya Malhotra,M,34,Bangalore,ICICI Lombard,A+
PT00975,Vikram Patil,F,89,Bangalore,Niva Bupa,B+
PT00976,Priya Khan,F,54,Kolkata,Star Health,O+
PT00977,Anjali Malhotra,M,66,Hyderabad,Self Pay,B+
PT00978,Sneha Shah,M,70,Kolkata,Niva Bupa,O+
PT00979,Rohit Joshi,M,69,Lucknow,Niva Bupa,B+
PT00980,Rahul Kapoor,F,48,Ahmedabad,Care Health,O-
PT00981,Neha Rao,M,20,Jaipur,HDFC Ergo,B-
PT00982,Riya Shah,M,54,Ahmedabad,Star Health,A-
PT00983,Vikram Sharma,F,45,Chennai,Self Pay,O-
PT00984,Vikram Bose,F,23,Chennai,Star Health,A-
PT00985,Kavya Kapoor,M,89,Hyderabad,Niva Bupa,B+
PT00986,Arjun Kapoor,M,55,Delhi,Star Health,A+
PT00987,Meera Das,M,26,Delhi,Star Health,A+
PT00988,Meera Rao,F,6,Delhi,Niva Bupa,A+
PT00989,Sneha Rao,M,76,Hyderabad,HDFC Ergo,O-
PT00990,Rahul Iyer,M,36,Lucknow,Niva Bupa,O-
PT00991,Neha Malhotra,M,65,Lucknow,Star Health,A-
PT00992,Aditya Sharma,M,25,Chennai,HDFC Ergo,A+
PT00993,Sneha Nair,F,47,Lucknow,HDFC Ergo,AB-
PT00994,Sneha Mehta,F,49,Pune,HDFC Ergo,B-
PT00995,Pooja Rao,F,16,Ahmedabad,Star Health,B+
PT00996,Meera Joshi,F,72,Mumbai,Star Health,O-
PT00997,Meera Rao,F,37,Ahmedabad,ICICI Lombard,O+
PT00998,Karthik Reddy,F,38,Pune,HDFC Ergo,A-
PT00999,Meera Joshi,M,2,Ahmedabad,Self Pay,A-
PT01000,Sanjay Bose,M,16,Bangalore,Care Health,AB+
PT01001,Aditya Rao,M,9,Kolkata,HDFC Ergo,O-
PT01002,Arjun Shah,F,16,Hyderabad,Care Health,AB-
PT01003,Rohit Pillai,F,83,Pune,Niva Bupa,AB-
PT01004,Tanvi Gupta,F,66,Chennai,HDFC Ergo,AB-
PT01005,Sneha Rao,F,63,Ahmedabad,HDFC Ergo,B+
PT01006,Rahul Rao,M,9,Ahmedabad,Self Pay,A+
PT01007,Neha Gupta,F,20,Chennai,ICICI Lombard,A-
PT01008,Amit Malhotra,F,60,Hyderabad,Niva Bupa,AB-
PT01009,Meera Malhotra,F,70,Kolkata,ICICI Lombard,A+
PT01010,Priya Das,M,50,Ahmedabad,Niva Bupa,AB+
PT01011,Karthik Bose,M,5,Bangalore,ICICI Lombard,O+
PT01012,Neha Chopra,F,18,Chennai,Self Pay,AB+
PT01013,Meera Rao,F,85,Jaipur,Self Pay,AB-
PT01014,Meera Bhat,M,65,Mumbai,Care Health,O+
PT01015,Meera Pillai,F,79,Kolkata,Niva Bupa,O-
PT01016,Priya Sharma,M,17,Kolkata,Niva Bupa,A+
PT01017,Manish Gupta,M,55,Kolkata,Niva Bupa,AB+
PT01018,Divya Verma,M,32,Hyderabad,Self Pay,O+
PT01019,Aditya Iyer,M,40,Delhi,Niva Bupa,B+
PT01020,Rahul Bhat,F,5,Ahmedabad,Self Pay,AB+
PT01021,Aditya Malhotra,F,35,Mumbai,Self Pay,AB-
PT01022,Aditya Sharma,F,49,Lucknow,Care Health,O-
PT01023,Aditya Rao,F,13,Hyderabad,Niva Bupa,AB-
PT01024,Ishaan Patil,M,79,Chennai,Niva Bupa,AB+
PT01025,Arjun Chopra,M,69,Hyderabad,Niva Bupa,O+
PT01026,Priya Singh,F,29,Lucknow,Self Pay,A-
PT01027,Aditya Rao,F,35,Delhi,ICICI Lombard,AB-
PT01028,Pooja Nair,F,10,Chennai,ICICI Lombard,O+
PT01029,Pooja Bhat,F,26,Pune,Care Health,O+
PT01030,Tanvi Malhotra,F,86,Jaipur,HDFC Ergo,A+
PT01031,Ishaan Mehta,F,28,Ahmedabad,Niva Bupa,AB+
PT01032,Aditya Verma,M,47,Ahmedabad,HDFC Ergo,B-
PT01033,Vikram Singh,F,53,Kolkata,Star Health,B-
PT01034,Pooja Khan,F,83,Bangalore,Niva Bupa,B-
PT01035,Sanjay Reddy,M,20,Hyderabad,Star Health,B-
PT01036,Anjali Bose,F,72,Pune,Care Health,A+
PT01037,Arjun Mehta,F,18,Mumbai,Niva Bupa,O+
PT01038,Riya Mehta,M,63,Mumbai,Star Health,A-
PT01039,Manish Shah,F,9,Pune,Niva Bupa,A-
PT01040,Sanjay Kapoor,M,15,Lucknow,Self Pay,A-
PT01041,Ishaan Pillai,F,64,Delhi,HDFC Ergo,A-
PT01042,Manish Patil,F,31,Pune,HDFC Ergo,B+
PT01043,Sneha Mehta,M,36,Ahmedabad,Care Health,O+
PT01044,Aditya Verma,F,69,Kolkata,Self Pay,A-
PT01045,Manish Bhat,F,61,Hyderabad,Niva Bupa,B+
PT01046,Divya Chopra,F,40,Mumbai,Self Pay,A+
PT01047,Priya Reddy,F,71,Pune,Niva Bupa,O-
PT01048,Sneha Bhat,M,57,Pune,Star Health,AB+
PT01049,Rohit Singh,M,31,Chennai,HDFC Ergo,B+
PT01050,Karthik Patil,F,5,Chennai,Star Health,AB-
PT01051,Meera Das,F,55,Delhi,HDFC Ergo,O+
PT01052,Ishaan Iyer,F,54,Lucknow,Self Pay,O-
PT01053,Karthik Sharma,M,83,Bangalore,Self Pay,AB-
PT01054,Vikram Sharma,F,26,Chennai,Niva Bupa,A-
PT01055,Sneha Mehta,M,67,Bangalore,ICICI Lombard,AB+
PT01056,Manish Bose,F,18,Chennai,HDFC Ergo,O-
PT01057,Anjali Nair,M,54,Kolkata,HDFC Ergo,AB+
PT01058,Sanjay Pillai,M,3,Mumbai,ICICI Lombard,B-
PT01059,Amit Bose,M,34,Bangalore,Star Health,AB+
PT01060,Tanvi Das,F,20,Delhi,Niva Bupa,B+
PT01061,Aditya Rao,M,68,Pune,Care Health,AB-
PT01062,Sneha Reddy,M,25,Chennai,Niva Bupa,AB-
PT01063,Sanjay Kapoor,F,27,Lucknow,HDFC Ergo,O+
PT01064,Arjun Das,M,53,Bangalore,Star Health,O+
PT01065,Rohit Reddy,F,32,Kolkata,ICICI Lombard,AB-
PT01066,Amit Sharma,F,18,Kolkata,Self Pay,AB+
PT01067,Arjun Gupta,F,77,Chennai,Star Health,A-
PT01068,Riya Verma,M,43,Hyderabad,Care Health,O-
PT01069,Tanvi Shah,M,1,Chennai,ICICI Lombard,AB+
PT01070,Anjali Gupta,F,17,Jaipur,Star Health,B+
PT01071,Rohit Mehta,F,44,Ahmedabad,HDFC Ergo,A-
PT01072,Manish Malhotra,F,19,Chennai,Star Health,O-
PT01073,Priya Kapoor,F,36,Kolkata,Care Health,O+
PT01074,Rohit Shah,F,67,Kolkata,Care Health,B+
PT01075,Manish Chopra,M,72,Ahmedabad,Star Health,B-
PT01076,Vikram Verma,M,24,Mumbai,Care Health,O+
PT01077,Neha Bose,F,15,Ahmedabad,Star Health,AB-
PT01078,Divya Bhat,F,59,Ahmedabad,Star Health,B+
PT01079,Sneha Joshi,M,27,Chennai,HDFC Ergo,B+
PT01080,Ishaan Khan,M,75,Mumbai,ICICI Lombard,B+
PT01081,Pooja Iyer,M,64,Delhi,Niva Bupa,A+
PT01082,Anjali Rao,F,48,Lucknow,Star Health,O-
PT01083,Vikram Sharma,M,59,Ahmedabad,Care Health,O+
PT01084,Tanvi Sharma,F,6,Lucknow,Care Health,O-
PT01085,Aditya Kapoor,M,7,Chennai,Niva Bupa,A+
PT01086,Amit Bhat,F,12,Pune,Niva Bupa,B+
PT01087,Kavya Gupta,M,3,Hyderabad,HDFC Ergo,AB+
PT01088,Sanjay Singh,M,16,Chennai,Care Health,AB+
PT01089,Anjali Shah,M,46,Delhi,Niva Bupa,B-
PT01090,Meera Bose,F,61,Chennai,ICICI Lombard,AB+
PT01091,Amit Das,F,79,Bangalore,Care Health,AB+
PT01092,Amit Verma,F,60,Hyderabad,Self Pay,B+
PT01093,Meera Malhotra,M,38,Ahmedabad,Care Health,A-
PT01094,Meera Singh,M,17,Chennai,HDFC Ergo,AB+
PT01095,Anjali Pillai,M,71,Delhi,Star Health,A-
PT01096,Ishaan Das,F,13,Ahmedabad,Self Pay,O+
PT01097,Divya Khan,M,65,Mumbai,Star Health,AB-
PT01098,Neha Mehta,F,6,Delhi,Care Health,O+
PT01099,Manish Pillai,F,86,Ahmedabad,ICICI Lombard,O+
PT01100,Manish Mehta,M,24,Delhi,Self Pay,O+
PT01101,Sneha Das,M,1,Pune,Star Health,A+
PT01102,Neha Chopra,F,89,Pune,Self Pay,AB-
PT01103,Anjali Shah,F,89,Pune,Niva Bupa,A-
PT01104,Vikram Kapoor,M,25,Delhi,Star Health,B-
PT01105,Rahul Nair,F,84,Bangalore,Self Pay,B-
PT01106,Pooja Bhat,M,12,Chennai,Care Health,B+
PT01107,Meera Das,M,15,Bangalore,HDFC Ergo,AB-
PT01108,Meera Chopra,M,58,Lucknow,HDFC Ergo,B-
PT01109,Anjali Pillai,F,7,Kolkata,Star Health,A-
PT01110,Pooja Das,F,75,Lucknow,Self Pay,O+
PT01111,Priya Chopra,F,63,Jaipur,ICICI Lombard,AB-
PT01112,Kavya Verma,M,55,Lucknow,Niva Bupa,A-
PT01113,Rohit Das,F,15,Ahmedabad,ICICI Lombard,O-
PT01114,Karthik Das,M,21,Chennai,Self Pay,B-
PT01115,Meera Joshi,F,30,Jaipur,HDFC Ergo,O-
PT01116,Tanvi Bose,M,38,Pune,Care Health,O-
PT01117,Meera Mehta,M,37,Delhi,Self Pay,AB-
PT01118,Vikram Mehta,M,21,Lucknow,Care Health,A-
PT01119,Pooja Chopra,F,31,Hyderabad,ICICI Lombard,A+
PT01120,Rahul Joshi,F,46,Bangalore,HDFC Ergo,A+
PT01121,Amit Patil,F,15,Lucknow,HDFC Ergo,A-
PT01122,Riya Reddy,F,34,Kolkata,Niva Bupa,A+
PT01123,Riya Khan,M,89,Jaipur,ICICI Lombard,A-
PT01124,Priya Bose,F,15,Delhi,ICICI Lombard,A-
PT01125,Riya Verma,M,22,Delhi,HDFC Ergo,O-
PT01126,Neha Singh,F,65,Ahmedabad,Self Pay,A-
PT01127,Vikram Joshi,F,18,Delhi,HDFC Ergo,AB-
PT01128,Pooja Sharma,M,61,Kolkata,Niva Bupa,B+
PT01129,Amit Khan,F,54,Kolkata,Self Pay,B-
PT01130,Vikram Malhotra,F,30,Bangalore,Care Health,AB+
PT01131,Pooja Bose,F,4,Ahmedabad,HDFC Ergo,A+
PT01132,Ishaan Iyer,M,44,Kolkata,Care Health,B+
PT01133,Pooja Verma,F,5,Bangalore,ICICI Lombard,A+
PT01134,Ishaan Singh,F,52,Jaipur,Niva Bupa,O-
PT01135,Divya Sharma,F,68,Lucknow,HDFC Ergo,AB+
PT01136,Karthik Nair,F,45,Pune,HDFC Ergo,O+
PT01137,Amit Verma,F,50,Bangalore,ICICI Lombard,O+
PT01138,Arjun Iyer,F,67,Kolkata,Self Pay,B+
PT01139,Rahul Sharma,F,31,Chennai,Self Pay,AB+
PT01140,Ishaan Rao,M,48,Chennai,Self Pay,O-
PT01141,Sneha Verma,M,58,Chennai,ICICI Lombard,A+
PT01142,Karthik Patil,M,75,Lucknow,Self Pay,B-
PT01143,Divya Singh,F,86,Lucknow,Self Pay,B+
PT01144,Sanjay Malhotra,M,14,Kolkata,ICICI Lombard,B-
PT01145,Divya Bose,M,19,Pune,Care Health,A-
PT01146,Amit Verma,F,17,Ahmedabad,HDFC Ergo,AB-
PT01147,Amit Joshi,F,76,Jaipur,ICICI Lombard,AB+
PT01148,Rohit Pillai,F,82,Pune,Care Health,AB-
PT01149,Pooja Mehta,M,65,Bangalore,Care Health,AB-
PT01150,Vikram Malhotra,M,89,Hyderabad,Care Health,AB-
PT01151,Priya Mehta,F,16,Lucknow,Care Health,A-
PT01152,Sneha Joshi,F,6,Jaipur,HDFC Ergo,A-
PT01153,Divya Singh,F,39,Chennai,Care Health,A+
PT01154,Vikram Kapoor,F,7,Chennai,Niva Bupa,B-
PT01155,Neha Chopra,M,16,Jaipur,Niva Bupa,A-
PT01156,Priya Das,F,74,Chennai,ICICI Lombard,AB-
PT01157,Manish Gupta,F,78,Bangalore,HDFC Ergo,AB-
PT01158,Karthik Bose,M,42,Delhi,ICICI Lombard,AB+
PT01159,Sanjay Reddy,F,44,Jaipur,Star Health,AB-
PT01160,Rohit Iyer,M,4,Lucknow,Self Pay,O+
PT01161,Riya Rao,M,25,Lucknow,ICICI Lombard,A+
PT01162,Aditya Malhotra,M,61,Jaipur,Star Health,A-
PT01163,Riya Mehta,M,36,Hyderabad,HDFC Ergo,AB-
PT01164,Amit Bhat,F,52,Lucknow,Star Health,AB-
PT01165,Rahul Patil,F,24,Pune,Star Health,O-
PT01166,Sanjay Khan,M,15,Delhi,ICICI Lombard,B+
PT01167,Anjali Kapoor,M,33,Delhi,HDFC Ergo,O+
PT01168,Pooja Mehta,M,79,Kolkata,HDFC Ergo,A+
PT01169,Priya Singh,F,13,Kolkata,HDFC Ergo,AB+
PT01170,Manish Khan,F,16,Mumbai,HDFC Ergo,B-
PT01171,Tanvi Pillai,M,64,Jaipur,ICICI Lombard,AB+
PT01172,Sneha Khan,M,41,Ahmedabad,ICICI Lombard,AB+
PT01173,Amit Chopra,M,53,Hyderabad,Star Health,O+
PT01174,Riya Pillai,M,32,Jaipur,Self Pay,B+
PT01175,Anjali Pillai,F,58,Delhi,Self Pay,B-
PT01176,Vikram Joshi,M,32,Jaipur,Care Health,AB-
PT01177,Priya Sharma,F,80,Chennai,Self Pay,B+
PT01178,Rahul Verma,F,35,Lucknow,Niva Bupa,AB+
PT01179,Divya Nair,F,6,Bangalore,Self Pay,A-
PT01180,Anjali Iyer,F,16,Bangalore,Self Pay,O+
PT01181,Pooja Nair,F,88,Kolkata,Self Pay,O+
PT01182,Karthik Khan,M,85,Kolkata,Niva Bupa,B-
PT01183,Karthik Shah,F,3,Bangalore,Self Pay,A+
PT01184,Tanvi Chopra,M,2,Bangalore,Care Health,AB-
PT01185,Sanjay Bhat,M,84,Delhi,ICICI Lombard,A+
PT01186,Karthik Rao,F,49,Lucknow,Niva Bupa,AB+
PT01187,Neha Sharma,M,60,Kolkata,HDFC Ergo,AB-
PT01188,Rahul Reddy,M,36,Kolkata,HDFC Ergo,A-
PT01189,Tanvi Singh,M,30,Ahmedabad,Niva Bupa,A+
PT01190,Rohit Chopra,M,1,Hyderabad,Self Pay,AB+
PT01191,Sneha Khan,F,22,Jaipur,HDFC Ergo,B+
PT01192,Amit Pillai,M,9,Bangalore,Niva Bupa,B-
PT01193,Ishaan Khan,M,87,Mumbai,Self Pay,O+
PT01194,Riya Bose,M,55,Mumbai,Niva Bupa,AB+
PT01195,Pooja Khan,M,88,Jaipur,Care Health,AB-
PT01196,Divya Malhotra,M,29,Mumbai,Niva Bupa,AB+
PT01197,Riya Bose,F,1,Pune,HDFC Ergo,O-
PT01198,Amit Pillai,M,29,Pune,Star Health,B-
PT01199,Arjun Mehta,F,40,Delhi,Self Pay,A-
PT01200,Rahul Chopra,F,4,Lucknow,Self Pay,O-
PT01201,Rohit Reddy,M,61,Hyderabad,Niva Bupa,A+
PT01202,Manish Malhotra,M,10,Lucknow,ICICI Lombard,AB-
PT01203,Sneha Bose,M,11,Mumbai,Star Health,AB+
PT01204,Manish Iyer,M,8,Ahmedabad,Star Health,O+
PT01205,Tanvi Das,M,14,Mumbai,ICICI Lombard,A+
PT01206,Anjali Gupta,F,13,Lucknow,Care Health,B-
PT01207,Tanvi Shah,M,59,Pune,Care Health,AB+
PT01208,Tanvi Shah,M,44,Mumbai,Care Health,O-
PT01209,Aditya Nair,M,14,Mumbai,ICICI Lombard,A-
PT01210,Aditya Nair,M,82,Jaipur,Niva Bupa,O-
PT01211,Pooja Chopra,F,24,Hyderabad,HDFC Ergo,A+
PT01212,Priya Kapoor,F,75,Pune,ICICI Lombard,O-
PT01213,Anjali Pillai,M,19,Ahmedabad,Niva Bupa,O-
PT01214,Anjali Joshi,M,67,Lucknow,Self Pay,B+
PT01215,Priya Reddy,M,55,Kolkata,HDFC Ergo,B-
PT01216,Arjun Iyer,F,25,Ahmedabad,Self Pay,AB-
PT01217,Tanvi Patil,F,79,Chennai,Care Health,O-
PT01218,Neha Rao,F,6,Ahmedabad,HDFC Ergo,A+
PT01219,Kavya Reddy,F,80,Hyderabad,HDFC Ergo,AB-
PT01220,Manish Gupta,M,52,Bangalore,Star Health,O-
PT01221,Rahul Iyer,F,4,Jaipur,Star Health,B+
PT01222,Anjali Bose,M,81,Lucknow,Niva Bupa,A+
PT01223,Rahul Nair,M,37,Bangalore,HDFC Ergo,O+
PT01224,Neha Patil,M,23,Hyderabad,Star Health,B+
PT01225,Rohit Rao,M,87,Bangalore,Care Health,A-
PT01226,Manish Nair,F,59,Hyderabad,Niva Bupa,O-
PT01227,Neha Malhotra,F,9,Delhi,HDFC Ergo,B+
PT01228,Arjun Nair,F,89,Kolkata,Niva Bupa,AB+
PT01229,Kavya Verma,M,69,Chennai,HDFC Ergo,O-
PT01230,Kavya Verma,F,17,Jaipur,ICICI Lombard,AB-
PT01231,Arjun Iyer,F,85,Lucknow,Star Health,B+
PT01232,Ishaan Gupta,F,64,Jaipur,Care Health,B+
PT01233,Manish Joshi,F,64,Ahmedabad,Niva Bupa,AB+
PT01234,Aditya Verma,M,29,Hyderabad,Care Health,B-
PT01235,Sanjay Nair,F,55,Pune,ICICI Lombard,B+
PT01236,Divya Khan,M,18,Delhi,Niva Bupa,AB-
PT01237,Ishaan Joshi,M,75,Mumbai,Care Health,O-
PT01238,Pooja Bose,F,56,Pune,Niva Bupa,AB-
PT01239,Manish Khan,F,4,Bangalore,Care Health,B-
PT01240,Rohit Iyer,F,11,Chennai,ICICI Lombard,A-
PT01241,Rohit Reddy,M,16,Delhi,Niva Bupa,A+
PT01242,Riya Nair,F,26,Kolkata,Niva Bupa,O+
PT01243,Rohit Nair,M,70,Chennai,Star Health,O+
PT01244,Anjali Joshi,F,52,Lucknow,Self Pay,A+
PT01245,Meera Malhotra,M,51,Hyderabad,HDFC Ergo,B-
PT01246,Meera Reddy,F,60,Kolkata,Star Health,O-
PT01247,Arjun Das,F,27,Ahmedabad,Care Health,A+
PT01248,Divya Kapoor,M,40,Mumbai,Care Health,O-
PT01249,Manish Reddy,F,55,Pune,Self Pay,O+
PT01250,Manish Pillai,M,73,Mumbai,HDFC Ergo,B+
PT01251,Manish Pillai,F,49,Hyderabad,Care Health,A-
PT01252,Riya Gupta,M,61,Delhi,Niva Bupa,AB-
PT01253,Anjali Iyer,M,14,Jaipur,HDFC Ergo,A+
PT01254,Tanvi Chopra,M,24,Hyderabad,Star Health,AB+
PT01255,Anjali Nair,M,38,Jaipur,Star Health,AB-
PT01256,Priya Joshi,M,22,Kolkata,Care Health,AB+
PT01257,Neha Rao,M,69,Pune,Care Health,A-
PT01258,Sanjay Nair,M,27,Chennai,Care Health,AB-
PT01259,Neha Shah,F,76,Hyderabad,ICICI Lombard,AB-
PT01260,Rohit Nair,M,19,Ahmedabad,Star Health,AB+
PT01261,Tanvi Reddy,F,73,Ahmedabad,Care Health,AB-
PT01262,Aditya Verma,M,37,Ahmedabad,Niva Bupa,O+
PT01263,Sanjay Shah,M,54,Hyderabad,HDFC Ergo,AB+
PT01264,Karthik Gupta,M,73,Delhi,Care Health,A+
PT01265,Kavya Mehta,F,81,Jaipur,Niva Bupa,A-
PT01266,Arjun Chopra,F,71,Delhi,Niva Bupa,A-
PT01267,Sneha Malhotra,F,53,Ahmedabad,HDFC Ergo,O+
PT01268,Arjun Malhotra,M,60,Mumbai,Star Health,AB-
PT01269,Sanjay Patil,F,25,Pune,Star Health,A+
PT01270,Rohit Rao,M,42,Ahmedabad,Care Health,AB-
PT01271,Amit Iyer,M,57,Bangalore,Care Health,O+
PT01272,Neha Mehta,M,78,Delhi,HDFC Ergo,O+
PT01273,Sneha Bhat,F,22,Delhi,Self Pay,A+
PT01274,Rohit Kapoor,F,46,Bangalore,HDFC Ergo,A+
PT01275,Riya Nair,F,7,Jaipur,Self Pay,A-
PT01276,Sanjay Singh,F,7,Lucknow,Star Health,A+
PT01277,Sanjay Nair,M,48,Hyderabad,HDFC Ergo,A-
PT01278,Rahul Das,M,2,Kolkata,HDFC Ergo,A-
PT01279,Kavya Rao,M,22,Mumbai,Care Health,A-
PT01280,Manish Patil,M,80,Hyderabad,ICICI Lombard,AB+
PT01281,Pooja Rao,M,28,Delhi,Niva Bupa,O-
PT01282,Neha Sharma,F,84,Kolkata,Star Health,AB+
PT01283,Arjun Bose,M,9,Chennai,Self Pay,O-
PT01284,Priya Iyer,M,53,Chennai,ICICI Lombard,AB-
PT01285,Sneha Bhat,M,33,Delhi,ICICI Lombard,O-
PT01286,Sanjay Kapoor,F,23,Kolkata,Self Pay,AB-
PT01287,Amit Patil,M,78,Lucknow,Care Health,AB+
PT01288,Ishaan Reddy,M,30,Mumbai,ICICI Lombard,A-
PT01289,Anjali Reddy,F,32,Lucknow,Star Health,A+
PT01290,Vikram Joshi,F,38,Hyderabad,HDFC Ergo,AB+
PT01291,Arjun Verma,M,77,Ahmedabad,Self Pay,O-
PT01292,Vikram Khan,F,83,Mumbai,ICICI Lombard,AB+
PT01293,Anjali Sharma,M,43,Kolkata,HDFC Ergo,B-
PT01294,Riya Verma,M,88,Hyderabad,ICICI Lombard,AB+
PT01295,Ishaan Patil,M,57,Mumbai,Star Health,AB-
PT01296,Amit Nair,M,82,Bangalore,HDFC Ergo,B+
PT01297,Amit Mehta,M,31,Jaipur,Star Health,AB+
PT01298,Karthik Singh,M,26,Hyderabad,Care Health,B+
PT01299,Tanvi Reddy,F,37,Lucknow,Care Health,B-
PT01300,Rohit Chopra,M,47,Pune,Care Health,B+
PT01301,Meera Bose,F,65,Lucknow,Self Pay,AB+
PT01302,Vikram Chopra,M,49,Pune,Star Health,O+
PT01303,Tanvi Bhat,M,71,Bangalore,Niva Bupa,AB+
PT01304,Karthik Singh,F,37,Pune,ICICI Lombard,AB-
PT01305,Amit Patil,M,61,Hyderabad,HDFC Ergo,B-
PT01306,Rahul Sharma,F,63,Pune,Care Health,AB+
PT01307,Divya Gupta,F,40,Lucknow,Star Health,AB+
PT01308,Priya Rao,F,73,Bangalore,HDFC Ergo,AB+
PT01309,Rohit Joshi,F,82,Kolkata,Self Pay,A+
PT01310,Sanjay Das,M,32,Ahmedabad,Star Health,O-
PT01311,Rahul Kapoor,F,78,Ahmedabad,Self Pay,B+
PT01312,Rohit Reddy,M,2,Delhi,Star Health,AB+
PT01313,Sanjay Pillai,M,67,Hyderabad,Care Health,B+
PT01314,Pooja Khan,F,65,Jaipur,Self Pay,AB+
PT01315,Aditya Singh,F,12,Delhi,Self Pay,O-
PT01316,Vikram Khan,M,51,Chennai,Star Health,B+
PT01317,Meera Sharma,M,9,Pune,ICICI Lombard,AB+
PT01318,Anjali Das,M,23,Kolkata,HDFC Ergo,B+
PT01319,Arjun Chopra,M,65,Delhi,Care Health,B-
PT01320,Neha Nair,M,24,Hyderabad,Niva Bupa,AB+
PT01321,Karthik Shah,M,82,Bangalore,Star Health,O+
PT01322,Amit Gupta,M,36,Delhi,Niva Bupa,A+
PT01323,Aditya Reddy,F,63,Delhi,Star Health,A+
PT01324,Rohit Sharma,M,13,Hyderabad,ICICI Lombard,A+
PT01325,Sanjay Shah,F,63,Ahmedabad,Niva Bupa,AB+
PT01326,Manish Joshi,F,41,Hyderabad,Niva Bupa,AB+
PT01327,Sanjay Shah,M,46,Kolkata,Star Health,A+
PT01328,Karthik Gupta,M,4,Lucknow,Star Health,O+
PT01329,Kavya Joshi,F,80,Ahmedabad,ICICI Lombard,AB+
PT01330,Arjun Sharma,F,3,Kolkata,Star Health,O-
PT01331,Karthik Reddy,F,52,Lucknow,Star Health,O-
PT01332,Pooja Chopra,M,50,Chennai,ICICI Lombard,B-
PT01333,Vikram Malhotra,M,17,Ahmedabad,Star Health,O+
PT01334,Riya Bose,M,58,Delhi,Care Health,B-
PT01335,Kavya Nair,M,85,Delhi,Star Health,AB+
PT01336,Rahul Mehta,F,50,Chennai,HDFC Ergo,O+
PT01337,Meera Rao,M,69,Ahmedabad,Star Health,O-
PT01338,Kavya Pillai,M,83,Kolkata,Care Health,AB+
PT01339,Riya Das,M,29,Chennai,Star Health,O+
PT01340,Amit Rao,M,44,Lucknow,HDFC Ergo,A-
PT01341,Aditya Joshi,M,41,Pune,ICICI Lombard,A+
PT01342,Anjali Verma,M,50,Pune,Niva Bupa,O-
PT01343,Vikram Malhotra,M,14,Pune,Star Health,AB-
PT01344,Manish Kapoor,F,29,Ahmedabad,Self Pay,AB-
PT01345,Vikram Shah,F,19,Mumbai,ICICI Lombard,O-
PT01346,Anjali Malhotra,M,36,Lucknow,Care Health,B-
PT01347,Meera Singh,F,8,Kolkata,HDFC Ergo,B-
PT01348,Kavya Verma,M,63,Pune,Niva Bupa,B+
PT01349,Rahul Bhat,F,44,Pune,Self Pay,AB-
PT01350,Divya Gupta,F,10,Jaipur,Self Pay,O+
PT01351,Anjali Nair,F,13,Bangalore,Niva Bupa,A+
PT01352,Anjali Bose,M,74,Bangalore,Care Health,AB-
PT01353,Anjali Kapoor,M,28,Hyderabad,Self Pay,A+
PT01354,Divya Pillai,M,87,Bangalore,Care Health,AB+
PT01355,Neha Verma,M,46,Ahmedabad,HDFC Ergo,A+
PT01356,Sneha Malhotra,F,76,Pune,HDFC Ergo,AB+
PT01357,Kavya Verma,M,31,Pune,Care Health,O+
PT01358,Tanvi Mehta,F,89,Delhi,Care Health,AB+
PT01359,Rohit Bose,F,2,Delhi,Star Health,A-
PT01360,Sneha Chopra,M,3,Lucknow,ICICI Lombard,AB-
PT01361,Rohit Rao,M,50,Ahmedabad,Self Pay,AB+
PT01362,Anjali Pillai,M,13,Kolkata,Star Health,B+
PT01363,Sanjay Sharma,F,72,Jaipur,ICICI Lombard,AB-
PT01364,Amit Malhotra,M,27,Delhi,HDFC Ergo,B+
PT01365,Rahul Bhat,F,41,Delhi,Star Health,B+
PT01366,Aditya Nair,M,12,Jaipur,Niva Bupa,A+
PT01367,Amit Rao,F,47,Jaipur,HDFC Ergo,AB+
PT01368,Rahul Reddy,F,6,Jaipur,Niva Bupa,AB-
PT01369,Vikram Pillai,F,89,Kolkata,ICICI Lombard,O-
PT01370,Tanvi Bhat,M,89,Delhi,Self Pay,A+
PT01371,Kavya Verma,M,19,Chennai,HDFC Ergo,B+
PT01372,Tanvi Bhat,M,76,Kolkata,Niva Bupa,B+
PT01373,Tanvi Das,M,71,Chennai,Niva Bupa,AB+
PT01374,Neha Gupta,F,11,Chennai,Self Pay,AB+
PT01375,Vikram Bhat,M,10,Chennai,Self Pay,B-
PT01376,Divya Pillai,M,54,Bangalore,Niva Bupa,AB+
PT01377,Sanjay Sharma,M,10,Chennai,Star Health,A-
PT01378,Riya Das,M,43,Delhi,Niva Bupa,O-
PT01379,Rohit Kapoor,M,36,Mumbai,Star Health,AB+
PT01380,Kavya Gupta,M,16,Bangalore,ICICI Lombard,O+
PT01381,Aditya Chopra,M,68,Kolkata,Self Pay,O+
PT01382,Riya Khan,M,7,Bangalore,Niva Bupa,AB+
PT01383,Neha Joshi,F,62,Lucknow,HDFC Ergo,O+
PT01384,Rahul Malhotra,M,85,Bangalore,HDFC Ergo,AB+
PT01385,Aditya Khan,M,82,Kolkata,Self Pay,B-
PT01386,Tanvi Das,F,24,Ahmedabad,Niva Bupa,AB-
PT01387,Ishaan Singh,F,55,Jaipur,Self Pay,B-
PT01388,Anjali Iyer,F,53,Kolkata,Star Health,A-
PT01389,Amit Reddy,M,22,Lucknow,Star Health,A-
PT01390,Anjali Bhat,F,2,Pune,Self Pay,B+
PT01391,Meera Chopra,M,52,Mumbai,ICICI Lombard,B-
PT01392,Rahul Das,F,32,Jaipur,Self Pay,A+
PT01393,Tanvi Bose,M,87,Jaipur,HDFC Ergo,B+
PT01394,Amit Joshi,M,66,Kolkata,Star Health,AB+
PT01395,Meera Gupta,M,48,Delhi,Niva Bupa,B-
PT01396,Riya Rao,F,39,Ahmedabad,Niva Bupa,O+
PT01397,Arjun Sharma,F,28,Chennai,Self Pay,A+
PT01398,Karthik Shah,F,8,Kolkata,Star Health,AB-
PT01399,Manish Singh,F,14,Mumbai,Niva Bupa,B+
PT01400,Sanjay Joshi,M,13,Pune,Care Health,B-
PT01401,Amit Malhotra,M,53,Delhi,Care Health,A+
PT01402,Vikram Khan,M,61,Pune,Niva Bupa,O+
PT01403,Divya Das,M,69,Chennai,Star Health,AB-
PT01404,Karthik Mehta,M,46,Pune,Star Health,O-
PT01405,Arjun Rao,M,37,Mumbai,HDFC Ergo,AB+
PT01406,Pooja Patil,M,21,Hyderabad,Care Health,O+
PT01407,Sneha Das,F,71,Ahmedabad,Self Pay,B+
PT01408,Manish Gupta,F,17,Delhi,Star Health,A+
PT01409,Vikram Kapoor,F,65,Mumbai,Self Pay,B-
PT01410,Priya Patil,F,77,Mumbai,Care Health,AB-
PT01411,Anjali Singh,F,11,Pune,HDFC Ergo,B+
PT01412,Ishaan Mehta,M,36,Delhi,Niva Bupa,B-
PT01413,Pooja Nair,F,14,Jaipur,ICICI Lombard,B+
PT01414,Arjun Pillai,M,30,Delhi,HDFC Ergo,AB+
PT01415,Priya Khan,M,19,Pune,Star Health,B-
PT01416,Amit Verma,F,53,Jaipur,Niva Bupa,B-
PT01417,Kavya Patil,F,62,Mumbai,ICICI Lombard,AB+
PT01418,Priya Singh,M,35,Kolkata,Niva Bupa,O-
PT01419,Pooja Reddy,F,7,Bangalore,Star Health,A+
PT01420,Priya Patil,M,37,Ahmedabad,Niva Bupa,A-
PT01421,Pooja Mehta,F,63,Kolkata,Niva Bupa,O+
PT01422,Sneha Rao,M,88,Jaipur,HDFC Ergo,O-
PT01423,Divya Joshi,F,31,Chennai,HDFC Ergo,AB+
PT01424,Amit Rao,M,81,Lucknow,Star Health,A+
PT01425,Aditya Nair,M,58,Delhi,Star Health,O-
PT01426,Anjali Chopra,M,69,Bangalore,Star Health,B+
PT01427,Arjun Das,F,72,Kolkata,Niva Bupa,AB-
PT01428,Sneha Das,M,62,Pune,ICICI Lombard,A+
PT01429,Neha Shah,F,17,Chennai,Star Health,A+
PT01430,Arjun Gupta,F,88,Jaipur,ICICI Lombard,A-
PT01431,Neha Bose,F,72,Pune,Care Health,O+
PT01432,Arjun Mehta,M,21,Lucknow,HDFC Ergo,A+
PT01433,Ishaan Bose,F,39,Hyderabad,Niva Bupa,O+
PT01434,Riya Rao,M,29,Mumbai,ICICI Lombard,B-
PT01435,Anjali Verma,M,36,Bangalore,Niva Bupa,A+
PT01436,Kavya Nair,M,1,Kolkata,Self Pay,O-
PT01437,Manish Iyer,F,18,Pune,ICICI Lombard,O+
PT01438,Manish Verma,M,46,Hyderabad,Self Pay,O+
PT01439,Neha Khan,M,69,Lucknow,Star Health,AB+
PT01440,Rohit Shah,M,57,Hyderabad,Niva Bupa,O+
PT01441,Arjun Pillai,F,20,Ahmedabad,HDFC Ergo,AB+
PT01442,Divya Kapoor,F,12,Ahmedabad,HDFC Ergo,AB-
PT01443,Neha Mehta,M,73,Ahmedabad,Self Pay,B+
PT01444,Anjali Sharma,F,21,Bangalore,Care Health,B-
PT01445,Amit Kapoor,M,55,Hyderabad,Care Health,AB+
PT01446,Sneha Malhotra,M,2,Lucknow,Star Health,AB+
PT01447,Sanjay Sharma,M,2,Mumbai,HDFC Ergo,B-
PT01448,Amit Khan,M,81,Lucknow,Star Health,A+
PT01449,Sneha Bhat,F,11,Hyderabad,HDFC Ergo,AB-
PT01450,Aditya Bose,M,40,Kolkata,Care Health,B+
PT01451,Kavya Verma,F,81,Jaipur,Star Health,A+
PT01452,Priya Rao,F,14,Jaipur,Care Health,B+
PT01453,Rahul Reddy,M,30,Pune,Care Health,B+
PT01454,Divya Singh,M,88,Pune,Self Pay,A-
PT01455,Meera Mehta,M,29,Delhi,Niva Bupa,O-
PT01456,Amit Shah,F,16,Kolkata,Star Health,A+
PT01457,Tanvi Kapoor,M,55,Jaipur,Niva Bupa,B+
PT01458,Pooja Kapoor,F,80,Chennai,Niva Bupa,A-
PT01459,Rohit Chopra,F,34,Delhi,Star Health,B+
PT01460,Vikram Patil,M,50,Ahmedabad,Self Pay,AB-
PT01461,Amit Rao,F,36,Bangalore,Star Health,O-
PT01462,Vikram Mehta,F,46,Kolkata,Care Health,AB+
PT01463,Meera Das,F,18,Hyderabad,Care Health,AB+
PT01464,Riya Chopra,F,69,Jaipur,HDFC Ergo,AB+
PT01465,Amit Pillai,F,68,Lucknow,Self Pay,B-
PT01466,Amit Reddy,F,1,Hyderabad,Star Health,O-
PT01467,Riya Chopra,M,15,Mumbai,Niva Bupa,O-
PT01468,Vikram Singh,F,19,Jaipur,Care Health,B-
PT01469,Arjun Reddy,M,18,Delhi,Self Pay,B+
PT01470,Sanjay Sharma,F,48,Mumbai,Self Pay,A-
PT01471,Aditya Iyer,F,77,Bangalore,Star Health,B+
PT01472,Divya Kapoor,M,32,Delhi,Star Health,AB+
PT01473,Vikram Mehta,F,18,Jaipur,Self Pay,O+
PT01474,Meera Das,F,57,Mumbai,Niva Bupa,A-
PT01475,Vikram Verma,M,78,Bangalore,ICICI Lombard,B+
PT01476,Rahul Gupta,F,88,Ahmedabad,ICICI Lombard,O+
PT01477,Aditya Malhotra,F,30,Pune,HDFC Ergo,O+
PT01478,Amit Malhotra,F,17,Hyderabad,Care Health,A+
PT01479,Kavya Gupta,M,72,Lucknow,Star Health,AB-
PT01480,Meera Patil,F,49,Bangalore,Star Health,O-
PT01481,Pooja Nair,F,14,Delhi,Star Health,O-
PT01482,Tanvi Patil,M,31,Chennai,HDFC Ergo,A-
PT01483,Amit Nair,M,40,Hyderabad,ICICI Lombard,B-
PT01484,Priya Reddy,F,11,Lucknow,ICICI Lombard,A+
PT01485,Aditya Chopra,M,7,Kolkata,Star Health,O+
PT01486,Rahul Joshi,F,51,Jaipur,HDFC Ergo,O-
PT01487,Sanjay Joshi,M,87,Delhi,Niva Bupa,AB+
PT01488,Ishaan Rao,M,4,Lucknow,Care Health,AB-
PT01489,Aditya Verma,F,21,Bangalore,Self Pay,AB-
PT01490,Amit Iyer,M,28,Bangalore,Self Pay,B+
PT01491,Ishaan Malhotra,F,58,Bangalore,Niva Bupa,O+
PT01492,Divya Shah,F,6,Pune,HDFC Ergo,B-
PT01493,Tanvi Shah,M,20,Lucknow,Self Pay,AB-
PT01494,Sneha Sharma,M,40,Jaipur,Star Health,AB-
PT01495,Sneha Bose,F,22,Chennai,HDFC Ergo,A-
PT01496,Rohit Pillai,F,46,Delhi,Star Health,B+
PT01497,Karthik Khan,F,33,Ahmedabad,Self Pay,B+
PT01498,Sneha Pillai,F,6,Kolkata,Niva Bupa,AB+
PT01499,Pooja Shah,M,57,Kolkata,ICICI Lombard,O-
PT01500,Divya Iyer,F,65,Ahmedabad,Niva Bupa,A+
PT01501,Tanvi Verma,M,72,Mumbai,HDFC Ergo,A-
PT01502,Anjali Gupta,M,73,Pune,Star Health,B-
PT01503,Sanjay Bose,M,45,Ahmedabad,Care Health,AB-
PT01504,Sneha Iyer,M,14,Pune,Care Health,B-
PT01505,Sanjay Patil,M,41,Kolkata,ICICI Lombard,AB-
PT01506,Arjun Chopra,M,36,Ahmedabad,Star Health,B+
PT01507,Meera Kapoor,M,41,Lucknow,Star Health,AB+
PT01508,Priya Joshi,F,61,Hyderabad,Star Health,B-
PT01509,Rahul Das,F,33,Bangalore,Star Health,B+
PT01510,Amit Khan,F,11,Chennai,Self Pay,AB-
PT01511,Pooja Malhotra,M,86,Chennai,HDFC Ergo,A+
PT01512,Amit Das,F,39,Bangalore,HDFC Ergo,O-
PT01513,Pooja Chopra,F,69,Bangalore,Self Pay,AB+
PT01514,Divya Pillai,F,2,Jaipur,ICICI Lombard,B-
PT01515,Amit Pillai,M,42,Kolkata,Star Health,B+
PT01516,Karthik Kapoor,F,41,Delhi,Self Pay,AB+
PT01517,Rohit Malhotra,M,58,Bangalore,Self Pay,AB-
PT01518,Aditya Rao,M,28,Hyderabad,Care Health,B+
PT01519,Tanvi Gupta,M,45,Hyderabad,HDFC Ergo,A+
PT01520,Divya Joshi,M,39,Chennai,ICICI Lombard,A-
PT01521,Meera Bose,F,53,Kolkata,Niva Bupa,AB+
PT01522,Ishaan Patil,M,23,Ahmedabad,Care Health,O-
PT01523,Neha Bhat,M,70,Pune,Care Health,O+
PT01524,Pooja Singh,M,12,Delhi,Star Health,A+
PT01525,Tanvi Das,M,64,Lucknow,ICICI Lombard,A-
PT01526,Karthik Malhotra,M,86,Chennai,Care Health,B-
PT01527,Kavya Bose,F,15,Hyderabad,Care Health,A-
PT01528,Divya Bose,F,83,Pune,Star Health,O-
PT01529,Kavya Malhotra,F,35,Chennai,Niva Bupa,AB+
PT01530,Kavya Sharma,F,5,Mumbai,Star Health,B+
PT01531,Divya Malhotra,F,43,Bangalore,ICICI Lombard,AB+
PT01532,Kavya Bhat,F,25,Lucknow,Self Pay,AB+
PT01533,Priya Pillai,F,17,Pune,Self Pay,B+
PT01534,Sanjay Patil,M,56,Hyderabad,Star Health,B+
PT01535,Ishaan Rao,F,81,Chennai,ICICI Lombard,B+
PT01536,Manish Nair,M,12,Mumbai,Care Health,A+
PT01537,Aditya Kapoor,M,80,Jaipur,Star Health,AB+
PT01538,Rahul Kapoor,F,82,Kolkata,HDFC Ergo,B-
PT01539,Kavya Singh,M,69,Hyderabad,Self Pay,AB+
PT01540,Rohit Verma,F,11,Bangalore,Self Pay,A+
PT01541,Aditya Rao,M,59,Lucknow,Star Health,A-
PT01542,Vikram Singh,F,24,Delhi,Star Health,AB-
PT01543,Divya Nair,F,13,Ahmedabad,Star Health,AB+
PT01544,Amit Chopra,M,27,Pune,Care Health,O-
PT01545,Karthik Mehta,M,39,Mumbai,HDFC Ergo,A+
PT01546,Sneha Patil,F,62,Lucknow,ICICI Lombard,A+
PT01547,Neha Malhotra,F,16,Hyderabad,ICICI Lombard,A+
PT01548,Riya Sharma,M,28,Kolkata,Star Health,B-
PT01549,Rahul Patil,M,29,Delhi,Self Pay,B+
PT01550,Rohit Khan,F,26,Delhi,Niva Bupa,O+
PT01551,Karthik Chopra,F,66,Pune,HDFC Ergo,O+
PT01552,Neha Nair,F,51,Delhi,ICICI Lombard,O+
PT01553,Neha Nair,F,56,Ahmedabad,Care Health,O+
PT01554,Manish Shah,M,78,Pune,Care Health,B-
PT01555,Aditya Joshi,F,81,Delhi,Care Health,B+
PT01556,Priya Malhotra,F,76,Pune,Niva Bupa,O-
PT01557,Sanjay Sharma,M,24,Kolkata,Care Health,B+
PT01558,Divya Reddy,M,28,Kolkata,Niva Bupa,B+
PT01559,Manish Rao,M,41,Mumbai,Self Pay,O-
PT01560,Arjun Bose,F,30,Jaipur,Star Health,AB+
PT01561,Anjali Shah,M,68,Hyderabad,Star Health,O+
PT01562,Tanvi Iyer,F,88,Pune,Niva Bupa,O-
PT01563,Arjun Nair,M,64,Ahmedabad,Star Health,O+
PT01564,Pooja Rao,M,58,Bangalore,ICICI Lombard,O-
PT01565,Aditya Gupta,M,74,Mumbai,Niva Bupa,A+
PT01566,Aditya Sharma,F,37,Bangalore,Care Health,A+
PT01567,Riya Malhotra,M,44,Mumbai,Star Health,AB-
PT01568,Sneha Das,F,36,Kolkata,Niva Bupa,AB+
PT01569,Amit Bhat,F,64,Lucknow,Star Health,AB+
PT01570,Anjali Bose,F,83,Delhi,Niva Bupa,A-
PT01571,Rahul Reddy,M,2,Bangalore,Star Health,O-
PT01572,Pooja Reddy,M,12,Hyderabad,Self Pay,O-
PT01573,Riya Sharma,M,34,Mumbai,Star Health,A+
PT01574,Anjali Iyer,F,43,Lucknow,Care Health,O+
PT01575,Neha Kapoor,F,16,Bangalore,Niva Bupa,B+
PT01576,Aditya Das,F,86,Delhi,ICICI Lombard,B-
PT01577,Aditya Chopra,F,36,Kolkata,Self Pay,AB-
PT01578,Kavya Iyer,F,38,Delhi,Niva Bupa,B-
PT01579,Arjun Iyer,M,64,Mumbai,HDFC Ergo,A+
PT01580,Arjun Bose,F,25,Ahmedabad,Star Health,O-
PT01581,Arjun Pillai,F,40,Ahmedabad,Self Pay,B+
PT01582,Ishaan Rao,M,29,Kolkata,Care Health,AB-
PT01583,Tanvi Malhotra,M,52,Hyderabad,Star Health,O+
PT01584,Pooja Mehta,F,74,Delhi,HDFC Ergo,AB-
PT01585,Sneha Rao,M,3,Ahmedabad,HDFC Ergo,O+
PT01586,Rahul Chopra,F,46,Chennai,Star Health,A-
PT01587,Divya Das,M,20,Pune,ICICI Lombard,AB+
PT01588,Ishaan Patil,M,57,Chennai,Niva Bupa,A-
PT01589,Priya Gupta,F,25,Chennai,HDFC Ergo,AB+
PT01590,Neha Shah,F,68,Lucknow,Care Health,AB+
PT01591,Sneha Verma,M,15,Hyderabad,Star Health,A+
PT01592,Priya Pillai,F,31,Delhi,ICICI Lombard,A-
PT01593,Rohit Reddy,F,51,Pune,Star Health,B-
PT01594,Rohit Chopra,M,22,Hyderabad,Niva Bupa,O+
PT01595,Tanvi Singh,M,13,Bangalore,ICICI Lombard,AB-
PT01596,Anjali Reddy,M,41,Delhi,HDFC Ergo,B+
PT01597,Manish Bose,M,2,Ahmedabad,Care Health,O-
PT01598,Rahul Mehta,F,10,Bangalore,Self Pay,A+
PT01599,Tanvi Joshi,F,75,Mumbai,Care Health,B-
PT01600,Meera Rao,M,3,Lucknow,Self Pay,O+
PT01601,Kavya Malhotra,M,19,Delhi,Star Health,O+
PT01602,Manish Bose,F,45,Jaipur,Niva Bupa,AB-
PT01603,Rohit Joshi,F,2,Kolkata,Niva Bupa,O-
PT01604,Ishaan Shah,F,15,Chennai,Self Pay,A+
PT01605,Vikram Das,M,85,Bangalore,Niva Bupa,AB-
PT01606,Rahul Reddy,F,47,Hyderabad,Self Pay,A-
PT01607,Arjun Gupta,M,36,Jaipur,Care Health,B+
PT01608,Rohit Joshi,F,51,Lucknow,Care Health,O+
PT01609,Anjali Nair,M,75,Jaipur,Self Pay,O-
PT01610,Tanvi Rao,F,59,Lucknow,Niva Bupa,O+
PT01611,Sneha Sharma,F,88,Bangalore,Care Health,B+
PT01612,Ishaan Singh,M,39,Ahmedabad,Niva Bupa,A-
PT01613,Anjali Sharma,F,6,Hyderabad,Niva Bupa,A-
PT01614,Priya Chopra,F,1,Pune,Niva Bupa,A+
PT01615,Priya Khan,M,45,Chennai,ICICI Lombard,B+
PT01616,Amit Khan,M,26,Pune,ICICI Lombard,A-
PT01617,Anjali Reddy,M,61,Kolkata,HDFC Ergo,AB+
PT01618,Pooja Gupta,M,34,Chennai,ICICI Lombard,O+
PT01619,Neha Pillai,F,87,Kolkata,ICICI Lombard,B+
PT01620,Arjun Khan,M,54,Jaipur,HDFC Ergo,O+
PT01621,Anjali Iyer,F,73,Ahmedabad,ICICI Lombard,B+
PT01622,Sanjay Das,M,18,Jaipur,Care Health,O-
PT01623,Ishaan Joshi,F,46,Pune,Care Health,AB+
PT01624,Pooja Bose,M,72,Mumbai,Care Health,A-
PT01625,Vikram Shah,F,32,Lucknow,ICICI Lombard,O-
PT01626,Vikram Shah,F,7,Pune,HDFC Ergo,AB+
PT01627,Rahul Bose,F,7,Delhi,Star Health,O+
PT01628,Sneha Patil,M,38,Lucknow,Care Health,O-
PT01629,Priya Rao,M,27,Jaipur,HDFC Ergo,AB-
PT01630,Vikram Reddy,M,39,Chennai,Self Pay,A+
PT01631,Meera Shah,M,15,Delhi,Star Health,B+
PT01632,Tanvi Rao,M,32,Hyderabad,Star Health,AB-
PT01633,Rahul Malhotra,F,51,Mumbai,Star Health,O+
PT01634,Sanjay Chopra,M,31,Jaipur,Niva Bupa,AB-
PT01635,Tanvi Rao,F,19,Mumbai,HDFC Ergo,B+
PT01636,Kavya Mehta,M,61,Ahmedabad,Niva Bupa,O+
PT01637,Sneha Pillai,F,48,Chennai,Care Health,AB+
PT01638,Sneha Bose,F,55,Bangalore,Star Health,O+
PT01639,Karthik Rao,F,2,Lucknow,Niva Bupa,A+
PT01640,Tanvi Bose,M,46,Bangalore,Care Health,AB-
PT01641,Rohit Sharma,M,46,Jaipur,ICICI Lombard,B-
PT01642,Divya Malhotra,F,66,Delhi,HDFC Ergo,B+
PT01643,Divya Pillai,F,59,Bangalore,Niva Bupa,O+
PT01644,Sanjay Iyer,F,49,Ahmedabad,ICICI Lombard,B+
PT01645,Aditya Malhotra,F,17,Kolkata,ICICI Lombard,O-
PT01646,Aditya Shah,F,9,Mumbai,Star Health,B+
PT01647,Kavya Rao,M,64,Ahmedabad,Niva Bupa,B-
PT01648,Kavya Rao,M,50,Pune,Star Health,A+
PT01649,Tanvi Khan,M,5,Delhi,Care Health,O-
PT01650,Tanvi Sharma,M,42,Delhi,Self Pay,AB-
PT01651,Sanjay Kapoor,M,26,Chennai,Care Health,AB-
PT01652,Anjali Reddy,M,21,Pune,ICICI Lombard,B-
PT01653,Amit Pillai,M,81,Delhi,HDFC Ergo,A+
PT01654,Vikram Sharma,F,53,Lucknow,ICICI Lombard,A-
PT01655,Manish Mehta,F,25,Hyderabad,ICICI Lombard,AB-
PT01656,Ishaan Joshi,F,80,Jaipur,HDFC Ergo,A-
PT01657,Karthik Das,F,10,Lucknow,Star Health,B+
PT01658,Ishaan Singh,M,16,Ahmedabad,HDFC Ergo,A+
PT01659,Tanvi Bhat,F,3,Hyderabad,Niva Bupa,O+
PT01660,Sanjay Joshi,M,21,Chennai,Star Health,B-
PT01661,Ishaan Shah,F,52,Lucknow,Star Health,A-
PT01662,Aditya Chopra,F,84,Mumbai,Star Health,O-
PT01663,Pooja Khan,M,43,Mumbai,HDFC Ergo,B-
PT01664,Riya Patil,M,31,Ahmedabad,Star Health,A+
PT01665,Divya Iyer,F,77,Lucknow,Star Health,AB-
PT01666,Vikram Khan,M,14,Mumbai,Care Health,B-
PT01667,Divya Das,F,39,Hyderabad,Star Health,A+
PT01668,Rahul Nair,F,88,Mumbai,ICICI Lombard,AB-
PT01669,Priya Gupta,F,17,Pune,Self Pay,AB+
PT01670,Riya Kapoor,M,57,Delhi,ICICI Lombard,O-
PT01671,Divya Nair,F,56,Mumbai,HDFC Ergo,B-
PT01672,Amit Pillai,M,30,Pune,Self Pay,A+
PT01673,Rahul Reddy,M,10,Mumbai,HDFC Ergo,AB-
PT01674,Neha Singh,M,41,Kolkata,ICICI Lombard,B-
PT01675,Anjali Kapoor,F,62,Delhi,Self Pay,A-
PT01676,Amit Khan,M,64,Kolkata,HDFC Ergo,AB-
PT01677,Anjali Joshi,F,84,Hyderabad,ICICI Lombard,O+
PT01678,Manish Bhat,M,7,Kolkata,Care Health,AB-
PT01679,Rohit Iyer,M,18,Jaipur,HDFC Ergo,O+
PT01680,Riya Nair,M,48,Bangalore,Star Health,B-
PT01681,Karthik Bose,M,3,Ahmedabad,Star Health,O+
PT01682,Rohit Pillai,F,39,Delhi,Star Health,O+
PT01683,Tanvi Gupta,F,3,Pune,Care Health,AB-
PT01684,Priya Reddy,M,49,Bangalore,Self Pay,AB+
PT01685,Riya Verma,F,5,Jaipur,Niva Bupa,A+
PT01686,Tanvi Patil,F,76,Hyderabad,Star Health,O-
PT01687,Tanvi Das,F,8,Delhi,ICICI Lombard,AB+
PT01688,Anjali Bhat,F,55,Lucknow,Self Pay,O+
PT01689,Neha Gupta,F,31,Bangalore,Star Health,O+
PT01690,Rohit Iyer,M,70,Chennai,Niva Bupa,AB+
PT01691,Priya Shah,F,47,Chennai,Self Pay,O+
PT01692,Tanvi Sharma,M,40,Lucknow,Self Pay,O-
PT01693,Rohit Mehta,F,60,Mumbai,Care Health,A+
PT01694,Karthik Verma,F,62,Jaipur,HDFC Ergo,AB+
PT01695,Priya Pillai,M,36,Lucknow,ICICI Lombard,O-
PT01696,Amit Bose,M,34,Chennai,Niva Bupa,AB-
PT01697,Vikram Reddy,M,19,Lucknow,Self Pay,A+
PT01698,Kavya Rao,M,24,Jaipur,Care Health,O-
PT01699,Priya Bhat,M,8,Chennai,Niva Bupa,A+
PT01700,Divya Bhat,M,77,Hyderabad,Niva Bupa,A-
PT01701,Amit Malhotra,F,15,Jaipur,Star Health,B-
PT01702,Arjun Patil,F,88,Pune,Star Health,AB+
PT01703,Anjali Kapoor,M,42,Lucknow,Niva Bupa,O-
PT01704,Pooja Joshi,F,38,Lucknow,Star Health,B+
PT01705,Divya Verma,F,20,Lucknow,Star Health,A-
PT01706,Tanvi Nair,F,66,Jaipur,ICICI Lombard,O-
PT01707,Arjun Gupta,M,85,Bangalore,Care Health,A-
PT01708,Amit Reddy,F,69,Delhi,ICICI Lombard,A+
PT01709,Tanvi Chopra,F,41,Chennai,HDFC Ergo,O+
PT01710,Kavya Patil,M,47,Hyderabad,Care Health,O-
PT01711,Sneha Reddy,F,53,Kolkata,Star Health,O-
PT01712,Riya Malhotra,M,47,Ahmedabad,ICICI Lombard,B-
PT01713,Karthik Das,M,73,Bangalore,ICICI Lombard,B-
PT01714,Pooja Pillai,M,78,Chennai,Niva Bupa,O-
PT01715,Manish Rao,M,53,Pune,ICICI Lombard,B+
PT01716,Aditya Chopra,M,24,Ahmedabad,Star Health,B+
PT01717,Sneha Das,F,71,Ahmedabad,Self Pay,A-
PT01718,Vikram Verma,F,4,Bangalore,Star Health,B+
PT01719,Ishaan Malhotra,F,55,Kolkata,HDFC Ergo,AB+
PT01720,Riya Reddy,F,16,Kolkata,Niva Bupa,A-
PT01721,Priya Iyer,F,58,Pune,Self Pay,AB-
PT01722,Pooja Singh,F,18,Bangalore,Self Pay,A-
PT01723,Vikram Sharma,F,87,Ahmedabad,Care Health,O-
PT01724,Karthik Mehta,F,13,Hyderabad,Niva Bupa,AB-
PT01725,Manish Verma,F,37,Kolkata,Care Health,O-
PT01726,Neha Kapoor,M,27,Pune,ICICI Lombard,O+
PT01727,Aditya Shah,F,13,Kolkata,Niva Bupa,B+
PT01728,Sneha Singh,F,63,Ahmedabad,HDFC Ergo,B+
PT01729,Anjali Khan,M,30,Chennai,HDFC Ergo,A-
PT01730,Arjun Bhat,M,4,Lucknow,Star Health,B-
PT01731,Rahul Chopra,M,48,Hyderabad,Niva Bupa,AB+
PT01732,Karthik Malhotra,M,59,Chennai,Star Health,A-
PT01733,Karthik Das,F,34,Delhi,HDFC Ergo,O+
PT01734,Sneha Joshi,M,29,Delhi,Niva Bupa,B+
PT01735,Ishaan Patil,F,59,Jaipur,Self Pay,A-
PT01736,Manish Verma,F,13,Jaipur,Niva Bupa,B-
PT01737,Riya Verma,M,32,Bangalore,ICICI Lombard,AB+
PT01738,Kavya Nair,F,61,Bangalore,Care Health,B+
PT01739,Meera Singh,M,26,Delhi,ICICI Lombard,B-
PT01740,Rahul Das,M,63,Jaipur,ICICI Lombard,B-
PT01741,Neha Verma,F,89,Chennai,ICICI Lombard,AB+
PT01742,Aditya Reddy,F,62,Jaipur,Self Pay,B+
PT01743,Anjali Reddy,F,86,Ahmedabad,Care Health,AB+
PT01744,Tanvi Joshi,F,38,Delhi,HDFC Ergo,A-
PT01745,Anjali Das,F,42,Hyderabad,Self Pay,AB+
PT01746,Sneha Mehta,F,41,Delhi,Niva Bupa,AB+
PT01747,Vikram Chopra,F,77,Pune,Self Pay,B-
PT01748,Rahul Singh,F,65,Hyderabad,Care Health,A+
PT01749,Riya Patil,F,87,Kolkata,Care Health,AB+
PT01750,Karthik Das,F,34,Mumbai,Niva Bupa,AB-
PT01751,Kavya Patil,M,40,Ahmedabad,Care Health,B-
PT01752,Aditya Mehta,M,81,Delhi,ICICI Lombard,O-
PT01753,Vikram Shah,M,3,Pune,Star Health,O-
PT01754,Divya Bhat,M,84,Mumbai,ICICI Lombard,B-
PT01755,Divya Bhat,M,21,Jaipur,Care Health,B-
PT01756,Anjali Mehta,F,43,Pune,HDFC Ergo,B-
PT01757,Rahul Verma,M,68,Delhi,ICICI Lombard,AB+
PT01758,Meera Verma,M,37,Chennai,Star Health,B-
PT01759,Kavya Verma,F,16,Pune,Self Pay,AB+
PT01760,Vikram Khan,M,10,Delhi,ICICI Lombard,AB+
PT01761,Rahul Sharma,M,13,Lucknow,Care Health,B-
PT01762,Tanvi Singh,F,55,Jaipur,Self Pay,A+
PT01763,Anjali Khan,F,26,Delhi,Niva Bupa,AB-
PT01764,Sanjay Singh,F,12,Hyderabad,Care Health,O+
PT01765,Meera Singh,M,49,Mumbai,Care Health,AB+
PT01766,Divya Bhat,M,58,Hyderabad,ICICI Lombard,A+
PT01767,Sanjay Reddy,F,48,Ahmedabad,ICICI Lombard,A-
PT01768,Anjali Patil,M,81,Delhi,Star Health,B+
PT01769,Arjun Chopra,M,11,Bangalore,Care Health,AB-
PT01770,Ishaan Pillai,M,8,Ahmedabad,Niva Bupa,AB+
PT01771,Anjali Patil,M,5,Kolkata,Self Pay,AB+
PT01772,Rahul Khan,M,72,Ahmedabad,ICICI Lombard,AB-
PT01773,Manish Reddy,F,60,Ahmedabad,ICICI Lombard,A-
PT01774,Sneha Das,M,49,Bangalore,Star Health,B+
PT01775,Ishaan Rao,M,26,Ahmedabad,Star Health,A+
PT01776,Pooja Chopra,M,81,Jaipur,Care Health,B+
PT01777,Riya Das,F,2,Chennai,Star Health,AB+
PT01778,Anjali Khan,F,79,Kolkata,ICICI Lombard,B+
PT01779,Vikram Singh,M,79,Kolkata,ICICI Lombard,O+
PT01780,Meera Bose,M,43,Bangalore,HDFC Ergo,AB-
PT01781,Rahul Patil,F,23,Bangalore,Care Health,A-
PT01782,Rahul Singh,M,26,Delhi,ICICI Lombard,AB-
PT01783,Manish Rao,M,80,Ahmedabad,ICICI Lombard,B+
PT01784,Amit Joshi,M,45,Mumbai,HDFC Ergo,O+
PT01785,Anjali Das,F,48,Lucknow,Care Health,O+
PT01786,Riya Bhat,M,10,Lucknow,HDFC Ergo,A-
PT01787,Arjun Khan,M,34,Lucknow,Star Health,B+
PT01788,Ishaan Pillai,F,43,Lucknow,ICICI Lombard,O+
PT01789,Tanvi Chopra,M,22,Mumbai,HDFC Ergo,B-
PT01790,Amit Shah,M,19,Bangalore,Care Health,A+
PT01791,Manish Iyer,M,18,Jaipur,Care Health,AB+
PT01792,Meera Patil,F,65,Delhi,HDFC Ergo,AB+
PT01793,Sanjay Gupta,F,46,Chennai,ICICI Lombard,O-
PT01794,Ishaan Iyer,M,22,Chennai,Self Pay,B+
PT01795,Pooja Bhat,F,63,Chennai,Self Pay,A-
PT01796,Riya Das,F,23,Mumbai,Niva Bupa,AB-
PT01797,Divya Das,M,79,Jaipur,HDFC Ergo,AB+
PT01798,Divya Mehta,M,26,Ahmedabad,Niva Bupa,B-
PT01799,Rahul Pillai,F,43,Delhi,Niva Bupa,O+
PT01800,Ishaan Sharma,F,5,Chennai,Self Pay,AB-
PT01801,Sanjay Verma,F,36,Mumbai,ICICI Lombard,A+
PT01802,Meera Shah,F,63,Bangalore,Care Health,A-
PT01803,Priya Joshi,M,79,Bangalore,Self Pay,B+
PT01804,Vikram Iyer,F,16,Mumbai,Care Health,A+
PT01805,Manish Rao,F,25,Lucknow,Self Pay,A+
PT01806,Manish Patil,M,76,Kolkata,ICICI Lombard,A+
PT01807,Sanjay Das,M,9,Hyderabad,ICICI Lombard,B+
PT01808,Rohit Iyer,M,57,Mumbai,Niva Bupa,B-
PT01809,Ishaan Das,M,82,Mumbai,Niva Bupa,O+
PT01810,Riya Joshi,M,44,Ahmedabad,ICICI Lombard,A-
PT01811,Aditya Bose,M,15,Delhi,HDFC Ergo,A-
PT01812,Neha Patil,M,22,Mumbai,HDFC Ergo,O-
PT01813,Karthik Iyer,M,40,Hyderabad,Self Pay,B+
PT01814,Anjali Verma,F,37,Bangalore,Niva Bupa,B+
PT01815,Aditya Patil,F,29,Hyderabad,Niva Bupa,B-
PT01816,Neha Singh,F,57,Chennai,Star Health,AB-
PT01817,Divya Pillai,F,45,Jaipur,Care Health,B+
PT01818,Priya Pillai,F,20,Jaipur,ICICI Lombard,B-
PT01819,Pooja Joshi,F,27,Kolkata,Self Pay,O+
PT01820,Amit Malhotra,M,34,Hyderabad,Care Health,O+
PT01821,Priya Rao,M,61,Bangalore,Care Health,O-
PT01822,Divya Pillai,F,85,Lucknow,Star Health,O-
PT01823,Sneha Joshi,M,21,Pune,Care Health,O-
PT01824,Manish Rao,M,46,Chennai,HDFC Ergo,AB-
PT01825,Riya Mehta,M,57,Lucknow,Care Health,AB+
PT01826,Sanjay Chopra,M,33,Kolkata,ICICI Lombard,O-
PT01827,Meera Gupta,F,6,Hyderabad,ICICI Lombard,A-
PT01828,Pooja Das,F,74,Pune,ICICI Lombard,A+
PT01829,Neha Malhotra,M,39,Lucknow,Self Pay,B-
PT01830,Aditya Kapoor,M,85,Kolkata,Star Health,A-
PT01831,Anjali Kapoor,F,59,Pune,HDFC Ergo,AB-
PT01832,Rahul Kapoor,M,23,Chennai,Niva Bupa,A-
PT01833,Neha Reddy,M,56,Delhi,Self Pay,B-
PT01834,Vikram Bhat,F,1,Ahmedabad,HDFC Ergo,O-
PT01835,Sneha Chopra,F,28,Ahmedabad,Self Pay,AB+
PT01836,Karthik Reddy,M,50,Bangalore,Niva Bupa,B+
PT01837,Sanjay Patil,F,87,Pune,ICICI Lombard,AB+
PT01838,Riya Iyer,F,63,Lucknow,Star Health,B-
PT01839,Tanvi Mehta,M,48,Kolkata,Niva Bupa,A+
PT01840,Tanvi Shah,F,10,Hyderabad,HDFC Ergo,AB-
PT01841,Arjun Verma,M,39,Pune,Star Health,O-
PT01842,Sanjay Mehta,F,20,Chennai,Niva Bupa,AB+
PT01843,Meera Verma,F,54,Bangalore,HDFC Ergo,AB+
PT01844,Ishaan Rao,F,11,Kolkata,Self Pay,A-
PT01845,Sanjay Sharma,M,41,Bangalore,ICICI Lombard,AB+
PT01846,Karthik Sharma,F,84,Pune,Care Health,A+
PT01847,Anjali Das,F,82,Delhi,ICICI Lombard,AB-
PT01848,Ishaan Joshi,F,43,Jaipur,Niva Bupa,A-
PT01849,Neha Das,F,87,Delhi,HDFC Ergo,A+
PT01850,Manish Pillai,F,26,Jaipur,ICICI Lombard,AB-
PT01851,Pooja Verma,F,37,Mumbai,Star Health,AB-
PT01852,Karthik Joshi,M,77,Kolkata,Niva Bupa,AB+
PT01853,Manish Singh,M,70,Chennai,HDFC Ergo,O+
PT01854,Divya Das,M,58,Kolkata,Niva Bupa,A+
PT01855,Tanvi Rao,F,5,Jaipur,Self Pay,AB+
PT01856,Kavya Mehta,M,69,Delhi,HDFC Ergo,B+
PT01857,Meera Das,F,45,Ahmedabad,Self Pay,B-
PT01858,Ishaan Pillai,F,6,Delhi,Niva Bupa,O-
PT01859,Priya Kapoor,M,49,Jaipur,Self Pay,A-
PT01860,Manish Singh,F,52,Mumbai,HDFC Ergo,O+
PT01861,Amit Das,M,25,Lucknow,Niva Bupa,O+
PT01862,Tanvi Malhotra,M,89,Mumbai,Niva Bupa,AB-
PT01863,Arjun Das,F,89,Bangalore,Niva Bupa,A+
PT01864,Tanvi Gupta,M,87,Chennai,Niva Bupa,A+
PT01865,Pooja Nair,M,54,Bangalore,Niva Bupa,O+
PT01866,Karthik Shah,F,13,Hyderabad,HDFC Ergo,A+
PT01867,Manish Reddy,M,79,Chennai,Self Pay,AB-
PT01868,Aditya Das,F,70,Pune,Care Health,A+
PT01869,Manish Patil,F,45,Ahmedabad,HDFC Ergo,AB-
PT01870,Meera Nair,M,87,Pune,Niva Bupa,AB+
PT01871,Priya Pillai,M,81,Ahmedabad,ICICI Lombard,O-
PT01872,Amit Nair,F,39,Chennai,Niva Bupa,AB-
PT01873,Karthik Sharma,M,80,Lucknow,HDFC Ergo,O-
PT01874,Aditya Das,F,3,Chennai,ICICI Lombard,AB-
PT01875,Kavya Gupta,M,49,Lucknow,Star Health,A-
PT01876,Sanjay Nair,M,15,Lucknow,Niva Bupa,B+
PT01877,Neha Gupta,F,46,Hyderabad,Care Health,O+
PT01878,Manish Joshi,M,86,Kolkata,ICICI Lombard,AB+
PT01879,Kavya Gupta,F,60,Chennai,Care Health,B+
PT01880,Neha Gupta,F,1,Jaipur,Niva Bupa,AB-
PT01881,Neha Rao,F,75,Pune,Care Health,AB+
PT01882,Arjun Sharma,M,18,Lucknow,ICICI Lombard,A-
PT01883,Tanvi Pillai,F,3,Kolkata,ICICI Lombard,B-
PT01884,Neha Pillai,F,88,Delhi,Niva Bupa,A+
PT01885,Tanvi Gupta,M,21,Ahmedabad,Niva Bupa,B-
PT01886,Neha Chopra,M,42,Bangalore,Niva Bupa,A-
PT01887,Rahul Nair,F,59,Hyderabad,Self Pay,AB-
PT01888,Kavya Mehta,F,65,Delhi,ICICI Lombard,O-
PT01889,Neha Reddy,F,9,Mumbai,Self Pay,A+
PT01890,Pooja Malhotra,F,50,Delhi,Care Health,O+
PT01891,Riya Rao,M,57,Ahmedabad,Self Pay,A+
PT01892,Anjali Gupta,M,47,Pune,Self Pay,AB-
PT01893,Pooja Rao,M,19,Chennai,ICICI Lombard,A-
PT01894,Neha Joshi,F,85,Kolkata,HDFC Ergo,B-
PT01895,Meera Nair,F,13,Kolkata,Self Pay,A-
PT01896,Karthik Chopra,M,34,Kolkata,Niva Bupa,AB-
PT01897,Manish Bose,F,73,Chennai,ICICI Lombard,A+
PT01898,Vikram Kapoor,F,4,Hyderabad,Niva Bupa,O-
PT01899,Anjali Singh,M,73,Chennai,Care Health,AB-
PT01900,Anjali Kapoor,M,19,Lucknow,Niva Bupa,AB+
PT01901,Rohit Reddy,M,28,Lucknow,Niva Bupa,B+
PT01902,Aditya Sharma,F,47,Jaipur,Self Pay,AB+
PT01903,Meera Shah,M,45,Bangalore,ICICI Lombard,O-
PT01904,Ishaan Joshi,F,63,Bangalore,ICICI Lombard,AB-
PT01905,Neha Chopra,F,2,Delhi,Niva Bupa,B-
PT01906,Anjali Nair,M,20,Chennai,ICICI Lombard,A-
PT01907,Arjun Joshi,F,59,Lucknow,Self Pay,A+
PT01908,Ishaan Reddy,M,47,Mumbai,Care Health,A-
PT01909,Manish Malhotra,M,35,Jaipur,ICICI Lombard,A-
PT01910,Priya Bose,M,32,Chennai,Self Pay,B+
PT01911,Kavya Reddy,F,23,Mumbai,ICICI Lombard,O+
PT01912,Riya Khan,M,25,Delhi,HDFC Ergo,O+
PT01913,Priya Nair,M,32,Lucknow,ICICI Lombard,AB-
PT01914,Karthik Rao,M,41,Delhi,HDFC Ergo,AB-
PT01915,Sneha Bose,M,61,Hyderabad,Star Health,B-
PT01916,Tanvi Chopra,F,73,Mumbai,ICICI Lombard,AB+
PT01917,Sneha Bose,M,76,Lucknow,Care Health,A+
PT01918,Rohit Das,F,64,Bangalore,Niva Bupa,AB-
PT01919,Ishaan Singh,F,34,Jaipur,HDFC Ergo,O-
PT01920,Rohit Bhat,F,81,Ahmedabad,Star Health,B+
PT01921,Meera Sharma,F,66,Ahmedabad,Care Health,B+
PT01922,Neha Iyer,F,87,Chennai,Star Health,AB-
PT01923,Manish Bhat,M,25,Delhi,HDFC Ergo,B-
PT01924,Anjali Malhotra,F,41,Jaipur,Care Health,A-
PT01925,Anjali Shah,M,74,Bangalore,Niva Bupa,B+
PT01926,Arjun Gupta,M,21,Lucknow,Self Pay,B+
PT01927,Manish Malhotra,F,84,Lucknow,Care Health,O+
PT01928,Kavya Khan,F,39,Kolkata,HDFC Ergo,O+
PT01929,Manish Joshi,F,58,Chennai,Care Health,AB+
PT01930,Pooja Sharma,F,8,Pune,Niva Bupa,B+
PT01931,Karthik Khan,M,26,Hyderabad,Self Pay,O+
PT01932,Anjali Joshi,M,42,Pune,Care Health,O-
PT01933,Riya Bhat,M,28,Lucknow,ICICI Lombard,AB-
PT01934,Rohit Rao,M,32,Bangalore,Niva Bupa,AB-
PT01935,Aditya Chopra,M,85,Pune,Self Pay,AB-
PT01936,Kavya Khan,F,8,Delhi,Star Health,O-
PT01937,Rohit Bhat,F,57,Chennai,Star Health,AB-
PT01938,Vikram Iyer,F,53,Bangalore,HDFC Ergo,O+
PT01939,Aditya Nair,M,57,Hyderabad,Niva Bupa,O+
PT01940,Riya Malhotra,F,89,Mumbai,HDFC Ergo,A-
PT01941,Manish Joshi,F,28,Bangalore,Niva Bupa,AB-
PT01942,Kavya Bose,F,43,Hyderabad,Self Pay,O+
PT01943,Rohit Shah,M,18,Delhi,Self Pay,AB+
PT01944,Pooja Gupta,F,7,Jaipur,Star Health,O-
PT01945,Rahul Pillai,F,5,Jaipur,Niva Bupa,AB-
PT01946,Anjali Pillai,F,82,Delhi,Self Pay,A-
PT01947,Aditya Iyer,M,69,Bangalore,ICICI Lombard,A-
PT01948,Aditya Bose,M,10,Pune,Niva Bupa,AB-
PT01949,Karthik Kapoor,F,10,Bangalore,Self Pay,O-
PT01950,Karthik Malhotra,F,3,Pune,ICICI Lombard,O+
PT01951,Rahul Shah,F,3,Mumbai,HDFC Ergo,O-
PT01952,Pooja Kapoor,F,29,Lucknow,Self Pay,O-
PT01953,Riya Bose,M,74,Kolkata,Self Pay,B+
PT01954,Arjun Kapoor,M,40,Bangalore,Star Health,A+
PT01955,Riya Shah,M,17,Jaipur,Niva Bupa,A-
PT01956,Manish Patil,M,85,Hyderabad,HDFC Ergo,O+
PT01957,Neha Das,F,30,Hyderabad,Niva Bupa,A+
PT01958,Vikram Bose,M,49,Mumbai,Care Health,B-
PT01959,Sanjay Verma,F,57,Pune,HDFC Ergo,B-
PT01960,Sanjay Pillai,M,12,Bangalore,ICICI Lombard,A-
PT01961,Neha Nair,M,63,Lucknow,Niva Bupa,O-
PT01962,Pooja Nair,M,12,Jaipur,Niva Bupa,AB-
PT01963,Rohit Malhotra,M,59,Mumbai,Star Health,AB+
PT01964,Pooja Gupta,M,46,Kolkata,Niva Bupa,A-
PT01965,Pooja Singh,M,11,Pune,Care Health,A+
PT01966,Rohit Patil,M,19,Hyderabad,HDFC Ergo,A+
PT01967,Vikram Malhotra,M,18,Ahmedabad,Star Health,A+
PT01968,Tanvi Nair,F,48,Lucknow,Care Health,B+
PT01969,Pooja Mehta,M,67,Bangalore,Self Pay,B+
PT01970,Divya Rao,M,4,Ahmedabad,HDFC Ergo,O+
PT01971,Sanjay Joshi,F,80,Kolkata,Star Health,A+
PT01972,Manish Sharma,F,5,Bangalore,Care Health,A+
PT01973,Riya Gupta,M,21,Delhi,Star Health,O-
PT01974,Kavya Iyer,F,9,Delhi,Care Health,AB-
PT01975,Pooja Bhat,F,18,Lucknow,Self Pay,A+
PT01976,Anjali Chopra,F,33,Bangalore,Niva Bupa,O-
PT01977,Tanvi Rao,F,64,Lucknow,HDFC Ergo,B+
PT01978,Kavya Malhotra,M,19,Hyderabad,Self Pay,A-
PT01979,Sneha Gupta,F,79,Delhi,HDFC Ergo,B-
PT01980,Rohit Mehta,F,43,Ahmedabad,Self Pay,O+
PT01981,Vikram Patil,F,48,Bangalore,ICICI Lombard,A+
PT01982,Sanjay Verma,M,24,Mumbai,HDFC Ergo,A+
PT01983,Kavya Mehta,F,42,Mumbai,ICICI Lombard,AB-
PT01984,Meera Joshi,M,81,Lucknow,Care Health,AB-
PT01985,Arjun Bose,F,70,Ahmedabad,Star Health,O+
PT01986,Ishaan Patil,F,24,Chennai,Niva Bupa,AB-
PT01987,Riya Bose,M,86,Kolkata,ICICI Lombard,O+
PT01988,Amit Joshi,F,83,Mumbai,ICICI Lombard,B+
PT01989,Sneha Reddy,F,15,Delhi,ICICI Lombard,O+
PT01990,Vikram Joshi,F,58,Pune,ICICI Lombard,A-
PT01991,Ishaan Mehta,F,66,Hyderabad,HDFC Ergo,B-
PT01992,Rahul Nair,F,68,Lucknow,HDFC Ergo,A+
PT01993,Riya Joshi,M,89,Jaipur,HDFC Ergo,O-
PT01994,Neha Rao,M,82,Lucknow,HDFC Ergo,B+
PT01995,Riya Shah,F,26,Chennai,Star Health,AB+
PT01996,Anjali Gupta,F,61,Ahmedabad,Niva Bupa,B+
PT01997,Anjali Sharma,M,33,Jaipur,Self Pay,O+
PT01998,Arjun Shah,M,8,Pune,HDFC Ergo,B+
PT01999,Meera Mehta,M,51,Bangalore,Self Pay,AB+
PT02000,Sanjay Pillai,M,32,Kolkata,Star Health,B-
PT02001,Rohit Kapoor,F,16,Lucknow,Self Pay,B+
PT02002,Arjun Bose,M,87,Chennai,Niva Bupa,A+
PT02003,Sneha Malhotra,F,68,Delhi,Self Pay,AB-
PT02004,Kavya Bose,F,16,Jaipur,Self Pay,AB-
PT02005,Vikram Iyer,F,35,Mumbai,Care Health,O+
PT02006,Sneha Bose,F,75,Bangalore,Self Pay,AB-
PT02007,Anjali Reddy,M,12,Lucknow,ICICI Lombard,O-
PT02008,Kavya Chopra,F,54,Mumbai,Self Pay,A-
PT02009,Rohit Khan,F,82,Jaipur,Niva Bupa,AB+
PT02010,Rohit Joshi,M,2,Delhi,Self Pay,AB-
PT02011,Kavya Pillai,F,29,Lucknow,Care Health,O+
PT02012,Sneha Chopra,F,78,Jaipur,Self Pay,AB+
PT02013,Priya Shah,M,76,Delhi,ICICI Lombard,A-
PT02014,Sneha Reddy,F,75,Lucknow,Care Health,AB+
PT02015,Priya Joshi,F,59,Lucknow,ICICI Lombard,A+
PT02016,Sanjay Das,M,28,Lucknow,HDFC Ergo,A+
PT02017,Manish Rao,F,53,Mumbai,Self Pay,AB-
PT02018,Rohit Joshi,F,46,Hyderabad,Niva Bupa,AB-
PT02019,Priya Patil,F,82,Chennai,HDFC Ergo,B-
PT02020,Riya Bhat,F,52,Kolkata,HDFC Ergo,AB-
PT02021,Amit Patil,F,79,Jaipur,Self Pay,B-
PT02022,Manish Singh,M,12,Pune,Niva Bupa,AB-
PT02023,Neha Gupta,M,34,Ahmedabad,Niva Bupa,O-
PT02024,Karthik Joshi,M,22,Kolkata,Star Health,A-
PT02025,Arjun Pillai,F,65,Jaipur,Niva Bupa,B+
PT02026,Sanjay Shah,M,26,Delhi,Star Health,AB+
PT02027,Rohit Kapoor,F,69,Kolkata,Care Health,B+
PT02028,Sanjay Rao,F,79,Lucknow,Star Health,O-
PT02029,Kavya Bose,M,32,Jaipur,HDFC Ergo,O+
PT02030,Rahul Chopra,M,89,Hyderabad,HDFC Ergo,B-
PT02031,Karthik Nair,M,2,Chennai,HDFC Ergo,A+
PT02032,Tanvi Chopra,F,54,Jaipur,ICICI Lombard,B-
PT02033,Pooja Mehta,F,81,Lucknow,Care Health,O+
PT02034,Divya Khan,F,48,Kolkata,HDFC Ergo,O-
PT02035,Riya Joshi,M,89,Bangalore,Niva Bupa,B-
PT02036,Riya Pillai,M,13,Jaipur,Self Pay,AB-
PT02037,Riya Patil,M,78,Hyderabad,Self Pay,O-
PT02038,Riya Reddy,F,35,Lucknow,Star Health,AB-
PT02039,Tanvi Bose,F,76,Pune,Star Health,B+
PT02040,Rahul Bhat,F,72,Mumbai,Niva Bupa,AB-
PT02041,Vikram Iyer,F,9,Chennai,ICICI Lombard,O+
PT02042,Rahul Shah,F,56,Bangalore,Care Health,B-
PT02043,Karthik Singh,F,43,Hyderabad,ICICI Lombard,AB+
PT02044,Vikram Bhat,F,1,Lucknow,Star Health,O-
PT02045,Aditya Rao,M,79,Delhi,ICICI Lombard,AB+
PT02046,Neha Nair,M,77,Bangalore,HDFC Ergo,A+
PT02047,Meera Rao,F,12,Delhi,Care Health,AB+
PT02048,Pooja Gupta,F,18,Kolkata,HDFC Ergo,A-
PT02049,Anjali Joshi,M,56,Chennai,Care Health,A-
PT02050,Neha Khan,F,26,Hyderabad,Niva Bupa,A-
PT02051,Manish Bose,M,68,Chennai,Star Health,A+
PT02052,Riya Verma,F,13,Bangalore,Star Health,A+
PT02053,Rahul Patil,F,40,Mumbai,ICICI Lombard,O-
PT02054,Amit Mehta,M,82,Lucknow,Care Health,B+
PT02055,Riya Nair,F,13,Bangalore,ICICI Lombard,O-
PT02056,Aditya Mehta,F,23,Jaipur,HDFC Ergo,AB-
PT02057,Rahul Shah,M,69,Delhi,Niva Bupa,O+
PT02058,Sneha Joshi,M,76,Jaipur,HDFC Ergo,A-
PT02059,Meera Nair,M,79,Kolkata,Care Health,AB+
PT02060,Karthik Rao,M,44,Hyderabad,Niva Bupa,B+
PT02061,Kavya Chopra,M,52,Mumbai,Niva Bupa,A+
PT02062,Meera Pillai,M,67,Delhi,Self Pay,O-
PT02063,Ishaan Pillai,F,70,Hyderabad,Niva Bupa,O-
PT02064,Vikram Bose,M,38,Pune,Care Health,AB+
PT02065,Sanjay Iyer,F,4,Ahmedabad,Star Health,O-
PT02066,Riya Chopra,F,40,Ahmedabad,Niva Bupa,A+
PT02067,Ishaan Verma,M,12,Chennai,ICICI Lombard,B+
PT02068,Manish Verma,M,7,Chennai,Care Health,B-
PT02069,Divya Bhat,M,88,Pune,Self Pay,B+
PT02070,Ishaan Joshi,M,28,Delhi,Care Health,B+
PT02071,Kavya Patil,M,27,Ahmedabad,HDFC Ergo,A+
PT02072,Priya Gupta,M,89,Delhi,Niva Bupa,A+
PT02073,Kavya Patil,M,50,Hyderabad,Niva Bupa,AB+
PT02074,Priya Kapoor,M,77,Hyderabad,ICICI Lombard,O+
PT02075,Pooja Pillai,F,27,Chennai,Care Health,A+
PT02076,Pooja Das,F,36,Hyderabad,Care Health,O+
PT02077,Tanvi Sharma,F,6,Ahmedabad,HDFC Ergo,B-
PT02078,Amit Rao,M,21,Ahmedabad,Star Health,B+
PT02079,Riya Patil,M,33,Pune,Niva Bupa,O+
PT02080,Anjali Pillai,F,14,Delhi,Care Health,B-
PT02081,Amit Bhat,F,26,Bangalore,ICICI Lombard,A+
PT02082,Meera Chopra,M,15,Hyderabad,Star Health,AB+
PT02083,Neha Iyer,M,31,Pune,ICICI Lombard,O-
PT02084,Karthik Kapoor,F,77,Mumbai,Self Pay,B-
PT02085,Arjun Patil,M,73,Mumbai,HDFC Ergo,O-
PT02086,Rohit Mehta,F,60,Hyderabad,Self Pay,A+
PT02087,Sanjay Gupta,M,38,Jaipur,Star Health,B-
PT02088,Neha Nair,F,85,Ahmedabad,Star Health,AB-
PT02089,Amit Reddy,F,72,Bangalore,HDFC Ergo,O-
PT02090,Priya Rao,M,53,Jaipur,ICICI Lombard,A+
PT02091,Tanvi Mehta,F,48,Mumbai,HDFC Ergo,A-
PT02092,Kavya Sharma,F,1,Lucknow,Star Health,AB+
PT02093,Aditya Rao,M,81,Mumbai,ICICI Lombard,A-
PT02094,Rahul Chopra,F,37,Lucknow,Care Health,AB-
PT02095,Kavya Chopra,F,45,Ahmedabad,Care Health,B+
PT02096,Karthik Bhat,F,29,Bangalore,Niva Bupa,B+
PT02097,Sanjay Khan,M,48,Mumbai,Care Health,O+
PT02098,Vikram Verma,F,53,Jaipur,HDFC Ergo,AB+
PT02099,Vikram Joshi,M,52,Pune,Care Health,AB-
PT02100,Karthik Bose,F,60,Kolkata,Niva Bupa,O-
PT02101,Sanjay Kapoor,M,32,Hyderabad,Self Pay,B-
PT02102,Aditya Nair,F,60,Jaipur,Care Health,O-
PT02103,Anjali Nair,F,19,Ahmedabad,Star Health,AB-
PT02104,Anjali Shah,F,7,Hyderabad,HDFC Ergo,O-
PT02105,Riya Mehta,F,67,Pune,HDFC Ergo,AB-
PT02106,Rahul Nair,F,73,Bangalore,Niva Bupa,B+
PT02107,Sanjay Pillai,M,20,Pune,Niva Bupa,AB-
PT02108,Kavya Kapoor,F,41,Lucknow,ICICI Lombard,A+
PT02109,Sneha Iyer,M,3,Mumbai,Star Health,O-
PT02110,Amit Patil,F,26,Bangalore,HDFC Ergo,O+
PT02111,Amit Joshi,F,75,Ahmedabad,Care Health,O-
PT02112,Neha Singh,F,13,Jaipur,HDFC Ergo,B+
PT02113,Neha Das,M,69,Lucknow,Care Health,B+
PT02114,Riya Bhat,F,36,Hyderabad,Star Health,B+
PT02115,Karthik Rao,M,18,Pune,Care Health,AB+
PT02116,Meera Mehta,M,76,Kolkata,Care Health,B+
PT02117,Karthik Sharma,F,86,Lucknow,Niva Bupa,O-
PT02118,Amit Joshi,M,23,Bangalore,ICICI Lombard,O+
PT02119,Sanjay Kapoor,M,86,Hyderabad,Self Pay,O-
PT02120,Anjali Iyer,F,78,Ahmedabad,Star Health,AB+
PT02121,Neha Joshi,F,25,Jaipur,Niva Bupa,A+
PT02122,Meera Patil,M,7,Hyderabad,Self Pay,O+
PT02123,Rohit Bose,F,44,Mumbai,Niva Bupa,AB-
PT02124,Amit Patil,M,17,Lucknow,Star Health,A+
PT02125,Anjali Gupta,M,61,Pune,Care Health,A+
PT02126,Rohit Gupta,F,47,Jaipur,Care Health,AB+
PT02127,Manish Kapoor,F,34,Jaipur,HDFC Ergo,AB-
PT02128,Anjali Khan,M,58,Delhi,Self Pay,O-
PT02129,Ishaan Rao,M,17,Delhi,HDFC Ergo,A-
PT02130,Neha Joshi,M,20,Lucknow,HDFC Ergo,A-
PT02131,Amit Sharma,M,44,Lucknow,Star Health,B+
PT02132,Aditya Bose,F,86,Delhi,ICICI Lombard,A-
PT02133,Priya Kapoor,M,11,Bangalore,Star Health,A-
PT02134,Rahul Das,M,27,Mumbai,Self Pay,A-
PT02135,Sanjay Patil,M,61,Hyderabad,Self Pay,AB-
PT02136,Tanvi Mehta,F,37,Lucknow,Star Health,AB-
PT02137,Neha Malhotra,M,11,Bangalore,HDFC Ergo,O+
PT02138,Vikram Bhat,M,16,Delhi,HDFC Ergo,B+
PT02139,Manish Reddy,M,51,Lucknow,Niva Bupa,AB+
PT02140,Ishaan Singh,M,55,Chennai,Niva Bupa,B-
PT02141,Ishaan Sharma,F,37,Bangalore,Star Health,A+
PT02142,Amit Chopra,F,8,Lucknow,Care Health,A-
PT02143,Karthik Sharma,M,41,Lucknow,Niva Bupa,A-
PT02144,Aditya Khan,F,58,Kolkata,Self Pay,AB-
PT02145,Divya Chopra,F,63,Kolkata,ICICI Lombard,B-
PT02146,Kavya Pillai,M,6,Kolkata,Care Health,AB-
PT02147,Karthik Patil,F,60,Ahmedabad,Care Health,B+
PT02148,Vikram Gupta,F,4,Bangalore,Niva Bupa,AB+
PT02149,Vikram Gupta,F,2,Pune,Self Pay,B+
PT02150,Vikram Pillai,M,28,Delhi,Star Health,AB+
PT02151,Meera Kapoor,F,44,Hyderabad,Star Health,AB-
PT02152,Sanjay Mehta,F,71,Chennai,HDFC Ergo,B-
PT02153,Meera Shah,F,56,Pune,HDFC Ergo,AB-
PT02154,Priya Joshi,M,9,Kolkata,Self Pay,AB-
PT02155,Tanvi Singh,M,31,Jaipur,Care Health,B-
PT02156,Pooja Chopra,M,40,Bangalore,Niva Bupa,O+
PT02157,Tanvi Das,M,77,Bangalore,ICICI Lombard,O+
PT02158,Manish Joshi,M,48,Lucknow,Care Health,A-
PT02159,Rahul Bose,F,54,Hyderabad,HDFC Ergo,O-
PT02160,Kavya Patil,F,36,Jaipur,Niva Bupa,O-
PT02161,Arjun Kapoor,F,81,Lucknow,HDFC Ergo,B-
PT02162,Kavya Chopra,F,3,Kolkata,ICICI Lombard,A-
PT02163,Sanjay Kapoor,F,11,Jaipur,Care Health,AB-
PT02164,Tanvi Khan,M,58,Pune,HDFC Ergo,O+
PT02165,Vikram Joshi,M,61,Hyderabad,HDFC Ergo,A+
PT02166,Manish Joshi,F,72,Bangalore,Niva Bupa,O-
PT02167,Meera Patil,M,83,Hyderabad,ICICI Lombard,A-
PT02168,Anjali Verma,M,68,Jaipur,Niva Bupa,B-
PT02169,Sanjay Das,M,39,Chennai,HDFC Ergo,B+
PT02170,Anjali Sharma,M,84,Pune,Star Health,O-
PT02171,Karthik Kapoor,F,81,Pune,ICICI Lombard,B+
PT02172,Tanvi Bose,F,14,Chennai,Care Health,O+
PT02173,Arjun Shah,F,37,Bangalore,ICICI Lombard,B+
PT02174,Manish Sharma,M,7,Kolkata,ICICI Lombard,AB-
PT02175,Divya Kapoor,F,49,Jaipur,Star Health,AB+
PT02176,Manish Gupta,M,42,Lucknow,Star Health,O+
PT02177,Manish Pillai,M,66,Mumbai,Self Pay,B+
PT02178,Meera Iyer,M,18,Bangalore,Star Health,B+
PT02179,Kavya Iyer,F,46,Kolkata,Star Health,AB+
PT02180,Manish Iyer,F,52,Jaipur,Star Health,AB+
PT02181,Sanjay Kapoor,M,27,Ahmedabad,HDFC Ergo,A-
PT02182,Rohit Reddy,M,8,Jaipur,Star Health,A+
PT02183,Kavya Chopra,M,6,Hyderabad,HDFC Ergo,B+
PT02184,Vikram Malhotra,F,42,Pune,Self Pay,AB+
PT02185,Rahul Malhotra,F,64,Mumbai,Self Pay,AB+
PT02186,Riya Iyer,M,26,Lucknow,Star Health,B-
PT02187,Kavya Pillai,F,1,Kolkata,Self Pay,A-
PT02188,Aditya Joshi,M,51,Hyderabad,HDFC Ergo,A+
PT02189,Tanvi Singh,F,72,Kolkata,ICICI Lombard,AB+
PT02190,Neha Nair,F,43,Hyderabad,Niva Bupa,O+
PT02191,Sanjay Rao,F,58,Mumbai,Care Health,AB+
PT02192,Arjun Mehta,M,6,Pune,Star Health,B-
PT02193,Arjun Pillai,F,89,Hyderabad,ICICI Lombard,O+
PT02194,Divya Bose,M,83,Hyderabad,ICICI Lombard,O+
PT02195,Arjun Malhotra,M,40,Mumbai,HDFC Ergo,B+
PT02196,Manish Nair,F,50,Kolkata,Care Health,AB+
PT02197,Tanvi Mehta,F,62,Jaipur,ICICI Lombard,O+
PT02198,Kavya Iyer,M,1,Mumbai,ICICI Lombard,A+
PT02199,Rahul Khan,M,39,Ahmedabad,Care Health,B+
PT02200,Sneha Verma,F,28,Hyderabad,Care Health,O-
PT02201,Amit Khan,F,84,Mumbai,Niva Bupa,A+
PT02202,Sneha Singh,M,34,Ahmedabad,HDFC Ergo,A-
PT02203,Rahul Chopra,M,2,Delhi,Star Health,B-
PT02204,Karthik Pillai,F,35,Mumbai,Self Pay,AB-
PT02205,Amit Kapoor,M,9,Pune,Self Pay,AB+
PT02206,Rahul Verma,F,56,Ahmedabad,Care Health,B+
PT02207,Rahul Pillai,M,85,Delhi,Niva Bupa,O+
PT02208,Meera Nair,F,4,Chennai,HDFC Ergo,B-
PT02209,Karthik Sharma,M,73,Pune,ICICI Lombard,AB-
PT02210,Kavya Verma,F,47,Delhi,ICICI Lombard,O-
PT02211,Karthik Chopra,M,48,Kolkata,Self Pay,B+
PT02212,Manish Joshi,F,23,Lucknow,Care Health,O-
PT02213,Karthik Joshi,F,19,Ahmedabad,Self Pay,AB+
PT02214,Divya Das,M,78,Chennai,HDFC Ergo,O-
PT02215,Divya Bose,F,70,Bangalore,Star Health,O-
PT02216,Ishaan Kapoor,F,70,Bangalore,ICICI Lombard,B+
PT02217,Arjun Gupta,M,54,Delhi,ICICI Lombard,A+
PT02218,Ishaan Rao,M,33,Jaipur,Self Pay,B+
PT02219,Kavya Patil,F,15,Kolkata,Self Pay,O-
PT02220,Riya Gupta,F,29,Lucknow,Niva Bupa,AB+
PT02221,Sneha Reddy,F,20,Hyderabad,Self Pay,A+
PT02222,Ishaan Rao,F,19,Delhi,Self Pay,O+
PT02223,Kavya Gupta,F,27,Jaipur,Self Pay,A-
PT02224,Arjun Sharma,M,4,Chennai,Star Health,B-
PT02225,Neha Iyer,M,33,Ahmedabad,Star Health,AB+
PT02226,Divya Gupta,M,77,Chennai,Niva Bupa,AB+
PT02227,Divya Nair,F,55,Lucknow,ICICI Lombard,AB-
PT02228,Tanvi Pillai,M,87,Ahmedabad,Star Health,AB-
PT02229,Manish Joshi,M,33,Ahmedabad,Care Health,A-
PT02230,Pooja Pillai,F,88,Ahmedabad,Star Health,AB+
PT02231,Priya Chopra,M,61,Chennai,ICICI Lombard,A-
PT02232,Amit Reddy,M,59,Pune,Self Pay,O-
PT02233,Kavya Shah,F,5,Kolkata,Niva Bupa,AB-
PT02234,Arjun Shah,F,13,Mumbai,Self Pay,B+
PT02235,Aditya Sharma,F,9,Jaipur,HDFC Ergo,AB-
PT02236,Rohit Pillai,F,69,Mumbai,Niva Bupa,A-
PT02237,Ishaan Chopra,M,58,Chennai,HDFC Ergo,A+
PT02238,Anjali Shah,F,55,Delhi,Self Pay,B+
PT02239,Amit Nair,F,63,Hyderabad,Star Health,AB+
PT02240,Neha Gupta,M,39,Bangalore,HDFC Ergo,O-
PT02241,Aditya Chopra,M,57,Delhi,Star Health,B+
PT02242,Vikram Kapoor,M,57,Ahmedabad,Niva Bupa,AB+
PT02243,Rahul Malhotra,F,82,Jaipur,Star Health,AB+
PT02244,Meera Verma,F,56,Jaipur,Self Pay,AB+
PT02245,Amit Iyer,M,34,Kolkata,Care Health,AB+
PT02246,Ishaan Reddy,M,16,Mumbai,HDFC Ergo,A-
PT02247,Aditya Mehta,M,58,Jaipur,Niva Bupa,O+
PT02248,Meera Iyer,M,75,Pune,Star Health,A+
PT02249,Kavya Nair,M,39,Bangalore,Self Pay,AB+
PT02250,Rahul Joshi,M,66,Mumbai,Star Health,O+
PT02251,Aditya Malhotra,M,39,Bangalore,Niva Bupa,B-
PT02252,Meera Nair,M,85,Ahmedabad,Care Health,AB-
PT02253,Arjun Rao,M,50,Jaipur,Self Pay,A-
PT02254,Vikram Kapoor,M,9,Ahmedabad,ICICI Lombard,A-
PT02255,Aditya Mehta,M,81,Pune,Self Pay,O-
PT02256,Kavya Khan,F,8,Pune,Star Health,O-
PT02257,Sanjay Sharma,M,86,Kolkata,Care Health,AB-
PT02258,Tanvi Reddy,M,62,Lucknow,ICICI Lombard,AB+
PT02259,Neha Reddy,F,64,Delhi,Care Health,A+
PT02260,Pooja Iyer,M,19,Mumbai,Niva Bupa,O+
PT02261,Sanjay Khan,F,84,Kolkata,Niva Bupa,O-
PT02262,Anjali Chopra,F,50,Lucknow,Self Pay,B+
PT02263,Meera Patil,M,89,Ahmedabad,Niva Bupa,A-
PT02264,Rohit Khan,F,37,Lucknow,ICICI Lombard,B-
PT02265,Manish Patil,M,73,Hyderabad,Niva Bupa,O+
PT02266,Arjun Patil,F,36,Chennai,ICICI Lombard,AB+
PT02267,Arjun Shah,M,89,Chennai,HDFC Ergo,O-
PT02268,Riya Bhat,F,27,Ahmedabad,ICICI Lombard,B+
PT02269,Sneha Singh,M,27,Lucknow,Self Pay,O-
PT02270,Neha Chopra,F,32,Pune,Care Health,O+
PT02271,Aditya Bose,F,19,Chennai,ICICI Lombard,A-
PT02272,Rohit Rao,F,71,Pune,Star Health,A-
PT02273,Arjun Khan,F,59,Jaipur,ICICI Lombard,O+
PT02274,Ishaan Pillai,F,26,Chennai,Star Health,AB+
PT02275,Meera Shah,M,61,Pune,Care Health,O-
PT02276,Sneha Kapoor,M,16,Kolkata,Star Health,A+
PT02277,Amit Khan,M,71,Jaipur,Niva Bupa,B+
PT02278,Sneha Das,M,6,Lucknow,Star Health,A+
PT02279,Sneha Patil,F,37,Pune,HDFC Ergo,B-
PT02280,Kavya Shah,F,71,Kolkata,HDFC Ergo,B+
PT02281,Rahul Bhat,F,29,Bangalore,Care Health,B-
PT02282,Riya Shah,M,21,Delhi,ICICI Lombard,O+
PT02283,Meera Rao,M,32,Pune,HDFC Ergo,B-
PT02284,Karthik Shah,M,23,Hyderabad,Niva Bupa,A-
PT02285,Rahul Reddy,F,56,Lucknow,ICICI Lombard,AB+
PT02286,Karthik Nair,M,13,Delhi,Care Health,AB-
PT02287,Karthik Kapoor,F,79,Pune,Star Health,O+
PT02288,Arjun Chopra,F,68,Kolkata,Niva Bupa,A+
PT02289,Meera Malhotra,F,57,Lucknow,HDFC Ergo,O-
PT02290,Vikram Iyer,F,22,Pune,HDFC Ergo,B-
PT02291,Manish Joshi,F,36,Hyderabad,Self Pay,O+
PT02292,Kavya Gupta,F,4,Lucknow,HDFC Ergo,A-
PT02293,Karthik Sharma,F,74,Kolkata,Niva Bupa,AB+
PT02294,Rahul Chopra,F,58,Pune,Star Health,AB+
PT02295,Rohit Joshi,M,35,Kolkata,Niva Bupa,AB-
PT02296,Neha Mehta,M,75,Jaipur,ICICI Lombard,B-
PT02297,Priya Gupta,F,7,Hyderabad,Star Health,B+
PT02298,Amit Shah,M,33,Delhi,ICICI Lombard,O+
PT02299,Karthik Kapoor,F,19,Pune,Niva Bupa,B+
PT02300,Kavya Das,F,22,Jaipur,Star Health,B-
PT02301,Amit Shah,M,74,Bangalore,Niva Bupa,AB-
PT02302,Pooja Mehta,M,3,Hyderabad,ICICI Lombard,A-
PT02303,Amit Rao,F,23,Jaipur,Star Health,AB-
PT02304,Riya Joshi,M,20,Jaipur,HDFC Ergo,B-
PT02305,Rahul Patil,M,35,Jaipur,Star Health,A+
PT02306,Sanjay Kapoor,M,7,Ahmedabad,HDFC Ergo,B+
PT02307,Kavya Shah,F,74,Chennai,Care Health,B-
PT02308,Karthik Mehta,M,32,Bangalore,Self Pay,A+
PT02309,Amit Gupta,M,1,Chennai,Care Health,AB-
PT02310,Sanjay Bhat,F,68,Ahmedabad,Self Pay,O-
PT02311,Tanvi Pillai,F,33,Jaipur,Care Health,B+
PT02312,Ishaan Chopra,M,5,Hyderabad,Star Health,O-
PT02313,Anjali Rao,F,49,Pune,Niva Bupa,O-
PT02314,Rahul Patil,F,26,Mumbai,HDFC Ergo,AB+
PT02315,Vikram Bose,M,84,Chennai,Care Health,B-
PT02316,Vikram Sharma,M,57,Chennai,Care Health,AB+
PT02317,Karthik Bose,F,27,Ahmedabad,HDFC Ergo,AB+
PT02318,Priya Reddy,M,82,Delhi,Niva Bupa,O-
PT02319,Priya Joshi,F,50,Pune,Star Health,O+
PT02320,Divya Malhotra,F,6,Ahmedabad,Star Health,O-
PT02321,Manish Nair,F,65,Bangalore,Star Health,A-
PT02322,Vikram Bhat,F,8,Mumbai,ICICI Lombard,B-
PT02323,Ishaan Joshi,M,58,Pune,Niva Bupa,AB-
PT02324,Divya Shah,F,37,Kolkata,Star Health,A-
PT02325,Karthik Chopra,F,66,Mumbai,Self Pay,A-
PT02326,Vikram Gupta,F,85,Ahmedabad,Self Pay,O+
PT02327,Vikram Kapoor,M,12,Lucknow,Care Health,O+
PT02328,Sanjay Reddy,M,6,Chennai,Star Health,B+
PT02329,Arjun Das,M,54,Bangalore,Care Health,O+
PT02330,Arjun Sharma,M,21,Mumbai,Niva Bupa,AB-
PT02331,Amit Reddy,F,22,Ahmedabad,Star Health,A-
PT02332,Karthik Patil,F,61,Chennai,ICICI Lombard,O-
PT02333,Manish Malhotra,M,86,Lucknow,ICICI Lombard,O+
PT02334,Tanvi Reddy,M,3,Pune,Care Health,O+
PT02335,Manish Malhotra,F,64,Pune,Star Health,O+
PT02336,Rohit Rao,M,72,Hyderabad,HDFC Ergo,B-
PT02337,Karthik Kapoor,M,70,Jaipur,Niva Bupa,AB+
PT02338,Sanjay Das,F,39,Delhi,HDFC Ergo,B+
PT02339,Tanvi Chopra,M,41,Mumbai,Care Health,AB+
PT02340,Pooja Kapoor,F,61,Mumbai,Niva Bupa,O-
PT02341,Sneha Singh,M,63,Ahmedabad,Care Health,B-
PT02342,Sanjay Das,M,37,Hyderabad,ICICI Lombard,B+
PT02343,Manish Mehta,F,76,Pune,Star Health,A-
PT02344,Amit Iyer,M,20,Jaipur,Care Health,AB-
PT02345,Amit Kapoor,M,1,Ahmedabad,HDFC Ergo,A+
PT02346,Vikram Singh,F,87,Kolkata,Self Pay,A-
PT02347,Priya Mehta,F,43,Delhi,Star Health,A-
PT02348,Priya Shah,M,25,Bangalore,Care Health,AB-
PT02349,Sneha Khan,F,79,Jaipur,Star Health,O+
PT02350,Vikram Iyer,F,78,Chennai,HDFC Ergo,A-
PT02351,Meera Shah,M,89,Chennai,Star Health,AB+
PT02352,Manish Mehta,F,58,Kolkata,ICICI Lombard,O+
PT02353,Anjali Gupta,F,31,Chennai,Self Pay,O-
PT02354,Arjun Reddy,F,20,Bangalore,Star Health,A-
PT02355,Priya Pillai,M,19,Delhi,Care Health,B+
PT02356,Vikram Iyer,F,43,Kolkata,ICICI Lombard,B-
PT02357,Meera Das,F,16,Jaipur,Self Pay,O+
PT02358,Arjun Chopra,M,47,Bangalore,Care Health,B-
PT02359,Divya Iyer,M,5,Chennai,Care Health,B+
PT02360,Meera Bose,F,42,Ahmedabad,HDFC Ergo,O-
PT02361,Pooja Patil,M,1,Bangalore,Niva Bupa,AB+
PT02362,Amit Chopra,F,19,Mumbai,HDFC Ergo,B-
PT02363,Ishaan Shah,F,36,Hyderabad,Self Pay,B+
PT02364,Pooja Verma,M,81,Kolkata,Self Pay,O-
PT02365,Tanvi Joshi,F,1,Delhi,Care Health,B-
PT02366,Arjun Kapoor,F,88,Jaipur,Niva Bupa,AB+
PT02367,Ishaan Pillai,M,56,Mumbai,Care Health,O+
PT02368,Riya Bose,M,37,Kolkata,Star Health,AB+
PT02369,Aditya Iyer,F,54,Ahmedabad,ICICI Lombard,B-
PT02370,Manish Pillai,M,58,Chennai,Niva Bupa,A+
PT02371,Kavya Pillai,F,51,Chennai,Star Health,B-
PT02372,Priya Reddy,F,31,Pune,Star Health,AB+
PT02373,Priya Iyer,F,69,Jaipur,Care Health,A+
PT02374,Ishaan Singh,M,64,Lucknow,HDFC Ergo,O+
PT02375,Sneha Reddy,F,72,Kolkata,HDFC Ergo,B-
PT02376,Rahul Das,M,43,Hyderabad,Care Health,A+
PT02377,Sneha Kapoor,F,22,Chennai,Self Pay,O+
PT02378,Pooja Mehta,F,27,Bangalore,Niva Bupa,A-
PT02379,Anjali Singh,M,10,Bangalore,Star Health,A+
PT02380,Kavya Iyer,F,23,Delhi,Care Health,O-
PT02381,Sneha Malhotra,F,66,Delhi,Care Health,O+
PT02382,Amit Joshi,M,46,Bangalore,Care Health,B-
PT02383,Riya Khan,M,80,Delhi,Star Health,B+
PT02384,Vikram Patil,M,67,Jaipur,HDFC Ergo,AB-
PT02385,Divya Sharma,F,50,Pune,Star Health,AB+
PT02386,Arjun Mehta,M,80,Ahmedabad,ICICI Lombard,A-
PT02387,Kavya Chopra,F,50,Kolkata,Self Pay,O-
PT02388,Arjun Verma,M,58,Hyderabad,Star Health,O-
PT02389,Rahul Joshi,F,54,Mumbai,Niva Bupa,AB-
PT02390,Amit Kapoor,M,77,Jaipur,ICICI Lombard,A-
PT02391,Aditya Kapoor,F,64,Jaipur,ICICI Lombard,O-
PT02392,Sneha Shah,M,82,Kolkata,HDFC Ergo,O+
PT02393,Riya Das,F,5,Delhi,Star Health,O+
PT02394,Vikram Khan,F,20,Chennai,Niva Bupa,AB+
PT02395,Amit Malhotra,F,10,Ahmedabad,Niva Bupa,O+
PT02396,Pooja Sharma,M,37,Kolkata,HDFC Ergo,A-
PT02397,Vikram Malhotra,M,47,Delhi,Star Health,O+
PT02398,Manish Patil,M,24,Lucknow,HDFC Ergo,A-
PT02399,Kavya Verma,F,40,Jaipur,ICICI Lombard,A-
PT02400,Riya Pillai,F,71,Chennai,Star Health,AB+
PT02401,Priya Singh,F,12,Kolkata,Niva Bupa,A+
PT02402,Vikram Iyer,M,76,Mumbai,Star Health,AB-
PT02403,Priya Chopra,F,52,Jaipur,Star Health,O+
PT02404,Neha Pillai,M,11,Kolkata,HDFC Ergo,B+
PT02405,Aditya Rao,M,61,Hyderabad,Self Pay,B+
PT02406,Neha Malhotra,M,53,Mumbai,Self Pay,O+
PT02407,Aditya Nair,F,71,Hyderabad,Star Health,AB+
PT02408,Arjun Shah,F,25,Jaipur,Niva Bupa,O-
PT02409,Vikram Gupta,F,75,Chennai,Niva Bupa,B-
PT02410,Tanvi Rao,F,33,Lucknow,Care Health,A+
PT02411,Sneha Gupta,M,33,Bangalore,ICICI Lombard,B+
PT02412,Aditya Rao,M,17,Mumbai,HDFC Ergo,B-
PT02413,Priya Iyer,F,18,Hyderabad,Niva Bupa,A-
PT02414,Aditya Sharma,M,15,Mumbai,Care Health,A-
PT02415,Manish Nair,F,19,Bangalore,Self Pay,A-
PT02416,Divya Patil,F,49,Jaipur,Self Pay,O+
PT02417,Karthik Nair,M,27,Pune,Niva Bupa,B-
PT02418,Kavya Chopra,F,36,Pune,Star Health,O+
PT02419,Rahul Das,F,21,Mumbai,Star Health,AB-
PT02420,Ishaan Singh,M,53,Delhi,Niva Bupa,B+
PT02421,Anjali Khan,M,55,Mumbai,Care Health,A-
PT02422,Aditya Bose,F,39,Hyderabad,Care Health,B-
PT02423,Rohit Chopra,F,35,Bangalore,Care Health,B-
PT02424,Karthik Kapoor,M,31,Ahmedabad,Care Health,B-
PT02425,Riya Malhotra,M,15,Chennai,Self Pay,O-
PT02426,Ishaan Khan,M,35,Jaipur,Niva Bupa,AB+
PT02427,Rahul Iyer,M,31,Chennai,Niva Bupa,B-
PT02428,Riya Shah,M,81,Ahmedabad,ICICI Lombard,A+
PT02429,Vikram Sharma,F,89,Jaipur,Care Health,O-
PT02430,Rahul Chopra,M,24,Delhi,Self Pay,O+
PT02431,Pooja Khan,F,76,Hyderabad,Self Pay,AB+
PT02432,Tanvi Pillai,F,13,Pune,Care Health,B-
PT02433,Kavya Patil,M,44,Kolkata,Care Health,B-
PT02434,Riya Patil,F,30,Pune,ICICI Lombard,A+
PT02435,Amit Rao,M,30,Pune,Star Health,B-
PT02436,Karthik Das,M,14,Jaipur,Care Health,B+
PT02437,Kavya Nair,M,48,Delhi,Star Health,O+
PT02438,Rahul Pillai,F,16,Chennai,Self Pay,AB-
PT02439,Arjun Iyer,F,31,Lucknow,Star Health,A-
PT02440,Rohit Shah,M,6,Ahmedabad,Self Pay,O+
PT02441,Riya Mehta,M,63,Hyderabad,Care Health,O-
PT02442,Sneha Iyer,M,74,Chennai,Star Health,AB+
PT02443,Divya Joshi,F,72,Bangalore,Star Health,A-
PT02444,Aditya Sharma,F,25,Bangalore,HDFC Ergo,B-
PT02445,Priya Mehta,M,27,Hyderabad,HDFC Ergo,O+
PT02446,Karthik Verma,F,29,Lucknow,HDFC Ergo,A+
PT02447,Sneha Nair,F,81,Chennai,Self Pay,AB+
PT02448,Vikram Iyer,M,61,Pune,Star Health,B+
PT02449,Divya Verma,M,88,Pune,Star Health,A-
PT02450,Neha Nair,M,20,Pune,Star Health,AB+
PT02451,Kavya Mehta,F,67,Jaipur,Self Pay,O-
PT02452,Karthik Mehta,M,58,Pune,HDFC Ergo,AB-
PT02453,Rohit Patil,F,78,Hyderabad,Self Pay,A+
PT02454,Arjun Gupta,F,49,Jaipur,Care Health,A-
PT02455,Aditya Rao,M,7,Hyderabad,Self Pay,A-
PT02456,Riya Chopra,F,84,Lucknow,Self Pay,B+
PT02457,Priya Malhotra,M,69,Hyderabad,HDFC Ergo,B-
PT02458,Priya Malhotra,M,31,Jaipur,ICICI Lombard,A-
PT02459,Manish Malhotra,M,34,Chennai,Niva Bupa,B+
PT02460,Neha Verma,F,63,Hyderabad,HDFC Ergo,B-
PT02461,Amit Malhotra,M,80,Ahmedabad,Star Health,AB+
PT02462,Riya Iyer,F,59,Bangalore,Self Pay,O+
PT02463,Manish Sharma,M,2,Mumbai,Self Pay,A+
PT02464,Rahul Iyer,F,22,Lucknow,Star Health,A-
PT02465,Arjun Chopra,M,57,Jaipur,Self Pay,O-
PT02466,Priya Shah,M,20,Kolkata,Niva Bupa,AB+
PT02467,Sneha Malhotra,F,38,Chennai,HDFC Ergo,A-
PT02468,Riya Kapoor,F,37,Ahmedabad,ICICI Lombard,A-
PT02469,Vikram Mehta,F,65,Lucknow,Star Health,O-
PT02470,Sanjay Chopra,M,65,Pune,Care Health,A+
PT02471,Priya Shah,M,1,Chennai,HDFC Ergo,AB+
PT02472,Divya Patil,M,47,Jaipur,Niva Bupa,B+
PT02473,Sanjay Gupta,M,31,Pune,HDFC Ergo,O+
PT02474,Ishaan Reddy,F,48,Mumbai,Niva Bupa,O+
PT02475,Neha Pillai,F,6,Jaipur,Self Pay,A+
PT02476,Meera Verma,F,27,Hyderabad,Care Health,AB-
PT02477,Tanvi Joshi,M,80,Jaipur,HDFC Ergo,B+
PT02478,Amit Verma,F,7,Delhi,Care Health,O+
PT02479,Ishaan Rao,M,34,Chennai,Self Pay,B+
PT02480,Riya Chopra,F,32,Jaipur,HDFC Ergo,AB+
PT02481,Arjun Malhotra,M,52,Chennai,HDFC Ergo,B+
PT02482,Amit Kapoor,F,80,Chennai,Self Pay,B+
PT02483,Ishaan Pillai,F,53,Chennai,HDFC Ergo,A+
PT02484,Kavya Das,M,48,Jaipur,Care Health,B-
PT02485,Sneha Singh,F,11,Ahmedabad,Star Health,AB+
PT02486,Anjali Gupta,M,46,Kolkata,Niva Bupa,A+
PT02487,Neha Gupta,M,87,Kolkata,Niva Bupa,B+
PT02488,Anjali Nair,M,86,Delhi,Care Health,AB+
PT02489,Anjali Das,F,38,Jaipur,ICICI Lombard,A+
PT02490,Kavya Rao,F,31,Jaipur,Self Pay,B+
PT02491,Rohit Patil,M,60,Lucknow,Self Pay,A+
PT02492,Manish Verma,F,88,Mumbai,Niva Bupa,B-
PT02493,Arjun Nair,M,46,Hyderabad,ICICI Lombard,O+
PT02494,Aditya Patil,M,51,Hyderabad,HDFC Ergo,A-
PT02495,Amit Rao,F,68,Ahmedabad,Self Pay,A-
PT02496,Riya Verma,M,31,Lucknow,Star Health,B-
PT02497,Meera Nair,M,52,Kolkata,HDFC Ergo,A+
PT02498,Pooja Verma,M,11,Lucknow,ICICI Lombard,AB-
PT02499,Manish Gupta,M,60,Jaipur,Care Health,A+
PT02500,Rahul Mehta,M,4,Mumbai,ICICI Lombard,A-
PT02501,Manish Das,M,71,Bangalore,ICICI Lombard,A+
PT02502,Kavya Gupta,F,61,Ahmedabad,Niva Bupa,O+
PT02503,Tanvi Rao,F,1,Lucknow,Self Pay,B-
PT02504,Sanjay Joshi,F,18,Mumbai,Star Health,O+
PT02505,Tanvi Iyer,M,68,Lucknow,Niva Bupa,A-
PT02506,Riya Singh,M,30,Pune,ICICI Lombard,AB-
PT02507,Manish Sharma,M,53,Hyderabad,HDFC Ergo,B+
PT02508,Arjun Shah,M,10,Hyderabad,Care Health,O+
PT02509,Manish Patil,F,10,Delhi,Niva Bupa,A+
PT02510,Anjali Kapoor,F,6,Kolkata,Self Pay,A+
PT02511,Manish Reddy,F,51,Pune,Care Health,A+
PT02512,Ishaan Rao,M,17,Pune,Star Health,A+
PT02513,Arjun Verma,M,47,Pune,Care Health,A-
PT02514,Rahul Gupta,M,88,Ahmedabad,Star Health,O-
PT02515,Arjun Rao,M,28,Chennai,Niva Bupa,O-
PT02516,Priya Das,M,56,Lucknow,Star Health,AB-
PT02517,Meera Das,M,80,Hyderabad,ICICI Lombard,O+
PT02518,Anjali Verma,M,31,Chennai,ICICI Lombard,A+
PT02519,Ishaan Bose,M,44,Chennai,HDFC Ergo,AB-
PT02520,Riya Malhotra,M,53,Mumbai,HDFC Ergo,B-
PT02521,Divya Shah,M,7,Delhi,Self Pay,O-
PT02522,Karthik Sharma,M,65,Kolkata,ICICI Lombard,A-
PT02523,Anjali Singh,M,3,Ahmedabad,Niva Bupa,B+
PT02524,Sanjay Shah,F,80,Lucknow,Care Health,O+
PT02525,Riya Shah,F,12,Jaipur,Niva Bupa,B+
PT02526,Riya Joshi,F,82,Lucknow,HDFC Ergo,B+
PT02527,Manish Pillai,M,38,Mumbai,ICICI Lombard,O+
PT02528,Aditya Shah,M,23,Hyderabad,Star Health,B+
PT02529,Kavya Singh,M,56,Pune,ICICI Lombard,A+
PT02530,Pooja Shah,M,72,Ahmedabad,HDFC Ergo,AB+
PT02531,Sneha Bose,F,4,Ahmedabad,HDFC Ergo,B-
PT02532,Anjali Bhat,M,67,Lucknow,HDFC Ergo,O-
PT02533,Tanvi Joshi,M,67,Bangalore,Self Pay,A+
PT02534,Anjali Sharma,F,53,Delhi,HDFC Ergo,AB+
PT02535,Manish Sharma,M,52,Lucknow,Niva Bupa,B+
PT02536,Pooja Khan,M,71,Pune,ICICI Lombard,AB+
PT02537,Divya Das,M,28,Mumbai,ICICI Lombard,AB-
PT02538,Pooja Rao,M,25,Jaipur,Niva Bupa,O-
PT02539,Sneha Khan,M,35,Pune,ICICI Lombard,B+
PT02540,Kavya Pillai,F,66,Chennai,Self Pay,A+
PT02541,Rahul Mehta,F,29,Mumbai,Star Health,AB+
PT02542,Tanvi Gupta,F,9,Mumbai,Star Health,AB+
PT02543,Ishaan Nair,M,11,Hyderabad,ICICI Lombard,O-
PT02544,Rahul Verma,M,49,Jaipur,Star Health,O+
PT02545,Amit Singh,M,42,Mumbai,Care Health,AB+
PT02546,Neha Malhotra,M,75,Ahmedabad,Self Pay,AB+
PT02547,Vikram Verma,F,29,Chennai,Niva Bupa,A+
PT02548,Meera Bose,F,77,Chennai,Care Health,B+
PT02549,Priya Bose,M,52,Pune,Self Pay,B+
PT02550,Tanvi Kapoor,F,3,Jaipur,Star Health,AB-
PT02551,Meera Gupta,M,21,Lucknow,Self Pay,A-
PT02552,Rohit Sharma,F,68,Jaipur,Niva Bupa,A-
PT02553,Arjun Nair,M,59,Hyderabad,Star Health,B+
PT02554,Manish Joshi,M,26,Kolkata,Care Health,A-
PT02555,Karthik Bhat,M,60,Mumbai,HDFC Ergo,B+
PT02556,Sneha Iyer,M,1,Pune,Star Health,B-
PT02557,Pooja Reddy,F,17,Ahmedabad,Care Health,O-
PT02558,Sanjay Rao,M,28,Ahmedabad,Star Health,O+
PT02559,Anjali Khan,M,22,Lucknow,Niva Bupa,A+
PT02560,Vikram Gupta,F,66,Mumbai,Star Health,AB+
PT02561,Rohit Singh,M,31,Ahmedabad,HDFC Ergo,O+
PT02562,Sneha Gupta,F,69,Delhi,HDFC Ergo,AB-
PT02563,Meera Malhotra,M,24,Delhi,Star Health,B+
PT02564,Amit Chopra,M,14,Hyderabad,Niva Bupa,AB+
PT02565,Neha Pillai,F,63,Lucknow,Care Health,B-
PT02566,Pooja Reddy,M,15,Jaipur,HDFC Ergo,O-
PT02567,Pooja Sharma,F,30,Lucknow,Care Health,A+
PT02568,Meera Pillai,F,52,Delhi,Care Health,AB-
PT02569,Priya Gupta,F,31,Pune,ICICI Lombard,B+
PT02570,Rahul Joshi,M,49,Jaipur,HDFC Ergo,A-
PT02571,Neha Mehta,M,81,Kolkata,Niva Bupa,B+
PT02572,Amit Gupta,F,2,Kolkata,ICICI Lombard,AB-
PT02573,Sneha Khan,F,73,Bangalore,Self Pay,A-
PT02574,Ishaan Mehta,M,74,Bangalore,Niva Bupa,AB+
PT02575,Karthik Shah,M,72,Lucknow,ICICI Lombard,O+
PT02576,Kavya Das,F,70,Mumbai,HDFC Ergo,B+
PT02577,Priya Patil,M,78,Hyderabad,Self Pay,AB+
PT02578,Tanvi Khan,F,83,Bangalore,Niva Bupa,O-
PT02579,Tanvi Malhotra,M,83,Delhi,Niva Bupa,O-
PT02580,Karthik Bhat,F,5,Ahmedabad,Star Health,O-
PT02581,Neha Reddy,F,58,Pune,Care Health,B-
PT02582,Riya Mehta,M,79,Ahmedabad,Niva Bupa,AB+
PT02583,Amit Shah,M,81,Ahmedabad,Care Health,AB-
PT02584,Sanjay Bhat,M,80,Lucknow,Care Health,AB-
PT02585,Vikram Kapoor,F,67,Lucknow,HDFC Ergo,AB-
PT02586,Priya Bhat,F,88,Jaipur,Star Health,AB+
PT02587,Neha Reddy,F,7,Chennai,Star Health,O-
PT02588,Sanjay Gupta,F,88,Ahmedabad,ICICI Lombard,A+
PT02589,Rahul Rao,M,36,Jaipur,HDFC Ergo,O-
PT02590,Divya Khan,F,24,Jaipur,Care Health,AB-
PT02591,Aditya Gupta,M,18,Kolkata,ICICI Lombard,O+
PT02592,Neha Reddy,M,88,Jaipur,Self Pay,O+
PT02593,Sanjay Reddy,M,70,Lucknow,Star Health,O-
PT02594,Sanjay Mehta,F,11,Kolkata,HDFC Ergo,O-
PT02595,Meera Mehta,F,50,Bangalore,ICICI Lombard,B+
PT02596,Sanjay Pillai,M,89,Hyderabad,Niva Bupa,O-
PT02597,Sneha Reddy,M,72,Pune,Niva Bupa,O-
PT02598,Rahul Chopra,F,50,Jaipur,Niva Bupa,A+
PT02599,Tanvi Patil,F,88,Chennai,Niva Bupa,B-
PT02600,Rahul Nair,F,81,Lucknow,Star Health,A-
PT02601,Sneha Chopra,F,22,Mumbai,HDFC Ergo,O-
PT02602,Aditya Reddy,F,5,Delhi,Niva Bupa,B-
PT02603,Sanjay Singh,M,42,Chennai,Care Health,A-
PT02604,Manish Patil,M,14,Hyderabad,Self Pay,B+
PT02605,Divya Shah,M,54,Ahmedabad,Self Pay,A-
PT02606,Kavya Das,F,41,Mumbai,Star Health,O+
PT02607,Vikram Rao,F,12,Mumbai,Niva Bupa,B+
PT02608,Karthik Gupta,M,76,Jaipur,Care Health,A+
PT02609,Tanvi Kapoor,F,1,Chennai,Niva Bupa,B+
PT02610,Kavya Malhotra,F,52,Bangalore,HDFC Ergo,O-
PT02611,Riya Das,F,8,Kolkata,ICICI Lombard,AB+
PT02612,Karthik Bhat,F,36,Chennai,HDFC Ergo,B+
PT02613,Meera Patil,F,86,Chennai,ICICI Lombard,O-
PT02614,Aditya Das,F,41,Lucknow,Niva Bupa,B+
PT02615,Ishaan Kapoor,F,79,Delhi,Star Health,AB+
PT02616,Manish Sharma,M,1,Mumbai,Star Health,B+
PT02617,Anjali Joshi,M,76,Hyderabad,Star Health,B-
PT02618,Vikram Rao,F,41,Delhi,HDFC Ergo,A+
PT02619,Manish Patil,F,5,Jaipur,HDFC Ergo,AB+
PT02620,Riya Mehta,M,37,Chennai,Niva Bupa,AB+
PT02621,Sanjay Pillai,F,19,Ahmedabad,Self Pay,B-
PT02622,Pooja Bose,F,38,Pune,HDFC Ergo,A+
PT02623,Vikram Joshi,M,48,Chennai,HDFC Ergo,A-
PT02624,Ishaan Nair,M,70,Delhi,Self Pay,B+
PT02625,Arjun Iyer,M,26,Lucknow,HDFC Ergo,A+
PT02626,Anjali Shah,M,8,Pune,Self Pay,A+
PT02627,Amit Malhotra,M,54,Chennai,Care Health,B+
PT02628,Arjun Bhat,F,45,Mumbai,ICICI Lombard,B+
PT02629,Meera Gupta,M,86,Ahmedabad,HDFC Ergo,B+
PT02630,Divya Chopra,F,42,Chennai,Self Pay,O-
PT02631,Riya Khan,F,18,Pune,HDFC Ergo,A+
PT02632,Manish Kapoor,M,66,Ahmedabad,Care Health,B-
PT02633,Sneha Gupta,M,71,Bangalore,Self Pay,AB-
PT02634,Sneha Chopra,M,9,Ahmedabad,Self Pay,B-
PT02635,Arjun Bose,M,73,Lucknow,HDFC Ergo,A+
PT02636,Manish Mehta,M,20,Lucknow,ICICI Lombard,B-
PT02637,Pooja Mehta,M,55,Kolkata,Self Pay,A-
PT02638,Anjali Reddy,M,31,Bangalore,Niva Bupa,O-
PT02639,Kavya Pillai,M,41,Jaipur,Niva Bupa,O+
PT02640,Pooja Rao,F,83,Ahmedabad,Self Pay,AB-
PT02641,Kavya Mehta,F,38,Hyderabad,Star Health,O-
PT02642,Rohit Khan,F,79,Delhi,HDFC Ergo,AB-
PT02643,Tanvi Pillai,F,1,Bangalore,ICICI Lombard,B+
PT02644,Karthik Iyer,M,8,Kolkata,HDFC Ergo,AB-
PT02645,Ishaan Chopra,M,28,Ahmedabad,Self Pay,O-
PT02646,Vikram Pillai,M,17,Bangalore,Star Health,A-
PT02647,Vikram Joshi,F,7,Jaipur,HDFC Ergo,B+
PT02648,Priya Verma,F,71,Ahmedabad,ICICI Lombard,AB-
PT02649,Ishaan Malhotra,F,45,Hyderabad,Self Pay,O-
PT02650,Ishaan Joshi,M,31,Jaipur,Care Health,A+
PT02651,Priya Nair,M,36,Chennai,HDFC Ergo,AB+
PT02652,Amit Pillai,F,15,Ahmedabad,Star Health,O-
PT02653,Neha Nair,M,3,Bangalore,Self Pay,B+
PT02654,Aditya Joshi,M,12,Chennai,HDFC Ergo,AB-
PT02655,Rohit Malhotra,M,8,Lucknow,HDFC Ergo,A+
PT02656,Aditya Das,F,11,Hyderabad,Self Pay,AB-
PT02657,Amit Shah,M,19,Pune,Star Health,B+
PT02658,Vikram Rao,M,21,Delhi,Self Pay,AB-
PT02659,Pooja Bose,M,7,Delhi,ICICI Lombard,A-
PT02660,Sneha Rao,F,52,Delhi,HDFC Ergo,B+
PT02661,Priya Rao,M,58,Bangalore,Self Pay,O-
PT02662,Ishaan Bose,M,26,Lucknow,Self Pay,B-
PT02663,Priya Singh,M,56,Pune,Niva Bupa,B-
PT02664,Riya Sharma,M,59,Chennai,ICICI Lombard,A-
PT02665,Vikram Singh,M,13,Delhi,Niva Bupa,A+
PT02666,Riya Gupta,M,44,Mumbai,ICICI Lombard,O-
PT02667,Vikram Kapoor,F,49,Bangalore,Star Health,B-
PT02668,Divya Joshi,F,9,Mumbai,HDFC Ergo,O-
PT02669,Vikram Pillai,F,3,Delhi,HDFC Ergo,AB-
PT02670,Sneha Kapoor,F,25,Pune,Niva Bupa,O-
PT02671,Riya Joshi,F,40,Bangalore,HDFC Ergo,A+
PT02672,Rohit Iyer,M,4,Bangalore,Care Health,A+
PT02673,Pooja Rao,F,79,Bangalore,Care Health,B-
PT02674,Riya Chopra,F,8,Bangalore,ICICI Lombard,A+
PT02675,Karthik Iyer,F,55,Lucknow,Star Health,AB+
PT02676,Kavya Kapoor,M,37,Jaipur,Self Pay,A-
PT02677,Manish Patil,F,21,Mumbai,HDFC Ergo,O+
PT02678,Priya Reddy,M,16,Mumbai,ICICI Lombard,O-
PT02679,Sanjay Chopra,F,48,Pune,Niva Bupa,A-
PT02680,Divya Bose,F,48,Chennai,Care Health,B+
PT02681,Kavya Khan,F,14,Bangalore,Niva Bupa,AB-
PT02682,Pooja Sharma,M,6,Jaipur,Star Health,A-
PT02683,Ishaan Rao,M,27,Mumbai,Self Pay,AB+
PT02684,Riya Reddy,M,58,Pune,Niva Bupa,A-
PT02685,Meera Mehta,F,67,Mumbai,ICICI Lombard,A+
PT02686,Ishaan Rao,F,58,Delhi,HDFC Ergo,A+
PT02687,Sneha Patil,M,60,Delhi,HDFC Ergo,A+
PT02688,Pooja Bose,M,32,Mumbai,Care Health,B-
PT02689,Manish Iyer,M,37,Kolkata,ICICI Lombard,O+
PT02690,Meera Singh,M,52,Bangalore,Star Health,B-
PT02691,Rahul Sharma,F,24,Kolkata,ICICI Lombard,O-
PT02692,Karthik Das,F,77,Chennai,Care Health,A+
PT02693,Arjun Rao,M,43,Hyderabad,Self Pay,B-
PT02694,Tanvi Gupta,M,57,Chennai,Care Health,AB+
PT02695,Pooja Kapoor,M,46,Lucknow,Star Health,B-
PT02696,Vikram Chopra,M,5,Mumbai,Niva Bupa,AB+
PT02697,Pooja Das,M,40,Kolkata,Self Pay,A+
PT02698,Amit Rao,M,58,Lucknow,Care Health,AB-
PT02699,Sneha Khan,M,3,Chennai,ICICI Lombard,B-
PT02700,Riya Bhat,M,73,Chennai,ICICI Lombard,A+
PT02701,Manish Reddy,M,41,Bangalore,Star Health,O+
PT02702,Tanvi Shah,M,76,Chennai,Self Pay,AB-
PT02703,Sanjay Shah,F,82,Hyderabad,Self Pay,A-
PT02704,Arjun Bose,F,88,Delhi,Care Health,AB+
PT02705,Tanvi Bhat,F,14,Pune,Care Health,A-
PT02706,Vikram Nair,F,37,Mumbai,Care Health,AB-
PT02707,Aditya Khan,M,30,Bangalore,Niva Bupa,AB+
PT02708,Neha Nair,F,75,Lucknow,Star Health,AB-
PT02709,Rahul Iyer,F,22,Pune,Self Pay,B+
PT02710,Rahul Nair,F,7,Jaipur,Care Health,B+
PT02711,Sneha Iyer,F,8,Bangalore,Self Pay,A+
PT02712,Rohit Rao,M,31,Kolkata,Self Pay,AB-
PT02713,Vikram Rao,M,57,Mumbai,Self Pay,O+
PT02714,Ishaan Sharma,M,70,Pune,Niva Bupa,O+
PT02715,Riya Kapoor,M,16,Ahmedabad,Niva Bupa,B-
PT02716,Aditya Bose,F,57,Mumbai,ICICI Lombard,B+
PT02717,Priya Sharma,F,70,Mumbai,Care Health,AB-
PT02718,Manish Chopra,M,24,Hyderabad,Care Health,A-
PT02719,Anjali Shah,F,12,Delhi,HDFC Ergo,AB-
PT02720,Aditya Khan,M,77,Pune,ICICI Lombard,B+
PT02721,Karthik Gupta,F,86,Mumbai,Niva Bupa,A+
PT02722,Aditya Joshi,M,16,Chennai,Star Health,AB+
PT02723,Sneha Joshi,F,6,Ahmedabad,ICICI Lombard,B-
PT02724,Neha Chopra,F,87,Jaipur,ICICI Lombard,B-
PT02725,Manish Gupta,F,14,Ahmedabad,ICICI Lombard,AB+
PT02726,Neha Singh,M,78,Pune,Self Pay,O+
PT02727,Tanvi Gupta,F,70,Hyderabad,Self Pay,O+
PT02728,Tanvi Das,M,35,Ahmedabad,ICICI Lombard,O+
PT02729,Vikram Iyer,F,2,Bangalore,ICICI Lombard,O-
PT02730,Sneha Gupta,M,21,Kolkata,ICICI Lombard,B-
PT02731,Pooja Khan,M,1,Jaipur,ICICI Lombard,B-
PT02732,Rohit Bhat,F,69,Jaipur,HDFC Ergo,A+
PT02733,Pooja Kapoor,F,51,Ahmedabad,HDFC Ergo,AB-
PT02734,Tanvi Pillai,M,55,Mumbai,ICICI Lombard,A-
PT02735,Amit Singh,M,28,Delhi,ICICI Lombard,B-
PT02736,Divya Shah,M,27,Pune,Star Health,B-
PT02737,Arjun Chopra,F,1,Kolkata,HDFC Ergo,B-
PT02738,Priya Khan,F,72,Jaipur,Star Health,AB+
PT02739,Manish Sharma,M,47,Chennai,Niva Bupa,AB-
PT02740,Vikram Khan,M,79,Delhi,Care Health,O-
PT02741,Priya Nair,F,36,Mumbai,ICICI Lombard,AB+
PT02742,Sanjay Iyer,F,62,Delhi,ICICI Lombard,B+
PT02743,Rohit Shah,M,70,Jaipur,Self Pay,A+
PT02744,Sanjay Bose,M,13,Chennai,Star Health,AB-
PT02745,Rohit Das,M,29,Kolkata,ICICI Lombard,B+
PT02746,Sanjay Gupta,F,70,Pune,ICICI Lombard,B-
PT02747,Aditya Gupta,F,40,Jaipur,Care Health,O+
PT02748,Amit Patil,F,76,Chennai,Niva Bupa,A+
PT02749,Sneha Rao,M,77,Bangalore,Star Health,AB-
PT02750,Divya Reddy,F,89,Mumbai,Niva Bupa,A-
PT02751,Amit Chopra,M,55,Mumbai,HDFC Ergo,AB+
PT02752,Arjun Das,F,32,Pune,Self Pay,B+
PT02753,Sneha Malhotra,F,42,Kolkata,ICICI Lombard,A+
PT02754,Sanjay Chopra,M,7,Mumbai,ICICI Lombard,O+
PT02755,Vikram Singh,F,23,Mumbai,Niva Bupa,AB+
PT02756,Sanjay Khan,F,56,Ahmedabad,Care Health,A+
PT02757,Manish Das,F,21,Mumbai,Niva Bupa,O-
PT02758,Pooja Joshi,F,57,Kolkata,ICICI Lombard,A+
PT02759,Aditya Bose,F,41,Hyderabad,HDFC Ergo,A+
PT02760,Pooja Kapoor,M,48,Chennai,Care Health,AB+
PT02761,Vikram Mehta,F,44,Chennai,Star Health,A-
PT02762,Sanjay Patil,F,30,Mumbai,Star Health,AB+
PT02763,Neha Mehta,M,23,Bangalore,Niva Bupa,B+
PT02764,Karthik Das,F,89,Ahmedabad,Niva Bupa,AB+
PT02765,Vikram Patil,M,50,Mumbai,Star Health,A-
PT02766,Neha Khan,M,12,Kolkata,ICICI Lombard,O+
PT02767,Riya Malhotra,F,8,Mumbai,ICICI Lombard,A+
PT02768,Sneha Chopra,F,62,Ahmedabad,ICICI Lombard,B+
PT02769,Arjun Iyer,M,74,Lucknow,Niva Bupa,AB-
PT02770,Rahul Khan,F,18,Pune,Niva Bupa,B+
PT02771,Pooja Iyer,M,15,Bangalore,Star Health,B-
PT02772,Ishaan Khan,M,62,Kolkata,HDFC Ergo,AB+
PT02773,Divya Pillai,F,69,Mumbai,Care Health,O-
PT02774,Neha Joshi,F,66,Bangalore,Niva Bupa,B+
PT02775,Sneha Bhat,M,65,Kolkata,Niva Bupa,O-
PT02776,Rohit Verma,M,87,Pune,Niva Bupa,O+
PT02777,Divya Singh,F,44,Bangalore,HDFC Ergo,A-
PT02778,Sneha Kapoor,M,20,Ahmedabad,Niva Bupa,AB-
PT02779,Tanvi Iyer,F,57,Pune,HDFC Ergo,B-
PT02780,Anjali Mehta,F,22,Mumbai,HDFC Ergo,AB+
PT02781,Neha Iyer,F,46,Mumbai,Self Pay,A+
PT02782,Amit Shah,F,32,Mumbai,Niva Bupa,O-
PT02783,Arjun Verma,F,78,Hyderabad,Niva Bupa,B+
PT02784,Rohit Shah,M,43,Hyderabad,Niva Bupa,A+
PT02785,Priya Rao,M,51,Ahmedabad,Care Health,O+
PT02786,Ishaan Iyer,F,45,Bangalore,Niva Bupa,O+
PT02787,Rohit Joshi,F,34,Pune,Star Health,B-
PT02788,Riya Joshi,M,61,Lucknow,ICICI Lombard,B-
PT02789,Karthik Bhat,M,2,Kolkata,HDFC Ergo,A-
PT02790,Vikram Bhat,F,65,Jaipur,Self Pay,O+
PT02791,Riya Gupta,F,76,Jaipur,ICICI Lombard,B+
PT02792,Tanvi Verma,F,41,Ahmedabad,ICICI Lombard,B+
PT02793,Meera Rao,F,58,Bangalore,Niva Bupa,AB+
PT02794,Kavya Verma,M,77,Jaipur,Self Pay,AB+
PT02795,Rohit Mehta,F,17,Hyderabad,ICICI Lombard,B-
PT02796,Aditya Bose,M,67,Hyderabad,HDFC Ergo,A-
PT02797,Vikram Rao,F,4,Pune,HDFC Ergo,B-
PT02798,Neha Malhotra,M,74,Jaipur,HDFC Ergo,B+
PT02799,Vikram Rao,M,15,Mumbai,HDFC Ergo,B-
PT02800,Neha Sharma,M,9,Jaipur,Care Health,AB-
PT02801,Pooja Gupta,M,6,Mumbai,ICICI Lombard,AB-
PT02802,Sanjay Rao,M,71,Delhi,Niva Bupa,B-
PT02803,Divya Gupta,M,37,Mumbai,Self Pay,B-
PT02804,Riya Singh,F,84,Hyderabad,Self Pay,A-
PT02805,Aditya Malhotra,M,62,Chennai,Care Health,B+
PT02806,Arjun Patil,F,53,Lucknow,Niva Bupa,A-
PT02807,Priya Sharma,M,3,Ahmedabad,Care Health,B+
PT02808,Rahul Joshi,F,43,Lucknow,Care Health,AB-
PT02809,Amit Patil,M,89,Mumbai,Care Health,AB+
PT02810,Sanjay Das,F,12,Delhi,Star Health,AB+
PT02811,Divya Singh,M,12,Hyderabad,Niva Bupa,A+
PT02812,Karthik Bhat,F,13,Pune,ICICI Lombard,O+
PT02813,Tanvi Chopra,M,67,Lucknow,Star Health,O-
PT02814,Riya Nair,F,54,Jaipur,HDFC Ergo,O+
PT02815,Riya Kapoor,F,69,Lucknow,ICICI Lombard,AB+
PT02816,Neha Gupta,F,2,Jaipur,HDFC Ergo,AB+
PT02817,Riya Bhat,M,61,Jaipur,Self Pay,AB-
PT02818,Tanvi Iyer,F,4,Kolkata,ICICI Lombard,AB+
PT02819,Neha Joshi,F,10,Lucknow,Care Health,AB+
PT02820,Rahul Shah,M,17,Mumbai,Star Health,B+
PT02821,Pooja Joshi,F,81,Jaipur,ICICI Lombard,B+
PT02822,Sanjay Sharma,F,11,Jaipur,Star Health,O-
PT02823,Vikram Iyer,F,47,Kolkata,ICICI Lombard,O-
PT02824,Sneha Bose,F,59,Chennai,Self Pay,A-
PT02825,Vikram Chopra,F,50,Lucknow,HDFC Ergo,A-
PT02826,Sneha Bhat,M,36,Delhi,ICICI Lombard,AB+
PT02827,Vikram Das,F,23,Bangalore,HDFC Ergo,AB-
PT02828,Manish Malhotra,M,58,Mumbai,Self Pay,O+
PT02829,Divya Khan,M,14,Jaipur,Niva Bupa,O+
PT02830,Divya Chopra,M,41,Pune,ICICI Lombard,B+
PT02831,Rahul Pillai,M,17,Kolkata,Care Health,A+
PT02832,Aditya Sharma,M,9,Pune,HDFC Ergo,O-
PT02833,Pooja Khan,M,59,Bangalore,HDFC Ergo,B+
PT02834,Rohit Chopra,M,65,Bangalore,ICICI Lombard,O-
PT02835,Rohit Sharma,M,12,Ahmedabad,ICICI Lombard,B+
PT02836,Neha Khan,F,31,Delhi,HDFC Ergo,AB+
PT02837,Amit Gupta,F,1,Ahmedabad,Star Health,A+
PT02838,Divya Bhat,M,12,Delhi,ICICI Lombard,O-
PT02839,Rahul Shah,M,60,Delhi,Self Pay,A-
PT02840,Manish Mehta,F,11,Mumbai,Self Pay,O-
PT02841,Kavya Bose,M,73,Bangalore,HDFC Ergo,A+
PT02842,Priya Bose,M,56,Lucknow,Niva Bupa,A+
PT02843,Rahul Chopra,F,84,Delhi,ICICI Lombard,O+
PT02844,Riya Patil,F,30,Bangalore,ICICI Lombard,AB-
PT02845,Pooja Pillai,M,53,Kolkata,HDFC Ergo,O+
PT02846,Rohit Chopra,M,53,Delhi,ICICI Lombard,B+
PT02847,Meera Nair,F,69,Delhi,HDFC Ergo,A-
PT02848,Priya Khan,F,6,Bangalore,Niva Bupa,AB+
PT02849,Kavya Mehta,M,60,Chennai,HDFC Ergo,O-
PT02850,Karthik Khan,M,44,Bangalore,Care Health,A+
PT02851,Sanjay Khan,F,5,Pune,Care Health,B-
PT02852,Aditya Bhat,M,33,Chennai,ICICI Lombard,B-
PT02853,Riya Singh,M,41,Hyderabad,Care Health,O+
PT02854,Sanjay Kapoor,M,43,Kolkata,Star Health,AB-
PT02855,Karthik Khan,M,51,Kolkata,Care Health,O-
PT02856,Divya Iyer,F,51,Bangalore,HDFC Ergo,B+
PT02857,Rahul Shah,M,70,Kolkata,Niva Bupa,A-
PT02858,Priya Chopra,F,4,Lucknow,Star Health,B-
PT02859,Sneha Iyer,M,60,Jaipur,Care Health,A-
PT02860,Tanvi Sharma,M,43,Chennai,Self Pay,AB-
PT02861,Sanjay Verma,M,22,Mumbai,Care Health,O-
PT02862,Kavya Patil,F,11,Bangalore,Star Health,A-
PT02863,Vikram Mehta,F,41,Lucknow,Niva Bupa,A+
PT02864,Rahul Mehta,F,7,Delhi,Niva Bupa,A-
PT02865,Manish Nair,M,45,Lucknow,Niva Bupa,AB-
PT02866,Tanvi Patil,M,57,Chennai,Star Health,AB-
PT02867,Sneha Bose,M,17,Ahmedabad,ICICI Lombard,A+
PT02868,Divya Pillai,F,83,Mumbai,HDFC Ergo,A-
PT02869,Priya Sharma,F,37,Lucknow,HDFC Ergo,O+
PT02870,Rahul Nair,M,1,Chennai,Niva Bupa,B+
PT02871,Priya Nair,F,6,Jaipur,ICICI Lombard,O+
PT02872,Amit Iyer,F,81,Lucknow,Star Health,B-
PT02873,Manish Shah,M,70,Kolkata,Niva Bupa,B-
PT02874,Divya Pillai,F,19,Mumbai,Niva Bupa,AB+
PT02875,Amit Verma,M,53,Ahmedabad,ICICI Lombard,A+
PT02876,Rahul Gupta,F,71,Mumbai,Star Health,AB+
PT02877,Karthik Chopra,F,6,Hyderabad,Care Health,O+
PT02878,Vikram Nair,M,73,Chennai,Niva Bupa,O-
PT02879,Kavya Sharma,M,51,Ahmedabad,Care Health,AB+
PT02880,Neha Patil,F,2,Hyderabad,HDFC Ergo,O-
PT02881,Rahul Iyer,F,28,Pune,Niva Bupa,O+
PT02882,Vikram Gupta,M,37,Delhi,Care Health,O+
PT02883,Neha Pillai,M,81,Bangalore,Self Pay,B+
PT02884,Kavya Reddy,F,43,Delhi,Star Health,A+
PT02885,Priya Pillai,M,83,Pune,Self Pay,A+
PT02886,Divya Reddy,M,82,Jaipur,ICICI Lombard,AB+
PT02887,Ishaan Khan,M,2,Bangalore,Star Health,A-
PT02888,Sanjay Gupta,F,29,Bangalore,ICICI Lombard,A+
PT02889,Anjali Patil,F,43,Lucknow,ICICI Lombard,AB-
PT02890,Manish Pillai,M,12,Bangalore,ICICI Lombard,AB+
PT02891,Anjali Mehta,F,6,Hyderabad,HDFC Ergo,AB+
PT02892,Neha Sharma,M,59,Kolkata,Niva Bupa,B+
PT02893,Amit Khan,F,60,Mumbai,Self Pay,B+
PT02894,Rahul Bose,M,12,Kolkata,HDFC Ergo,B-
PT02895,Riya Sharma,M,25,Pune,Self Pay,B+
PT02896,Sneha Shah,M,9,Kolkata,ICICI Lombard,A-
PT02897,Ishaan Pillai,F,1,Kolkata,ICICI Lombard,A-
PT02898,Pooja Rao,M,65,Pune,HDFC Ergo,O-
PT02899,Manish Bhat,M,76,Kolkata,ICICI Lombard,AB-
PT02900,Meera Mehta,M,49,Jaipur,ICICI Lombard,A+
PT02901,Priya Patil,M,62,Jaipur,Self Pay,B-
PT02902,Amit Bhat,F,78,Bangalore,ICICI Lombard,AB-
PT02903,Neha Malhotra,F,43,Chennai,Star Health,A-
PT02904,Ishaan Kapoor,M,62,Bangalore,Star Health,A+
PT02905,Neha Bhat,M,79,Chennai,ICICI Lombard,B+
PT02906,Kavya Kapoor,M,8,Chennai,Star Health,O+
PT02907,Rohit Chopra,F,84,Hyderabad,Self Pay,B+
PT02908,Ishaan Rao,M,54,Kolkata,ICICI Lombard,B-
PT02909,Rahul Kapoor,M,17,Mumbai,Self Pay,B-
PT02910,Priya Khan,M,29,Bangalore,HDFC Ergo,AB-
PT02911,Meera Joshi,M,14,Hyderabad,Niva Bupa,B-
PT02912,Priya Kapoor,M,54,Kolkata,Star Health,AB+
PT02913,Rohit Gupta,M,1,Mumbai,Niva Bupa,B-
PT02914,Karthik Bose,F,46,Pune,ICICI Lombard,A-
PT02915,Tanvi Bhat,M,17,Delhi,Self Pay,A+
PT02916,Neha Shah,M,54,Delhi,Care Health,O+
PT02917,Sanjay Shah,M,21,Lucknow,Self Pay,B-
PT02918,Sneha Sharma,F,32,Jaipur,Niva Bupa,A-
PT02919,Tanvi Gupta,F,21,Bangalore,ICICI Lombard,A-
PT02920,Arjun Rao,F,63,Mumbai,ICICI Lombard,A+
PT02921,Divya Gupta,F,54,Pune,Care Health,A+
PT02922,Sanjay Reddy,F,20,Delhi,ICICI Lombard,AB+
PT02923,Divya Joshi,M,39,Lucknow,Niva Bupa,O+
PT02924,Anjali Verma,F,56,Pune,HDFC Ergo,O+
PT02925,Tanvi Nair,M,73,Pune,Niva Bupa,A+
PT02926,Anjali Shah,F,22,Ahmedabad,HDFC Ergo,B+
PT02927,Neha Gupta,M,56,Delhi,Star Health,O+
PT02928,Vikram Khan,M,53,Bangalore,Self Pay,O-
PT02929,Riya Patil,F,87,Bangalore,Star Health,A+
PT02930,Riya Chopra,M,80,Pune,HDFC Ergo,B-
PT02931,Anjali Iyer,F,34,Hyderabad,HDFC Ergo,O-
PT02932,Kavya Kapoor,F,59,Bangalore,Niva Bupa,A+
PT02933,Divya Bhat,M,29,Hyderabad,Niva Bupa,B-
PT02934,Priya Reddy,M,11,Kolkata,Self Pay,AB-
PT02935,Sanjay Sharma,F,35,Kolkata,Care Health,AB+
PT02936,Aditya Khan,F,43,Ahmedabad,Care Health,O+
PT02937,Manish Nair,F,31,Pune,Niva Bupa,AB-
PT02938,Rohit Gupta,F,77,Jaipur,Care Health,A-
PT02939,Pooja Nair,F,17,Delhi,HDFC Ergo,O-
PT02940,Anjali Joshi,M,69,Mumbai,ICICI Lombard,O-
PT02941,Tanvi Singh,M,44,Bangalore,Care Health,B+
PT02942,Manish Joshi,F,51,Chennai,Care Health,B+
PT02943,Sneha Reddy,M,59,Chennai,HDFC Ergo,B-
PT02944,Divya Pillai,M,35,Bangalore,Care Health,A-
PT02945,Anjali Verma,F,84,Jaipur,ICICI Lombard,B-
PT02946,Kavya Mehta,F,15,Chennai,Niva Bupa,O+
PT02947,Arjun Verma,F,73,Pune,HDFC Ergo,AB-
PT02948,Kavya Rao,M,4,Jaipur,Self Pay,A-
PT02949,Meera Malhotra,F,22,Bangalore,Star Health,A-
PT02950,Divya Bhat,F,12,Jaipur,Niva Bupa,O-
PT02951,Neha Nair,F,85,Chennai,Self Pay,B+
PT02952,Pooja Malhotra,F,34,Chennai,Self Pay,AB-
PT02953,Priya Rao,F,25,Bangalore,Self Pay,A+
PT02954,Ishaan Das,F,19,Hyderabad,Care Health,AB-
PT02955,Karthik Kapoor,F,52,Kolkata,Care Health,B-
PT02956,Arjun Bose,M,15,Chennai,Star Health,A+
PT02957,Divya Kapoor,F,69,Delhi,Star Health,O-
PT02958,Manish Malhotra,M,5,Mumbai,HDFC Ergo,AB-
PT02959,Neha Kapoor,M,40,Bangalore,Niva Bupa,AB-
PT02960,Arjun Rao,F,4,Lucknow,Niva Bupa,B-
PT02961,Aditya Rao,M,51,Jaipur,Self Pay,A-
PT02962,Meera Mehta,M,26,Delhi,HDFC Ergo,AB+
PT02963,Tanvi Joshi,F,20,Jaipur,Care Health,B+
PT02964,Rahul Shah,M,74,Ahmedabad,HDFC Ergo,O-
PT02965,Vikram Joshi,F,85,Hyderabad,HDFC Ergo,B+
PT02966,Neha Kapoor,F,30,Lucknow,HDFC Ergo,B+
PT02967,Rahul Singh,F,61,Hyderabad,Niva Bupa,B-
PT02968,Vikram Reddy,F,55,Delhi,ICICI Lombard,O-
PT02969,Priya Chopra,F,12,Mumbai,ICICI Lombard,AB-
PT02970,Priya Malhotra,M,50,Lucknow,Care Health,A-
PT02971,Ishaan Mehta,M,49,Mumbai,Star Health,A+
PT02972,Meera Rao,M,51,Delhi,Niva Bupa,B-
PT02973,Riya Bhat,M,12,Ahmedabad,Self Pay,AB+
PT02974,Rohit Bhat,F,52,Ahmedabad,HDFC Ergo,O-
PT02975,Karthik Khan,M,19,Hyderabad,HDFC Ergo,B+
PT02976,Vikram Mehta,M,82,Delhi,ICICI Lombard,O+
PT02977,Rohit Kapoor,F,72,Lucknow,HDFC Ergo,B+
PT02978,Neha Joshi,F,8,Pune,HDFC Ergo,O-
PT02979,Arjun Joshi,M,50,Hyderabad,Self Pay,AB-
PT02980,Kavya Iyer,M,69,Mumbai,Niva Bupa,AB+
PT02981,Meera Khan,M,31,Mumbai,Care Health,O-
PT02982,Kavya Bhat,F,16,Jaipur,Niva Bupa,B+
PT02983,Rahul Iyer,M,50,Bangalore,Care Health,A+
PT02984,Ishaan Singh,F,30,Lucknow,Self Pay,AB-
PT02985,Divya Gupta,M,41,Chennai,Care Health,A+
PT02986,Divya Patil,F,73,Delhi,HDFC Ergo,A-
PT02987,Divya Iyer,F,35,Delhi,Star Health,O-
PT02988,Manish Das,F,3,Lucknow,Self Pay,A-
PT02989,Aditya Gupta,M,76,Kolkata,Care Health,AB-
PT02990,Divya Mehta,M,62,Mumbai,HDFC Ergo,A+
PT02991,Rohit Mehta,F,21,Mumbai,Star Health,AB-
PT02992,Sneha Kapoor,M,20,Chennai,Star Health,B-
PT02993,Aditya Reddy,F,80,Pune,Care Health,AB-
PT02994,Sanjay Verma,F,28,Delhi,HDFC Ergo,AB+
PT02995,Meera Chopra,M,11,Lucknow,HDFC Ergo,B+
PT02996,Karthik Gupta,M,59,Kolkata,Self Pay,AB-
PT02997,Riya Das,F,31,Hyderabad,Self Pay,O+
PT02998,Arjun Rao,M,81,Pune,Niva Bupa,O+
PT02999,Arjun Sharma,F,24,Hyderabad,Star Health,B+
PT03000,Priya Mehta,M,76,Delhi,Niva Bupa,A+
PT03001,Divya Chopra,F,35,Chennai,ICICI Lombard,AB-
PT03002,Anjali Chopra,M,7,Mumbai,HDFC Ergo,AB+
PT03003,Riya Bose,F,40,Chennai,ICICI Lombard,AB+
PT03004,Meera Gupta,F,74,Ahmedabad,ICICI Lombard,AB-
PT03005,Anjali Iyer,F,26,Pune,Niva Bupa,AB+
PT03006,Priya Khan,F,5,Mumbai,Care Health,B-
PT03007,Divya Patil,M,61,Hyderabad,Star Health,AB+
PT03008,Rohit Pillai,F,79,Bangalore,Care Health,AB-
PT03009,Amit Rao,F,18,Lucknow,Self Pay,AB+
PT03010,Kavya Patil,M,7,Kolkata,ICICI Lombard,AB-
PT03011,Rahul Mehta,F,45,Delhi,HDFC Ergo,B+
PT03012,Karthik Das,M,55,Chennai,HDFC Ergo,A-
PT03013,Manish Shah,F,68,Lucknow,ICICI Lombard,O-
PT03014,Tanvi Gupta,F,37,Pune,Self Pay,AB+
PT03015,Kavya Singh,F,34,Chennai,Self Pay,B-
PT03016,Anjali Khan,M,40,Lucknow,Star Health,AB+
PT03017,Aditya Shah,M,78,Hyderabad,Self Pay,O+
PT03018,Rohit Pillai,F,37,Hyderabad,ICICI Lombard,O+
PT03019,Pooja Khan,M,68,Jaipur,HDFC Ergo,B+
PT03020,Kavya Verma,F,65,Pune,HDFC Ergo,AB-
PT03021,Arjun Pillai,F,13,Hyderabad,HDFC Ergo,A-
PT03022,Rahul Pillai,F,17,Mumbai,Self Pay,B+
PT03023,Sneha Chopra,M,62,Kolkata,Niva Bupa,O-
PT03024,Arjun Singh,F,48,Kolkata,Care Health,B+
PT03025,Vikram Verma,M,2,Mumbai,Niva Bupa,O+
PT03026,Aditya Das,F,49,Delhi,HDFC Ergo,B-
PT03027,Aditya Verma,M,19,Kolkata,Star Health,B+
PT03028,Sneha Nair,F,43,Pune,Niva Bupa,AB+
PT03029,Arjun Patil,F,81,Ahmedabad,Star Health,AB+
PT03030,Amit Pillai,M,9,Chennai,Self Pay,O-
PT03031,Riya Singh,M,34,Kolkata,Care Health,AB+
PT03032,Kavya Iyer,M,29,Jaipur,ICICI Lombard,O-
PT03033,Priya Nair,F,24,Hyderabad,Care Health,B+
PT03034,Vikram Verma,M,25,Chennai,Care Health,O+
PT03035,Neha Khan,F,27,Delhi,Star Health,O+
PT03036,Kavya Bose,F,65,Pune,ICICI Lombard,A+
PT03037,Priya Bhat,F,19,Lucknow,Niva Bupa,AB+
PT03038,Aditya Verma,M,84,Delhi,Self Pay,AB-
PT03039,Karthik Singh,M,60,Chennai,HDFC Ergo,A+
PT03040,Anjali Nair,F,8,Bangalore,HDFC Ergo,O-
PT03041,Priya Mehta,M,72,Lucknow,Niva Bupa,AB+
PT03042,Sanjay Patil,M,58,Kolkata,Self Pay,B+
PT03043,Arjun Nair,M,67,Bangalore,ICICI Lombard,B-
PT03044,Rahul Kapoor,M,18,Kolkata,Care Health,A-
PT03045,Arjun Nair,M,30,Mumbai,HDFC Ergo,B-
PT03046,Rohit Das,F,57,Delhi,Self Pay,A-
PT03047,Pooja Bose,F,2,Ahmedabad,Care Health,B+
PT03048,Meera Shah,F,41,Hyderabad,Self Pay,A+
PT03049,Neha Khan,F,27,Mumbai,Star Health,B+
PT03050,Kavya Pillai,F,63,Bangalore,HDFC Ergo,A+
PT03051,Arjun Khan,M,6,Bangalore,ICICI Lombard,O+
PT03052,Karthik Iyer,M,12,Ahmedabad,Self Pay,B+
PT03053,Neha Kapoor,F,7,Kolkata,Star Health,AB-
PT03054,Pooja Khan,F,14,Ahmedabad,Self Pay,AB-
PT03055,Manish Khan,F,14,Lucknow,ICICI Lombard,B+
PT03056,Rohit Verma,F,47,Jaipur,HDFC Ergo,AB-
PT03057,Vikram Chopra,M,44,Jaipur,Star Health,B+
PT03058,Vikram Patil,M,75,Kolkata,Care Health,AB+
PT03059,Riya Singh,F,65,Bangalore,HDFC Ergo,AB-
PT03060,Kavya Nair,F,74,Delhi,HDFC Ergo,A-
PT03061,Vikram Iyer,M,7,Delhi,ICICI Lombard,AB-
PT03062,Ishaan Verma,M,45,Jaipur,Care Health,A+
PT03063,Amit Bose,M,63,Chennai,Self Pay,A+
PT03064,Kavya Shah,M,46,Delhi,ICICI Lombard,O+
PT03065,Divya Mehta,F,15,Ahmedabad,Star Health,B+
PT03066,Neha Kapoor,F,50,Chennai,HDFC Ergo,B-
PT03067,Riya Bose,M,21,Mumbai,Niva Bupa,O+
PT03068,Vikram Kapoor,M,49,Bangalore,Care Health,O-
PT03069,Rohit Pillai,F,25,Hyderabad,Self Pay,A+
PT03070,Riya Nair,M,38,Chennai,Niva Bupa,AB-
PT03071,Rahul Singh,F,66,Lucknow,ICICI Lombard,O-
PT03072,Rahul Khan,F,3,Bangalore,Star Health,O-
PT03073,Tanvi Gupta,F,10,Lucknow,Niva Bupa,B-
PT03074,Karthik Chopra,F,80,Bangalore,Care Health,AB+
PT03075,Arjun Mehta,F,54,Hyderabad,Niva Bupa,B+
PT03076,Karthik Chopra,F,41,Bangalore,HDFC Ergo,O-
PT03077,Aditya Kapoor,M,54,Delhi,Care Health,O-
PT03078,Riya Iyer,M,78,Bangalore,Star Health,O-
PT03079,Aditya Mehta,M,76,Chennai,Star Health,A-
PT03080,Manish Das,M,6,Bangalore,ICICI Lombard,O-
PT03081,Manish Pillai,F,30,Pune,HDFC Ergo,AB-
PT03082,Vikram Das,M,80,Chennai,Self Pay,B+
PT03083,Priya Das,F,10,Kolkata,Self Pay,O+
PT03084,Tanvi Malhotra,M,83,Jaipur,Niva Bupa,A-
PT03085,Arjun Nair,M,29,Jaipur,Star Health,A+
PT03086,Rohit Pillai,M,21,Delhi,Self Pay,A-
PT03087,Neha Kapoor,M,23,Delhi,Niva Bupa,O+
PT03088,Ishaan Rao,F,69,Bangalore,Care Health,AB+
PT03089,Riya Chopra,F,39,Mumbai,Star Health,A-
PT03090,Ishaan Patil,F,72,Jaipur,Star Health,AB+
PT03091,Anjali Singh,M,87,Mumbai,Star Health,AB+
PT03092,Neha Pillai,F,57,Jaipur,Care Health,B-
PT03093,Manish Malhotra,F,50,Pune,Niva Bupa,AB+
PT03094,Anjali Rao,F,17,Hyderabad,Niva Bupa,B+
PT03095,Sneha Shah,M,56,Bangalore,HDFC Ergo,A-
PT03096,Arjun Mehta,M,40,Delhi,Star Health,O+
PT03097,Neha Shah,F,69,Hyderabad,Star Health,O+
PT03098,Meera Malhotra,M,12,Ahmedabad,ICICI Lombard,AB-
PT03099,Vikram Das,F,74,Jaipur,Star Health,B+
PT03100,Ishaan Nair,M,71,Mumbai,Star Health,B-
PT03101,Pooja Das,F,3,Bangalore,Self Pay,A+
PT03102,Priya Sharma,F,26,Bangalore,ICICI Lombard,O-
PT03103,Arjun Bhat,F,25,Delhi,Star Health,O-
PT03104,Priya Patil,M,35,Hyderabad,ICICI Lombard,B-
PT03105,Riya Sharma,F,71,Bangalore,Care Health,B+
PT03106,Aditya Shah,M,8,Ahmedabad,Care Health,AB+
PT03107,Neha Bose,F,32,Hyderabad,HDFC Ergo,B-
PT03108,Ishaan Shah,F,87,Hyderabad,HDFC Ergo,AB-
PT03109,Pooja Iyer,F,82,Delhi,Self Pay,AB+
PT03110,Neha Gupta,F,14,Hyderabad,Care Health,O+
PT03111,Sneha Sharma,M,25,Bangalore,Self Pay,B+
PT03112,Arjun Reddy,M,13,Jaipur,ICICI Lombard,B-
PT03113,Divya Mehta,F,77,Delhi,ICICI Lombard,AB-
PT03114,Manish Sharma,F,62,Ahmedabad,Care Health,A-
PT03115,Priya Das,F,75,Bangalore,Star Health,A-
PT03116,Rohit Reddy,M,80,Bangalore,Care Health,AB-
PT03117,Pooja Rao,F,65,Delhi,Niva Bupa,AB+
PT03118,Aditya Bhat,M,70,Chennai,Niva Bupa,AB-
PT03119,Neha Sharma,M,51,Pune,Niva Bupa,AB+
PT03120,Riya Gupta,M,79,Kolkata,ICICI Lombard,A-
PT03121,Vikram Patil,F,27,Chennai,ICICI Lombard,B+
PT03122,Manish Patil,M,78,Chennai,Self Pay,AB+
PT03123,Rahul Bose,F,18,Lucknow,ICICI Lombard,A+
PT03124,Karthik Khan,F,19,Lucknow,Care Health,AB+
PT03125,Aditya Singh,M,57,Lucknow,ICICI Lombard,AB+
PT03126,Meera Sharma,M,71,Lucknow,Care Health,O+
PT03127,Meera Khan,F,88,Lucknow,ICICI Lombard,O+
PT03128,Sanjay Khan,M,66,Hyderabad,ICICI Lombard,O+
PT03129,Sneha Das,F,32,Chennai,Care Health,O-
PT03130,Arjun Gupta,M,49,Chennai,ICICI Lombard,A+
PT03131,Rohit Singh,F,2,Lucknow,HDFC Ergo,AB+
PT03132,Rahul Patil,M,16,Mumbai,HDFC Ergo,AB+
PT03133,Vikram Bose,M,51,Pune,Niva Bupa,A+
PT03134,Rahul Bhat,M,35,Jaipur,Niva Bupa,O-
PT03135,Ishaan Rao,M,1,Jaipur,ICICI Lombard,B-
PT03136,Priya Patil,F,40,Jaipur,ICICI Lombard,B-
PT03137,Tanvi Shah,F,34,Delhi,ICICI Lombard,O-
PT03138,Pooja Reddy,M,20,Ahmedabad,Niva Bupa,A+
PT03139,Priya Sharma,M,6,Kolkata,Self Pay,AB+
PT03140,Sanjay Rao,F,83,Hyderabad,Star Health,O-
PT03141,Sanjay Singh,M,72,Chennai,ICICI Lombard,B-
PT03142,Karthik Bhat,F,56,Ahmedabad,ICICI Lombard,A+
PT03143,Ishaan Chopra,M,84,Delhi,ICICI Lombard,AB-
PT03144,Neha Das,M,4,Delhi,Self Pay,B-
PT03145,Pooja Joshi,M,7,Hyderabad,Niva Bupa,O+
PT03146,Anjali Khan,M,77,Lucknow,Star Health,AB+
PT03147,Meera Khan,F,55,Jaipur,Care Health,O-
PT03148,Neha Singh,M,49,Bangalore,HDFC Ergo,A-
PT03149,Manish Joshi,F,62,Bangalore,Niva Bupa,AB+
PT03150,Neha Mehta,M,16,Lucknow,Star Health,O-
PT03151,Kavya Nair,F,57,Mumbai,Niva Bupa,AB-
PT03152,Anjali Chopra,F,39,Jaipur,Niva Bupa,O-
PT03153,Divya Shah,M,77,Pune,Niva Bupa,B+
PT03154,Sneha Reddy,M,41,Mumbai,Care Health,A-
PT03155,Vikram Singh,F,45,Hyderabad,Star Health,B+
PT03156,Tanvi Verma,M,32,Pune,HDFC Ergo,B+
PT03157,Amit Iyer,F,31,Bangalore,Self Pay,AB-
PT03158,Meera Mehta,F,35,Jaipur,Self Pay,B-
PT03159,Tanvi Joshi,F,87,Kolkata,ICICI Lombard,O-
PT03160,Neha Mehta,F,22,Kolkata,HDFC Ergo,O-
PT03161,Sneha Gupta,M,65,Kolkata,Care Health,O-
PT03162,Tanvi Iyer,F,9,Mumbai,Niva Bupa,A+
PT03163,Ishaan Verma,F,40,Lucknow,Star Health,O+
PT03164,Karthik Bose,F,35,Ahmedabad,HDFC Ergo,O-
PT03165,Arjun Joshi,M,39,Ahmedabad,ICICI Lombard,O+
PT03166,Sneha Bose,M,46,Lucknow,Niva Bupa,AB-
PT03167,Arjun Khan,F,78,Hyderabad,Star Health,O-
PT03168,Kavya Chopra,M,29,Hyderabad,Star Health,B-
PT03169,Pooja Iyer,M,89,Hyderabad,HDFC Ergo,B+
PT03170,Pooja Verma,F,65,Jaipur,HDFC Ergo,A-
PT03171,Divya Mehta,F,70,Ahmedabad,HDFC Ergo,A+
PT03172,Anjali Bhat,F,24,Kolkata,Self Pay,A-
PT03173,Manish Mehta,M,57,Chennai,Care Health,O-
PT03174,Arjun Patil,M,62,Jaipur,Star Health,A-
PT03175,Ishaan Pillai,M,46,Pune,Self Pay,AB-
PT03176,Arjun Singh,F,49,Ahmedabad,Star Health,AB-
PT03177,Karthik Gupta,M,76,Pune,ICICI Lombard,A-
PT03178,Anjali Reddy,M,51,Bangalore,ICICI Lombard,O+
PT03179,Sanjay Das,F,44,Mumbai,ICICI Lombard,A+
PT03180,Priya Rao,M,69,Lucknow,ICICI Lombard,O-
PT03181,Meera Reddy,M,69,Hyderabad,Self Pay,O-
PT03182,Neha Rao,M,70,Lucknow,Care Health,O+
PT03183,Anjali Mehta,F,50,Chennai,Self Pay,O+
PT03184,Tanvi Shah,F,75,Kolkata,Care Health,B+
PT03185,Riya Joshi,F,43,Lucknow,Niva Bupa,B+
PT03186,Ishaan Rao,M,23,Bangalore,Star Health,AB-
PT03187,Aditya Bose,M,18,Chennai,ICICI Lombard,B-
PT03188,Tanvi Bose,M,60,Mumbai,Niva Bupa,O+
PT03189,Rohit Patil,M,35,Hyderabad,Care Health,AB-
PT03190,Neha Malhotra,F,67,Delhi,Star Health,B+
PT03191,Arjun Sharma,M,68,Jaipur,Niva Bupa,AB+
PT03192,Riya Rao,M,74,Hyderabad,ICICI Lombard,AB-
PT03193,Riya Iyer,F,44,Lucknow,Star Health,A+
PT03194,Tanvi Pillai,M,14,Ahmedabad,Care Health,A+
PT03195,Divya Patil,M,72,Pune,Care Health,B-
PT03196,Kavya Joshi,M,81,Kolkata,Self Pay,A+
PT03197,Karthik Sharma,F,25,Bangalore,Self Pay,AB+
PT03198,Rahul Rao,M,74,Hyderabad,ICICI Lombard,A-
PT03199,Rahul Reddy,M,74,Ahmedabad,Niva Bupa,B+
PT03200,Manish Joshi,M,32,Pune,Star Health,A+
PT03201,Ishaan Patil,M,65,Delhi,Star Health,O+
PT03202,Manish Verma,M,39,Hyderabad,Self Pay,AB-
PT03203,Arjun Gupta,M,44,Jaipur,Care Health,B-
PT03204,Sanjay Gupta,M,57,Delhi,HDFC Ergo,O-
PT03205,Ishaan Shah,F,73,Hyderabad,HDFC Ergo,O-
PT03206,Kavya Shah,M,1,Kolkata,ICICI Lombard,O-
PT03207,Pooja Iyer,F,82,Chennai,Care Health,B-
PT03208,Amit Patil,F,49,Hyderabad,ICICI Lombard,AB-
PT03209,Aditya Mehta,F,45,Delhi,Star Health,AB+
PT03210,Anjali Reddy,F,87,Lucknow,Star Health,B+
PT03211,Ishaan Reddy,F,63,Bangalore,Care Health,A+
PT03212,Neha Bhat,F,84,Pune,Care Health,A+
PT03213,Manish Reddy,F,23,Jaipur,Star Health,AB+
PT03214,Rohit Khan,M,88,Pune,Star Health,A+
PT03215,Sneha Shah,F,42,Hyderabad,Niva Bupa,O+
PT03216,Pooja Khan,M,48,Delhi,Star Health,B-
PT03217,Riya Bhat,M,18,Ahmedabad,HDFC Ergo,A+
PT03218,Rohit Kapoor,F,54,Hyderabad,Care Health,B+
PT03219,Ishaan Rao,F,82,Chennai,Self Pay,O+
PT03220,Karthik Rao,M,76,Kolkata,HDFC Ergo,A+
PT03221,Aditya Das,M,54,Ahmedabad,Care Health,O+
PT03222,Tanvi Sharma,M,23,Jaipur,ICICI Lombard,O+
PT03223,Tanvi Malhotra,F,35,Kolkata,Niva Bupa,A-
PT03224,Kavya Patil,F,18,Ahmedabad,Star Health,AB-
PT03225,Rohit Nair,M,83,Pune,ICICI Lombard,A-
PT03226,Sneha Gupta,F,5,Hyderabad,Niva Bupa,B-
PT03227,Aditya Malhotra,M,65,Ahmedabad,HDFC Ergo,AB-
PT03228,Karthik Joshi,M,30,Hyderabad,Care Health,O+
PT03229,Meera Bose,M,33,Delhi,HDFC Ergo,A+
PT03230,Tanvi Sharma,M,45,Hyderabad,ICICI Lombard,AB+
PT03231,Rahul Mehta,M,51,Bangalore,Niva Bupa,O+
PT03232,Neha Verma,F,9,Bangalore,HDFC Ergo,A-
PT03233,Tanvi Verma,F,58,Ahmedabad,HDFC Ergo,A+
PT03234,Rohit Khan,M,3,Mumbai,Self Pay,AB-
PT03235,Aditya Khan,M,73,Hyderabad,HDFC Ergo,O+
PT03236,Divya Reddy,M,8,Lucknow,Care Health,O+
PT03237,Sneha Kapoor,M,36,Jaipur,Care Health,A+
PT03238,Aditya Bhat,F,20,Pune,Niva Bupa,AB+
PT03239,Arjun Mehta,M,48,Delhi,Care Health,O+
PT03240,Vikram Mehta,F,2,Chennai,Self Pay,B-
PT03241,Neha Das,M,14,Jaipur,ICICI Lombard,A+
PT03242,Priya Nair,F,49,Jaipur,Care Health,A-
PT03243,Sanjay Nair,M,61,Mumbai,HDFC Ergo,AB+
PT03244,Karthik Mehta,M,20,Mumbai,Star Health,O-
PT03245,Kavya Gupta,F,18,Delhi,ICICI Lombard,O-
PT03246,Arjun Das,M,2,Kolkata,Care Health,AB-
PT03247,Tanvi Patil,M,8,Delhi,Care Health,B-
PT03248,Vikram Patil,M,4,Ahmedabad,HDFC Ergo,AB-
PT03249,Amit Nair,M,84,Ahmedabad,HDFC Ergo,B+
PT03250,Amit Rao,M,70,Pune,ICICI Lombard,A+
PT03251,Ishaan Chopra,M,84,Pune,Care Health,B+
PT03252,Neha Rao,M,33,Kolkata,Self Pay,O+
PT03253,Pooja Rao,F,15,Lucknow,HDFC Ergo,A-
PT03254,Meera Sharma,F,33,Chennai,HDFC Ergo,AB+
PT03255,Priya Kapoor,M,39,Chennai,HDFC Ergo,B+
PT03256,Divya Kapoor,M,83,Pune,Star Health,B+
PT03257,Manish Mehta,M,76,Chennai,Star Health,B+
PT03258,Rahul Pillai,F,40,Ahmedabad,Care Health,B+
PT03259,Sanjay Shah,M,27,Bangalore,Care Health,O-
PT03260,Manish Rao,M,17,Ahmedabad,Care Health,A-
PT03261,Karthik Shah,F,72,Mumbai,Self Pay,B+
PT03262,Rohit Joshi,F,75,Jaipur,Niva Bupa,A-
PT03263,Sanjay Verma,M,14,Delhi,ICICI Lombard,A-
PT03264,Manish Bhat,M,22,Pune,ICICI Lombard,AB+
PT03265,Anjali Shah,F,33,Ahmedabad,ICICI Lombard,AB+
PT03266,Ishaan Das,M,28,Ahmedabad,Care Health,A+
PT03267,Rahul Malhotra,F,40,Ahmedabad,Niva Bupa,A+
PT03268,Ishaan Reddy,F,85,Jaipur,Star Health,A-
PT03269,Aditya Verma,F,38,Lucknow,ICICI Lombard,B+
PT03270,Amit Das,F,6,Mumbai,Care Health,B-
PT03271,Sanjay Shah,M,26,Kolkata,HDFC Ergo,O+
PT03272,Riya Khan,F,35,Ahmedabad,Star Health,B+
PT03273,Sneha Reddy,F,41,Chennai,Care Health,B+
PT03274,Vikram Sharma,M,9,Bangalore,HDFC Ergo,AB-
PT03275,Vikram Sharma,F,43,Mumbai,HDFC Ergo,B-
PT03276,Rahul Verma,M,3,Jaipur,ICICI Lombard,AB+
PT03277,Kavya Singh,F,59,Hyderabad,ICICI Lombard,A-
PT03278,Tanvi Sharma,M,67,Jaipur,ICICI Lombard,A-
PT03279,Sneha Khan,M,52,Mumbai,Star Health,A-
PT03280,Sanjay Pillai,M,31,Bangalore,Self Pay,AB-
PT03281,Arjun Bose,F,80,Mumbai,Care Health,A+
PT03282,Riya Patil,F,70,Delhi,ICICI Lombard,AB+
PT03283,Meera Khan,F,32,Mumbai,Star Health,A+
PT03284,Tanvi Pillai,F,88,Hyderabad,HDFC Ergo,AB+
PT03285,Sneha Rao,M,58,Delhi,Star Health,A-
PT03286,Manish Iyer,F,89,Chennai,Niva Bupa,B+
PT03287,Aditya Singh,M,3,Hyderabad,Self Pay,O+
PT03288,Rahul Iyer,F,27,Kolkata,HDFC Ergo,O+
PT03289,Pooja Das,M,58,Kolkata,Care Health,O+
PT03290,Anjali Pillai,F,52,Pune,Care Health,B+
PT03291,Priya Rao,M,71,Bangalore,Niva Bupa,A+
PT03292,Vikram Bhat,M,89,Jaipur,HDFC Ergo,B+
PT03293,Kavya Malhotra,F,77,Chennai,Star Health,B+
PT03294,Sanjay Kapoor,M,68,Kolkata,ICICI Lombard,A-
PT03295,Meera Khan,F,18,Ahmedabad,HDFC Ergo,O-
PT03296,Arjun Das,F,21,Hyderabad,Niva Bupa,AB-
PT03297,Rahul Sharma,F,12,Bangalore,ICICI Lombard,A-
PT03298,Riya Kapoor,F,14,Jaipur,Star Health,AB+
PT03299,Amit Mehta,F,45,Lucknow,Star Health,O+
PT03300,Sanjay Rao,M,8,Ahmedabad,ICICI Lombard,B+
PT03301,Kavya Verma,F,55,Pune,Star Health,A+
PT03302,Amit Kapoor,M,67,Bangalore,Care Health,A-
PT03303,Rahul Iyer,M,26,Bangalore,ICICI Lombard,AB+
PT03304,Amit Joshi,M,17,Mumbai,Self Pay,O+
PT03305,Riya Joshi,M,64,Pune,Care Health,O-
PT03306,Kavya Khan,F,49,Mumbai,Niva Bupa,B+
PT03307,Vikram Bose,F,29,Chennai,Care Health,A+
PT03308,Sneha Shah,M,43,Hyderabad,Star Health,O-
PT03309,Meera Nair,F,63,Bangalore,Niva Bupa,B-
PT03310,Divya Bhat,F,11,Ahmedabad,Care Health,B+
PT03311,Neha Patil,M,87,Bangalore,Care Health,B+
PT03312,Sanjay Bose,M,66,Pune,Care Health,AB+
PT03313,Divya Gupta,M,17,Chennai,Star Health,AB-
PT03314,Pooja Bhat,F,66,Chennai,ICICI Lombard,O+
PT03315,Meera Bose,M,85,Bangalore,ICICI Lombard,A+
PT03316,Arjun Joshi,M,5,Pune,Star Health,O+
PT03317,Ishaan Pillai,F,39,Bangalore,HDFC Ergo,B-
PT03318,Manish Khan,M,40,Mumbai,Niva Bupa,AB+
PT03319,Sanjay Bhat,M,15,Bangalore,Star Health,O-
PT03320,Pooja Khan,F,21,Kolkata,Niva Bupa,B+
PT03321,Rahul Gupta,F,37,Delhi,Star Health,A-
PT03322,Tanvi Chopra,M,70,Jaipur,Star Health,B+
PT03323,Karthik Reddy,M,86,Pune,HDFC Ergo,O+
PT03324,Kavya Patil,F,65,Jaipur,HDFC Ergo,A-
PT03325,Ishaan Malhotra,F,76,Pune,ICICI Lombard,A+
PT03326,Sanjay Gupta,F,3,Kolkata,Star Health,A-
PT03327,Priya Mehta,M,21,Kolkata,Niva Bupa,B-
PT03328,Rohit Iyer,M,32,Mumbai,Star Health,AB+
PT03329,Priya Singh,F,1,Hyderabad,Care Health,B+
PT03330,Sneha Malhotra,F,7,Mumbai,HDFC Ergo,B+
PT03331,Priya Nair,M,77,Ahmedabad,ICICI Lombard,A+
PT03332,Amit Iyer,F,5,Mumbai,HDFC Ergo,O+
PT03333,Meera Rao,M,14,Ahmedabad,Self Pay,A-
PT03334,Aditya Bose,F,6,Delhi,Self Pay,AB+
PT03335,Vikram Joshi,M,65,Chennai,Star Health,O+
PT03336,Karthik Malhotra,F,47,Mumbai,Self Pay,A-
PT03337,Amit Nair,F,44,Hyderabad,Niva Bupa,B+
PT03338,Sneha Sharma,F,22,Jaipur,ICICI Lombard,AB-
PT03339,Ishaan Sharma,F,18,Ahmedabad,ICICI Lombard,A+
PT03340,Kavya Bose,M,54,Delhi,Care Health,A+
PT03341,Riya Malhotra,M,79,Ahmedabad,HDFC Ergo,B+
PT03342,Arjun Shah,F,33,Ahmedabad,Care Health,A-
PT03343,Riya Nair,F,44,Hyderabad,Star Health,AB-
PT03344,Pooja Bhat,M,1,Bangalore,Niva Bupa,A+
PT03345,Riya Joshi,F,60,Jaipur,Star Health,A+
PT03346,Neha Khan,F,25,Bangalore,HDFC Ergo,AB+
PT03347,Neha Mehta,M,51,Lucknow,Star Health,AB+
PT03348,Tanvi Gupta,F,59,Chennai,Care Health,AB-
PT03349,Rahul Gupta,F,88,Kolkata,Star Health,AB+
PT03350,Tanvi Rao,M,74,Kolkata,Self Pay,B+
PT03351,Amit Patil,M,15,Pune,Niva Bupa,B+
PT03352,Sanjay Iyer,M,62,Mumbai,HDFC Ergo,B-
PT03353,Divya Verma,F,21,Chennai,HDFC Ergo,A-
PT03354,Tanvi Bhat,M,74,Bangalore,Niva Bupa,O+
PT03355,Ishaan Iyer,M,4,Mumbai,Niva Bupa,A-
PT03356,Pooja Shah,M,2,Kolkata,HDFC Ergo,A+
PT03357,Vikram Rao,F,10,Pune,Care Health,O-
PT03358,Riya Gupta,F,52,Hyderabad,HDFC Ergo,O-
PT03359,Kavya Singh,M,12,Mumbai,Niva Bupa,A+
PT03360,Sneha Khan,F,54,Chennai,HDFC Ergo,AB-
PT03361,Ishaan Pillai,F,16,Kolkata,Care Health,B-
PT03362,Riya Patil,F,15,Bangalore,ICICI Lombard,A-
PT03363,Karthik Chopra,F,13,Bangalore,HDFC Ergo,O-
PT03364,Aditya Chopra,M,44,Kolkata,Niva Bupa,B+
PT03365,Sanjay Verma,F,21,Hyderabad,Self Pay,AB+
PT03366,Rahul Kapoor,F,38,Pune,Self Pay,O-
PT03367,Rohit Das,F,60,Bangalore,Star Health,O-
PT03368,Amit Bose,M,4,Ahmedabad,HDFC Ergo,A+
PT03369,Ishaan Bose,M,47,Pune,Niva Bupa,AB-
PT03370,Riya Reddy,F,86,Mumbai,HDFC Ergo,A-
PT03371,Meera Patil,F,30,Jaipur,Star Health,B+
PT03372,Karthik Singh,M,39,Jaipur,Niva Bupa,AB-
PT03373,Neha Gupta,M,21,Lucknow,HDFC Ergo,O-
PT03374,Rohit Gupta,F,19,Ahmedabad,HDFC Ergo,O+
PT03375,Priya Bose,F,55,Chennai,HDFC Ergo,A+
PT03376,Karthik Gupta,M,19,Ahmedabad,Star Health,B-
PT03377,Manish Nair,F,61,Pune,Self Pay,B+
PT03378,Divya Shah,M,28,Jaipur,Care Health,AB-
PT03379,Tanvi Verma,F,86,Mumbai,Niva Bupa,AB+
PT03380,Aditya Reddy,M,8,Kolkata,Niva Bupa,B-
PT03381,Rohit Sharma,F,4,Jaipur,ICICI Lombard,B+
PT03382,Meera Nair,F,11,Kolkata,ICICI Lombard,AB-
PT03383,Pooja Khan,M,41,Hyderabad,Self Pay,O-
PT03384,Pooja Bose,M,61,Jaipur,ICICI Lombard,AB-
PT03385,Meera Patil,F,33,Bangalore,Care Health,A-
PT03386,Aditya Sharma,M,68,Chennai,HDFC Ergo,B+
PT03387,Meera Nair,F,17,Ahmedabad,Self Pay,B-
PT03388,Neha Verma,M,23,Bangalore,Care Health,A-
PT03389,Sneha Iyer,F,48,Ahmedabad,Care Health,A-
PT03390,Meera Rao,F,22,Mumbai,Niva Bupa,B+
PT03391,Tanvi Bhat,F,15,Chennai,Niva Bupa,AB+
PT03392,Aditya Bhat,M,5,Kolkata,HDFC Ergo,A-
PT03393,Pooja Pillai,M,27,Lucknow,HDFC Ergo,B+
PT03394,Rahul Mehta,F,73,Jaipur,Star Health,A-
PT03395,Rohit Mehta,F,35,Ahmedabad,Star Health,A+
PT03396,Pooja Bhat,M,10,Ahmedabad,Care Health,A+
PT03397,Arjun Iyer,F,25,Ahmedabad,Star Health,O-
PT03398,Rahul Verma,F,75,Hyderabad,HDFC Ergo,B+
PT03399,Pooja Bose,M,33,Chennai,Care Health,B-
PT03400,Sneha Bose,M,73,Chennai,Care Health,AB+
PT03401,Kavya Bhat,M,70,Hyderabad,ICICI Lombard,A+
PT03402,Sanjay Patil,F,8,Bangalore,Niva Bupa,O-
PT03403,Sneha Shah,M,78,Hyderabad,HDFC Ergo,AB-
PT03404,Neha Chopra,M,70,Delhi,HDFC Ergo,A-
PT03405,Sanjay Reddy,F,84,Mumbai,Niva Bupa,AB+
PT03406,Priya Kapoor,F,54,Ahmedabad,Care Health,O-
PT03407,Neha Bose,M,71,Chennai,Niva Bupa,B-
PT03408,Aditya Chopra,F,80,Lucknow,Niva Bupa,A+
PT03409,Karthik Sharma,F,39,Mumbai,Care Health,AB-
PT03410,Divya Das,M,22,Mumbai,ICICI Lombard,A+
PT03411,Sneha Pillai,M,77,Mumbai,HDFC Ergo,B+
PT03412,Amit Joshi,F,31,Lucknow,Star Health,O+
PT03413,Rohit Bhat,M,75,Hyderabad,HDFC Ergo,B+
PT03414,Divya Nair,M,27,Bangalore,Star Health,B+
PT03415,Kavya Joshi,M,6,Bangalore,Niva Bupa,O-
PT03416,Divya Verma,M,80,Hyderabad,Niva Bupa,O+
PT03417,Manish Verma,M,52,Lucknow,ICICI Lombard,O+
PT03418,Arjun Shah,M,32,Hyderabad,HDFC Ergo,O+
PT03419,Kavya Gupta,M,76,Pune,HDFC Ergo,A+
PT03420,Riya Sharma,F,73,Jaipur,Self Pay,B-
PT03421,Sneha Kapoor,F,35,Delhi,HDFC Ergo,A+
PT03422,Karthik Patil,F,41,Lucknow,ICICI Lombard,B+
PT03423,Priya Rao,M,32,Ahmedabad,Care Health,B-
PT03424,Amit Chopra,F,40,Lucknow,Niva Bupa,O+
PT03425,Neha Iyer,M,50,Bangalore,ICICI Lombard,O+
PT03426,Amit Pillai,M,58,Kolkata,ICICI Lombard,A-
PT03427,Aditya Kapoor,M,51,Ahmedabad,Star Health,B-
PT03428,Sneha Chopra,F,30,Pune,HDFC Ergo,AB+
PT03429,Rohit Chopra,F,20,Jaipur,Self Pay,AB+
PT03430,Rohit Gupta,M,19,Mumbai,ICICI Lombard,AB+
PT03431,Sneha Bose,M,4,Mumbai,ICICI Lombard,B+
PT03432,Riya Khan,F,18,Chennai,Star Health,B-
PT03433,Neha Rao,M,46,Hyderabad,Niva Bupa,O-
PT03434,Rahul Patil,M,35,Hyderabad,Self Pay,B+
PT03435,Sneha Pillai,M,39,Hyderabad,Self Pay,A+
PT03436,Ishaan Bose,F,76,Ahmedabad,Self Pay,B+
PT03437,Rohit Bose,M,48,Chennai,HDFC Ergo,B+
PT03438,Amit Malhotra,M,33,Kolkata,Self Pay,A-
PT03439,Aditya Mehta,M,39,Jaipur,Care Health,AB-
PT03440,Priya Das,F,82,Pune,ICICI Lombard,B-
PT03441,Arjun Reddy,M,76,Lucknow,ICICI Lombard,AB+
PT03442,Divya Rao,F,80,Mumbai,HDFC Ergo,O-
PT03443,Karthik Bhat,F,56,Chennai,Star Health,O-
PT03444,Ishaan Joshi,M,70,Bangalore,Niva Bupa,AB+
PT03445,Meera Kapoor,F,23,Mumbai,Self Pay,O+
PT03446,Sanjay Chopra,M,85,Lucknow,HDFC Ergo,O-
PT03447,Anjali Nair,F,48,Delhi,ICICI Lombard,AB+
PT03448,Neha Bhat,M,23,Bangalore,Niva Bupa,A+
PT03449,Sneha Bhat,M,46,Pune,HDFC Ergo,O+
PT03450,Karthik Mehta,F,25,Lucknow,Niva Bupa,B+
PT03451,Rahul Iyer,M,21,Hyderabad,Niva Bupa,A-
PT03452,Anjali Pillai,M,77,Mumbai,Star Health,AB+
PT03453,Sanjay Mehta,F,6,Bangalore,Care Health,AB+
PT03454,Rahul Khan,F,7,Lucknow,Niva Bupa,AB+
PT03455,Arjun Mehta,M,62,Chennai,Self Pay,A+
PT03456,Rahul Reddy,M,7,Delhi,ICICI Lombard,B-
PT03457,Kavya Joshi,M,69,Lucknow,HDFC Ergo,B+
PT03458,Neha Singh,F,12,Delhi,ICICI Lombard,B-
PT03459,Sanjay Sharma,M,54,Mumbai,ICICI Lombard,B+
PT03460,Karthik Chopra,M,42,Pune,Niva Bupa,AB+
PT03461,Sneha Das,M,61,Pune,HDFC Ergo,AB+
PT03462,Anjali Nair,F,2,Mumbai,ICICI Lombard,O-
PT03463,Kavya Bose,M,26,Chennai,Care Health,A-
PT03464,Karthik Das,M,29,Delhi,HDFC Ergo,B-
PT03465,Pooja Rao,M,83,Lucknow,Niva Bupa,O+
PT03466,Amit Das,F,18,Hyderabad,Self Pay,A-
PT03467,Sanjay Joshi,F,37,Delhi,Self Pay,B-
PT03468,Karthik Mehta,F,61,Pune,ICICI Lombard,O-
PT03469,Meera Das,M,55,Hyderabad,Niva Bupa,O+
PT03470,Neha Shah,M,36,Pune,Star Health,AB-
PT03471,Manish Patil,M,66,Jaipur,Care Health,A+
PT03472,Amit Chopra,M,23,Chennai,Self Pay,B+
PT03473,Priya Mehta,F,72,Hyderabad,Care Health,O+
PT03474,Rohit Khan,M,64,Bangalore,HDFC Ergo,O+
PT03475,Divya Das,F,26,Jaipur,Care Health,O+
PT03476,Karthik Pillai,M,22,Kolkata,Niva Bupa,O-
PT03477,Kavya Gupta,M,54,Jaipur,ICICI Lombard,A+
PT03478,Rohit Bose,M,26,Jaipur,Care Health,O+
PT03479,Amit Sharma,M,77,Kolkata,HDFC Ergo,O-
PT03480,Manish Chopra,F,23,Delhi,Care Health,O+
PT03481,Kavya Patil,M,5,Lucknow,HDFC Ergo,AB-
PT03482,Riya Iyer,F,87,Pune,Star Health,O+
PT03483,Meera Das,M,38,Hyderabad,Care Health,O+
PT03484,Rohit Nair,F,7,Pune,Self Pay,AB+
PT03485,Amit Bhat,F,84,Kolkata,Care Health,O+
PT03486,Pooja Bose,M,87,Pune,HDFC Ergo,AB+
PT03487,Riya Iyer,F,85,Chennai,Self Pay,A-
PT03488,Ishaan Joshi,M,8,Bangalore,Care Health,AB-
PT03489,Neha Pillai,M,2,Jaipur,Niva Bupa,O-
PT03490,Priya Bose,F,3,Chennai,HDFC Ergo,O-
PT03491,Pooja Das,M,44,Mumbai,HDFC Ergo,B-
PT03492,Karthik Khan,F,76,Jaipur,HDFC Ergo,B-
PT03493,Rahul Gupta,F,83,Ahmedabad,Self Pay,B-
PT03494,Rahul Gupta,F,16,Jaipur,HDFC Ergo,B+
PT03495,Neha Das,F,61,Lucknow,Self Pay,O+
PT03496,Amit Shah,M,66,Ahmedabad,ICICI Lombard,AB+
PT03497,Manish Nair,F,87,Lucknow,Star Health,AB+
PT03498,Meera Nair,F,27,Chennai,Self Pay,B+
PT03499,Ishaan Shah,F,52,Mumbai,Self Pay,O-
PT03500,Manish Sharma,F,74,Bangalore,HDFC Ergo,A-
PT03501,Karthik Verma,F,83,Jaipur,Care Health,A-
PT03502,Riya Gupta,F,4,Pune,Care Health,B-
PT03503,Neha Verma,M,52,Bangalore,ICICI Lombard,A+
PT03504,Meera Nair,M,66,Lucknow,Star Health,B+
PT03505,Meera Rao,M,54,Kolkata,HDFC Ergo,B-
PT03506,Karthik Iyer,F,1,Jaipur,Care Health,O+
PT03507,Tanvi Khan,M,52,Lucknow,Niva Bupa,B+
PT03508,Rahul Nair,M,12,Hyderabad,Niva Bupa,O+
PT03509,Tanvi Sharma,M,37,Kolkata,ICICI Lombard,AB+
PT03510,Karthik Sharma,F,77,Bangalore,Star Health,O-
PT03511,Riya Bose,M,1,Kolkata,Niva Bupa,B+
PT03512,Rohit Reddy,F,85,Hyderabad,Star Health,B+
PT03513,Amit Bose,M,54,Ahmedabad,ICICI Lombard,A+
PT03514,Sanjay Gupta,F,85,Hyderabad,Self Pay,A-
PT03515,Manish Malhotra,M,14,Pune,Self Pay,O+
PT03516,Aditya Kapoor,M,43,Mumbai,HDFC Ergo,AB-
PT03517,Priya Rao,F,7,Lucknow,HDFC Ergo,AB+
PT03518,Anjali Verma,F,7,Hyderabad,Star Health,A+
PT03519,Ishaan Iyer,F,21,Pune,HDFC Ergo,B+
PT03520,Tanvi Das,M,84,Chennai,Niva Bupa,O-
PT03521,Rahul Sharma,F,19,Jaipur,ICICI Lombard,O-
PT03522,Aditya Mehta,F,81,Chennai,Star Health,A-
PT03523,Pooja Bhat,M,55,Lucknow,Self Pay,A-
PT03524,Tanvi Gupta,M,22,Ahmedabad,Care Health,AB+
PT03525,Vikram Sharma,M,68,Bangalore,Star Health,B-
PT03526,Tanvi Rao,F,8,Bangalore,Care Health,B-
PT03527,Rohit Khan,F,28,Kolkata,ICICI Lombard,AB+
PT03528,Neha Khan,F,67,Ahmedabad,Star Health,A-
PT03529,Neha Sharma,F,85,Bangalore,Niva Bupa,B+
PT03530,Divya Nair,F,77,Mumbai,ICICI Lombard,A-
PT03531,Vikram Reddy,F,47,Hyderabad,Star Health,B+
PT03532,Riya Khan,F,52,Mumbai,HDFC Ergo,AB+
PT03533,Karthik Sharma,M,38,Hyderabad,Care Health,O-
PT03534,Vikram Singh,M,46,Kolkata,HDFC Ergo,AB+
PT03535,Rohit Malhotra,M,69,Ahmedabad,Niva Bupa,O+
PT03536,Rahul Reddy,F,35,Jaipur,ICICI Lombard,B+
PT03537,Sneha Joshi,F,64,Hyderabad,ICICI Lombard,O-
PT03538,Rohit Gupta,F,20,Hyderabad,HDFC Ergo,B-
PT03539,Pooja Verma,F,52,Ahmedabad,ICICI Lombard,AB+
PT03540,Anjali Pillai,M,17,Kolkata,ICICI Lombard,O+
PT03541,Aditya Chopra,M,18,Mumbai,Niva Bupa,B+
PT03542,Tanvi Malhotra,F,24,Bangalore,Care Health,B+
PT03543,Rahul Gupta,F,51,Delhi,Care Health,AB+
PT03544,Neha Nair,F,49,Lucknow,ICICI Lombard,B+
PT03545,Aditya Shah,M,28,Kolkata,ICICI Lombard,AB-
PT03546,Sanjay Bhat,F,64,Ahmedabad,ICICI Lombard,B+
PT03547,Divya Das,M,39,Delhi,HDFC Ergo,O+
PT03548,Ishaan Mehta,M,67,Chennai,ICICI Lombard,B-
PT03549,Sneha Patil,M,78,Jaipur,Self Pay,B-
PT03550,Tanvi Iyer,M,17,Pune,Star Health,A+
PT03551,Rahul Iyer,F,39,Mumbai,Self Pay,AB-
PT03552,Sanjay Kapoor,M,40,Hyderabad,Star Health,O+
PT03553,Aditya Iyer,M,39,Delhi,Star Health,B-
PT03554,Ishaan Pillai,F,42,Bangalore,Self Pay,AB-
PT03555,Vikram Verma,F,83,Kolkata,Self Pay,AB+
PT03556,Anjali Mehta,M,38,Mumbai,Niva Bupa,B+
PT03557,Priya Malhotra,M,30,Kolkata,HDFC Ergo,A+
PT03558,Aditya Chopra,F,55,Lucknow,Star Health,O+
PT03559,Riya Shah,F,17,Lucknow,ICICI Lombard,A+
PT03560,Divya Gupta,M,1,Delhi,Care Health,O-
PT03561,Kavya Sharma,F,79,Pune,Care Health,A-
PT03562,Ishaan Das,F,62,Bangalore,Self Pay,O+
PT03563,Rahul Singh,M,40,Ahmedabad,Niva Bupa,A-
PT03564,Neha Patil,M,10,Hyderabad,Care Health,O-
PT03565,Sanjay Rao,M,7,Ahmedabad,Care Health,AB-
PT03566,Arjun Mehta,M,64,Kolkata,Star Health,B-
PT03567,Pooja Iyer,M,6,Bangalore,Self Pay,O-
PT03568,Tanvi Pillai,M,76,Hyderabad,ICICI Lombard,AB-
PT03569,Arjun Nair,F,6,Hyderabad,Niva Bupa,B+
PT03570,Anjali Singh,F,58,Chennai,ICICI Lombard,A+
PT03571,Rohit Chopra,F,4,Ahmedabad,Self Pay,AB+
PT03572,Vikram Reddy,F,9,Mumbai,Self Pay,AB-
PT03573,Pooja Patil,M,78,Delhi,Care Health,A+
PT03574,Riya Joshi,M,62,Hyderabad,Self Pay,B+
PT03575,Riya Pillai,F,11,Chennai,Niva Bupa,AB+
PT03576,Arjun Khan,M,78,Delhi,ICICI Lombard,O-
PT03577,Ishaan Sharma,F,45,Jaipur,Self Pay,A-
PT03578,Sneha Patil,F,34,Chennai,Self Pay,AB+
PT03579,Divya Reddy,M,51,Mumbai,Self Pay,AB-
PT03580,Meera Sharma,M,37,Mumbai,ICICI Lombard,B-
PT03581,Rahul Singh,F,40,Delhi,ICICI Lombard,O+
PT03582,Rahul Reddy,M,23,Delhi,ICICI Lombard,A+
PT03583,Arjun Pillai,F,51,Bangalore,Self Pay,A+
PT03584,Kavya Malhotra,F,70,Jaipur,Care Health,O+
PT03585,Rahul Bose,M,20,Pune,Niva Bupa,B+
PT03586,Tanvi Patil,M,49,Chennai,Self Pay,AB+
PT03587,Tanvi Nair,M,31,Kolkata,Self Pay,AB+
PT03588,Vikram Nair,M,25,Lucknow,Care Health,O+
PT03589,Rohit Sharma,M,56,Ahmedabad,Star Health,AB-
PT03590,Priya Shah,M,6,Delhi,ICICI Lombard,A-
PT03591,Riya Singh,M,11,Delhi,HDFC Ergo,B+
PT03592,Sanjay Gupta,M,13,Kolkata,ICICI Lombard,O+
PT03593,Riya Patil,M,44,Bangalore,Care Health,B-
PT03594,Neha Rao,M,77,Pune,Star Health,O+
PT03595,Karthik Mehta,M,3,Kolkata,HDFC Ergo,AB-
PT03596,Rahul Chopra,F,35,Kolkata,Self Pay,O+
PT03597,Anjali Chopra,M,69,Bangalore,Self Pay,B-
PT03598,Amit Bose,M,38,Pune,Self Pay,A-
PT03599,Tanvi Pillai,F,32,Lucknow,Niva Bupa,AB+
PT03600,Meera Gupta,F,17,Pune,HDFC Ergo,B-
PT03601,Manish Pillai,F,1,Kolkata,HDFC Ergo,A+
PT03602,Vikram Gupta,M,69,Chennai,Star Health,B+
PT03603,Divya Chopra,F,1,Hyderabad,Care Health,AB+
PT03604,Priya Patil,M,51,Hyderabad,Star Health,AB+
PT03605,Sanjay Reddy,F,2,Kolkata,Star Health,B+
PT03606,Ishaan Iyer,F,35,Mumbai,ICICI Lombard,A-
PT03607,Rahul Nair,M,76,Delhi,HDFC Ergo,A+
PT03608,Kavya Sharma,M,47,Bangalore,Star Health,O+
PT03609,Manish Mehta,M,59,Kolkata,ICICI Lombard,AB-
PT03610,Tanvi Joshi,M,15,Lucknow,Self Pay,B+
PT03611,Sanjay Verma,M,80,Jaipur,Care Health,A+
PT03612,Vikram Bose,F,64,Chennai,Self Pay,O-
PT03613,Rohit Khan,M,6,Kolkata,Niva Bupa,O+
PT03614,Anjali Patil,M,66,Delhi,Star Health,A+
PT03615,Riya Rao,F,45,Kolkata,ICICI Lombard,B-
PT03616,Anjali Singh,F,51,Pune,HDFC Ergo,B+
PT03617,Tanvi Joshi,M,16,Ahmedabad,ICICI Lombard,AB-
PT03618,Priya Patil,F,49,Mumbai,HDFC Ergo,AB+
PT03619,Sneha Das,M,40,Jaipur,Care Health,A+
PT03620,Karthik Sharma,F,58,Bangalore,Care Health,AB+
PT03621,Rahul Kapoor,M,46,Delhi,Niva Bupa,O-
PT03622,Rahul Iyer,F,26,Mumbai,Star Health,AB-
PT03623,Kavya Iyer,F,64,Delhi,Niva Bupa,AB+
PT03624,Priya Joshi,F,74,Mumbai,Niva Bupa,B+
PT03625,Neha Khan,F,10,Hyderabad,HDFC Ergo,O-
PT03626,Anjali Bose,F,8,Pune,Niva Bupa,O-
PT03627,Arjun Rao,F,89,Ahmedabad,ICICI Lombard,A+
PT03628,Manish Bose,M,74,Delhi,Self Pay,AB+
PT03629,Pooja Singh,F,75,Hyderabad,Care Health,O-
PT03630,Sanjay Rao,M,25,Kolkata,Self Pay,AB-
PT03631,Rohit Bhat,F,51,Jaipur,Star Health,O-
PT03632,Karthik Verma,M,32,Ahmedabad,Care Health,A-
PT03633,Riya Khan,M,1,Delhi,ICICI Lombard,B+
PT03634,Neha Sharma,F,56,Ahmedabad,HDFC Ergo,B-
PT03635,Arjun Kapoor,F,28,Bangalore,HDFC Ergo,AB+
PT03636,Anjali Khan,M,24,Jaipur,HDFC Ergo,O-
PT03637,Kavya Mehta,F,59,Pune,ICICI Lombard,B+
PT03638,Rohit Mehta,F,61,Hyderabad,ICICI Lombard,B+
PT03639,Kavya Bhat,F,84,Bangalore,Star Health,B+
PT03640,Kavya Mehta,M,74,Delhi,Niva Bupa,A+
PT03641,Amit Das,M,30,Bangalore,ICICI Lombard,O+
PT03642,Anjali Kapoor,M,39,Ahmedabad,Self Pay,A-
PT03643,Tanvi Pillai,M,78,Mumbai,Self Pay,AB-
PT03644,Manish Patil,M,43,Chennai,Self Pay,O-
PT03645,Vikram Gupta,M,57,Kolkata,Care Health,A-
PT03646,Arjun Bhat,M,16,Mumbai,Star Health,AB+
PT03647,Anjali Reddy,M,87,Bangalore,HDFC Ergo,AB+
PT03648,Vikram Kapoor,F,58,Ahmedabad,Care Health,B-
PT03649,Arjun Iyer,F,65,Mumbai,Care Health,AB+
PT03650,Anjali Chopra,M,57,Mumbai,HDFC Ergo,O-
PT03651,Priya Reddy,F,5,Kolkata,ICICI Lombard,O-
PT03652,Neha Shah,F,18,Chennai,Star Health,A+
PT03653,Meera Singh,M,17,Ahmedabad,Niva Bupa,A+
PT03654,Pooja Chopra,F,65,Bangalore,Care Health,AB-
PT03655,Pooja Kapoor,F,73,Mumbai,Care Health,B+
PT03656,Rahul Verma,M,52,Hyderabad,ICICI Lombard,O-
PT03657,Sanjay Khan,F,10,Chennai,ICICI Lombard,AB-
PT03658,Rohit Patil,F,83,Lucknow,HDFC Ergo,A-
PT03659,Ishaan Nair,F,74,Jaipur,Self Pay,O+
PT03660,Tanvi Iyer,F,77,Jaipur,Care Health,A+
PT03661,Aditya Shah,F,41,Mumbai,Niva Bupa,B-
PT03662,Vikram Das,F,38,Hyderabad,HDFC Ergo,B+
PT03663,Kavya Pillai,F,49,Delhi,HDFC Ergo,A-
PT03664,Neha Bhat,M,85,Delhi,Niva Bupa,O+
PT03665,Riya Patil,M,33,Mumbai,Star Health,A-
PT03666,Neha Bose,F,21,Bangalore,HDFC Ergo,O+
PT03667,Meera Singh,M,82,Bangalore,Niva Bupa,AB+
PT03668,Karthik Malhotra,F,9,Jaipur,ICICI Lombard,B+
PT03669,Vikram Nair,F,68,Jaipur,Self Pay,AB-
PT03670,Priya Patil,F,9,Pune,ICICI Lombard,A+
PT03671,Sanjay Iyer,M,33,Lucknow,Self Pay,O-
PT03672,Sanjay Singh,F,74,Lucknow,ICICI Lombard,O+
PT03673,Sanjay Sharma,F,66,Pune,Self Pay,AB-
PT03674,Tanvi Khan,F,25,Jaipur,HDFC Ergo,A+
PT03675,Tanvi Bose,M,26,Pune,Star Health,A+
PT03676,Riya Verma,M,54,Delhi,Care Health,AB+
PT03677,Vikram Sharma,M,54,Kolkata,Niva Bupa,O-
PT03678,Karthik Malhotra,F,36,Kolkata,Care Health,AB+
PT03679,Manish Patil,F,64,Kolkata,Star Health,B+
PT03680,Rohit Chopra,F,36,Mumbai,Star Health,A+
PT03681,Sanjay Malhotra,F,44,Jaipur,Care Health,B+
PT03682,Anjali Verma,F,10,Pune,Care Health,O-
PT03683,Rohit Patil,M,20,Bangalore,Niva Bupa,O+
PT03684,Rohit Iyer,F,38,Mumbai,HDFC Ergo,B-
PT03685,Arjun Malhotra,F,69,Pune,Star Health,B-
PT03686,Manish Chopra,M,9,Ahmedabad,Star Health,B-
PT03687,Pooja Nair,M,80,Chennai,Niva Bupa,B+
PT03688,Arjun Malhotra,F,8,Bangalore,Star Health,O-
PT03689,Priya Bhat,M,4,Lucknow,Niva Bupa,A-
PT03690,Arjun Khan,M,75,Pune,Self Pay,A-
PT03691,Tanvi Chopra,F,74,Ahmedabad,HDFC Ergo,O+
PT03692,Manish Kapoor,F,15,Hyderabad,Niva Bupa,AB+
PT03693,Tanvi Khan,M,39,Kolkata,Star Health,AB-
PT03694,Arjun Joshi,F,89,Ahmedabad,Niva Bupa,A+
PT03695,Aditya Patil,F,82,Hyderabad,ICICI Lombard,O+
PT03696,Rahul Patil,M,18,Pune,Star Health,B+
PT03697,Tanvi Khan,F,19,Mumbai,HDFC Ergo,A-
PT03698,Divya Malhotra,M,43,Jaipur,Niva Bupa,A+
PT03699,Karthik Nair,F,20,Mumbai,HDFC Ergo,A-
PT03700,Aditya Bose,F,61,Chennai,ICICI Lombard,AB+
PT03701,Karthik Joshi,F,15,Chennai,Star Health,AB+
PT03702,Rohit Malhotra,M,26,Mumbai,ICICI Lombard,B+
PT03703,Tanvi Patil,F,66,Chennai,Star Health,AB+
PT03704,Neha Reddy,M,22,Pune,Star Health,O-
PT03705,Riya Gupta,F,22,Ahmedabad,Care Health,AB-
PT03706,Anjali Malhotra,M,13,Ahmedabad,HDFC Ergo,A+
PT03707,Sanjay Gupta,M,76,Hyderabad,Self Pay,A-
PT03708,Divya Iyer,M,60,Jaipur,ICICI Lombard,B+
PT03709,Anjali Kapoor,F,47,Kolkata,ICICI Lombard,O+
PT03710,Pooja Shah,M,54,Bangalore,HDFC Ergo,B+
PT03711,Karthik Kapoor,M,84,Ahmedabad,Star Health,AB-
PT03712,Tanvi Malhotra,M,20,Bangalore,HDFC Ergo,AB-
PT03713,Aditya Verma,M,55,Kolkata,Niva Bupa,AB-
PT03714,Priya Bhat,F,60,Ahmedabad,ICICI Lombard,O-
PT03715,Rohit Iyer,F,54,Ahmedabad,Niva Bupa,O-
PT03716,Arjun Pillai,M,70,Jaipur,ICICI Lombard,A+
PT03717,Karthik Nair,F,66,Delhi,Niva Bupa,A-
PT03718,Manish Chopra,M,72,Lucknow,Niva Bupa,O-
PT03719,Ishaan Shah,F,22,Pune,ICICI Lombard,B-
PT03720,Ishaan Khan,F,53,Hyderabad,ICICI Lombard,A+
PT03721,Vikram Sharma,F,52,Delhi,HDFC Ergo,B-
PT03722,Aditya Gupta,M,24,Delhi,Self Pay,A+
PT03723,Manish Iyer,M,20,Lucknow,Self Pay,AB+
PT03724,Sneha Malhotra,M,4,Ahmedabad,Star Health,AB+
PT03725,Sanjay Shah,M,16,Mumbai,Care Health,B+
PT03726,Kavya Chopra,M,76,Jaipur,HDFC Ergo,AB+
PT03727,Riya Shah,M,29,Chennai,Self Pay,AB+
PT03728,Anjali Shah,F,6,Hyderabad,Self Pay,O-
PT03729,Priya Das,F,42,Ahmedabad,ICICI Lombard,AB+
PT03730,Ishaan Reddy,M,44,Kolkata,Self Pay,AB-
PT03731,Rahul Chopra,F,31,Delhi,HDFC Ergo,B-
PT03732,Sneha Patil,F,44,Mumbai,Self Pay,O-
PT03733,Karthik Verma,F,17,Delhi,ICICI Lombard,AB-
PT03734,Tanvi Shah,M,67,Chennai,Self Pay,O+
PT03735,Rohit Verma,F,48,Jaipur,ICICI Lombard,B-
PT03736,Sneha Iyer,F,9,Chennai,Care Health,A+
PT03737,Sneha Kapoor,M,83,Kolkata,Star Health,B-
PT03738,Sanjay Bhat,F,15,Kolkata,Self Pay,AB+
PT03739,Riya Shah,M,5,Lucknow,Self Pay,AB-
PT03740,Karthik Shah,F,69,Mumbai,HDFC Ergo,B-
PT03741,Anjali Khan,F,55,Jaipur,Niva Bupa,O+
PT03742,Pooja Chopra,F,4,Hyderabad,Care Health,AB+
PT03743,Anjali Sharma,M,56,Hyderabad,HDFC Ergo,O-
PT03744,Meera Nair,F,65,Hyderabad,Star Health,O-
PT03745,Aditya Chopra,F,58,Bangalore,ICICI Lombard,B+
PT03746,Karthik Reddy,M,66,Pune,ICICI Lombard,B-
PT03747,Priya Kapoor,M,43,Jaipur,Niva Bupa,O+
PT03748,Neha Reddy,M,23,Chennai,Star Health,AB+
PT03749,Divya Iyer,F,81,Chennai,ICICI Lombard,B-
PT03750,Aditya Das,F,4,Ahmedabad,HDFC Ergo,O+
PT03751,Anjali Gupta,F,33,Pune,HDFC Ergo,A-
PT03752,Divya Pillai,F,70,Chennai,Self Pay,A-
PT03753,Meera Khan,M,55,Delhi,Care Health,A+
PT03754,Manish Sharma,M,22,Delhi,ICICI Lombard,A-
PT03755,Sanjay Pillai,M,83,Chennai,Star Health,B-
PT03756,Anjali Khan,F,50,Mumbai,Self Pay,O+
PT03757,Riya Nair,F,58,Chennai,Star Health,B+
PT03758,Aditya Kapoor,F,37,Hyderabad,HDFC Ergo,A+
PT03759,Vikram Das,F,4,Lucknow,Self Pay,AB+
PT03760,Neha Rao,M,54,Pune,Care Health,AB-
PT03761,Sneha Shah,F,54,Pune,Care Health,A-
PT03762,Rahul Kapoor,F,51,Hyderabad,Niva Bupa,B+
PT03763,Priya Kapoor,M,18,Hyderabad,Niva Bupa,A+
PT03764,Amit Nair,F,55,Jaipur,HDFC Ergo,AB+
PT03765,Meera Joshi,M,13,Ahmedabad,Care Health,A-
PT03766,Manish Kapoor,F,36,Pune,Star Health,O+
PT03767,Anjali Sharma,M,28,Hyderabad,Niva Bupa,A-
PT03768,Karthik Singh,F,47,Pune,Niva Bupa,B+
PT03769,Sanjay Verma,M,71,Pune,HDFC Ergo,AB-
PT03770,Vikram Gupta,M,9,Lucknow,ICICI Lombard,O-
PT03771,Sanjay Shah,F,46,Lucknow,HDFC Ergo,B+
PT03772,Meera Bose,F,34,Delhi,Niva Bupa,A+
PT03773,Rahul Nair,F,1,Bangalore,Self Pay,O-
PT03774,Manish Iyer,M,35,Chennai,Self Pay,O+
PT03775,Riya Gupta,F,19,Bangalore,ICICI Lombard,B-
PT03776,Aditya Sharma,F,61,Hyderabad,HDFC Ergo,A-
PT03777,Rohit Joshi,F,49,Delhi,Niva Bupa,AB-
PT03778,Anjali Pillai,M,20,Kolkata,Star Health,A-
PT03779,Rohit Pillai,F,68,Jaipur,Care Health,O-
PT03780,Arjun Iyer,M,89,Mumbai,Niva Bupa,A+
PT03781,Aditya Patil,F,32,Ahmedabad,Care Health,AB+
PT03782,Pooja Rao,M,7,Jaipur,Niva Bupa,A+
PT03783,Priya Rao,F,32,Delhi,Niva Bupa,B-
PT03784,Aditya Iyer,F,12,Delhi,Niva Bupa,B-
PT03785,Pooja Chopra,F,22,Delhi,Star Health,AB-
PT03786,Riya Iyer,F,13,Mumbai,ICICI Lombard,AB+
PT03787,Ishaan Patil,F,39,Bangalore,Niva Bupa,AB-
PT03788,Priya Das,M,19,Pune,ICICI Lombard,B-
PT03789,Kavya Iyer,F,34,Bangalore,Self Pay,B-
PT03790,Rahul Gupta,M,7,Bangalore,HDFC Ergo,A+
PT03791,Neha Malhotra,F,43,Kolkata,Self Pay,A+
PT03792,Manish Kapoor,M,37,Delhi,Star Health,O+
PT03793,Vikram Sharma,F,53,Ahmedabad,Star Health,A-
PT03794,Manish Iyer,F,41,Lucknow,ICICI Lombard,B+
PT03795,Rahul Rao,F,55,Hyderabad,HDFC Ergo,B+
PT03796,Vikram Kapoor,M,36,Mumbai,Star Health,O-
PT03797,Kavya Pillai,M,24,Bangalore,Star Health,O-
PT03798,Sanjay Kapoor,M,13,Lucknow,Star Health,A-
PT03799,Sneha Nair,F,69,Chennai,HDFC Ergo,B-
PT03800,Aditya Rao,M,30,Bangalore,Niva Bupa,B+
PT03801,Ishaan Gupta,M,28,Bangalore,HDFC Ergo,O+
PT03802,Manish Das,F,43,Bangalore,HDFC Ergo,O+
PT03803,Neha Malhotra,F,39,Chennai,ICICI Lombard,AB-
PT03804,Pooja Sharma,M,34,Lucknow,ICICI Lombard,AB+
PT03805,Pooja Nair,F,23,Mumbai,Self Pay,O-
PT03806,Kavya Das,F,82,Ahmedabad,Self Pay,B-
PT03807,Rohit Pillai,F,23,Lucknow,Care Health,B-
PT03808,Divya Gupta,M,43,Bangalore,Care Health,AB+
PT03809,Divya Patil,M,35,Ahmedabad,Care Health,B+
PT03810,Divya Reddy,M,80,Pune,Care Health,O+
PT03811,Sneha Khan,F,48,Hyderabad,HDFC Ergo,AB+
PT03812,Aditya Joshi,M,37,Ahmedabad,Niva Bupa,AB+
PT03813,Pooja Patil,M,44,Hyderabad,ICICI Lombard,AB+
PT03814,Vikram Pillai,F,32,Bangalore,Niva Bupa,B-
PT03815,Sanjay Chopra,M,39,Delhi,Niva Bupa,AB-
PT03816,Amit Mehta,F,83,Pune,HDFC Ergo,B-
PT03817,Manish Khan,M,85,Chennai,Care Health,O-
PT03818,Ishaan Das,M,86,Lucknow,Star Health,AB+
PT03819,Sneha Gupta,M,38,Lucknow,Care Health,B-
PT03820,Tanvi Shah,M,54,Delhi,Niva Bupa,B-
PT03821,Ishaan Iyer,M,51,Jaipur,Self Pay,B-
PT03822,Karthik Iyer,M,32,Mumbai,Care Health,B-
PT03823,Meera Kapoor,F,8,Ahmedabad,Self Pay,B+
PT03824,Rahul Rao,F,69,Lucknow,Care Health,AB-
PT03825,Riya Sharma,M,50,Chennai,ICICI Lombard,B-
PT03826,Sneha Kapoor,M,37,Pune,HDFC Ergo,O+
PT03827,Karthik Gupta,M,42,Chennai,HDFC Ergo,B+
PT03828,Sanjay Singh,F,52,Hyderabad,HDFC Ergo,A-
PT03829,Karthik Kapoor,F,2,Hyderabad,Care Health,O+
PT03830,Ishaan Iyer,M,24,Pune,Self Pay,AB+
PT03831,Anjali Pillai,F,12,Lucknow,Care Health,AB-
PT03832,Rahul Das,M,28,Kolkata,HDFC Ergo,A-
PT03833,Priya Rao,F,14,Bangalore,Niva Bupa,A+
PT03834,Sneha Gupta,M,73,Lucknow,Niva Bupa,A+
PT03835,Amit Nair,M,30,Chennai,Niva Bupa,B-
PT03836,Meera Das,F,85,Hyderabad,Self Pay,O+
PT03837,Riya Rao,F,6,Lucknow,ICICI Lombard,O+
PT03838,Amit Verma,M,56,Ahmedabad,ICICI Lombard,B-
PT03839,Priya Iyer,F,70,Delhi,Star Health,AB+
PT03840,Rahul Singh,M,4,Mumbai,Niva Bupa,B+
PT03841,Priya Kapoor,F,54,Delhi,Care Health,A+
PT03842,Amit Shah,M,32,Chennai,HDFC Ergo,A-
PT03843,Arjun Khan,F,39,Jaipur,Niva Bupa,B+
PT03844,Priya Nair,F,26,Delhi,Care Health,A+
PT03845,Meera Pillai,M,63,Lucknow,Star Health,B-
PT03846,Riya Gupta,M,11,Kolkata,Care Health,A-
PT03847,Amit Chopra,M,27,Bangalore,Self Pay,A-
PT03848,Aditya Singh,M,18,Chennai,Care Health,A+
PT03849,Neha Malhotra,M,38,Delhi,Star Health,B+
PT03850,Riya Bose,F,41,Bangalore,Care Health,A-
PT03851,Tanvi Nair,F,61,Jaipur,Niva Bupa,AB-
PT03852,Sanjay Singh,F,25,Lucknow,Star Health,B-
PT03853,Riya Iyer,M,82,Ahmedabad,Niva Bupa,A-
PT03854,Sanjay Rao,F,22,Hyderabad,Self Pay,B+
PT03855,Sneha Joshi,F,7,Delhi,Self Pay,B-
PT03856,Amit Patil,M,43,Mumbai,Care Health,AB+
PT03857,Neha Gupta,M,53,Jaipur,Niva Bupa,O-
PT03858,Manish Mehta,F,23,Ahmedabad,Self Pay,O+
PT03859,Amit Sharma,M,82,Kolkata,Niva Bupa,AB-
PT03860,Amit Bose,F,67,Jaipur,Niva Bupa,AB+
PT03861,Sanjay Shah,F,65,Lucknow,ICICI Lombard,B-
PT03862,Priya Sharma,F,14,Lucknow,Self Pay,O-
PT03863,Pooja Bose,F,85,Pune,HDFC Ergo,O-
PT03864,Divya Malhotra,F,19,Bangalore,Care Health,A-
PT03865,Karthik Kapoor,F,52,Bangalore,Self Pay,O-
PT03866,Sanjay Joshi,M,34,Pune,Star Health,AB-
PT03867,Rahul Verma,M,38,Chennai,Star Health,B-
PT03868,Rahul Gupta,F,24,Chennai,Star Health,AB-
PT03869,Sneha Sharma,M,82,Pune,Care Health,A+
PT03870,Rohit Rao,F,18,Jaipur,HDFC Ergo,A+
PT03871,Meera Das,M,25,Jaipur,Self Pay,A-
PT03872,Sneha Joshi,M,18,Hyderabad,HDFC Ergo,B+
PT03873,Neha Mehta,M,37,Mumbai,ICICI Lombard,O+
PT03874,Meera Patil,M,68,Hyderabad,Niva Bupa,O+
PT03875,Priya Sharma,F,12,Mumbai,Self Pay,O+
PT03876,Karthik Shah,M,30,Kolkata,Star Health,A-
PT03877,Kavya Joshi,M,41,Hyderabad,Niva Bupa,AB-
PT03878,Vikram Mehta,M,1,Pune,Niva Bupa,A-
PT03879,Divya Chopra,M,77,Ahmedabad,ICICI Lombard,B-
PT03880,Rahul Kapoor,M,10,Mumbai,Niva Bupa,A-
PT03881,Tanvi Singh,F,32,Chennai,Star Health,O-
PT03882,Vikram Malhotra,M,84,Chennai,Niva Bupa,AB-
PT03883,Riya Das,F,37,Bangalore,ICICI Lombard,A+
PT03884,Neha Iyer,M,3,Pune,HDFC Ergo,O-
PT03885,Meera Bhat,M,87,Hyderabad,Care Health,A-
PT03886,Vikram Rao,M,85,Lucknow,Self Pay,AB-
PT03887,Rohit Reddy,F,77,Lucknow,Star Health,O-
PT03888,Manish Bhat,F,45,Ahmedabad,Niva Bupa,O+
PT03889,Rahul Bhat,F,24,Lucknow,Self Pay,A+
PT03890,Pooja Shah,F,73,Mumbai,Self Pay,O+
PT03891,Divya Kapoor,F,2,Pune,Star Health,A+
PT03892,Sanjay Patil,F,59,Hyderabad,HDFC Ergo,AB-
PT03893,Rohit Joshi,F,6,Delhi,Care Health,O-
PT03894,Vikram Bose,F,12,Hyderabad,Care Health,A-
PT03895,Anjali Pillai,M,18,Kolkata,HDFC Ergo,A+
PT03896,Ishaan Khan,M,62,Pune,ICICI Lombard,B+
PT03897,Tanvi Gupta,F,35,Chennai,Care Health,AB-
PT03898,Neha Patil,M,69,Chennai,Self Pay,B+
PT03899,Kavya Kapoor,F,23,Hyderabad,Niva Bupa,A+
PT03900,Priya Khan,M,59,Bangalore,Niva Bupa,A-
PT03901,Manish Patil,M,51,Lucknow,Star Health,O-
PT03902,Riya Patil,F,59,Chennai,ICICI Lombard,A+
PT03903,Sanjay Mehta,F,73,Pune,Star Health,B+
PT03904,Rohit Mehta,F,58,Mumbai,HDFC Ergo,B-
PT03905,Kavya Kapoor,F,87,Lucknow,Niva Bupa,O-
PT03906,Neha Reddy,M,42,Jaipur,HDFC Ergo,AB+
PT03907,Kavya Verma,F,3,Bangalore,ICICI Lombard,AB+
PT03908,Sanjay Mehta,M,57,Bangalore,Star Health,AB-
PT03909,Anjali Mehta,M,17,Mumbai,Niva Bupa,A-
PT03910,Pooja Bose,M,16,Kolkata,Self Pay,B-
PT03911,Aditya Mehta,F,49,Lucknow,HDFC Ergo,AB-
PT03912,Rahul Gupta,M,17,Kolkata,Star Health,B-
PT03913,Sneha Reddy,M,65,Mumbai,Niva Bupa,O-
PT03914,Rahul Mehta,M,6,Pune,Star Health,A+
PT03915,Sneha Pillai,M,83,Hyderabad,HDFC Ergo,O-
PT03916,Tanvi Reddy,F,78,Ahmedabad,Star Health,A+
PT03917,Rahul Verma,M,24,Lucknow,Self Pay,O-
PT03918,Pooja Rao,F,19,Bangalore,Niva Bupa,AB+
PT03919,Rohit Chopra,M,66,Kolkata,Niva Bupa,O+
PT03920,Rahul Bose,M,30,Mumbai,Niva Bupa,O-
PT03921,Arjun Kapoor,M,11,Pune,Self Pay,AB-
PT03922,Karthik Bhat,M,37,Kolkata,Care Health,O+
PT03923,Karthik Singh,M,57,Mumbai,Self Pay,A-
PT03924,Tanvi Singh,F,26,Lucknow,Self Pay,A-
PT03925,Amit Bose,F,55,Pune,Self Pay,AB+
PT03926,Manish Verma,F,23,Ahmedabad,Self Pay,AB+
PT03927,Amit Kapoor,M,74,Bangalore,ICICI Lombard,A-
PT03928,Manish Chopra,M,53,Delhi,Self Pay,A+
PT03929,Vikram Kapoor,M,9,Delhi,Care Health,AB-
PT03930,Riya Bose,M,50,Ahmedabad,Self Pay,AB+
PT03931,Arjun Patil,M,18,Bangalore,HDFC Ergo,AB-
PT03932,Sneha Bhat,F,75,Bangalore,Star Health,B+
PT03933,Sanjay Malhotra,F,83,Jaipur,Niva Bupa,AB+
PT03934,Kavya Chopra,M,11,Chennai,HDFC Ergo,O+
PT03935,Arjun Sharma,M,4,Hyderabad,Care Health,O-
PT03936,Kavya Pillai,M,32,Delhi,HDFC Ergo,B+
PT03937,Rohit Das,F,77,Jaipur,Care Health,AB+
PT03938,Tanvi Nair,M,62,Jaipur,Self Pay,O+
PT03939,Sneha Chopra,M,88,Ahmedabad,Care Health,O-
PT03940,Aditya Iyer,F,27,Jaipur,HDFC Ergo,A+
PT03941,Sneha Rao,F,86,Mumbai,Care Health,O-
PT03942,Neha Das,F,38,Bangalore,Care Health,AB-
PT03943,Kavya Joshi,M,19,Ahmedabad,HDFC Ergo,O+
PT03944,Manish Joshi,M,32,Ahmedabad,Niva Bupa,AB+
PT03945,Manish Gupta,F,53,Chennai,ICICI Lombard,AB-
PT03946,Ishaan Singh,F,21,Bangalore,Niva Bupa,O+
PT03947,Divya Rao,M,40,Pune,Self Pay,B+
PT03948,Manish Sharma,F,75,Bangalore,ICICI Lombard,AB+
PT03949,Manish Gupta,F,15,Bangalore,Self Pay,A+
PT03950,Pooja Kapoor,F,54,Ahmedabad,HDFC Ergo,B-
PT03951,Manish Sharma,F,75,Hyderabad,Niva Bupa,O+
PT03952,Vikram Iyer,M,74,Delhi,Niva Bupa,AB+
PT03953,Divya Sharma,M,19,Hyderabad,Niva Bupa,AB-
PT03954,Karthik Bhat,M,37,Kolkata,Care Health,AB-
PT03955,Vikram Joshi,M,67,Chennai,Self Pay,A+
PT03956,Karthik Sharma,M,30,Lucknow,ICICI Lombard,B+
PT03957,Amit Singh,F,72,Bangalore,HDFC Ergo,B-
PT03958,Karthik Kapoor,M,73,Chennai,Niva Bupa,A-
PT03959,Sanjay Chopra,F,57,Mumbai,Care Health,B-
PT03960,Pooja Reddy,M,67,Pune,HDFC Ergo,A+
PT03961,Sneha Iyer,M,20,Mumbai,Star Health,O+
PT03962,Ishaan Khan,M,50,Chennai,ICICI Lombard,B-
PT03963,Arjun Nair,F,58,Lucknow,Care Health,A+
PT03964,Ishaan Mehta,F,64,Delhi,Self Pay,B-
PT03965,Sanjay Sharma,F,82,Chennai,ICICI Lombard,O+
PT03966,Pooja Shah,M,4,Jaipur,Niva Bupa,AB+
PT03967,Rohit Pillai,M,15,Hyderabad,HDFC Ergo,O+
PT03968,Tanvi Joshi,M,73,Hyderabad,Niva Bupa,A+
PT03969,Rahul Iyer,M,43,Chennai,Care Health,A-
PT03970,Meera Joshi,M,70,Mumbai,HDFC Ergo,A+
PT03971,Anjali Khan,M,8,Chennai,Star Health,O+
PT03972,Kavya Iyer,F,52,Pune,ICICI Lombard,O-
PT03973,Amit Nair,F,25,Jaipur,Self Pay,A-
PT03974,Rohit Malhotra,M,62,Chennai,Care Health,O-
PT03975,Divya Malhotra,M,26,Mumbai,ICICI Lombard,A+
PT03976,Sneha Gupta,F,49,Chennai,Care Health,A-
PT03977,Meera Bose,F,5,Delhi,ICICI Lombard,A+
PT03978,Vikram Bose,M,52,Lucknow,ICICI Lombard,B-
PT03979,Meera Rao,F,12,Delhi,Niva Bupa,AB+
PT03980,Pooja Malhotra,F,15,Delhi,ICICI Lombard,AB-
PT03981,Sanjay Bose,F,75,Jaipur,HDFC Ergo,B-
PT03982,Neha Das,M,61,Mumbai,Self Pay,O-
PT03983,Rahul Patil,M,48,Hyderabad,Niva Bupa,O-
PT03984,Riya Iyer,F,55,Kolkata,Care Health,B+
PT03985,Riya Joshi,M,47,Hyderabad,HDFC Ergo,B+
PT03986,Anjali Mehta,F,52,Bangalore,Star Health,AB-
PT03987,Meera Patil,M,9,Kolkata,ICICI Lombard,O+
PT03988,Pooja Das,F,78,Hyderabad,Star Health,B-
PT03989,Rahul Kapoor,F,27,Bangalore,Care Health,B+
PT03990,Meera Gupta,F,76,Jaipur,Self Pay,B-
PT03991,Rohit Patil,M,82,Kolkata,Self Pay,A+
PT03992,Neha Patil,M,67,Kolkata,Niva Bupa,AB+
PT03993,Sneha Reddy,M,70,Ahmedabad,HDFC Ergo,A+
PT03994,Riya Pillai,F,17,Mumbai,Self Pay,AB-
PT03995,Kavya Bhat,M,62,Ahmedabad,Care Health,AB-
PT03996,Sneha Rao,F,18,Kolkata,HDFC Ergo,AB-
PT03997,Ishaan Gupta,M,1,Lucknow,Star Health,A+
PT03998,Karthik Iyer,M,10,Mumbai,HDFC Ergo,O+
PT03999,Vikram Nair,F,87,Chennai,Care Health,B-
PT04000,Priya Joshi,F,89,Ahmedabad,Care Health,A-
PT04001,Tanvi Das,M,87,Lucknow,ICICI Lombard,AB-
PT04002,Sneha Gupta,F,79,Pune,Niva Bupa,AB+
PT04003,Sanjay Bose,F,38,Mumbai,ICICI Lombard,AB+
PT04004,Ishaan Reddy,M,37,Chennai,Star Health,A+
PT04005,Tanvi Joshi,M,21,Chennai,HDFC Ergo,AB+
PT04006,Divya Nair,F,80,Hyderabad,Self Pay,B+
PT04007,Vikram Iyer,M,34,Hyderabad,ICICI Lombard,A+
PT04008,Karthik Sharma,F,89,Chennai,Care Health,B-
PT04009,Pooja Verma,M,43,Ahmedabad,Self Pay,A-
PT04010,Amit Patil,M,13,Mumbai,Star Health,AB+
PT04011,Vikram Das,M,4,Jaipur,Star Health,B+
PT04012,Sanjay Joshi,M,86,Chennai,Care Health,O-
PT04013,Tanvi Bose,M,29,Kolkata,Niva Bupa,B-
PT04014,Divya Chopra,M,77,Bangalore,Star Health,O+
PT04015,Aditya Gupta,F,73,Delhi,Niva Bupa,AB+
PT04016,Kavya Malhotra,F,82,Pune,Niva Bupa,B-
PT04017,Vikram Sharma,M,12,Ahmedabad,Self Pay,B+
PT04018,Pooja Das,F,19,Jaipur,HDFC Ergo,O+
PT04019,Sanjay Bhat,F,34,Lucknow,HDFC Ergo,AB-
PT04020,Vikram Singh,M,6,Mumbai,Self Pay,B+
PT04021,Rahul Bhat,F,86,Mumbai,Star Health,O+
PT04022,Sanjay Sharma,F,12,Lucknow,Star Health,O-
PT04023,Rohit Nair,M,64,Delhi,Care Health,B-
PT04024,Priya Nair,M,41,Pune,Self Pay,B-
PT04025,Sanjay Shah,M,2,Delhi,Star Health,A+
PT04026,Priya Pillai,M,68,Lucknow,ICICI Lombard,B-
PT04027,Amit Bhat,F,67,Delhi,Self Pay,A+
PT04028,Anjali Bhat,M,23,Jaipur,Self Pay,B-
PT04029,Manish Khan,M,43,Jaipur,ICICI Lombard,B+
PT04030,Tanvi Verma,M,7,Chennai,Self Pay,B-
PT04031,Karthik Das,F,12,Hyderabad,Care Health,AB+
PT04032,Neha Bhat,M,66,Delhi,HDFC Ergo,B+
PT04033,Pooja Malhotra,M,45,Lucknow,Niva Bupa,AB-
PT04034,Rohit Bose,M,45,Hyderabad,Star Health,A-
PT04035,Priya Joshi,M,87,Hyderabad,Star Health,AB+
PT04036,Meera Nair,F,80,Jaipur,Niva Bupa,B+
PT04037,Sneha Bhat,M,40,Bangalore,Self Pay,AB+
PT04038,Tanvi Reddy,F,53,Kolkata,Self Pay,A+
PT04039,Sneha Gupta,F,55,Ahmedabad,Self Pay,A-
PT04040,Ishaan Chopra,F,51,Bangalore,Self Pay,B-
PT04041,Pooja Reddy,F,70,Jaipur,Self Pay,O-
PT04042,Rahul Iyer,F,82,Bangalore,Care Health,AB+
PT04043,Neha Pillai,M,24,Pune,Care Health,AB+
PT04044,Karthik Malhotra,M,73,Hyderabad,Care Health,AB+
PT04045,Amit Gupta,F,22,Bangalore,ICICI Lombard,A+
PT04046,Karthik Singh,M,41,Lucknow,ICICI Lombard,A-
PT04047,Vikram Patil,F,80,Ahmedabad,Care Health,AB-
PT04048,Vikram Das,F,78,Ahmedabad,Care Health,O+
PT04049,Rahul Bhat,M,72,Kolkata,Self Pay,A+
PT04050,Manish Sharma,M,38,Delhi,Care Health,A-
PT04051,Sanjay Patil,F,71,Lucknow,HDFC Ergo,A-
PT04052,Vikram Pillai,F,51,Kolkata,Star Health,AB-
PT04053,Amit Rao,F,68,Pune,Star Health,A+
PT04054,Divya Verma,M,78,Bangalore,Niva Bupa,O+
PT04055,Tanvi Mehta,F,72,Ahmedabad,Niva Bupa,AB-
PT04056,Priya Reddy,M,19,Lucknow,HDFC Ergo,A+
PT04057,Sneha Rao,M,44,Mumbai,Star Health,AB+
PT04058,Priya Chopra,F,22,Lucknow,Star Health,AB+
PT04059,Tanvi Joshi,M,24,Bangalore,HDFC Ergo,B-
PT04060,Pooja Shah,M,16,Jaipur,Star Health,AB+
PT04061,Neha Verma,M,64,Hyderabad,Star Health,B+
PT04062,Rohit Mehta,F,84,Pune,HDFC Ergo,O+
PT04063,Aditya Bose,F,31,Ahmedabad,Self Pay,O+
PT04064,Rahul Patil,F,89,Delhi,Self Pay,O+
PT04065,Anjali Gupta,F,53,Ahmedabad,Niva Bupa,A+
PT04066,Sanjay Bhat,F,27,Kolkata,Self Pay,O+
PT04067,Rohit Joshi,M,33,Kolkata,Self Pay,A-
PT04068,Rohit Gupta,F,71,Jaipur,Self Pay,AB+
PT04069,Divya Malhotra,M,86,Chennai,ICICI Lombard,B-
PT04070,Anjali Bhat,M,85,Kolkata,Self Pay,AB+
PT04071,Neha Das,F,28,Pune,Care Health,O+
PT04072,Ishaan Patil,M,20,Mumbai,Self Pay,AB-
PT04073,Meera Joshi,F,1,Jaipur,ICICI Lombard,O+
PT04074,Kavya Mehta,F,79,Jaipur,HDFC Ergo,O+
PT04075,Anjali Reddy,F,77,Kolkata,ICICI Lombard,A+
PT04076,Divya Sharma,F,41,Mumbai,Niva Bupa,A+
PT04077,Tanvi Mehta,F,52,Ahmedabad,HDFC Ergo,A+
PT04078,Priya Bose,M,36,Bangalore,ICICI Lombard,B-
PT04079,Aditya Verma,F,58,Hyderabad,Self Pay,AB-
PT04080,Vikram Pillai,F,35,Kolkata,Self Pay,A+
PT04081,Kavya Bhat,M,9,Pune,HDFC Ergo,O-
PT04082,Riya Joshi,M,46,Mumbai,Self Pay,B+
PT04083,Rahul Singh,F,3,Bangalore,ICICI Lombard,A-
PT04084,Anjali Nair,F,30,Delhi,HDFC Ergo,AB-
PT04085,Tanvi Khan,M,29,Ahmedabad,ICICI Lombard,O-
PT04086,Arjun Iyer,M,15,Bangalore,HDFC Ergo,O-
PT04087,Aditya Sharma,F,22,Pune,Niva Bupa,B+
PT04088,Karthik Khan,M,71,Pune,Self Pay,AB+
PT04089,Neha Joshi,M,89,Mumbai,ICICI Lombard,O-
PT04090,Meera Reddy,M,71,Kolkata,Niva Bupa,O+
PT04091,Manish Iyer,F,81,Pune,Star Health,A-
PT04092,Aditya Reddy,F,13,Delhi,Care Health,O+
PT04093,Divya Joshi,F,88,Hyderabad,Self Pay,AB-
PT04094,Priya Das,M,61,Bangalore,ICICI Lombard,A-
PT04095,Pooja Bose,M,32,Ahmedabad,Niva Bupa,AB+
PT04096,Sneha Kapoor,M,86,Kolkata,Care Health,O-
PT04097,Pooja Mehta,F,33,Delhi,HDFC Ergo,AB+
PT04098,Rahul Malhotra,F,68,Delhi,ICICI Lombard,AB-
PT04099,Sanjay Mehta,M,76,Lucknow,Star Health,AB+
PT04100,Aditya Reddy,M,78,Pune,HDFC Ergo,A+
PT04101,Kavya Shah,F,10,Pune,Self Pay,AB-
PT04102,Priya Singh,F,5,Kolkata,Self Pay,B+
PT04103,Vikram Das,F,30,Delhi,HDFC Ergo,B-
PT04104,Rohit Reddy,M,40,Jaipur,Niva Bupa,A-
PT04105,Anjali Kapoor,M,19,Kolkata,ICICI Lombard,B-
PT04106,Sanjay Singh,F,6,Bangalore,ICICI Lombard,B+
PT04107,Kavya Rao,M,33,Bangalore,Care Health,O-
PT04108,Divya Bose,F,60,Bangalore,ICICI Lombard,A-
PT04109,Sneha Patil,F,76,Mumbai,Self Pay,O+
PT04110,Rohit Nair,M,67,Hyderabad,Self Pay,O+
PT04111,Kavya Das,F,29,Delhi,Star Health,B+
PT04112,Aditya Chopra,F,16,Delhi,Niva Bupa,A+
PT04113,Pooja Kapoor,M,87,Ahmedabad,ICICI Lombard,B+
PT04114,Sanjay Patil,M,58,Hyderabad,HDFC Ergo,A-
PT04115,Pooja Kapoor,M,7,Jaipur,Care Health,B-
PT04116,Tanvi Kapoor,M,13,Lucknow,ICICI Lombard,B-
PT04117,Sanjay Pillai,M,42,Ahmedabad,HDFC Ergo,AB-
PT04118,Pooja Chopra,M,4,Kolkata,HDFC Ergo,AB-
PT04119,Meera Sharma,F,83,Chennai,Niva Bupa,A-
PT04120,Divya Nair,M,33,Chennai,Niva Bupa,A+
PT04121,Rahul Mehta,M,17,Pune,Self Pay,B-
PT04122,Riya Chopra,M,28,Chennai,Self Pay,O-
PT04123,Priya Mehta,F,65,Pune,Care Health,AB+
PT04124,Priya Reddy,M,35,Mumbai,ICICI Lombard,B-
PT04125,Rohit Das,F,87,Kolkata,Niva Bupa,A-
PT04126,Riya Kapoor,M,55,Jaipur,ICICI Lombard,A-
PT04127,Priya Iyer,M,71,Bangalore,Care Health,B+
PT04128,Amit Verma,F,13,Hyderabad,HDFC Ergo,O+
PT04129,Sanjay Verma,M,70,Chennai,HDFC Ergo,B+
PT04130,Rahul Rao,M,69,Jaipur,HDFC Ergo,O-
PT04131,Kavya Mehta,M,71,Hyderabad,Self Pay,A-
PT04132,Sanjay Malhotra,M,82,Pune,HDFC Ergo,AB+
PT04133,Rahul Reddy,M,84,Ahmedabad,HDFC Ergo,AB+
PT04134,Tanvi Sharma,F,66,Lucknow,Self Pay,O+
PT04135,Meera Das,F,24,Mumbai,Star Health,A+
PT04136,Divya Kapoor,M,33,Delhi,Star Health,AB-
PT04137,Rahul Bose,M,56,Hyderabad,Niva Bupa,O-
PT04138,Rahul Bhat,F,14,Bangalore,HDFC Ergo,AB-
PT04139,Rahul Malhotra,F,11,Delhi,ICICI Lombard,A-
PT04140,Tanvi Khan,F,47,Chennai,Niva Bupa,AB+
PT04141,Tanvi Chopra,M,79,Pune,Niva Bupa,O-
PT04142,Sanjay Rao,M,59,Pune,Care Health,A-
PT04143,Kavya Bose,F,88,Delhi,Self Pay,AB+
PT04144,Vikram Das,M,75,Kolkata,Care Health,A-
PT04145,Vikram Gupta,F,57,Jaipur,HDFC Ergo,A+
PT04146,Divya Joshi,F,27,Ahmedabad,Star Health,B-
PT04147,Riya Malhotra,F,37,Mumbai,HDFC Ergo,B+
PT04148,Arjun Singh,F,9,Chennai,Niva Bupa,AB+
PT04149,Sanjay Mehta,F,55,Hyderabad,Self Pay,B-
PT04150,Rahul Singh,M,10,Ahmedabad,Care Health,A-
PT04151,Anjali Mehta,M,48,Bangalore,Niva Bupa,B-
PT04152,Sneha Shah,F,69,Pune,HDFC Ergo,AB+
PT04153,Rohit Chopra,M,33,Pune,Niva Bupa,AB+
PT04154,Riya Pillai,F,76,Jaipur,Care Health,A+
PT04155,Arjun Gupta,M,1,Mumbai,Niva Bupa,B-
PT04156,Meera Shah,M,52,Hyderabad,Self Pay,A-
PT04157,Divya Pillai,M,19,Lucknow,Star Health,B+
PT04158,Meera Verma,F,43,Lucknow,HDFC Ergo,O+
PT04159,Amit Verma,F,7,Pune,Self Pay,B+
PT04160,Aditya Rao,M,70,Ahmedabad,HDFC Ergo,B+
PT04161,Ishaan Mehta,F,62,Delhi,ICICI Lombard,B-
PT04162,Rahul Iyer,M,58,Lucknow,Care Health,A+
PT04163,Meera Patil,F,68,Lucknow,Self Pay,O+
PT04164,Aditya Chopra,F,75,Lucknow,Care Health,A+
PT04165,Manish Mehta,M,14,Ahmedabad,Star Health,A-
PT04166,Rohit Bhat,F,43,Pune,Niva Bupa,A-
PT04167,Riya Shah,M,2,Pune,Star Health,AB-
PT04168,Arjun Patil,F,32,Delhi,Care Health,B-
PT04169,Sneha Mehta,F,47,Kolkata,Care Health,B+
PT04170,Pooja Rao,F,77,Chennai,ICICI Lombard,AB+
PT04171,Arjun Chopra,M,12,Lucknow,HDFC Ergo,A+
PT04172,Sanjay Malhotra,M,7,Delhi,HDFC Ergo,A+
PT04173,Meera Iyer,F,64,Kolkata,HDFC Ergo,B+
PT04174,Sneha Gupta,M,89,Hyderabad,Care Health,A-
PT04175,Kavya Iyer,F,79,Jaipur,Niva Bupa,O+
PT04176,Aditya Verma,M,40,Lucknow,Star Health,B-
PT04177,Meera Mehta,F,38,Kolkata,ICICI Lombard,O-
PT04178,Ishaan Reddy,F,89,Pune,HDFC Ergo,A-
PT04179,Vikram Chopra,F,28,Lucknow,Self Pay,B+
PT04180,Vikram Patil,F,14,Ahmedabad,Niva Bupa,A-
PT04181,Tanvi Mehta,F,72,Delhi,Self Pay,O+
PT04182,Meera Das,M,14,Bangalore,Self Pay,B-
PT04183,Sanjay Verma,M,70,Pune,HDFC Ergo,O+
PT04184,Divya Khan,M,27,Jaipur,Niva Bupa,O-
PT04185,Kavya Rao,F,50,Hyderabad,Star Health,B-
PT04186,Rahul Chopra,F,67,Kolkata,ICICI Lombard,A+
PT04187,Aditya Das,F,47,Lucknow,ICICI Lombard,AB-
PT04188,Vikram Khan,M,72,Lucknow,ICICI Lombard,B+
PT04189,Sneha Bose,F,82,Hyderabad,Niva Bupa,A-
PT04190,Pooja Gupta,M,9,Hyderabad,HDFC Ergo,AB-
PT04191,Arjun Das,F,4,Ahmedabad,Self Pay,B+
PT04192,Sneha Chopra,M,38,Mumbai,Self Pay,B+
PT04193,Anjali Kapoor,M,83,Bangalore,Self Pay,O+
PT04194,Sneha Shah,M,8,Pune,Self Pay,B-
PT04195,Neha Reddy,F,41,Chennai,Star Health,A-
PT04196,Riya Rao,F,38,Chennai,HDFC Ergo,O+
PT04197,Riya Khan,M,86,Mumbai,HDFC Ergo,O+
PT04198,Kavya Joshi,M,77,Chennai,Care Health,AB+
PT04199,Divya Iyer,M,86,Jaipur,Care Health,A-
PT04200,Manish Das,F,2,Lucknow,ICICI Lombard,O+
PT04201,Sneha Singh,F,45,Hyderabad,ICICI Lombard,A-
PT04202,Arjun Bose,M,41,Chennai,Self Pay,B+
PT04203,Anjali Patil,M,88,Lucknow,Star Health,B+
PT04204,Sanjay Iyer,M,4,Hyderabad,Niva Bupa,AB+
PT04205,Manish Shah,F,24,Lucknow,ICICI Lombard,B+
PT04206,Priya Mehta,M,62,Pune,Self Pay,AB+
PT04207,Pooja Pillai,F,77,Bangalore,HDFC Ergo,O-
PT04208,Kavya Reddy,F,12,Lucknow,Niva Bupa,A-
PT04209,Amit Bhat,M,78,Mumbai,ICICI Lombard,B-
PT04210,Anjali Kapoor,F,84,Bangalore,Niva Bupa,A+
PT04211,Sanjay Das,M,66,Hyderabad,Niva Bupa,AB+
PT04212,Arjun Nair,F,87,Jaipur,ICICI Lombard,B-
PT04213,Kavya Khan,M,61,Kolkata,Star Health,AB+
PT04214,Pooja Shah,F,5,Jaipur,Care Health,O-
PT04215,Anjali Mehta,F,32,Jaipur,HDFC Ergo,AB+
PT04216,Tanvi Kapoor,F,44,Mumbai,Care Health,O+
PT04217,Arjun Patil,M,74,Kolkata,HDFC Ergo,O-
PT04218,Tanvi Khan,F,81,Mumbai,HDFC Ergo,AB+
PT04219,Tanvi Das,F,42,Hyderabad,Niva Bupa,A-
PT04220,Meera Gupta,F,6,Chennai,Care Health,A-
PT04221,Riya Malhotra,M,1,Mumbai,ICICI Lombard,O-
PT04222,Rohit Kapoor,F,28,Chennai,Niva Bupa,AB+
PT04223,Sanjay Malhotra,F,56,Ahmedabad,ICICI Lombard,O+
PT04224,Karthik Sharma,F,14,Ahmedabad,Self Pay,A+
PT04225,Pooja Pillai,M,11,Chennai,ICICI Lombard,AB-
PT04226,Amit Iyer,M,28,Jaipur,Niva Bupa,AB-
PT04227,Sneha Patil,F,62,Kolkata,Care Health,AB+
PT04228,Manish Sharma,F,10,Jaipur,Self Pay,AB+
PT04229,Rahul Rao,F,63,Chennai,Niva Bupa,B+
PT04230,Arjun Singh,M,48,Lucknow,Self Pay,AB+
PT04231,Aditya Malhotra,F,3,Chennai,Niva Bupa,A+
PT04232,Manish Das,F,74,Hyderabad,Care Health,O-
PT04233,Anjali Verma,M,34,Bangalore,ICICI Lombard,AB+
PT04234,Amit Chopra,M,43,Ahmedabad,Star Health,O+
PT04235,Priya Kapoor,F,8,Hyderabad,ICICI Lombard,O-
PT04236,Meera Das,M,49,Chennai,ICICI Lombard,A-
PT04237,Pooja Reddy,F,74,Hyderabad,Self Pay,AB+
PT04238,Riya Verma,F,26,Kolkata,ICICI Lombard,O-
PT04239,Kavya Sharma,M,3,Delhi,HDFC Ergo,AB-
PT04240,Riya Pillai,F,77,Kolkata,Star Health,B-
PT04241,Rahul Singh,F,19,Ahmedabad,Care Health,O-
PT04242,Ishaan Gupta,F,7,Hyderabad,Care Health,O-
PT04243,Pooja Kapoor,M,25,Pune,HDFC Ergo,O+
PT04244,Anjali Singh,M,81,Lucknow,Niva Bupa,AB+
PT04245,Ishaan Shah,F,32,Hyderabad,Star Health,A-
PT04246,Vikram Nair,M,48,Ahmedabad,Self Pay,AB+
PT04247,Amit Chopra,M,58,Hyderabad,Star Health,AB-
PT04248,Anjali Khan,F,60,Ahmedabad,Care Health,B+
PT04249,Pooja Kapoor,F,32,Pune,Care Health,O-
PT04250,Priya Malhotra,F,64,Chennai,Care Health,O-
PT04251,Tanvi Khan,F,84,Hyderabad,Niva Bupa,O-
PT04252,Vikram Pillai,F,25,Ahmedabad,Self Pay,AB-
PT04253,Rohit Sharma,M,61,Pune,Care Health,AB+
PT04254,Riya Chopra,F,4,Chennai,HDFC Ergo,A+
PT04255,Meera Das,F,46,Delhi,Niva Bupa,AB-
PT04256,Divya Nair,F,12,Delhi,Niva Bupa,AB-
PT04257,Arjun Nair,M,80,Lucknow,Star Health,A+
PT04258,Priya Pillai,F,5,Pune,Niva Bupa,AB+
PT04259,Divya Malhotra,M,31,Chennai,Self Pay,O+
PT04260,Manish Reddy,F,84,Pune,Niva Bupa,B-
PT04261,Manish Mehta,M,87,Bangalore,Care Health,AB+
PT04262,Priya Sharma,M,34,Ahmedabad,Star Health,A-
PT04263,Amit Verma,M,40,Lucknow,Self Pay,O-
PT04264,Pooja Iyer,M,77,Lucknow,ICICI Lombard,AB+
PT04265,Manish Iyer,M,71,Delhi,Self Pay,O-
PT04266,Ishaan Nair,F,36,Pune,Care Health,A-
PT04267,Anjali Singh,F,58,Pune,Star Health,AB+
PT04268,Ishaan Chopra,M,36,Ahmedabad,Self Pay,AB+
PT04269,Sanjay Gupta,M,79,Mumbai,Self Pay,O-
PT04270,Vikram Joshi,F,44,Lucknow,ICICI Lombard,O-
PT04271,Rahul Malhotra,M,36,Bangalore,Self Pay,B-
PT04272,Kavya Sharma,M,74,Bangalore,Care Health,AB+
PT04273,Anjali Sharma,F,36,Ahmedabad,Self Pay,B-
PT04274,Tanvi Bhat,F,23,Bangalore,Star Health,O+
PT04275,Priya Joshi,M,28,Delhi,ICICI Lombard,AB+
PT04276,Sanjay Verma,F,63,Chennai,Care Health,B-
PT04277,Arjun Bhat,M,33,Ahmedabad,Self Pay,O-
PT04278,Neha Khan,F,39,Chennai,HDFC Ergo,A+
PT04279,Arjun Patil,F,37,Delhi,Star Health,B+
PT04280,Kavya Malhotra,F,83,Hyderabad,Niva Bupa,A-
PT04281,Riya Das,F,40,Ahmedabad,Care Health,O+
PT04282,Sneha Nair,M,27,Kolkata,Star Health,B-
PT04283,Rahul Kapoor,F,66,Kolkata,HDFC Ergo,O+
PT04284,Pooja Patil,M,45,Hyderabad,ICICI Lombard,O-
PT04285,Neha Rao,F,71,Lucknow,Niva Bupa,O-
PT04286,Tanvi Shah,M,74,Jaipur,Niva Bupa,A-
PT04287,Neha Bhat,F,43,Kolkata,ICICI Lombard,A-
PT04288,Sanjay Bose,F,80,Bangalore,HDFC Ergo,B-
PT04289,Sneha Pillai,M,40,Jaipur,ICICI Lombard,A-
PT04290,Riya Verma,M,26,Jaipur,Star Health,O+
PT04291,Sanjay Nair,F,17,Lucknow,HDFC Ergo,O+
PT04292,Neha Rao,F,74,Ahmedabad,Self Pay,B-
PT04293,Priya Pillai,M,23,Delhi,ICICI Lombard,O-
PT04294,Vikram Chopra,M,38,Delhi,Star Health,O+
PT04295,Sanjay Iyer,M,32,Delhi,Niva Bupa,O-
PT04296,Divya Nair,M,9,Kolkata,HDFC Ergo,A+
PT04297,Arjun Verma,F,38,Mumbai,Care Health,AB-
PT04298,Riya Iyer,M,7,Lucknow,Self Pay,AB+
PT04299,Divya Shah,F,85,Kolkata,Niva Bupa,AB-
PT04300,Pooja Das,M,40,Kolkata,Niva Bupa,A-
PT04301,Riya Mehta,M,19,Pune,ICICI Lombard,O+
PT04302,Manish Kapoor,M,54,Chennai,Self Pay,A-
PT04303,Tanvi Rao,M,54,Delhi,Self Pay,AB+
PT04304,Sanjay Shah,M,3,Mumbai,Self Pay,B+
PT04305,Neha Khan,M,16,Pune,ICICI Lombard,B+
PT04306,Pooja Malhotra,M,20,Delhi,Self Pay,AB-
PT04307,Divya Gupta,M,84,Pune,ICICI Lombard,AB+
PT04308,Vikram Sharma,M,81,Chennai,Care Health,A-
PT04309,Rahul Sharma,F,73,Hyderabad,HDFC Ergo,O-
PT04310,Meera Kapoor,M,71,Ahmedabad,Star Health,B-
PT04311,Neha Kapoor,M,6,Ahmedabad,Niva Bupa,O-
PT04312,Tanvi Chopra,M,33,Hyderabad,ICICI Lombard,AB-
PT04313,Sneha Kapoor,F,12,Chennai,Niva Bupa,B+
PT04314,Priya Patil,M,19,Jaipur,Care Health,A+
PT04315,Sanjay Verma,F,71,Mumbai,HDFC Ergo,B+
PT04316,Rohit Sharma,F,46,Chennai,Care Health,O+
PT04317,Karthik Gupta,F,6,Lucknow,Star Health,O+
PT04318,Amit Malhotra,F,56,Pune,Self Pay,O+
PT04319,Arjun Verma,M,50,Kolkata,Self Pay,O-
PT04320,Pooja Kapoor,M,66,Jaipur,Care Health,AB-
PT04321,Sanjay Joshi,F,79,Lucknow,HDFC Ergo,A-
PT04322,Arjun Gupta,M,54,Bangalore,HDFC Ergo,A+
PT04323,Amit Rao,M,72,Pune,Star Health,O+
PT04324,Meera Pillai,F,86,Ahmedabad,Star Health,A+
PT04325,Arjun Malhotra,M,27,Kolkata,Star Health,O+
PT04326,Ishaan Pillai,F,32,Jaipur,HDFC Ergo,O+
PT04327,Anjali Iyer,M,34,Ahmedabad,ICICI Lombard,A+
PT04328,Divya Reddy,F,57,Bangalore,ICICI Lombard,B-
PT04329,Aditya Joshi,M,53,Ahmedabad,HDFC Ergo,A+
PT04330,Aditya Patil,M,17,Pune,Care Health,A+
PT04331,Riya Khan,F,81,Jaipur,Self Pay,AB+
PT04332,Manish Gupta,M,76,Bangalore,Niva Bupa,B+
PT04333,Neha Malhotra,M,69,Mumbai,Star Health,B-
PT04334,Vikram Reddy,F,27,Mumbai,Care Health,O-
PT04335,Pooja Bhat,F,88,Pune,Care Health,AB+
PT04336,Meera Malhotra,M,79,Pune,Niva Bupa,O-
PT04337,Riya Reddy,F,35,Chennai,ICICI Lombard,O-
PT04338,Aditya Chopra,F,19,Delhi,HDFC Ergo,O-
PT04339,Arjun Iyer,F,42,Kolkata,Self Pay,O-
PT04340,Tanvi Mehta,F,36,Jaipur,Self Pay,AB-
PT04341,Rohit Iyer,M,82,Chennai,ICICI Lombard,AB+
PT04342,Neha Das,F,42,Delhi,Self Pay,A-
PT04343,Tanvi Shah,F,55,Chennai,Niva Bupa,B-
PT04344,Rohit Shah,F,46,Kolkata,Star Health,O-
PT04345,Pooja Singh,M,79,Pune,Care Health,AB+
PT04346,Kavya Sharma,M,73,Hyderabad,Niva Bupa,B+
PT04347,Priya Rao,F,25,Mumbai,Star Health,O-
PT04348,Aditya Chopra,M,23,Chennai,HDFC Ergo,B+
PT04349,Ishaan Khan,M,40,Lucknow,HDFC Ergo,AB-
PT04350,Sanjay Das,M,73,Jaipur,Niva Bupa,AB+
PT04351,Priya Iyer,M,36,Mumbai,HDFC Ergo,B-
PT04352,Anjali Bhat,M,10,Kolkata,HDFC Ergo,AB-
PT04353,Kavya Joshi,F,52,Ahmedabad,Star Health,O-
PT04354,Manish Khan,F,54,Mumbai,Niva Bupa,B-
PT04355,Aditya Kapoor,F,6,Lucknow,Care Health,AB-
PT04356,Rohit Gupta,M,64,Bangalore,Star Health,O-
PT04357,Arjun Gupta,F,80,Lucknow,Star Health,A-
PT04358,Tanvi Kapoor,F,53,Ahmedabad,Self Pay,B+
PT04359,Ishaan Joshi,M,22,Delhi,Niva Bupa,O-
PT04360,Arjun Bhat,M,3,Ahmedabad,Care Health,O-
PT04361,Manish Bhat,M,12,Bangalore,Care Health,B+
PT04362,Pooja Khan,M,78,Kolkata,Care Health,AB-
PT04363,Ishaan Khan,F,51,Mumbai,Care Health,A+
PT04364,Meera Patil,M,86,Lucknow,Self Pay,A-
PT04365,Tanvi Malhotra,M,59,Ahmedabad,Niva Bupa,O-
PT04366,Amit Kapoor,F,39,Delhi,Niva Bupa,B+
PT04367,Manish Nair,M,55,Chennai,ICICI Lombard,B+
PT04368,Ishaan Reddy,F,85,Lucknow,Care Health,O+
PT04369,Karthik Bose,F,45,Pune,Niva Bupa,A+
PT04370,Meera Sharma,F,42,Chennai,Self Pay,O+
PT04371,Arjun Singh,M,56,Jaipur,Care Health,AB-
PT04372,Sneha Patil,F,73,Bangalore,HDFC Ergo,A+
PT04373,Aditya Khan,M,63,Pune,Self Pay,B-
PT04374,Anjali Rao,F,27,Kolkata,ICICI Lombard,AB-
PT04375,Karthik Rao,M,85,Mumbai,Star Health,A-
PT04376,Manish Khan,F,59,Hyderabad,Niva Bupa,O+
PT04377,Kavya Iyer,F,89,Jaipur,Care Health,B+
PT04378,Neha Joshi,F,60,Jaipur,Niva Bupa,AB+
PT04379,Rohit Rao,M,44,Chennai,Self Pay,AB-
PT04380,Anjali Rao,F,69,Kolkata,Self Pay,O-
PT04381,Karthik Nair,F,20,Hyderabad,HDFC Ergo,O-
PT04382,Divya Joshi,M,87,Lucknow,Niva Bupa,AB-
PT04383,Tanvi Singh,F,47,Jaipur,Star Health,AB+
PT04384,Sanjay Verma,M,68,Chennai,Self Pay,A-
PT04385,Arjun Das,M,31,Hyderabad,Self Pay,O+
PT04386,Karthik Sharma,F,3,Ahmedabad,Star Health,O+
PT04387,Sanjay Pillai,F,82,Delhi,Niva Bupa,AB-
PT04388,Aditya Chopra,M,38,Delhi,ICICI Lombard,O-
PT04389,Manish Pillai,F,6,Jaipur,Self Pay,B-
PT04390,Meera Singh,F,52,Mumbai,Star Health,AB-
PT04391,Rahul Nair,F,13,Mumbai,Star Health,AB-
PT04392,Divya Shah,M,85,Mumbai,Star Health,AB-
PT04393,Priya Gupta,F,74,Chennai,ICICI Lombard,A+
PT04394,Meera Bhat,F,77,Bangalore,ICICI Lombard,O-
PT04395,Manish Rao,F,20,Delhi,Self Pay,O-
PT04396,Aditya Reddy,F,57,Pune,Self Pay,B-
PT04397,Divya Nair,F,63,Hyderabad,Niva Bupa,O-
PT04398,Ishaan Shah,F,6,Ahmedabad,Star Health,AB-
PT04399,Vikram Kapoor,M,35,Delhi,HDFC Ergo,B-
PT04400,Divya Rao,M,79,Mumbai,Star Health,O+
PT04401,Arjun Verma,F,40,Bangalore,Care Health,O+
PT04402,Tanvi Reddy,F,52,Hyderabad,Niva Bupa,AB-
PT04403,Aditya Das,F,9,Chennai,ICICI Lombard,A+
PT04404,Arjun Sharma,M,59,Hyderabad,Niva Bupa,AB+
PT04405,Divya Bhat,M,50,Mumbai,ICICI Lombard,B+
PT04406,Manish Mehta,F,31,Ahmedabad,ICICI Lombard,O+
PT04407,Amit Kapoor,F,55,Lucknow,Star Health,A-
PT04408,Vikram Kapoor,M,22,Delhi,Niva Bupa,B+
PT04409,Manish Mehta,F,11,Delhi,ICICI Lombard,AB-
PT04410,Riya Pillai,M,43,Lucknow,Niva Bupa,AB+
PT04411,Manish Bose,F,81,Chennai,Care Health,O-
PT04412,Arjun Mehta,F,88,Kolkata,Niva Bupa,O+
PT04413,Amit Rao,M,89,Jaipur,Self Pay,O-
PT04414,Amit Nair,F,58,Hyderabad,ICICI Lombard,A+
PT04415,Manish Kapoor,M,27,Jaipur,Self Pay,A-
PT04416,Aditya Nair,F,55,Jaipur,Niva Bupa,A-
PT04417,Riya Khan,F,11,Chennai,Care Health,B+
PT04418,Neha Sharma,M,34,Jaipur,HDFC Ergo,B-
PT04419,Kavya Patil,F,8,Delhi,Star Health,B+
PT04420,Karthik Mehta,M,50,Mumbai,HDFC Ergo,A+
PT04421,Ishaan Chopra,F,38,Ahmedabad,Care Health,A+
PT04422,Aditya Sharma,F,85,Ahmedabad,Care Health,A-
PT04423,Riya Reddy,F,49,Bangalore,Self Pay,O-
PT04424,Rahul Chopra,F,84,Ahmedabad,Self Pay,A-
PT04425,Pooja Mehta,M,64,Bangalore,Star Health,O+
PT04426,Riya Malhotra,F,72,Mumbai,Self Pay,O+
PT04427,Sneha Malhotra,F,74,Hyderabad,Star Health,B-
PT04428,Neha Gupta,F,84,Kolkata,Care Health,O+
PT04429,Tanvi Das,F,39,Delhi,ICICI Lombard,A-
PT04430,Sanjay Verma,F,88,Hyderabad,ICICI Lombard,A+
PT04431,Sanjay Khan,M,73,Ahmedabad,Self Pay,A+
PT04432,Kavya Singh,M,44,Delhi,Self Pay,AB-
PT04433,Priya Rao,M,48,Jaipur,ICICI Lombard,A-
PT04434,Arjun Gupta,M,75,Pune,Care Health,A+
PT04435,Karthik Khan,M,16,Kolkata,HDFC Ergo,A-
PT04436,Tanvi Reddy,F,18,Kolkata,HDFC Ergo,AB+
PT04437,Rahul Kapoor,M,15,Pune,ICICI Lombard,A+
PT04438,Riya Malhotra,F,47,Chennai,ICICI Lombard,A+
PT04439,Vikram Shah,M,26,Kolkata,ICICI Lombard,B-
PT04440,Ishaan Singh,M,88,Lucknow,Self Pay,A-
PT04441,Rahul Das,F,58,Hyderabad,Niva Bupa,A-
PT04442,Meera Singh,F,33,Pune,ICICI Lombard,B-
PT04443,Divya Rao,M,21,Delhi,Niva Bupa,A+
PT04444,Amit Kapoor,M,25,Delhi,ICICI Lombard,O-
PT04445,Divya Malhotra,F,73,Lucknow,Star Health,B-
PT04446,Manish Shah,F,13,Ahmedabad,Care Health,A-
PT04447,Meera Sharma,M,5,Kolkata,Care Health,AB-
PT04448,Priya Pillai,F,10,Bangalore,Niva Bupa,AB+
PT04449,Rahul Patil,M,51,Chennai,ICICI Lombard,B-
PT04450,Riya Pillai,F,27,Hyderabad,Care Health,AB+
PT04451,Riya Khan,M,72,Ahmedabad,Care Health,AB-
PT04452,Karthik Das,M,2,Pune,Niva Bupa,B-
PT04453,Anjali Patil,F,87,Hyderabad,Star Health,AB-
PT04454,Kavya Verma,M,29,Bangalore,Niva Bupa,AB+
PT04455,Karthik Patil,F,34,Kolkata,Star Health,A+
PT04456,Anjali Bhat,F,69,Mumbai,ICICI Lombard,O+
PT04457,Karthik Nair,M,70,Delhi,Niva Bupa,AB+
PT04458,Rahul Patil,F,21,Ahmedabad,Star Health,AB-
PT04459,Tanvi Pillai,F,75,Chennai,Care Health,AB+
PT04460,Sneha Rao,M,7,Ahmedabad,ICICI Lombard,AB-
PT04461,Sanjay Singh,F,47,Chennai,Self Pay,O-
PT04462,Pooja Patil,F,20,Jaipur,ICICI Lombard,AB-
PT04463,Vikram Mehta,F,88,Lucknow,HDFC Ergo,O+
PT04464,Ishaan Patil,F,88,Mumbai,HDFC Ergo,A+
PT04465,Tanvi Malhotra,F,88,Pune,ICICI Lombard,O-
PT04466,Pooja Sharma,F,49,Lucknow,Self Pay,B+
PT04467,Pooja Iyer,M,67,Bangalore,Care Health,AB-
PT04468,Priya Shah,F,57,Ahmedabad,Care Health,O-
PT04469,Karthik Verma,M,73,Lucknow,Care Health,B+
PT04470,Sanjay Reddy,F,60,Lucknow,HDFC Ergo,AB-
PT04471,Amit Iyer,M,57,Hyderabad,Niva Bupa,A-
PT04472,Vikram Bhat,F,23,Bangalore,Self Pay,A+
PT04473,Pooja Bhat,M,37,Hyderabad,HDFC Ergo,B-
PT04474,Arjun Reddy,M,19,Hyderabad,ICICI Lombard,B-
PT04475,Rohit Khan,F,3,Pune,Self Pay,A+
PT04476,Sanjay Pillai,F,30,Mumbai,Care Health,O-
PT04477,Vikram Nair,F,57,Jaipur,Care Health,O-
PT04478,Vikram Shah,F,12,Bangalore,ICICI Lombard,O-
PT04479,Kavya Chopra,M,5,Pune,Niva Bupa,O+
PT04480,Ishaan Bhat,F,37,Jaipur,Care Health,O-
PT04481,Kavya Rao,M,75,Jaipur,Star Health,O+
PT04482,Neha Joshi,F,40,Bangalore,ICICI Lombard,A+
PT04483,Manish Reddy,F,53,Chennai,HDFC Ergo,O-
PT04484,Manish Sharma,F,72,Pune,ICICI Lombard,AB-
PT04485,Riya Gupta,M,87,Bangalore,Star Health,B-
PT04486,Aditya Kapoor,M,16,Hyderabad,Star Health,AB-
PT04487,Priya Iyer,F,72,Pune,Care Health,B-
PT04488,Aditya Pillai,M,70,Ahmedabad,ICICI Lombard,AB-
PT04489,Neha Malhotra,F,26,Delhi,Niva Bupa,B+
PT04490,Anjali Pillai,F,53,Bangalore,ICICI Lombard,A-
PT04491,Meera Pillai,F,40,Chennai,Star Health,AB+
PT04492,Rahul Reddy,M,24,Jaipur,ICICI Lombard,A+
PT04493,Meera Sharma,M,42,Delhi,Self Pay,A+
PT04494,Neha Malhotra,F,40,Kolkata,Self Pay,A-
PT04495,Vikram Sharma,M,88,Bangalore,Self Pay,A+
PT04496,Amit Chopra,F,39,Kolkata,Niva Bupa,A-
PT04497,Sanjay Khan,F,80,Bangalore,Self Pay,A-
PT04498,Priya Khan,F,54,Bangalore,Care Health,O-
PT04499,Rahul Rao,F,22,Pune,Self Pay,AB-
PT04500,Rohit Khan,M,7,Hyderabad,Self Pay,AB+
PT04501,Priya Chopra,F,38,Jaipur,HDFC Ergo,B-
PT04502,Rahul Pillai,F,65,Ahmedabad,HDFC Ergo,B-
PT04503,Riya Nair,F,69,Mumbai,Care Health,A+
PT04504,Amit Khan,F,58,Lucknow,HDFC Ergo,B-
PT04505,Vikram Gupta,F,10,Chennai,Self Pay,O-
PT04506,Ishaan Rao,F,1,Delhi,Niva Bupa,A+
PT04507,Sneha Pillai,F,64,Lucknow,Care Health,B+
PT04508,Rahul Shah,M,45,Delhi,ICICI Lombard,B+
PT04509,Priya Rao,M,71,Kolkata,HDFC Ergo,B-
PT04510,Kavya Kapoor,F,1,Chennai,ICICI Lombard,B-
PT04511,Meera Pillai,F,65,Bangalore,ICICI Lombard,A-
PT04512,Manish Bhat,F,42,Delhi,Star Health,AB+
PT04513,Arjun Shah,F,11,Chennai,ICICI Lombard,B+
PT04514,Rahul Bose,F,59,Chennai,Self Pay,A-
PT04515,Anjali Mehta,F,72,Ahmedabad,HDFC Ergo,AB+
PT04516,Neha Gupta,M,45,Lucknow,Star Health,B-
PT04517,Amit Mehta,F,84,Lucknow,Care Health,AB-
PT04518,Kavya Das,F,62,Bangalore,Niva Bupa,O+
PT04519,Arjun Singh,M,81,Kolkata,Niva Bupa,AB-
PT04520,Ishaan Chopra,M,78,Pune,Niva Bupa,AB-
PT04521,Sneha Patil,F,40,Hyderabad,ICICI Lombard,A+
PT04522,Neha Shah,M,29,Chennai,ICICI Lombard,A+
PT04523,Anjali Kapoor,F,61,Lucknow,Care Health,A+
PT04524,Rahul Verma,F,2,Lucknow,Star Health,AB+
PT04525,Divya Chopra,M,62,Pune,HDFC Ergo,O+
PT04526,Neha Gupta,F,89,Bangalore,HDFC Ergo,O-
PT04527,Rohit Shah,M,5,Hyderabad,Care Health,B-
PT04528,Priya Shah,M,35,Mumbai,Star Health,O-
PT04529,Vikram Bose,M,14,Delhi,Care Health,B+
PT04530,Neha Gupta,F,9,Chennai,Care Health,O-
PT04531,Pooja Pillai,M,2,Delhi,ICICI Lombard,O+
PT04532,Vikram Shah,M,28,Kolkata,ICICI Lombard,O+
PT04533,Karthik Singh,M,21,Lucknow,ICICI Lombard,B-
PT04534,Manish Shah,F,88,Pune,Self Pay,AB-
PT04535,Meera Iyer,F,32,Lucknow,Star Health,B+
PT04536,Neha Das,M,39,Ahmedabad,Self Pay,B-
PT04537,Sanjay Patil,M,6,Hyderabad,HDFC Ergo,A+
PT04538,Aditya Verma,M,56,Chennai,Care Health,AB+
PT04539,Amit Singh,F,19,Ahmedabad,ICICI Lombard,AB-
PT04540,Kavya Patil,F,34,Mumbai,Self Pay,O+
PT04541,Neha Reddy,M,52,Lucknow,Care Health,B+
PT04542,Priya Das,F,47,Chennai,ICICI Lombard,B-
PT04543,Tanvi Nair,F,30,Lucknow,Care Health,A+
PT04544,Rohit Patil,M,86,Lucknow,HDFC Ergo,O-
PT04545,Neha Malhotra,F,72,Hyderabad,Niva Bupa,AB-
PT04546,Arjun Reddy,M,29,Hyderabad,Star Health,AB-
PT04547,Kavya Khan,F,32,Hyderabad,Star Health,B+
PT04548,Kavya Das,F,13,Bangalore,HDFC Ergo,O+
PT04549,Meera Khan,M,82,Lucknow,ICICI Lombard,O-
PT04550,Arjun Bose,M,8,Hyderabad,HDFC Ergo,O-
PT04551,Priya Patil,M,52,Mumbai,HDFC Ergo,B-
PT04552,Vikram Patil,M,4,Ahmedabad,Self Pay,A-
PT04553,Divya Joshi,F,69,Ahmedabad,Star Health,O+
PT04554,Priya Khan,M,20,Chennai,Niva Bupa,AB+
PT04555,Anjali Iyer,M,76,Lucknow,HDFC Ergo,O-
PT04556,Divya Iyer,M,42,Hyderabad,ICICI Lombard,A+
PT04557,Meera Malhotra,M,76,Delhi,HDFC Ergo,O-
PT04558,Rahul Joshi,M,89,Chennai,ICICI Lombard,O+
PT04559,Amit Shah,F,15,Kolkata,Self Pay,AB-
PT04560,Manish Joshi,F,16,Pune,Care Health,B-
PT04561,Neha Malhotra,M,36,Pune,HDFC Ergo,A+
PT04562,Pooja Rao,F,18,Delhi,Self Pay,O-
PT04563,Pooja Reddy,F,17,Mumbai,Star Health,AB-
PT04564,Pooja Iyer,F,6,Chennai,HDFC Ergo,A+
PT04565,Manish Shah,F,65,Kolkata,Self Pay,AB+
PT04566,Tanvi Bose,F,10,Chennai,HDFC Ergo,B-
PT04567,Pooja Sharma,M,76,Mumbai,Star Health,A+
PT04568,Amit Singh,F,13,Mumbai,Self Pay,B-
PT04569,Tanvi Kapoor,F,66,Jaipur,ICICI Lombard,A-
PT04570,Riya Shah,M,5,Chennai,Care Health,A-
PT04571,Sanjay Reddy,M,53,Jaipur,Care Health,O-
PT04572,Amit Malhotra,F,54,Lucknow,Star Health,O-
PT04573,Priya Pillai,F,43,Pune,ICICI Lombard,B+
PT04574,Sanjay Chopra,M,68,Mumbai,Star Health,AB-
PT04575,Vikram Chopra,M,1,Jaipur,Star Health,O+
PT04576,Karthik Kapoor,M,59,Hyderabad,Niva Bupa,AB+
PT04577,Anjali Sharma,F,67,Hyderabad,Self Pay,A+
PT04578,Riya Reddy,M,52,Lucknow,Care Health,O-
PT04579,Sneha Khan,F,37,Lucknow,ICICI Lombard,B-
PT04580,Pooja Bose,M,34,Pune,Care Health,O+
PT04581,Aditya Verma,F,49,Jaipur,ICICI Lombard,AB+
PT04582,Karthik Joshi,M,72,Kolkata,Care Health,A-
PT04583,Amit Das,F,46,Pune,Star Health,O-
PT04584,Tanvi Joshi,F,27,Chennai,HDFC Ergo,A-
PT04585,Ishaan Verma,F,27,Lucknow,HDFC Ergo,A+
PT04586,Priya Kapoor,F,68,Kolkata,Care Health,O-
PT04587,Arjun Reddy,F,62,Ahmedabad,HDFC Ergo,A+
PT04588,Arjun Rao,F,64,Jaipur,Care Health,A-
PT04589,Aditya Mehta,F,14,Kolkata,Niva Bupa,AB-
PT04590,Vikram Sharma,M,19,Chennai,Self Pay,A+
PT04591,Vikram Joshi,F,44,Kolkata,Star Health,A+
PT04592,Manish Singh,M,65,Mumbai,Self Pay,B-
PT04593,Aditya Chopra,F,81,Ahmedabad,HDFC Ergo,AB-
PT04594,Vikram Singh,F,13,Pune,HDFC Ergo,A+
PT04595,Arjun Singh,M,68,Hyderabad,Self Pay,A+
PT04596,Rahul Sharma,M,38,Hyderabad,Niva Bupa,B+
PT04597,Tanvi Singh,M,3,Ahmedabad,Self Pay,O+
PT04598,Sneha Bose,F,41,Chennai,Care Health,AB+
PT04599,Vikram Malhotra,F,89,Hyderabad,Niva Bupa,A-
PT04600,Ishaan Shah,F,21,Bangalore,Niva Bupa,B+
PT04601,Karthik Patil,F,8,Mumbai,HDFC Ergo,B+
PT04602,Kavya Verma,M,29,Chennai,Star Health,O-
PT04603,Sanjay Bose,F,14,Bangalore,Niva Bupa,A-
PT04604,Divya Malhotra,M,34,Delhi,ICICI Lombard,B+
PT04605,Ishaan Sharma,F,9,Pune,Care Health,AB+
PT04606,Priya Bhat,M,24,Hyderabad,ICICI Lombard,B+
PT04607,Meera Malhotra,F,36,Ahmedabad,Self Pay,A+
PT04608,Aditya Bhat,F,25,Pune,Star Health,O-
PT04609,Vikram Chopra,F,79,Kolkata,ICICI Lombard,O+
PT04610,Anjali Singh,M,2,Bangalore,HDFC Ergo,O+
PT04611,Riya Kapoor,F,69,Jaipur,Care Health,B-
PT04612,Amit Reddy,F,31,Ahmedabad,Star Health,O+
PT04613,Divya Verma,M,10,Delhi,ICICI Lombard,A+
PT04614,Vikram Gupta,F,81,Lucknow,Star Health,O+
PT04615,Sneha Shah,M,86,Lucknow,Care Health,A+
PT04616,Sanjay Iyer,M,34,Ahmedabad,Star Health,A-
PT04617,Sneha Pillai,M,41,Pune,Self Pay,B+
PT04618,Anjali Chopra,F,72,Jaipur,Self Pay,B-
PT04619,Anjali Iyer,M,29,Chennai,Star Health,O+
PT04620,Amit Nair,M,67,Delhi,Star Health,A-
PT04621,Anjali Sharma,F,11,Hyderabad,HDFC Ergo,O-
PT04622,Sneha Bose,M,40,Chennai,Care Health,A+
PT04623,Ishaan Joshi,F,1,Lucknow,Self Pay,O+
PT04624,Priya Gupta,F,13,Chennai,Self Pay,AB-
PT04625,Ishaan Nair,M,3,Hyderabad,Star Health,O+
PT04626,Divya Gupta,F,41,Ahmedabad,HDFC Ergo,B+
PT04627,Karthik Patil,F,77,Chennai,Star Health,AB-
PT04628,Rohit Sharma,M,28,Ahmedabad,Niva Bupa,O+
PT04629,Tanvi Pillai,F,1,Lucknow,HDFC Ergo,B-
PT04630,Tanvi Rao,M,51,Lucknow,Niva Bupa,A-
PT04631,Neha Gupta,F,10,Mumbai,Care Health,A+
PT04632,Kavya Mehta,F,58,Kolkata,HDFC Ergo,A-
PT04633,Riya Verma,F,63,Pune,HDFC Ergo,A-
PT04634,Priya Iyer,M,69,Lucknow,Care Health,O-
PT04635,Anjali Das,M,22,Kolkata,HDFC Ergo,AB+
PT04636,Priya Gupta,F,3,Mumbai,Niva Bupa,AB-
PT04637,Anjali Malhotra,F,60,Lucknow,Niva Bupa,AB+
PT04638,Aditya Malhotra,F,66,Chennai,ICICI Lombard,A-
PT04639,Karthik Sharma,M,52,Delhi,Star Health,A+
PT04640,Karthik Bose,M,10,Ahmedabad,Care Health,B-
PT04641,Meera Patil,F,77,Hyderabad,HDFC Ergo,A+
PT04642,Karthik Malhotra,M,15,Delhi,Care Health,A-
PT04643,Aditya Das,M,5,Chennai,ICICI Lombard,A+
PT04644,Neha Iyer,F,37,Chennai,Star Health,O-
PT04645,Manish Pillai,F,58,Chennai,HDFC Ergo,B-
PT04646,Kavya Malhotra,F,85,Lucknow,Self Pay,AB+
PT04647,Manish Joshi,M,30,Lucknow,Star Health,AB-
PT04648,Rahul Nair,M,47,Hyderabad,Star Health,A+
PT04649,Anjali Shah,M,50,Pune,Niva Bupa,B-
PT04650,Sanjay Rao,F,83,Ahmedabad,HDFC Ergo,A-
PT04651,Karthik Nair,F,55,Bangalore,Niva Bupa,AB-
PT04652,Vikram Nair,F,68,Pune,Niva Bupa,B-
PT04653,Tanvi Kapoor,F,85,Pune,ICICI Lombard,AB-
PT04654,Amit Khan,M,31,Chennai,ICICI Lombard,B-
PT04655,Sneha Chopra,F,57,Mumbai,Care Health,A+
PT04656,Divya Joshi,M,62,Hyderabad,Niva Bupa,AB-
PT04657,Tanvi Kapoor,M,16,Pune,HDFC Ergo,O-
PT04658,Rahul Gupta,M,48,Chennai,Care Health,O+
PT04659,Sanjay Nair,F,2,Delhi,Niva Bupa,O-
PT04660,Divya Chopra,M,30,Lucknow,Self Pay,B-
PT04661,Rohit Kapoor,F,13,Jaipur,Care Health,AB+
PT04662,Aditya Kapoor,F,42,Bangalore,ICICI Lombard,A+
PT04663,Manish Sharma,M,50,Mumbai,Star Health,A+
PT04664,Amit Rao,M,11,Kolkata,Care Health,A-
PT04665,Pooja Iyer,F,25,Jaipur,Niva Bupa,O+
PT04666,Tanvi Malhotra,M,18,Delhi,HDFC Ergo,A+
PT04667,Priya Bhat,M,84,Hyderabad,ICICI Lombard,O+
PT04668,Sanjay Pillai,M,88,Jaipur,Care Health,AB-
PT04669,Vikram Nair,M,10,Mumbai,Niva Bupa,O+
PT04670,Ishaan Rao,F,87,Ahmedabad,Self Pay,B-
PT04671,Pooja Joshi,F,54,Delhi,ICICI Lombard,B+
PT04672,Vikram Iyer,M,18,Mumbai,Care Health,B-
PT04673,Amit Malhotra,F,37,Delhi,Care Health,AB+
PT04674,Amit Reddy,M,20,Hyderabad,Care Health,O+
PT04675,Sneha Das,M,55,Jaipur,HDFC Ergo,O-
PT04676,Tanvi Pillai,M,53,Ahmedabad,Care Health,O+
PT04677,Rahul Reddy,M,29,Lucknow,Self Pay,A-
PT04678,Aditya Reddy,M,44,Bangalore,ICICI Lombard,B+
PT04679,Sanjay Bose,M,23,Pune,ICICI Lombard,B-
PT04680,Karthik Pillai,F,78,Lucknow,ICICI Lombard,O-
PT04681,Neha Mehta,F,24,Lucknow,Care Health,O+
PT04682,Rohit Singh,F,32,Pune,Self Pay,AB+
PT04683,Ishaan Rao,M,10,Chennai,HDFC Ergo,B-
PT04684,Priya Das,F,4,Lucknow,Self Pay,A+
PT04685,Manish Bhat,F,62,Delhi,Niva Bupa,O-
PT04686,Divya Shah,M,82,Pune,Self Pay,B+
PT04687,Meera Malhotra,F,79,Mumbai,HDFC Ergo,O-
PT04688,Aditya Rao,M,3,Chennai,Care Health,B-
PT04689,Karthik Mehta,M,53,Bangalore,Self Pay,AB+
PT04690,Sanjay Sharma,M,19,Hyderabad,Niva Bupa,O+
PT04691,Amit Bhat,M,23,Lucknow,Niva Bupa,O-
PT04692,Tanvi Pillai,F,60,Hyderabad,Self Pay,AB-
PT04693,Aditya Nair,F,63,Lucknow,Niva Bupa,O-
PT04694,Amit Pillai,M,33,Ahmedabad,Niva Bupa,A-
PT04695,Amit Iyer,F,87,Hyderabad,Care Health,AB-
PT04696,Rahul Nair,F,19,Kolkata,Care Health,AB-
PT04697,Pooja Rao,M,21,Kolkata,ICICI Lombard,O+
PT04698,Neha Nair,M,4,Mumbai,ICICI Lombard,A+
PT04699,Divya Gupta,M,5,Jaipur,Self Pay,B+
PT04700,Aditya Mehta,F,82,Jaipur,HDFC Ergo,AB-
PT04701,Kavya Mehta,M,6,Ahmedabad,Self Pay,B-
PT04702,Amit Mehta,F,30,Pune,Niva Bupa,O+
PT04703,Riya Joshi,M,24,Mumbai,Care Health,B+
PT04704,Rahul Iyer,F,3,Jaipur,Niva Bupa,B+
PT04705,Riya Chopra,F,87,Delhi,Care Health,B+
PT04706,Meera Shah,F,27,Pune,Niva Bupa,A-
PT04707,Neha Shah,F,46,Kolkata,Star Health,A+
PT04708,Rahul Joshi,M,5,Jaipur,Star Health,O+
PT04709,Riya Khan,M,17,Pune,HDFC Ergo,B-
PT04710,Priya Sharma,M,54,Mumbai,Care Health,B+
PT04711,Vikram Reddy,F,5,Bangalore,Self Pay,B-
PT04712,Rahul Nair,F,88,Bangalore,Self Pay,O+
PT04713,Arjun Bose,F,27,Lucknow,Star Health,AB+
PT04714,Aditya Kapoor,M,78,Delhi,Care Health,AB+
PT04715,Kavya Rao,F,55,Lucknow,Care Health,AB-
PT04716,Anjali Sharma,M,27,Mumbai,Niva Bupa,O-
PT04717,Rohit Khan,M,3,Pune,Star Health,AB+
PT04718,Sanjay Khan,F,1,Mumbai,Self Pay,O+
PT04719,Anjali Patil,M,13,Kolkata,Self Pay,A-
PT04720,Meera Das,F,19,Lucknow,Care Health,B+
PT04721,Ishaan Sharma,M,38,Delhi,Star Health,O-
PT04722,Rahul Patil,M,84,Lucknow,Care Health,AB+
PT04723,Sneha Nair,M,43,Bangalore,Self Pay,O-
PT04724,Divya Mehta,M,21,Bangalore,Self Pay,A+
PT04725,Manish Malhotra,M,59,Ahmedabad,Self Pay,O+
PT04726,Kavya Joshi,F,8,Chennai,Care Health,AB+
PT04727,Neha Patil,M,77,Kolkata,Star Health,A-
PT04728,Amit Rao,F,21,Kolkata,Niva Bupa,AB+
PT04729,Neha Bose,F,70,Jaipur,ICICI Lombard,B+
PT04730,Sanjay Verma,M,11,Ahmedabad,Niva Bupa,A+
PT04731,Kavya Sharma,F,46,Jaipur,ICICI Lombard,A+
PT04732,Aditya Chopra,M,70,Pune,Star Health,O+
PT04733,Vikram Mehta,M,48,Kolkata,Self Pay,O+
PT04734,Divya Shah,M,6,Kolkata,Self Pay,O-
PT04735,Aditya Das,F,42,Ahmedabad,Care Health,A-
PT04736,Sneha Nair,F,76,Jaipur,HDFC Ergo,A+
PT04737,Anjali Patil,F,53,Bangalore,Care Health,O+
PT04738,Manish Rao,M,50,Mumbai,ICICI Lombard,O-
PT04739,Ishaan Pillai,F,5,Delhi,Niva Bupa,B+
PT04740,Neha Rao,M,26,Pune,Self Pay,AB+
PT04741,Priya Sharma,M,35,Ahmedabad,Care Health,A-
PT04742,Vikram Malhotra,M,1,Ahmedabad,Niva Bupa,AB+
PT04743,Sneha Rao,M,74,Lucknow,Self Pay,AB-
PT04744,Aditya Shah,M,60,Delhi,Self Pay,O-
PT04745,Sanjay Verma,M,28,Jaipur,Self Pay,AB-
PT04746,Riya Malhotra,F,19,Jaipur,Niva Bupa,AB+
PT04747,Ishaan Rao,F,31,Lucknow,Care Health,AB+
PT04748,Kavya Verma,M,83,Mumbai,Care Health,B-
PT04749,Meera Pillai,F,79,Lucknow,ICICI Lombard,O+
PT04750,Rohit Patil,F,88,Chennai,Niva Bupa,O+
PT04751,Sneha Verma,F,52,Lucknow,HDFC Ergo,AB+
PT04752,Vikram Gupta,F,37,Hyderabad,Niva Bupa,AB-
PT04753,Divya Pillai,M,89,Pune,Star Health,O+
PT04754,Kavya Patil,M,79,Jaipur,Niva Bupa,A+
PT04755,Karthik Shah,F,47,Jaipur,Niva Bupa,AB-
PT04756,Ishaan Reddy,F,43,Pune,Self Pay,A-
PT04757,Sanjay Chopra,F,28,Chennai,Self Pay,A+
PT04758,Meera Nair,M,57,Delhi,Self Pay,AB-
PT04759,Karthik Gupta,M,88,Hyderabad,Niva Bupa,A+
PT04760,Rahul Chopra,M,50,Lucknow,HDFC Ergo,B+
PT04761,Arjun Nair,F,37,Mumbai,HDFC Ergo,B-
PT04762,Pooja Pillai,F,17,Jaipur,Niva Bupa,A+
PT04763,Neha Reddy,M,18,Pune,Niva Bupa,B-
PT04764,Neha Bose,M,41,Kolkata,Star Health,O+
PT04765,Tanvi Bose,M,34,Lucknow,Self Pay,A+
PT04766,Arjun Kapoor,M,32,Chennai,Care Health,AB-
PT04767,Amit Singh,F,79,Kolkata,Star Health,B-
PT04768,Divya Patil,F,45,Ahmedabad,Star Health,B+
PT04769,Priya Verma,F,15,Ahmedabad,Niva Bupa,A-
PT04770,Arjun Das,F,34,Kolkata,ICICI Lombard,O+
PT04771,Meera Gupta,M,21,Delhi,ICICI Lombard,B-
PT04772,Tanvi Iyer,M,62,Mumbai,Care Health,O-
PT04773,Rahul Bose,F,14,Bangalore,HDFC Ergo,B+
PT04774,Riya Reddy,M,47,Pune,Niva Bupa,O+
PT04775,Pooja Bhat,F,32,Mumbai,Niva Bupa,O-
PT04776,Divya Patil,F,75,Kolkata,Star Health,B+
PT04777,Pooja Nair,F,55,Mumbai,Care Health,AB-
PT04778,Meera Bhat,F,28,Hyderabad,Self Pay,B+
PT04779,Meera Das,M,74,Lucknow,Star Health,O+
PT04780,Pooja Verma,M,67,Bangalore,Self Pay,B-
PT04781,Sanjay Pillai,F,85,Bangalore,Care Health,A+
PT04782,Neha Mehta,M,8,Lucknow,Care Health,O-
PT04783,Manish Sharma,F,14,Ahmedabad,ICICI Lombard,A+
PT04784,Pooja Bose,M,9,Kolkata,Self Pay,A-
PT04785,Neha Verma,M,27,Lucknow,HDFC Ergo,O+
PT04786,Anjali Shah,M,59,Pune,ICICI Lombard,AB-
PT04787,Neha Rao,F,24,Delhi,ICICI Lombard,B-
PT04788,Kavya Reddy,M,77,Bangalore,ICICI Lombard,AB+
PT04789,Tanvi Kapoor,M,1,Kolkata,HDFC Ergo,A+
PT04790,Meera Iyer,M,23,Pune,Star Health,A+
PT04791,Riya Kapoor,M,66,Hyderabad,Self Pay,AB-
PT04792,Karthik Khan,M,59,Mumbai,Niva Bupa,O+
PT04793,Tanvi Bhat,F,63,Jaipur,ICICI Lombard,AB-
PT04794,Neha Bhat,M,8,Pune,HDFC Ergo,B+
PT04795,Neha Malhotra,M,11,Bangalore,Care Health,A+
PT04796,Anjali Khan,F,54,Kolkata,ICICI Lombard,O-
PT04797,Vikram Khan,F,53,Mumbai,ICICI Lombard,AB+
PT04798,Rahul Das,F,57,Bangalore,Self Pay,O+
PT04799,Manish Mehta,F,60,Hyderabad,Care Health,AB-
PT04800,Rohit Chopra,F,71,Jaipur,Niva Bupa,A+
PT04801,Karthik Sharma,F,54,Kolkata,Care Health,AB-
PT04802,Karthik Verma,F,12,Bangalore,ICICI Lombard,AB-
PT04803,Vikram Bhat,F,20,Pune,ICICI Lombard,A+
PT04804,Tanvi Kapoor,M,52,Delhi,Self Pay,AB+
PT04805,Rohit Rao,F,4,Mumbai,Niva Bupa,B-
PT04806,Meera Iyer,F,5,Kolkata,Care Health,AB+
PT04807,Riya Malhotra,M,26,Delhi,Self Pay,AB+
PT04808,Sanjay Singh,F,74,Kolkata,Self Pay,A-
PT04809,Vikram Bose,M,16,Bangalore,Niva Bupa,B+
PT04810,Riya Joshi,M,48,Chennai,Star Health,AB+
PT04811,Rahul Iyer,M,79,Jaipur,Self Pay,O+
PT04812,Riya Sharma,F,1,Delhi,Care Health,A+
PT04813,Ishaan Gupta,F,14,Kolkata,HDFC Ergo,A+
PT04814,Meera Bose,M,8,Ahmedabad,Niva Bupa,A+
PT04815,Anjali Reddy,M,55,Jaipur,ICICI Lombard,O-
PT04816,Karthik Shah,F,58,Bangalore,Self Pay,O+
PT04817,Pooja Iyer,M,42,Delhi,Star Health,A+
PT04818,Aditya Sharma,M,87,Ahmedabad,Star Health,A-
PT04819,Meera Bhat,F,4,Bangalore,Star Health,O-
PT04820,Priya Kapoor,F,86,Chennai,ICICI Lombard,AB-
PT04821,Neha Reddy,M,5,Delhi,Star Health,B+
PT04822,Tanvi Chopra,F,80,Lucknow,Care Health,O+
PT04823,Karthik Patil,M,77,Pune,Niva Bupa,AB-
PT04824,Anjali Khan,M,45,Bangalore,Care Health,O+
PT04825,Neha Verma,F,11,Pune,Niva Bupa,A-
PT04826,Divya Nair,F,38,Mumbai,Self Pay,O-
PT04827,Amit Nair,M,59,Lucknow,HDFC Ergo,AB-
PT04828,Pooja Gupta,F,49,Jaipur,Star Health,AB+
PT04829,Rahul Malhotra,F,44,Ahmedabad,Star Health,AB-
PT04830,Anjali Shah,M,47,Jaipur,Niva Bupa,AB+
PT04831,Ishaan Malhotra,M,36,Chennai,ICICI Lombard,A+
PT04832,Ishaan Verma,M,44,Jaipur,Care Health,B+
PT04833,Anjali Verma,F,57,Chennai,Niva Bupa,O-
PT04834,Rahul Pillai,F,27,Bangalore,Niva Bupa,O-
PT04835,Kavya Patil,M,57,Lucknow,Star Health,A-
PT04836,Sneha Iyer,M,67,Kolkata,Self Pay,A-
PT04837,Riya Khan,F,87,Pune,ICICI Lombard,O-
PT04838,Tanvi Reddy,M,10,Hyderabad,Niva Bupa,AB+
PT04839,Sneha Malhotra,M,7,Ahmedabad,Self Pay,B-
PT04840,Rohit Bhat,M,6,Bangalore,HDFC Ergo,AB+
PT04841,Rohit Kapoor,F,79,Ahmedabad,Self Pay,B+
PT04842,Rahul Patil,F,38,Jaipur,HDFC Ergo,AB-
PT04843,Riya Rao,M,9,Chennai,Care Health,O+
PT04844,Tanvi Bhat,F,58,Chennai,Care Health,A+
PT04845,Anjali Mehta,M,59,Delhi,Care Health,O+
PT04846,Meera Mehta,M,34,Pune,Star Health,AB-
PT04847,Neha Chopra,F,69,Mumbai,Niva Bupa,O-
PT04848,Vikram Shah,M,55,Ahmedabad,Care Health,AB-
PT04849,Aditya Bhat,F,61,Kolkata,Niva Bupa,O+
PT04850,Manish Malhotra,F,58,Chennai,Star Health,B-
PT04851,Rohit Sharma,M,79,Bangalore,Self Pay,B-
PT04852,Pooja Sharma,F,78,Pune,HDFC Ergo,AB-
PT04853,Manish Iyer,M,33,Pune,HDFC Ergo,A+
PT04854,Sneha Kapoor,F,68,Chennai,Niva Bupa,AB-
PT04855,Tanvi Reddy,F,86,Kolkata,Care Health,A-
PT04856,Amit Joshi,F,71,Pune,HDFC Ergo,B+
PT04857,Kavya Verma,F,4,Pune,Niva Bupa,O+
PT04858,Ishaan Sharma,F,30,Delhi,Care Health,A+
PT04859,Vikram Kapoor,F,82,Chennai,HDFC Ergo,B-
PT04860,Priya Nair,F,87,Bangalore,Self Pay,AB-
PT04861,Amit Bhat,F,82,Bangalore,Niva Bupa,O+
PT04862,Karthik Joshi,F,25,Delhi,Star Health,B+
PT04863,Amit Nair,M,63,Jaipur,HDFC Ergo,AB-
PT04864,Riya Verma,F,54,Delhi,Niva Bupa,O+
PT04865,Divya Shah,F,66,Pune,Care Health,B-
PT04866,Divya Das,F,38,Delhi,ICICI Lombard,A+
PT04867,Neha Bhat,M,44,Bangalore,Star Health,B+
PT04868,Ishaan Bhat,F,56,Lucknow,Star Health,O-
PT04869,Tanvi Khan,F,76,Lucknow,ICICI Lombard,O+
PT04870,Neha Bhat,M,89,Jaipur,Niva Bupa,AB-
PT04871,Priya Patil,M,6,Hyderabad,Star Health,B-
PT04872,Neha Shah,F,12,Bangalore,HDFC Ergo,B+
PT04873,Rahul Nair,F,49,Jaipur,Care Health,O+
PT04874,Vikram Bose,F,70,Pune,HDFC Ergo,AB+
PT04875,Riya Patil,M,61,Bangalore,ICICI Lombard,AB-
PT04876,Sanjay Sharma,M,20,Mumbai,ICICI Lombard,AB-
PT04877,Karthik Bhat,M,35,Ahmedabad,Star Health,A+
PT04878,Pooja Mehta,M,29,Chennai,Self Pay,O-
PT04879,Divya Chopra,M,44,Pune,HDFC Ergo,B-
PT04880,Vikram Bose,F,83,Mumbai,Star Health,O+
PT04881,Manish Nair,F,68,Kolkata,Self Pay,AB-
PT04882,Arjun Verma,M,60,Hyderabad,Self Pay,B+
PT04883,Neha Bhat,F,58,Mumbai,Niva Bupa,B+
PT04884,Rohit Verma,M,43,Kolkata,Niva Bupa,O+
PT04885,Pooja Malhotra,M,75,Ahmedabad,Care Health,A+
PT04886,Anjali Rao,M,54,Ahmedabad,ICICI Lombard,A-
PT04887,Divya Pillai,F,82,Chennai,Care Health,AB-
PT04888,Kavya Malhotra,F,44,Pune,ICICI Lombard,A+
PT04889,Anjali Khan,F,86,Pune,Care Health,B-
PT04890,Arjun Mehta,M,80,Delhi,Self Pay,B+
PT04891,Anjali Bhat,F,46,Jaipur,Care Health,AB-
PT04892,Rahul Sharma,F,21,Hyderabad,Self Pay,O+
PT04893,Manish Pillai,F,21,Pune,Niva Bupa,A+
PT04894,Meera Das,M,82,Jaipur,ICICI Lombard,O-
PT04895,Arjun Verma,M,17,Mumbai,HDFC Ergo,B-
PT04896,Aditya Malhotra,M,89,Delhi,HDFC Ergo,AB-
PT04897,Amit Gupta,M,70,Hyderabad,HDFC Ergo,O-
PT04898,Pooja Bhat,M,42,Jaipur,Star Health,A+
PT04899,Riya Sharma,M,47,Hyderabad,HDFC Ergo,AB-
PT04900,Rohit Nair,F,52,Ahmedabad,Star Health,B+
PT04901,Karthik Chopra,M,66,Ahmedabad,Star Health,O-
PT04902,Sanjay Joshi,F,85,Lucknow,Niva Bupa,AB-
PT04903,Aditya Singh,F,64,Kolkata,ICICI Lombard,O-
PT04904,Tanvi Pillai,F,48,Mumbai,Niva Bupa,O-
PT04905,Kavya Gupta,M,73,Delhi,Care Health,A-
PT04906,Anjali Malhotra,F,37,Delhi,ICICI Lombard,B-
PT04907,Tanvi Joshi,M,89,Kolkata,HDFC Ergo,O-
PT04908,Vikram Verma,F,86,Jaipur,Self Pay,B+
PT04909,Amit Gupta,F,13,Delhi,ICICI Lombard,B+
PT04910,Amit Singh,F,63,Chennai,Self Pay,O+
PT04911,Manish Kapoor,M,27,Mumbai,Self Pay,B+
PT04912,Meera Gupta,F,60,Hyderabad,Star Health,B+
PT04913,Anjali Verma,M,47,Hyderabad,HDFC Ergo,A-
PT04914,Neha Singh,F,2,Bangalore,ICICI Lombard,B-
PT04915,Pooja Reddy,F,83,Mumbai,ICICI Lombard,O+
PT04916,Amit Mehta,M,71,Mumbai,Niva Bupa,B+
PT04917,Divya Chopra,F,75,Lucknow,Star Health,A+
PT04918,Anjali Chopra,F,12,Bangalore,Self Pay,B-
PT04919,Vikram Patil,F,53,Mumbai,Star Health,A-
PT04920,Sneha Nair,F,30,Chennai,ICICI Lombard,O-
PT04921,Meera Iyer,M,28,Lucknow,Self Pay,AB+
PT04922,Neha Bose,F,70,Pune,Star Health,B+
PT04923,Meera Reddy,F,17,Delhi,Star Health,B+
PT04924,Rahul Mehta,M,27,Jaipur,Star Health,B-
PT04925,Priya Iyer,F,76,Chennai,ICICI Lombard,A+
PT04926,Neha Shah,M,72,Jaipur,Self Pay,A-
PT04927,Aditya Gupta,F,39,Kolkata,HDFC Ergo,B-
PT04928,Sneha Pillai,M,87,Lucknow,ICICI Lombard,A+
PT04929,Ishaan Kapoor,M,86,Hyderabad,HDFC Ergo,O-
PT04930,Sanjay Bhat,M,13,Ahmedabad,HDFC Ergo,B-
PT04931,Pooja Gupta,F,7,Chennai,Self Pay,A-
PT04932,Meera Iyer,M,84,Hyderabad,Self Pay,A-
PT04933,Tanvi Rao,F,38,Mumbai,Niva Bupa,A+
PT04934,Sneha Reddy,M,21,Mumbai,HDFC Ergo,O+
PT04935,Rohit Pillai,F,56,Mumbai,Care Health,A-
PT04936,Rohit Malhotra,F,51,Kolkata,Star Health,AB-
PT04937,Karthik Joshi,M,46,Ahmedabad,HDFC Ergo,B-
PT04938,Amit Gupta,M,16,Pune,Star Health,B-
PT04939,Meera Malhotra,M,12,Mumbai,Niva Bupa,AB-
PT04940,Rahul Nair,F,27,Mumbai,Care Health,AB+
PT04941,Karthik Sharma,M,45,Lucknow,ICICI Lombard,O+
PT04942,Sanjay Shah,F,51,Lucknow,HDFC Ergo,B+
PT04943,Kavya Nair,F,8,Mumbai,Care Health,A-
PT04944,Manish Malhotra,M,4,Lucknow,Care Health,A-
PT04945,Rohit Verma,F,26,Hyderabad,HDFC Ergo,B-
PT04946,Anjali Nair,M,52,Kolkata,ICICI Lombard,AB-
PT04947,Anjali Singh,M,80,Bangalore,HDFC Ergo,AB-
PT04948,Manish Shah,M,74,Ahmedabad,HDFC Ergo,B+
PT04949,Ishaan Patil,M,88,Kolkata,ICICI Lombard,O-
PT04950,Rohit Joshi,F,15,Hyderabad,ICICI Lombard,A-
PT04951,Aditya Das,M,28,Chennai,ICICI Lombard,B+
PT04952,Kavya Das,F,70,Jaipur,HDFC Ergo,AB-
PT04953,Arjun Gupta,M,19,Hyderabad,ICICI Lombard,A+
PT04954,Priya Khan,M,53,Chennai,Care Health,O-
PT04955,Ishaan Singh,F,54,Chennai,ICICI Lombard,AB+
PT04956,Meera Khan,M,51,Hyderabad,Care Health,A-
PT04957,Vikram Verma,F,30,Delhi,Care Health,O-
PT04958,Divya Mehta,F,62,Pune,Star Health,A-
PT04959,Rohit Joshi,F,1,Jaipur,Star Health,A-
PT04960,Rohit Khan,M,48,Ahmedabad,HDFC Ergo,A-
PT04961,Anjali Nair,F,9,Delhi,Care Health,AB+
PT04962,Sneha Rao,F,50,Mumbai,HDFC Ergo,AB+
PT04963,Amit Iyer,M,52,Mumbai,Niva Bupa,O-
PT04964,Manish Khan,F,45,Chennai,HDFC Ergo,AB+
PT04965,Ishaan Reddy,F,65,Chennai,HDFC Ergo,AB-
PT04966,Karthik Iyer,F,4,Hyderabad,Niva Bupa,O+
PT04967,Manish Khan,F,73,Kolkata,Self Pay,AB+
PT04968,Pooja Sharma,M,30,Mumbai,Star Health,A-
PT04969,Tanvi Das,M,20,Ahmedabad,HDFC Ergo,B-
PT04970,Ishaan Gupta,F,35,Bangalore,Self Pay,A-
PT04971,Karthik Nair,F,68,Hyderabad,ICICI Lombard,O-
PT04972,Priya Pillai,F,87,Ahmedabad,Star Health,B-
PT04973,Rohit Sharma,M,53,Kolkata,Star Health,A-
PT04974,Amit Nair,F,89,Chennai,Star Health,B-
PT04975,Rohit Malhotra,F,72,Chennai,HDFC Ergo,AB-
PT04976,Karthik Verma,M,89,Pune,HDFC Ergo,AB-
PT04977,Aditya Patil,F,16,Chennai,HDFC Ergo,O-
PT04978,Rohit Singh,F,55,Lucknow,Niva Bupa,O+
PT04979,Vikram Iyer,F,46,Pune,HDFC Ergo,AB-
PT04980,Manish Mehta,M,2,Delhi,Care Health,A-
PT04981,Karthik Nair,F,40,Ahmedabad,ICICI Lombard,O+
PT04982,Manish Pillai,M,30,Kolkata,Self Pay,A-
PT04983,Pooja Nair,M,21,Pune,Niva Bupa,AB-
PT04984,Amit Verma,M,12,Ahmedabad,Star Health,AB-
PT04985,Riya Rao,M,88,Lucknow,Niva Bupa,O-
PT04986,Karthik Gupta,M,31,Mumbai,Niva Bupa,O+
PT04987,Riya Singh,M,37,Bangalore,Self Pay,B-
PT04988,Manish Joshi,M,70,Hyderabad,Self Pay,B-
PT04989,Meera Mehta,F,46,Pune,Self Pay,AB-
PT04990,Aditya Bhat,M,85,Hyderabad,Star Health,B+
PT04991,Pooja Patil,F,36,Ahmedabad,Self Pay,AB-
PT04992,Sneha Iyer,F,67,Jaipur,HDFC Ergo,A-
PT04993,Ishaan Bose,M,87,Jaipur,ICICI Lombard,O+
PT04994,Amit Sharma,F,74,Delhi,Star Health,AB+
PT04995,Sneha Iyer,F,52,Chennai,Niva Bupa,AB+
PT04996,Amit Rao,M,8,Lucknow,Care Health,O-
PT04997,Anjali Mehta,F,63,Hyderabad,Self Pay,O-
PT04998,Neha Reddy,F,86,Ahmedabad,Niva Bupa,AB-
PT04999,Karthik Sharma,M,61,Jaipur,ICICI Lombard,A-
PT05000,Vikram Patil,M,23,Kolkata,Star Health,B+
