visit_id,patient_id,doctor_id,department_id,visit_date,diagnosis,treatment_cost_inr,admitted_flag,length_of_stay_days,discharge_status,payment_method
V000001,PT01339,DR061,D02,2025-10-27,Fracture,5010,0,0,Not Admitted,Cash
V000002,PT03352,DR069,D07,2025-05-09,Fever,5534,0,0,Not Admitted,UPI
V000003,PT01666,DR067,D07,2024-01-20,Thyroid,783846,1,6,Expired,Card
V000004,PT04339,DR022,D08,2024-03-05,Menstrual Disorder,6709,0,0,Not Admitted,Insurance
V000005,PT04864,DR020,D01,2024-01-15,Heart Failure,578,0,0,Not Admitted,UPI
V000006,PT04196,DR077,D01,2024-09-08,Hypertension,4823,0,0,Not Admitted,UPI
V000007,PT00288,DR067,D07,2025-08-16,Fever,4585,0,0,Not Admitted,Cash
V000008,PT03566,DR029,D05,2025-05-31,Burns,6008,0,0,Not Admitted,Card
V000009,PT03358,DR044,D08,2025-02-23,PCOS,5543,0,0,Not Admitted,Insurance
V000010,PT02788,DR045,D08,2024-10-20,Fertility,7152,0,0,Not Admitted,Card
V000011,PT02263,DR017,D08,2024-05-16,Menstrual Disorder,3452,0,0,Not Admitted,Cash
V000012,PT03905,DR054,D02,2025-04-02,Back Pain,4582,0,0,Not Admitted,Card
V000013,PT01085,DR042,D01,2024-02-11,CAD,6764,0,0,Not Admitted,Insurance
V000014,PT01850,DR031,D03,2025-03-23,Viral Infection,5509,0,0,Not Admitted,Cash
V000015,PT01408,DR070,D03,2025-02-02,Vaccination,3328,0,0,Not Admitted,UPI
V000016,PT02113,DR009,D04,2024-09-04,Migraine,513861,1,11,Normal,Cash
V000017,PT01217,DR035,D06,2024-03-29,Tumor Screening,1701,0,0,Not Admitted,UPI
V000018,PT04571,DR032,D07,2025-05-05,Diabetes,3306,0,0,Not Admitted,UPI
V000019,PT01720,DR059,D01,2024-03-04,CAD,7385,0,0,Not Admitted,UPI
V000020,PT02113,DR014,D04,2024-07-17,Stroke,257645,1,6,Normal,Card
V000021,PT01146,DR032,D07,2024-06-12,Diabetes,4312,0,0,Not Admitted,UPI
V000022,PT00290,DR058,D03,2024-07-09,Asthma,1335,0,0,Not Admitted,Cash
V000023,PT04451,DR040,D08,2025-12-16,Prenatal Care,556,0,0,Not Admitted,Cash
V000024,PT03652,DR003,D04,2024-09-14,Migraine,2174,0,0,Not Admitted,Card
V000025,PT01015,DR036,D04,2024-07-14,Stroke,6093,0,0,Not Admitted,Card
V000026,PT02950,DR072,D06,2025-02-12,Chemotherapy,1547,0,0,Not Admitted,Insurance
V000027,PT04291,DR080,D05,2025-04-20,Trauma,5353,0,0,Not Admitted,Card
V000028,PT00136,DR055,D02,2025-05-03,Ligament Tear,4926,0,0,Not Admitted,UPI
V000029,PT02478,DR080,D05,2025-01-13,Poisoning,3016,0,0,Not Admitted,Cash
V000030,PT01289,DR030,D02,2025-01-11,Arthritis,4297,0,0,Not Admitted,Card
V000031,PT03689,DR042,D01,2024-11-26,Arrhythmia,5654,0,0,Not Admitted,UPI
V000032,PT04556,DR028,D06,2025-09-23,Radiotherapy,4810,0,0,Not Admitted,Insurance
V000033,PT04243,DR036,D04,2025-09-09,Neuropathy,7985,0,0,Not Admitted,Cash
V000034,PT00775,DR054,D02,2025-12-11,Arthritis,1851,0,0,Not Admitted,Card
V000035,PT00245,DR032,D07,2024-12-19,Fever,6078,0,0,Not Admitted,Card
V000036,PT00302,DR059,D01,2025-02-09,Heart Failure,5725,0,0,Not Admitted,UPI
V000037,PT02440,DR073,D04,2024-10-31,Neuropathy,1266,0,0,Not Admitted,Cash
V000038,PT00008,DR058,D03,2025-07-26,Fever,7795,0,0,Not Admitted,Card
V000039,PT01251,DR039,D03,2024-11-13,Viral Infection,207100,1,7,Normal,UPI
V000040,PT03397,DR038,D04,2025-11-24,Stroke,5192,0,0,Not Admitted,Card
V000041,PT04612,DR043,D06,2025-09-02,Radiotherapy,5057,0,0,Not Admitted,Card
V000042,PT00611,DR029,D05,2025-02-28,Poisoning,2125,0,0,Not Admitted,Insurance
V000043,PT01200,DR062,D08,2024-08-10,Prenatal Care,46462,1,2,LAMA,UPI
V000044,PT03200,DR069,D07,2024-08-14,Diabetes,3374,0,0,Not Admitted,UPI
V000045,PT01676,DR048,D04,2025-12-22,Stroke,6477,0,0,Not Admitted,UPI
V000046,PT03207,DR004,D05,2025-07-31,Trauma,3990,0,0,Not Admitted,Insurance
V000047,PT04255,DR030,D02,2024-02-04,Back Pain,4995,0,0,Not Admitted,UPI
V000048,PT02536,DR049,D01,2025-03-28,Arrhythmia,3886,0,0,Not Admitted,UPI
V000049,PT02975,DR047,D04,2025-11-11,Epilepsy,5530,0,0,Not Admitted,Insurance
V000050,PT01621,DR062,D08,2025-03-17,Prenatal Care,5410,0,0,Not Admitted,Insurance
V000051,PT04582,DR021,D07,2024-10-26,Thyroid,5730,0,0,Not Admitted,Insurance
V000052,PT02228,DR026,D05,2024-12-24,Burns,6363,0,0,Not Admitted,UPI
V000053,PT01916,DR033,D05,2024-09-18,Burns,6141,0,0,Not Admitted,UPI
V000054,PT02718,DR059,D01,2025-12-29,Hypertension,5900,0,0,Not Admitted,UPI
V000055,PT02482,DR072,D06,2024-03-30,Post-op Care,4942,0,0,Not Admitted,UPI
V000056,PT02241,DR008,D02,2025-08-30,Arthritis,4145,0,0,Not Admitted,Card
V000057,PT02613,DR028,D06,2024-02-14,Post-op Care,4662,0,0,Not Admitted,Insurance
V000058,PT01964,DR021,D07,2024-06-10,Fever,1727,0,0,Not Admitted,UPI
V000059,PT01822,DR024,D05,2025-02-06,Burns,2672,0,0,Not Admitted,Cash
V000060,PT00919,DR027,D06,2024-09-14,Tumor Screening,1948,0,0,Not Admitted,Insurance
V000061,PT00042,DR078,D06,2025-02-02,Post-op Care,96582,1,3,Normal,Cash
V000062,PT03500,DR015,D06,2024-11-13,Tumor Screening,3627,0,0,Not Admitted,Card
V000063,PT02263,DR059,D01,2024-08-05,CAD,4115,0,0,Not Admitted,UPI
V000064,PT00665,DR006,D02,2025-11-03,Fracture,3990,0,0,Not Admitted,Cash
V000065,PT04707,DR064,D02,2024-12-12,Arthritis,792340,1,12,Normal,Card
V000066,PT04613,DR015,D06,2025-07-18,Chemotherapy,5730,0,0,Not Admitted,Insurance
V000067,PT01776,DR025,D05,2024-05-05,Burns,2260,0,0,Not Admitted,Cash
V000068,PT01831,DR067,D07,2025-11-08,Fever,7175,0,0,Not Admitted,Card
V000069,PT04802,DR043,D06,2024-01-01,Chemotherapy,1870,0,0,Not Admitted,UPI
V000070,PT02411,DR060,D04,2025-06-15,Migraine,223314,1,0,Normal,Insurance
V000071,PT00743,DR054,D02,2025-01-18,Ligament Tear,6624,0,0,Not Admitted,Card
V000072,PT02919,DR023,D02,2024-07-13,Back Pain,796,0,0,Not Admitted,Insurance
V000073,PT04722,DR030,D02,2025-11-18,Arthritis,7326,0,0,Not Admitted,UPI
V000074,PT03957,DR001,D02,2025-05-28,Ligament Tear,1129,0,0,Not Admitted,Insurance
V000075,PT01335,DR033,D05,2025-09-16,Burns,6292,0,0,Not Admitted,Card
V000076,PT03462,DR020,D01,2025-05-17,Hypertension,5416,0,0,Not Admitted,Cash
V000077,PT01596,DR047,D04,2024-07-31,Migraine,6745,0,0,Not Admitted,Card
V000078,PT00428,DR058,D03,2024-05-18,Vaccination,73357,1,12,Normal,Insurance
V000079,PT01266,DR062,D08,2025-05-22,Fertility,3656,0,0,Not Admitted,Card
V000080,PT01486,DR059,D01,2025-02-01,Hypertension,6156,0,0,Not Admitted,Cash
V000081,PT04849,DR049,D01,2025-10-27,Hypertension,3681,0,0,Not Admitted,Insurance
V000082,PT00903,DR021,D07,2024-11-21,Fever,1876,0,0,Not Admitted,UPI
V000083,PT01080,DR077,D01,2025-10-20,Hypertension,729636,1,1,Normal,Cash
V000084,PT04162,DR079,D04,2024-07-19,Epilepsy,642071,1,5,Normal,Cash
V000085,PT02331,DR077,D01,2025-03-15,Arrhythmia,1442,0,0,Not Admitted,Card
V000086,PT00166,DR067,D07,2025-07-22,Fever,7428,0,0,Not Admitted,UPI
V000087,PT02944,DR001,D02,2025-08-07,Fracture,2860,0,0,Not Admitted,Card
V000088,PT03459,DR031,D03,2024-04-01,Fever,257700,1,12,Normal,UPI
V000089,PT02090,DR080,D05,2024-04-15,Trauma,2573,0,0,Not Admitted,UPI
V000090,PT00838,DR049,D01,2025-07-08,Heart Failure,7930,0,0,Not Admitted,Insurance
V000091,PT02298,DR060,D04,2024-10-06,Epilepsy,2659,0,0,Not Admitted,Insurance
V000092,PT04109,DR021,D07,2024-01-12,Thyroid,7288,0,0,Not Admitted,UPI
V000093,PT03264,DR071,D03,2025-12-09,Vaccination,3289,0,0,Not Admitted,Cash
V000094,PT01161,DR035,D06,2025-08-08,Post-op Care,2612,0,0,Not Admitted,Insurance
V000095,PT02942,DR029,D05,2024-05-26,Trauma,2878,0,0,Not Admitted,UPI
V000096,PT04372,DR041,D07,2024-07-02,Diabetes,6025,0,0,Not Admitted,UPI
V000097,PT00368,DR021,D07,2025-02-03,Thyroid,2099,0,0,Not Admitted,UPI
V000098,PT03846,DR024,D05,2025-05-22,Severe Bleeding,159460,1,10,Normal,UPI
V000099,PT03174,DR027,D06,2025-08-19,Radiotherapy,6908,0,0,Not Admitted,UPI
V000100,PT04425,DR050,D07,2024-03-27,Infection,173765,1,6,Normal,Cash
V000101,PT03277,DR033,D05,2025-09-03,Poisoning,7118,0,0,Not Admitted,UPI
V000102,PT01290,DR062,D08,2025-10-28,Fertility,426863,1,6,Normal,Card
V000103,PT01690,DR020,D01,2024-06-10,Heart Failure,168555,1,5,Normal,Cash
V000104,PT01241,DR043,D06,2024-05-31,Radiotherapy,3286,0,0,Not Admitted,UPI
V000105,PT03199,DR020,D01,2024-01-01,CAD,5416,0,0,Not Admitted,UPI
V000106,PT01231,DR031,D03,2024-04-20,Fever,3281,0,0,Not Admitted,Card
V000107,PT00976,DR047,D04,2024-12-04,Migraine,2043,0,0,Not Admitted,Card
V000108,PT01224,DR032,D07,2024-01-18,Diabetes,2860,0,0,Not Admitted,Cash
V000109,PT04741,DR068,D03,2025-12-29,Fever,184019,1,9,Referred,Cash
V000110,PT00254,DR061,D02,2024-10-10,Fracture,2802,0,0,Not Admitted,UPI
V000111,PT03815,DR079,D04,2024-09-28,Stroke,6078,0,0,Not Admitted,Cash
V000112,PT03499,DR033,D05,2024-02-16,Trauma,1440,0,0,Not Admitted,Cash
V000113,PT00894,DR003,D04,2024-04-04,Migraine,4614,0,0,Not Admitted,Insurance
V000114,PT02817,DR050,D07,2024-06-03,Diabetes,3845,0,0,Not Admitted,UPI
V000115,PT02313,DR060,D04,2025-11-26,Neuropathy,4199,0,0,Not Admitted,Cash
V000116,PT04282,DR067,D07,2024-08-06,Thyroid,4614,0,0,Not Admitted,Cash
V000117,PT02547,DR048,D04,2025-05-20,Stroke,3076,0,0,Not Admitted,Cash
V000118,PT00554,DR074,D03,2025-10-16,Vaccination,1456,0,0,Not Admitted,Cash
V000119,PT02995,DR042,D01,2024-12-05,CAD,382750,1,3,Normal,Cash
V000120,PT03874,DR045,D08,2024-06-11,Menstrual Disorder,445980,1,4,Normal,UPI
V000121,PT02630,DR077,D01,2025-06-29,Heart Failure,343763,1,8,Normal,UPI
V000122,PT01701,DR002,D02,2025-11-12,Ligament Tear,358629,1,10,Normal,Cash
V000123,PT03043,DR069,D07,2025-07-22,Diabetes,1341,0,0,Not Admitted,Cash
V000124,PT02422,DR069,D07,2024-05-11,Fever,534118,1,10,Referred,Insurance
V000125,PT03176,DR005,D05,2024-09-26,Trauma,624,0,0,Not Admitted,Card
V000126,PT02888,DR080,D05,2024-12-30,Severe Bleeding,350750,1,12,Normal,Card
V000127,PT01004,DR060,D04,2024-08-06,Neuropathy,131381,1,12,Normal,Cash
V000128,PT03541,DR051,D05,2025-08-17,Burns,5597,0,0,Not Admitted,UPI
V000129,PT02479,DR042,D01,2024-04-04,Arrhythmia,693938,1,0,Normal,UPI
V000130,PT04519,DR052,D06,2025-12-29,Tumor Screening,7166,0,0,Not Admitted,Insurance
V000131,PT01072,DR002,D02,2025-05-02,Fracture,6320,0,0,Not Admitted,Card
V000132,PT03581,DR058,D03,2025-05-26,Asthma,4238,0,0,Not Admitted,Cash
V000133,PT01757,DR017,D08,2024-10-22,Prenatal Care,2225,0,0,Not Admitted,Cash
V000134,PT04561,DR031,D03,2024-07-09,Vaccination,2663,0,0,Not Admitted,UPI
V000135,PT04304,DR042,D01,2024-10-23,Hypertension,3057,0,0,Not Admitted,UPI
V000136,PT00053,DR062,D08,2024-11-13,Menstrual Disorder,2595,0,0,Not Admitted,Insurance
V000137,PT00103,DR003,D04,2025-02-16,Epilepsy,3794,0,0,Not Admitted,UPI
V000138,PT01483,DR069,D07,2024-05-22,Diabetes,155982,1,8,Normal,Cash
V000139,PT04125,DR030,D02,2025-08-17,Arthritis,7534,0,0,Not Admitted,Cash
V000140,PT03496,DR040,D08,2025-07-22,Menstrual Disorder,1594,0,0,Not Admitted,Cash
V000141,PT02951,DR073,D04,2024-07-21,Epilepsy,6413,0,0,Not Admitted,Cash
V000142,PT02238,DR075,D01,2025-02-15,Heart Failure,765,0,0,Not Admitted,Card
V000143,PT02168,DR036,D04,2024-04-06,Epilepsy,5852,0,0,Not Admitted,Card
V000144,PT04267,DR063,D05,2025-08-15,Trauma,1421,0,0,Not Admitted,Card
V000145,PT00239,DR050,D07,2024-12-25,Diabetes,154100,1,4,Normal,UPI
V000146,PT04581,DR056,D02,2025-04-30,Fracture,3014,0,0,Not Admitted,Cash
V000147,PT03366,DR069,D07,2024-09-15,Fever,1181,0,0,Not Admitted,Card
V000148,PT02114,DR027,D06,2025-01-05,Tumor Screening,5191,0,0,Not Admitted,Insurance
V000149,PT01709,DR073,D04,2025-05-26,Stroke,1355,0,0,Not Admitted,Cash
V000150,PT03275,DR050,D07,2024-12-10,Diabetes,4504,0,0,Not Admitted,UPI
V000151,PT04580,DR045,D08,2025-05-02,PCOS,3456,0,0,Not Admitted,Insurance
V000152,PT02835,DR038,D04,2024-11-12,Migraine,643232,1,4,Normal,Insurance
V000153,PT01068,DR018,D05,2024-07-02,Severe Bleeding,7503,0,0,Not Admitted,Cash
V000154,PT02977,DR020,D01,2025-11-26,Heart Failure,1441,0,0,Not Admitted,Insurance
V000155,PT02523,DR046,D02,2024-03-17,Fracture,380551,1,9,LAMA,Card
V000156,PT04092,DR051,D05,2024-07-06,Severe Bleeding,2557,0,0,Not Admitted,Cash
V000157,PT00021,DR064,D02,2024-09-24,Fracture,1212,0,0,Not Admitted,UPI
V000158,PT03771,DR056,D02,2025-01-28,Back Pain,7262,0,0,Not Admitted,Insurance
V000159,PT03943,DR018,D05,2025-10-05,Trauma,3306,0,0,Not Admitted,Insurance
V000160,PT01894,DR050,D07,2025-04-10,Infection,4282,0,0,Not Admitted,UPI
V000161,PT00370,DR053,D03,2024-02-07,Viral Infection,1468,0,0,Not Admitted,Cash
V000162,PT01421,DR011,D08,2024-07-04,PCOS,6026,0,0,Not Admitted,Card
V000163,PT02187,DR041,D07,2025-08-04,Diabetes,7838,0,0,Not Admitted,UPI
V000164,PT03637,DR054,D02,2025-11-11,Back Pain,3464,0,0,Not Admitted,Cash
V000165,PT02750,DR068,D03,2025-05-15,Fever,1447,0,0,Not Admitted,Insurance
V000166,PT03390,DR011,D08,2025-11-23,PCOS,6481,0,0,Not Admitted,UPI
V000167,PT00515,DR015,D06,2025-02-20,Post-op Care,6679,0,0,Not Admitted,Card
V000168,PT04843,DR040,D08,2024-07-24,Menstrual Disorder,4422,0,0,Not Admitted,Cash
V000169,PT01379,DR065,D04,2025-02-24,Neuropathy,918,0,0,Not Admitted,Cash
V000170,PT03476,DR070,D03,2025-05-16,Viral Infection,5889,0,0,Not Admitted,UPI
V000171,PT02125,DR051,D05,2024-12-08,Severe Bleeding,3654,0,0,Not Admitted,Card
V000172,PT03632,DR040,D08,2024-03-21,PCOS,2753,0,0,Not Admitted,Card
V000173,PT03627,DR059,D01,2025-10-15,CAD,283060,1,0,Normal,Insurance
V000174,PT01860,DR063,D05,2025-11-26,Severe Bleeding,3079,0,0,Not Admitted,Card
V000175,PT04539,DR015,D06,2024-01-28,Tumor Screening,2790,0,0,Not Admitted,UPI
V000176,PT04372,DR049,D01,2025-01-18,Arrhythmia,2127,0,0,Not Admitted,UPI
V000177,PT03335,DR065,D04,2024-07-10,Migraine,2528,0,0,Not Admitted,Card
V000178,PT01814,DR059,D01,2025-12-14,Hypertension,4388,0,0,Not Admitted,Cash
V000179,PT01448,DR077,D01,2024-10-08,Heart Failure,259033,1,0,Normal,Insurance
V000180,PT02958,DR078,D06,2024-04-15,Radiotherapy,457411,1,11,Normal,UPI
V000181,PT03828,DR041,D07,2024-07-29,Thyroid,3732,0,0,Not Admitted,UPI
V000182,PT03538,DR080,D05,2025-12-09,Severe Bleeding,7575,0,0,Not Admitted,Insurance
V000183,PT03979,DR036,D04,2024-08-11,Stroke,7900,0,0,Not Admitted,UPI
V000184,PT00440,DR080,D05,2024-04-24,Burns,6910,0,0,Not Admitted,Card
V000185,PT04008,DR030,D02,2024-02-24,Fracture,1966,0,0,Not Admitted,Insurance
V000186,PT03210,DR040,D08,2025-06-30,Fertility,150570,1,9,LAMA,Card
V000187,PT04247,DR034,D08,2025-05-02,Menstrual Disorder,2156,0,0,Not Admitted,Cash
V000188,PT03664,DR077,D01,2025-03-13,Arrhythmia,367045,1,4,Normal,UPI
V000189,PT01503,DR073,D04,2024-12-15,Epilepsy,731163,1,12,Normal,UPI
V000190,PT03545,DR059,D01,2025-02-17,Heart Failure,3237,0,0,Not Admitted,Insurance
V000191,PT04913,DR022,D08,2024-03-28,Prenatal Care,1810,0,0,Not Admitted,Cash
V000192,PT01537,DR050,D07,2024-04-07,Fever,1543,0,0,Not Admitted,UPI
V000193,PT00840,DR080,D05,2025-01-07,Poisoning,6006,0,0,Not Admitted,Cash
V000194,PT02740,DR003,D04,2025-05-25,Neuropathy,573,0,0,Not Admitted,UPI
V000195,PT02977,DR002,D02,2024-02-15,Ligament Tear,7422,0,0,Not Admitted,Insurance
V000196,PT01680,DR067,D07,2024-09-30,Infection,583344,1,0,Normal,Card
V000197,PT00088,DR034,D08,2025-06-27,PCOS,7098,0,0,Not Admitted,Card
V000198,PT02333,DR015,D06,2025-04-18,Tumor Screening,5906,0,0,Not Admitted,Card
V000199,PT00082,DR018,D05,2025-09-27,Trauma,674181,1,2,Normal,UPI
V000200,PT00678,DR073,D04,2025-11-10,Epilepsy,2512,0,0,Not Admitted,UPI
V000201,PT02189,DR015,D06,2025-10-01,Tumor Screening,2638,0,0,Not Admitted,Card
V000202,PT00276,DR076,D04,2024-01-25,Stroke,5625,0,0,Not Admitted,Card
V000203,PT03468,DR067,D07,2024-01-06,Thyroid,1765,0,0,Not Admitted,Insurance
V000204,PT04973,DR054,D02,2025-01-05,Fracture,166659,1,10,Normal,UPI
V000205,PT02015,DR041,D07,2024-07-19,Diabetes,7956,0,0,Not Admitted,UPI
V000206,PT03606,DR016,D06,2024-09-28,Radiotherapy,740,0,0,Not Admitted,Card
V000207,PT01339,DR004,D05,2024-03-02,Severe Bleeding,2207,0,0,Not Admitted,Insurance
V000208,PT04575,DR070,D03,2025-10-05,Asthma,1265,0,0,Not Admitted,Insurance
V000209,PT00320,DR077,D01,2024-10-26,Arrhythmia,763775,1,1,Normal,Cash
V000210,PT00267,DR075,D01,2024-11-04,Hypertension,6904,0,0,Not Admitted,Cash
V000211,PT03673,DR042,D01,2024-12-20,CAD,6306,0,0,Not Admitted,Card
V000212,PT04305,DR022,D08,2025-05-12,PCOS,5307,0,0,Not Admitted,Card
V000213,PT00860,DR043,D06,2025-10-15,Radiotherapy,4811,0,0,Not Admitted,Insurance
V000214,PT01132,DR071,D03,2025-05-12,Asthma,570247,1,10,Referred,Cash
V000215,PT02969,DR043,D06,2024-04-10,Radiotherapy,7633,0,0,Not Admitted,UPI
V000216,PT02773,DR067,D07,2025-06-24,Fever,3256,0,0,Not Admitted,Insurance
V000217,PT03468,DR057,D04,2024-02-24,Migraine,5211,0,0,Not Admitted,Card
V000218,PT02774,DR004,D05,2025-05-28,Trauma,6031,0,0,Not Admitted,Card
V000219,PT00250,DR033,D05,2025-08-22,Poisoning,6538,0,0,Not Admitted,Cash
V000220,PT01945,DR025,D05,2024-10-22,Poisoning,836,0,0,Not Admitted,Insurance
V000221,PT02887,DR034,D08,2025-02-26,Fertility,3339,0,0,Not Admitted,Card
V000222,PT01099,DR027,D06,2025-06-04,Chemotherapy,4659,0,0,Not Admitted,UPI
V000223,PT04069,DR062,D08,2024-12-03,Menstrual Disorder,5641,0,0,Not Admitted,Card
V000224,PT00963,DR027,D06,2025-08-11,Tumor Screening,2825,0,0,Not Admitted,Cash
V000225,PT04884,DR062,D08,2024-05-31,PCOS,4452,0,0,Not Admitted,Insurance
V000226,PT04914,DR049,D01,2025-05-20,CAD,411878,1,4,Normal,Card
V000227,PT03493,DR032,D07,2025-04-17,Fever,4074,0,0,Not Admitted,Cash
V000228,PT01262,DR043,D06,2025-03-07,Post-op Care,1461,0,0,Not Admitted,Card
V000229,PT03690,DR073,D04,2024-12-17,Stroke,6861,0,0,Not Admitted,UPI
V000230,PT02467,DR005,D05,2025-10-01,Trauma,3576,0,0,Not Admitted,Cash
V000231,PT01617,DR039,D03,2025-05-17,Viral Infection,407955,1,7,LAMA,Card
V000232,PT04067,DR055,D02,2025-12-11,Back Pain,1345,0,0,Not Admitted,Insurance
V000233,PT04553,DR042,D01,2024-12-13,CAD,3255,0,0,Not Admitted,Card
V000234,PT02979,DR052,D06,2024-12-30,Tumor Screening,7772,0,0,Not Admitted,Cash
V000235,PT03056,DR061,D02,2025-03-10,Arthritis,2167,0,0,Not Admitted,UPI
V000236,PT00064,DR041,D07,2025-02-28,Thyroid,6714,0,0,Not Admitted,Insurance
V000237,PT01646,DR020,D01,2025-05-29,Hypertension,2906,0,0,Not Admitted,UPI
V000238,PT02631,DR061,D02,2025-01-14,Ligament Tear,5080,0,0,Not Admitted,Cash
V000239,PT01897,DR008,D02,2025-10-02,Ligament Tear,5276,0,0,Not Admitted,UPI
V000240,PT00562,DR069,D07,2024-02-17,Diabetes,7629,0,0,Not Admitted,UPI
V000241,PT00201,DR020,D01,2025-06-20,CAD,5793,0,0,Not Admitted,Insurance
V000242,PT00642,DR016,D06,2025-01-15,Radiotherapy,5392,0,0,Not Admitted,Insurance
V000243,PT00398,DR015,D06,2024-07-28,Post-op Care,328881,1,2,Normal,Cash
V000244,PT04095,DR009,D04,2025-12-25,Neuropathy,2490,0,0,Not Admitted,Cash
V000245,PT04592,DR077,D01,2025-11-12,Arrhythmia,4951,0,0,Not Admitted,UPI
V000246,PT04361,DR058,D03,2025-11-01,Fever,5084,0,0,Not Admitted,Card
V000247,PT03710,DR026,D05,2025-04-05,Severe Bleeding,6831,0,0,Not Admitted,UPI
V000248,PT00065,DR038,D04,2024-10-06,Stroke,6555,0,0,Not Admitted,Card
V000249,PT02393,DR037,D02,2024-07-09,Ligament Tear,4063,0,0,Not Admitted,Card
V000250,PT03794,DR058,D03,2025-02-26,Fever,2610,0,0,Not Admitted,Cash
V000251,PT03624,DR044,D08,2025-09-05,Menstrual Disorder,2462,0,0,Not Admitted,Insurance
V000252,PT04993,DR022,D08,2025-03-30,Fertility,2733,0,0,Not Admitted,Card
V000253,PT02108,DR050,D07,2025-06-23,Fever,3006,0,0,Not Admitted,Cash
V000254,PT03305,DR035,D06,2024-09-12,Tumor Screening,488397,1,5,Normal,Cash
V000255,PT04779,DR004,D05,2024-01-11,Severe Bleeding,6990,0,0,Not Admitted,UPI
V000256,PT04255,DR005,D05,2025-08-26,Severe Bleeding,5969,0,0,Not Admitted,Insurance
V000257,PT01118,DR068,D03,2024-05-22,Asthma,2490,0,0,Not Admitted,UPI
V000258,PT03832,DR034,D08,2024-05-20,Prenatal Care,2355,0,0,Not Admitted,Cash
V000259,PT03169,DR017,D08,2025-12-24,Fertility,936,0,0,Not Admitted,Cash
V000260,PT04108,DR032,D07,2025-05-18,Thyroid,4561,0,0,Not Admitted,Insurance
V000261,PT02667,DR063,D05,2024-12-03,Severe Bleeding,6123,0,0,Not Admitted,UPI
V000262,PT03772,DR067,D07,2025-10-29,Thyroid,7263,0,0,Not Admitted,UPI
V000263,PT01080,DR059,D01,2024-02-25,CAD,1049,0,0,Not Admitted,UPI
V000264,PT03394,DR032,D07,2024-09-24,Thyroid,2259,0,0,Not Admitted,Cash
V000265,PT03559,DR044,D08,2024-02-07,Prenatal Care,2591,0,0,Not Admitted,Cash
V000266,PT00720,DR063,D05,2024-09-16,Poisoning,188256,1,0,Normal,UPI
V000267,PT00416,DR018,D05,2025-04-11,Poisoning,1624,0,0,Not Admitted,Card
V000268,PT00178,DR061,D02,2025-10-08,Back Pain,5994,0,0,Not Admitted,Card
V000269,PT02594,DR067,D07,2025-01-18,Diabetes,2333,0,0,Not Admitted,Card
V000270,PT01523,DR077,D01,2025-07-10,Arrhythmia,224646,1,4,Normal,UPI
V000271,PT04014,DR069,D07,2025-02-24,Diabetes,2025,0,0,Not Admitted,Insurance
V000272,PT03295,DR004,D05,2024-05-11,Trauma,512,0,0,Not Admitted,Insurance
V000273,PT00668,DR066,D08,2024-02-14,PCOS,662436,1,2,Normal,UPI
V000274,PT04904,DR004,D05,2025-08-17,Severe Bleeding,3464,0,0,Not Admitted,Card
V000275,PT03517,DR039,D03,2025-04-29,Vaccination,676364,1,2,LAMA,Card
V000276,PT02557,DR003,D04,2024-11-20,Stroke,866,0,0,Not Admitted,UPI
V000277,PT00089,DR022,D08,2025-01-10,Menstrual Disorder,110541,1,0,Referred,Cash
V000278,PT02779,DR061,D02,2025-02-15,Ligament Tear,2855,0,0,Not Admitted,Cash
V000279,PT01270,DR011,D08,2024-04-22,Menstrual Disorder,2459,0,0,Not Admitted,Card
V000280,PT02040,DR012,D04,2024-03-25,Neuropathy,2810,0,0,Not Admitted,Cash
V000281,PT00355,DR032,D07,2025-03-11,Infection,7511,0,0,Not Admitted,Cash
V000282,PT04180,DR003,D04,2025-02-15,Epilepsy,386256,1,6,Normal,Cash
V000283,PT03449,DR029,D05,2025-04-09,Poisoning,1727,0,0,Not Admitted,Cash
V000284,PT00471,DR042,D01,2025-11-21,Heart Failure,6622,0,0,Not Admitted,UPI
V000285,PT03994,DR015,D06,2024-04-25,Post-op Care,606569,1,5,Normal,Insurance
V000286,PT00682,DR078,D06,2025-04-18,Chemotherapy,1956,0,0,Not Admitted,Insurance
V000287,PT01477,DR032,D07,2025-04-09,Diabetes,7137,0,0,Not Admitted,Card
V000288,PT03036,DR047,D04,2025-08-11,Stroke,636,0,0,Not Admitted,Card
V000289,PT03876,DR015,D06,2024-03-24,Post-op Care,3210,0,0,Not Admitted,UPI
V000290,PT01212,DR024,D05,2024-07-11,Burns,63624,1,1,Normal,Card
V000291,PT00905,DR067,D07,2025-06-25,Thyroid,6555,0,0,Not Admitted,Insurance
V000292,PT02497,DR031,D03,2024-02-05,Fever,3145,0,0,Not Admitted,Card
V000293,PT03206,DR061,D02,2024-02-21,Arthritis,2830,0,0,Not Admitted,Card
V000294,PT01951,DR003,D04,2024-08-17,Stroke,6758,0,0,Not Admitted,Card
V000295,PT03814,DR011,D08,2025-12-26,Fertility,2085,0,0,Not Admitted,Insurance
V000296,PT03694,DR029,D05,2024-05-02,Poisoning,2411,0,0,Not Admitted,Insurance
V000297,PT02209,DR074,D03,2024-04-08,Fever,7286,0,0,Not Admitted,Insurance
V000298,PT01835,DR064,D02,2024-07-07,Arthritis,5020,0,0,Not Admitted,Cash
V000299,PT04336,DR017,D08,2024-04-04,Fertility,3618,0,0,Not Admitted,UPI
V000300,PT04951,DR021,D07,2025-09-11,Fever,3404,0,0,Not Admitted,UPI
V000301,PT00567,DR009,D04,2025-12-06,Stroke,750,0,0,Not Admitted,Card
V000302,PT00604,DR072,D06,2025-08-26,Radiotherapy,289363,1,6,Normal,UPI
V000303,PT02458,DR004,D05,2025-10-21,Poisoning,6420,0,0,Not Admitted,UPI
V000304,PT02908,DR027,D06,2025-12-22,Tumor Screening,7627,0,0,Not Admitted,Card
V000305,PT03131,DR060,D04,2025-01-12,Neuropathy,7483,0,0,Not Admitted,Insurance
V000306,PT02625,DR026,D05,2025-02-05,Severe Bleeding,594117,1,0,Normal,Cash
V000307,PT00214,DR022,D08,2024-04-23,PCOS,3864,0,0,Not Admitted,UPI
V000308,PT00963,DR001,D02,2024-05-04,Fracture,6558,0,0,Not Admitted,Cash
V000309,PT02281,DR067,D07,2024-01-04,Fever,5329,0,0,Not Admitted,Insurance
V000310,PT01609,DR006,D02,2025-10-31,Fracture,7646,0,0,Not Admitted,UPI
V000311,PT04292,DR050,D07,2025-11-13,Thyroid,730791,1,0,Normal,UPI
V000312,PT03160,DR066,D08,2024-02-20,Menstrual Disorder,170647,1,10,Normal,Insurance
V000313,PT03556,DR001,D02,2025-07-30,Ligament Tear,3006,0,0,Not Admitted,UPI
V000314,PT04612,DR017,D08,2024-07-26,Fertility,3697,0,0,Not Admitted,Cash
V000315,PT03018,DR071,D03,2024-02-07,Fever,2176,0,0,Not Admitted,Cash
V000316,PT00368,DR011,D08,2024-10-16,PCOS,3381,0,0,Not Admitted,UPI
V000317,PT04301,DR052,D06,2024-04-18,Tumor Screening,7703,0,0,Not Admitted,UPI
V000318,PT00926,DR079,D04,2025-01-06,Stroke,6486,0,0,Not Admitted,UPI
V000319,PT03696,DR051,D05,2025-06-05,Poisoning,4588,0,0,Not Admitted,Cash
V000320,PT04507,DR035,D06,2025-09-20,Tumor Screening,5862,0,0,Not Admitted,Cash
V000321,PT01018,DR019,D04,2025-01-16,Neuropathy,6658,0,0,Not Admitted,Card
V000322,PT03113,DR068,D03,2024-02-06,Asthma,1004,0,0,Not Admitted,UPI
V000323,PT04730,DR002,D02,2024-06-01,Ligament Tear,1416,0,0,Not Admitted,UPI
V000324,PT00626,DR038,D04,2024-08-03,Migraine,2243,0,0,Not Admitted,UPI
V000325,PT01087,DR079,D04,2024-02-10,Neuropathy,4844,0,0,Not Admitted,Card
V000326,PT03470,DR019,D04,2024-08-29,Epilepsy,1957,0,0,Not Admitted,Insurance
V000327,PT03933,DR039,D03,2025-09-04,Viral Infection,2577,0,0,Not Admitted,Insurance
V000328,PT03018,DR039,D03,2025-07-25,Asthma,334488,1,9,Normal,Cash
V000329,PT03770,DR071,D03,2024-05-20,Fever,4108,0,0,Not Admitted,Card
V000330,PT03600,DR049,D01,2024-09-07,CAD,6116,0,0,Not Admitted,Insurance
V000331,PT03953,DR016,D06,2024-11-29,Post-op Care,6437,0,0,Not Admitted,UPI
V000332,PT02473,DR063,D05,2024-07-27,Poisoning,251965,1,2,Normal,Card
V000333,PT02707,DR079,D04,2025-05-29,Migraine,1062,0,0,Not Admitted,Card
V000334,PT02226,DR075,D01,2025-08-24,Arrhythmia,82600,1,7,Normal,Cash
V000335,PT02887,DR050,D07,2025-08-28,Thyroid,4192,0,0,Not Admitted,Cash
V000336,PT04390,DR026,D05,2024-07-20,Trauma,3833,0,0,Not Admitted,UPI
V000337,PT03275,DR075,D01,2025-06-17,CAD,635,0,0,Not Admitted,Card
V000338,PT00870,DR009,D04,2025-08-16,Epilepsy,2679,0,0,Not Admitted,Insurance
V000339,PT01581,DR049,D01,2024-11-03,Heart Failure,303093,1,7,Normal,Cash
V000340,PT04471,DR055,D02,2024-01-02,Fracture,559457,1,8,Normal,Insurance
V000341,PT03673,DR057,D04,2024-06-08,Stroke,3528,0,0,Not Admitted,Cash
V000342,PT00731,DR025,D05,2025-05-29,Trauma,1325,0,0,Not Admitted,UPI
V000343,PT00436,DR077,D01,2024-07-12,CAD,3740,0,0,Not Admitted,Insurance
V000344,PT01535,DR041,D07,2024-10-20,Diabetes,3648,0,0,Not Admitted,Card
V000345,PT01458,DR016,D06,2024-10-17,Radiotherapy,526,0,0,Not Admitted,Cash
V000346,PT01390,DR027,D06,2025-12-27,Post-op Care,5603,0,0,Not Admitted,Cash
V000347,PT03644,DR018,D05,2024-01-05,Trauma,6650,0,0,Not Admitted,Card
V000348,PT02790,DR047,D04,2024-10-09,Migraine,7065,0,0,Not Admitted,UPI
V000349,PT04305,DR020,D01,2025-11-08,Arrhythmia,628401,1,0,Normal,Card
V000350,PT02128,DR055,D02,2025-02-04,Arthritis,1110,0,0,Not Admitted,Insurance
V000351,PT00875,DR074,D03,2024-01-01,Asthma,2884,0,0,Not Admitted,Card
V000352,PT04976,DR041,D07,2024-03-09,Fever,7917,0,0,Not Admitted,UPI
V000353,PT00999,DR018,D05,2025-11-11,Poisoning,2710,0,0,Not Admitted,Cash
V000354,PT04243,DR057,D04,2025-03-21,Migraine,1650,0,0,Not Admitted,Insurance
V000355,PT00955,DR072,D06,2025-03-17,Tumor Screening,5021,0,0,Not Admitted,Insurance
V000356,PT02697,DR027,D06,2025-04-29,Chemotherapy,6266,0,0,Not Admitted,Card
V000357,PT00841,DR068,D03,2024-06-23,Fever,704365,1,9,Normal,Card
V000358,PT04205,DR023,D02,2024-10-24,Fracture,256910,1,0,Normal,UPI
V000359,PT01261,DR003,D04,2025-08-17,Neuropathy,367062,1,2,Referred,Cash
V000360,PT00424,DR075,D01,2024-04-20,Hypertension,1746,0,0,Not Admitted,Card
V000361,PT02982,DR051,D05,2025-03-22,Severe Bleeding,3803,0,0,Not Admitted,Card
V000362,PT04915,DR002,D02,2025-12-08,Ligament Tear,2028,0,0,Not Admitted,Cash
V000363,PT00834,DR050,D07,2025-04-13,Thyroid,5469,0,0,Not Admitted,Card
V000364,PT02568,DR018,D05,2025-12-11,Trauma,7945,0,0,Not Admitted,Cash
V000365,PT01563,DR001,D02,2025-07-27,Fracture,1305,0,0,Not Admitted,Card
V000366,PT02375,DR053,D03,2024-08-10,Asthma,277277,1,6,Normal,Insurance
V000367,PT01427,DR071,D03,2024-05-31,Vaccination,3732,0,0,Not Admitted,UPI
V000368,PT01143,DR023,D02,2025-10-06,Arthritis,582,0,0,Not Admitted,Cash
V000369,PT00323,DR029,D05,2024-06-11,Severe Bleeding,4112,0,0,Not Admitted,UPI
V000370,PT01622,DR069,D07,2024-01-31,Diabetes,5571,0,0,Not Admitted,UPI
V000371,PT00425,DR067,D07,2025-12-26,Infection,2977,0,0,Not Admitted,UPI
V000372,PT02393,DR011,D08,2024-05-17,Fertility,217147,1,7,Normal,Cash
V000373,PT04902,DR077,D01,2025-01-14,Hypertension,6135,0,0,Not Admitted,UPI
V000374,PT02266,DR053,D03,2024-10-17,Asthma,3323,0,0,Not Admitted,UPI
V000375,PT04357,DR028,D06,2024-10-23,Post-op Care,6602,0,0,Not Admitted,Cash
V000376,PT04514,DR044,D08,2025-03-20,PCOS,5258,0,0,Not Admitted,Cash
V000377,PT04189,DR036,D04,2025-07-22,Stroke,7012,0,0,Not Admitted,UPI
V000378,PT03494,DR003,D04,2025-11-17,Neuropathy,4999,0,0,Not Admitted,UPI
V000379,PT03741,DR077,D01,2024-10-07,Arrhythmia,3385,0,0,Not Admitted,Cash
V000380,PT01928,DR002,D02,2025-06-17,Back Pain,5241,0,0,Not Admitted,Insurance
V000381,PT00663,DR069,D07,2025-11-29,Diabetes,6025,0,0,Not Admitted,Cash
V000382,PT00468,DR043,D06,2024-09-12,Post-op Care,6397,0,0,Not Admitted,Insurance
V000383,PT04576,DR066,D08,2025-11-02,Fertility,36427,1,7,Referred,Card
V000384,PT02839,DR029,D05,2025-11-05,Severe Bleeding,2120,0,0,Not Admitted,UPI
V000385,PT00580,DR032,D07,2025-12-22,Diabetes,6797,0,0,Not Admitted,Insurance
V000386,PT02290,DR043,D06,2025-08-15,Tumor Screening,5025,0,0,Not Admitted,Card
V000387,PT00826,DR058,D03,2024-06-15,Vaccination,3257,0,0,Not Admitted,Cash
V000388,PT00789,DR075,D01,2024-12-01,CAD,2909,0,0,Not Admitted,UPI
V000389,PT00816,DR003,D04,2025-11-06,Migraine,6624,0,0,Not Admitted,UPI
V000390,PT03514,DR034,D08,2024-11-12,PCOS,7549,0,0,Not Admitted,UPI
V000391,PT00532,DR072,D06,2025-09-11,Chemotherapy,294040,1,5,Normal,Cash
V000392,PT03989,DR074,D03,2024-08-30,Viral Infection,7595,0,0,Not Admitted,Insurance
V000393,PT04227,DR012,D04,2025-11-25,Migraine,176724,1,10,Normal,Cash
V000394,PT01139,DR016,D06,2024-11-10,Tumor Screening,7687,0,0,Not Admitted,Insurance
V000395,PT04080,DR058,D03,2025-03-27,Viral Infection,2500,0,0,Not Admitted,Insurance
V000396,PT00862,DR001,D02,2024-11-09,Arthritis,2454,0,0,Not Admitted,UPI
V000397,PT02126,DR031,D03,2024-09-03,Vaccination,639710,1,6,Normal,Insurance
V000398,PT03050,DR077,D01,2024-09-06,CAD,4982,0,0,Not Admitted,Insurance
V000399,PT00621,DR077,D01,2024-02-15,Arrhythmia,349345,1,8,Normal,Insurance
V000400,PT03479,DR066,D08,2024-02-16,Menstrual Disorder,95725,1,4,Normal,UPI
V000401,PT04970,DR079,D04,2024-07-07,Epilepsy,5152,0,0,Not Admitted,Insurance
V000402,PT02551,DR079,D04,2025-11-11,Epilepsy,226826,1,0,Normal,Cash
V000403,PT00544,DR004,D05,2024-11-08,Severe Bleeding,408770,1,0,Normal,Card
V000404,PT01633,DR021,D07,2024-01-02,Thyroid,145893,1,10,Normal,Card
V000405,PT03870,DR027,D06,2025-04-11,Radiotherapy,887,0,0,Not Admitted,Cash
V000406,PT03804,DR014,D04,2025-09-03,Neuropathy,6685,0,0,Not Admitted,Insurance
V000407,PT04283,DR066,D08,2025-01-21,Prenatal Care,6322,0,0,Not Admitted,UPI
V000408,PT00521,DR034,D08,2025-05-17,Menstrual Disorder,3539,0,0,Not Admitted,UPI
V000409,PT04400,DR017,D08,2025-11-03,PCOS,665931,1,12,Normal,Cash
V000410,PT02276,DR066,D08,2025-10-20,PCOS,841,0,0,Not Admitted,UPI
V000411,PT02072,DR057,D04,2024-02-09,Migraine,5308,0,0,Not Admitted,Card
V000412,PT03738,DR069,D07,2025-06-06,Fever,5785,0,0,Not Admitted,Cash
V000413,PT04742,DR063,D05,2024-04-26,Trauma,4584,0,0,Not Admitted,UPI
V000414,PT03969,DR025,D05,2025-11-24,Trauma,394732,1,10,Normal,Cash
V000415,PT03206,DR056,D02,2025-07-06,Arthritis,5920,0,0,Not Admitted,Cash
V000416,PT01567,DR042,D01,2025-01-05,CAD,5422,0,0,Not Admitted,Cash
V000417,PT00255,DR045,D08,2024-03-24,Fertility,2561,0,0,Not Admitted,Cash
V000418,PT00447,DR072,D06,2025-03-06,Chemotherapy,1649,0,0,Not Admitted,Insurance
V000419,PT00452,DR043,D06,2024-07-20,Tumor Screening,2022,0,0,Not Admitted,Card
V000420,PT02314,DR015,D06,2024-12-10,Tumor Screening,2687,0,0,Not Admitted,UPI
V000421,PT01110,DR021,D07,2025-04-11,Diabetes,5778,0,0,Not Admitted,Insurance
V000422,PT00178,DR075,D01,2025-04-11,Hypertension,2771,0,0,Not Admitted,Card
V000423,PT03298,DR017,D08,2024-03-10,PCOS,2917,0,0,Not Admitted,UPI
V000424,PT02290,DR016,D06,2025-11-15,Chemotherapy,7811,0,0,Not Admitted,Insurance
V000425,PT04275,DR026,D05,2025-07-19,Severe Bleeding,1170,0,0,Not Admitted,Card
V000426,PT02395,DR024,D05,2024-06-01,Burns,6804,0,0,Not Admitted,UPI
V000427,PT00674,DR020,D01,2025-12-13,Heart Failure,4350,0,0,Not Admitted,Insurance
V000428,PT01985,DR006,D02,2025-05-29,Fracture,2391,0,0,Not Admitted,Card
V000429,PT00239,DR062,D08,2024-02-18,Fertility,2336,0,0,Not Admitted,Cash
V000430,PT04343,DR074,D03,2024-11-11,Viral Infection,6829,0,0,Not Admitted,Card
V000431,PT01865,DR075,D01,2024-08-06,Hypertension,2636,0,0,Not Admitted,Insurance
V000432,PT03310,DR022,D08,2025-03-28,PCOS,2639,0,0,Not Admitted,Card
V000433,PT01570,DR011,D08,2024-01-23,Prenatal Care,1362,0,0,Not Admitted,Insurance
V000434,PT02166,DR041,D07,2024-10-22,Diabetes,1185,0,0,Not Admitted,UPI
V000435,PT03799,DR043,D06,2024-04-09,Chemotherapy,1860,0,0,Not Admitted,Insurance
V000436,PT02219,DR034,D08,2024-02-28,PCOS,512653,1,4,Normal,Cash
V000437,PT00233,DR043,D06,2025-01-25,Post-op Care,2924,0,0,Not Admitted,Cash
V000438,PT01012,DR021,D07,2024-05-21,Diabetes,2183,0,0,Not Admitted,Card
V000439,PT00222,DR063,D05,2024-04-21,Trauma,5348,0,0,Not Admitted,Cash
V000440,PT04777,DR042,D01,2025-01-23,Arrhythmia,451539,1,1,Normal,Insurance
V000441,PT01344,DR052,D06,2024-05-11,Tumor Screening,307640,1,10,Normal,UPI
V000442,PT01115,DR057,D04,2025-01-09,Epilepsy,5986,0,0,Not Admitted,UPI
V000443,PT02562,DR055,D02,2024-05-06,Fracture,6114,0,0,Not Admitted,Card
V000444,PT02255,DR025,D05,2024-05-25,Trauma,4874,0,0,Not Admitted,Card
V000445,PT01264,DR065,D04,2025-03-25,Epilepsy,4885,0,0,Not Admitted,Cash
V000446,PT04756,DR035,D06,2024-03-02,Tumor Screening,7475,0,0,Not Admitted,Insurance
V000447,PT01885,DR070,D03,2024-07-15,Vaccination,651975,1,5,Normal,Cash
V000448,PT00230,DR072,D06,2025-10-22,Chemotherapy,382387,1,8,Normal,UPI
V000449,PT01736,DR023,D02,2025-08-22,Ligament Tear,7121,0,0,Not Admitted,Card
V000450,PT03878,DR029,D05,2024-05-14,Poisoning,6265,0,0,Not Admitted,UPI
V000451,PT03200,DR040,D08,2024-09-16,Fertility,5132,0,0,Not Admitted,Cash
V000452,PT03562,DR020,D01,2024-11-09,Hypertension,899,0,0,Not Admitted,UPI
V000453,PT03748,DR070,D03,2025-02-03,Viral Infection,1531,0,0,Not Admitted,Card
V000454,PT04608,DR060,D04,2025-05-23,Stroke,6932,0,0,Not Admitted,Card
V000455,PT00182,DR041,D07,2024-01-22,Diabetes,1493,0,0,Not Admitted,Insurance
V000456,PT02902,DR034,D08,2024-06-09,Fertility,7134,0,0,Not Admitted,UPI
V000457,PT01824,DR042,D01,2024-04-04,Hypertension,5198,0,0,Not Admitted,Card
V000458,PT01115,DR044,D08,2024-02-01,PCOS,3753,0,0,Not Admitted,Insurance
V000459,PT00466,DR034,D08,2024-10-30,Menstrual Disorder,6839,0,0,Not Admitted,Cash
V000460,PT04789,DR035,D06,2024-03-01,Radiotherapy,6640,0,0,Not Admitted,Cash
V000461,PT04696,DR025,D05,2024-09-30,Severe Bleeding,5061,0,0,Not Admitted,Cash
V000462,PT03393,DR047,D04,2025-03-13,Epilepsy,627592,1,7,Normal,Card
V000463,PT04154,DR016,D06,2025-12-29,Post-op Care,6505,0,0,Not Admitted,Cash
V000464,PT02359,DR022,D08,2024-07-16,Menstrual Disorder,6313,0,0,Not Admitted,UPI
V000465,PT02293,DR001,D02,2025-06-25,Arthritis,6093,0,0,Not Admitted,Cash
V000466,PT01060,DR079,D04,2025-09-06,Neuropathy,7565,0,0,Not Admitted,UPI
V000467,PT00250,DR061,D02,2025-04-17,Back Pain,6320,0,0,Not Admitted,Card
V000468,PT03004,DR020,D01,2024-10-11,Heart Failure,3255,0,0,Not Admitted,Insurance
V000469,PT00131,DR070,D03,2025-07-19,Fever,1505,0,0,Not Admitted,Insurance
V000470,PT04941,DR053,D03,2025-12-25,Asthma,4857,0,0,Not Admitted,Insurance
V000471,PT02921,DR022,D08,2025-10-27,Fertility,5314,0,0,Not Admitted,Cash
V000472,PT01690,DR034,D08,2025-03-06,Fertility,1995,0,0,Not Admitted,Card
V000473,PT03743,DR018,D05,2024-08-10,Burns,7216,0,0,Not Admitted,Cash
V000474,PT04739,DR022,D08,2025-06-16,Menstrual Disorder,6805,0,0,Not Admitted,Insurance
V000475,PT04012,DR072,D06,2024-05-02,Post-op Care,31483,1,2,Normal,Insurance
V000476,PT04276,DR026,D05,2024-07-17,Poisoning,6209,0,0,Not Admitted,UPI
V000477,PT02921,DR072,D06,2024-08-09,Chemotherapy,3458,0,0,Not Admitted,Cash
V000478,PT04652,DR046,D02,2024-01-27,Fracture,5090,0,0,Not Admitted,Cash
V000479,PT04656,DR023,D02,2025-07-23,Fracture,5949,0,0,Not Admitted,Insurance
V000480,PT03681,DR034,D08,2025-09-29,PCOS,4326,0,0,Not Admitted,Insurance
V000481,PT02255,DR039,D03,2025-09-18,Asthma,7783,0,0,Not Admitted,Card
V000482,PT03719,DR043,D06,2024-02-22,Radiotherapy,6106,0,0,Not Admitted,Insurance
V000483,PT04977,DR031,D03,2025-02-25,Fever,502,0,0,Not Admitted,UPI
V000484,PT01284,DR039,D03,2024-06-25,Viral Infection,119539,1,10,Normal,Card
V000485,PT03388,DR015,D06,2024-07-03,Tumor Screening,5171,0,0,Not Admitted,Cash
V000486,PT00942,DR076,D04,2024-08-02,Neuropathy,397819,1,5,Normal,Insurance
V000487,PT03555,DR003,D04,2024-06-20,Migraine,7007,0,0,Not Admitted,Card
V000488,PT02292,DR002,D02,2025-04-21,Arthritis,7015,0,0,Not Admitted,Cash
V000489,PT02864,DR075,D01,2024-02-18,Heart Failure,4543,0,0,Not Admitted,UPI
V000490,PT04815,DR043,D06,2024-12-14,Tumor Screening,540,0,0,Not Admitted,Insurance
V000491,PT02033,DR026,D05,2024-12-09,Severe Bleeding,214523,1,9,Normal,Card
V000492,PT00856,DR067,D07,2024-05-11,Infection,3278,0,0,Not Admitted,Insurance
V000493,PT04534,DR024,D05,2025-12-07,Burns,712938,1,4,Normal,Card
V000494,PT03288,DR042,D01,2025-11-29,CAD,7927,0,0,Not Admitted,Insurance
V000495,PT04955,DR034,D08,2025-01-30,PCOS,2923,0,0,Not Admitted,Card
V000496,PT02101,DR001,D02,2025-03-11,Ligament Tear,4179,0,0,Not Admitted,UPI
V000497,PT02578,DR050,D07,2025-07-31,Thyroid,4865,0,0,Not Admitted,Card
V000498,PT01239,DR030,D02,2024-03-29,Ligament Tear,509964,1,10,Normal,Insurance
V000499,PT02598,DR034,D08,2025-10-01,Menstrual Disorder,4907,0,0,Not Admitted,UPI
V000500,PT01743,DR017,D08,2024-02-23,Fertility,632921,1,2,Normal,Card
V000501,PT02120,DR028,D06,2025-11-23,Radiotherapy,7822,0,0,Not Admitted,UPI
V000502,PT03953,DR077,D01,2024-10-03,CAD,821,0,0,Not Admitted,Cash
V000503,PT03227,DR067,D07,2024-12-18,Infection,421401,1,8,Normal,UPI
V000504,PT01303,DR074,D03,2024-02-21,Asthma,5974,0,0,Not Admitted,Cash
V000505,PT01513,DR016,D06,2025-05-23,Post-op Care,537266,1,5,Normal,Cash
V000506,PT04145,DR075,D01,2024-01-28,CAD,4250,0,0,Not Admitted,Card
V000507,PT02789,DR061,D02,2025-01-11,Back Pain,1987,0,0,Not Admitted,UPI
V000508,PT04024,DR067,D07,2024-01-21,Fever,379851,1,8,Normal,Insurance
V000509,PT02015,DR065,D04,2024-02-01,Epilepsy,1099,0,0,Not Admitted,Card
V000510,PT04392,DR047,D04,2024-05-08,Epilepsy,4052,0,0,Not Admitted,UPI
V000511,PT00361,DR011,D08,2024-01-29,Prenatal Care,3991,0,0,Not Admitted,UPI
V000512,PT03647,DR004,D05,2025-01-21,Burns,289544,1,4,Expired,Card
V000513,PT02325,DR008,D02,2025-11-07,Back Pain,7805,0,0,Not Admitted,UPI
V000514,PT04127,DR062,D08,2024-03-25,Menstrual Disorder,2452,0,0,Not Admitted,UPI
V000515,PT04013,DR068,D03,2024-03-22,Viral Infection,6298,0,0,Not Admitted,Insurance
V000516,PT00999,DR078,D06,2024-09-18,Post-op Care,4015,0,0,Not Admitted,Cash
V000517,PT02246,DR007,D05,2025-07-06,Poisoning,1049,0,0,Not Admitted,UPI
V000518,PT04951,DR078,D06,2024-08-27,Tumor Screening,1391,0,0,Not Admitted,UPI
V000519,PT04686,DR053,D03,2025-03-04,Vaccination,6120,0,0,Not Admitted,Insurance
V000520,PT04795,DR053,D03,2024-05-19,Asthma,5220,0,0,Not Admitted,Insurance
V000521,PT01007,DR028,D06,2025-07-30,Chemotherapy,4276,0,0,Not Admitted,Cash
V000522,PT02877,DR059,D01,2024-10-23,CAD,6894,0,0,Not Admitted,UPI
V000523,PT03807,DR045,D08,2024-03-13,Fertility,1404,0,0,Not Admitted,UPI
V000524,PT00693,DR020,D01,2024-10-30,Arrhythmia,5224,0,0,Not Admitted,UPI
V000525,PT03688,DR026,D05,2025-01-14,Severe Bleeding,4526,0,0,Not Admitted,Card
V000526,PT03229,DR011,D08,2025-03-19,Fertility,4437,0,0,Not Admitted,Card
V000527,PT01145,DR071,D03,2024-01-09,Vaccination,7462,0,0,Not Admitted,Card
V000528,PT02980,DR015,D06,2024-11-24,Chemotherapy,4522,0,0,Not Admitted,Card
V000529,PT03835,DR044,D08,2025-06-25,Menstrual Disorder,180566,1,8,Normal,Card
V000530,PT00333,DR071,D03,2024-06-19,Vaccination,755972,1,1,Referred,Cash
V000531,PT02258,DR011,D08,2025-11-26,Menstrual Disorder,6931,0,0,Not Admitted,Insurance
V000532,PT04786,DR021,D07,2025-05-05,Infection,241989,1,6,Normal,Insurance
V000533,PT01959,DR018,D05,2024-09-10,Burns,624197,1,1,Normal,Insurance
V000534,PT00176,DR030,D02,2024-04-24,Back Pain,5977,0,0,Not Admitted,Card
V000535,PT04081,DR025,D05,2025-05-28,Poisoning,4784,0,0,Not Admitted,Card
V000536,PT03217,DR039,D03,2025-12-14,Asthma,5165,0,0,Not Admitted,Card
V000537,PT02839,DR037,D02,2024-10-10,Ligament Tear,2572,0,0,Not Admitted,Cash
V000538,PT04110,DR072,D06,2024-03-15,Radiotherapy,5826,0,0,Not Admitted,Insurance
V000539,PT03540,DR038,D04,2024-12-02,Neuropathy,3975,0,0,Not Admitted,Cash
V000540,PT02051,DR016,D06,2025-12-28,Post-op Care,5941,0,0,Not Admitted,UPI
V000541,PT00377,DR039,D03,2024-11-30,Viral Infection,7905,0,0,Not Admitted,Insurance
V000542,PT02512,DR069,D07,2024-05-12,Infection,5437,0,0,Not Admitted,UPI
V000543,PT04397,DR041,D07,2025-12-21,Diabetes,3722,0,0,Not Admitted,Cash
V000544,PT04833,DR050,D07,2025-06-21,Fever,4475,0,0,Not Admitted,Cash
V000545,PT00033,DR032,D07,2025-05-07,Fever,1241,0,0,Not Admitted,UPI
V000546,PT01043,DR064,D02,2025-09-13,Back Pain,7512,0,0,Not Admitted,Insurance
V000547,PT00827,DR014,D04,2025-07-06,Neuropathy,1801,0,0,Not Admitted,Insurance
V000548,PT03136,DR027,D06,2025-10-14,Tumor Screening,398934,1,0,Normal,Card
V000549,PT03201,DR041,D07,2025-12-06,Fever,1268,0,0,Not Admitted,UPI
V000550,PT01738,DR069,D07,2024-08-10,Diabetes,5428,0,0,Not Admitted,Card
V000551,PT01051,DR049,D01,2025-06-18,Arrhythmia,431878,1,3,Normal,Insurance
V000552,PT02568,DR051,D05,2024-01-15,Severe Bleeding,3071,0,0,Not Admitted,Card
V000553,PT01157,DR010,D02,2025-11-19,Arthritis,1002,0,0,Not Admitted,Card
V000554,PT04918,DR036,D04,2024-12-20,Epilepsy,45186,1,4,Normal,Cash
V000555,PT01145,DR068,D03,2025-06-11,Viral Infection,55630,1,9,Normal,Card
V000556,PT03967,DR013,D04,2024-03-29,Migraine,520793,1,9,Normal,Cash
V000557,PT04006,DR079,D04,2025-11-24,Stroke,1558,0,0,Not Admitted,Cash
V000558,PT03260,DR017,D08,2025-03-22,Fertility,4111,0,0,Not Admitted,UPI
V000559,PT02626,DR068,D03,2025-03-30,Asthma,3265,0,0,Not Admitted,Insurance
V000560,PT03192,DR026,D05,2025-04-24,Burns,7947,0,0,Not Admitted,UPI
V000561,PT01779,DR061,D02,2024-12-13,Arthritis,5252,0,0,Not Admitted,Cash
V000562,PT01138,DR005,D05,2024-07-02,Trauma,7317,0,0,Not Admitted,Card
V000563,PT02045,DR075,D01,2025-10-19,Arrhythmia,697510,1,4,Normal,Cash
V000564,PT01483,DR040,D08,2025-09-25,Fertility,4630,0,0,Not Admitted,UPI
V000565,PT01079,DR011,D08,2024-07-12,Prenatal Care,7310,0,0,Not Admitted,Cash
V000566,PT03618,DR044,D08,2024-04-24,Prenatal Care,1712,0,0,Not Admitted,Cash
V000567,PT01481,DR016,D06,2024-11-18,Chemotherapy,2857,0,0,Not Admitted,Insurance
V000568,PT03208,DR069,D07,2025-11-20,Diabetes,775,0,0,Not Admitted,Card
V000569,PT03227,DR010,D02,2024-02-16,Back Pain,228799,1,4,Referred,UPI
V000570,PT04616,DR026,D05,2024-10-24,Burns,6633,0,0,Not Admitted,Insurance
V000571,PT00462,DR029,D05,2024-05-30,Trauma,692218,1,12,Normal,Cash
V000572,PT01288,DR062,D08,2025-02-11,PCOS,3114,0,0,Not Admitted,Insurance
V000573,PT00462,DR034,D08,2025-07-12,Menstrual Disorder,1371,0,0,Not Admitted,Cash
V000574,PT03466,DR028,D06,2024-08-11,Chemotherapy,92911,1,0,Normal,Cash
V000575,PT03899,DR072,D06,2025-06-10,Post-op Care,5787,0,0,Not Admitted,Card
V000576,PT03928,DR007,D05,2025-02-16,Severe Bleeding,1487,0,0,Not Admitted,Card
V000577,PT01775,DR034,D08,2025-10-31,Fertility,471615,1,4,Normal,Card
V000578,PT04329,DR041,D07,2024-12-28,Infection,7509,0,0,Not Admitted,Insurance
V000579,PT00992,DR072,D06,2024-10-30,Radiotherapy,3227,0,0,Not Admitted,Card
V000580,PT04217,DR044,D08,2024-07-27,Prenatal Care,7197,0,0,Not Admitted,Insurance
V000581,PT04640,DR044,D08,2025-02-09,Menstrual Disorder,3440,0,0,Not Admitted,UPI
V000582,PT01794,DR072,D06,2025-02-25,Radiotherapy,769601,1,12,Normal,Cash
V000583,PT02100,DR053,D03,2025-08-06,Vaccination,4725,0,0,Not Admitted,Insurance
V000584,PT02176,DR049,D01,2025-07-31,CAD,127078,1,2,Normal,Card
V000585,PT03249,DR073,D04,2025-04-09,Stroke,4470,0,0,Not Admitted,Insurance
V000586,PT01754,DR004,D05,2024-03-12,Severe Bleeding,3014,0,0,Not Admitted,Cash
V000587,PT03987,DR022,D08,2024-02-17,PCOS,6972,0,0,Not Admitted,Cash
V000588,PT01218,DR068,D03,2024-05-04,Asthma,409273,1,12,Referred,Cash
V000589,PT00713,DR068,D03,2024-06-19,Vaccination,769,0,0,Not Admitted,UPI
V000590,PT03544,DR070,D03,2025-07-24,Viral Infection,7096,0,0,Not Admitted,Cash
V000591,PT02409,DR059,D01,2025-07-12,Arrhythmia,5900,0,0,Not Admitted,UPI
V000592,PT04144,DR022,D08,2025-12-04,Prenatal Care,4090,0,0,Not Admitted,Card
V000593,PT04978,DR024,D05,2025-02-12,Severe Bleeding,3590,0,0,Not Admitted,Cash
V000594,PT04244,DR050,D07,2025-12-01,Thyroid,2223,0,0,Not Admitted,Cash
V000595,PT01481,DR043,D06,2024-01-17,Tumor Screening,5245,0,0,Not Admitted,UPI
V000596,PT03116,DR053,D03,2025-08-07,Asthma,3588,0,0,Not Admitted,Cash
V000597,PT02008,DR068,D03,2024-12-01,Asthma,4496,0,0,Not Admitted,UPI
V000598,PT01449,DR058,D03,2025-04-29,Vaccination,4329,0,0,Not Admitted,Cash
V000599,PT03259,DR005,D05,2025-10-15,Severe Bleeding,3909,0,0,Not Admitted,Insurance
V000600,PT03165,DR016,D06,2024-04-12,Tumor Screening,5411,0,0,Not Admitted,Insurance
V000601,PT04260,DR069,D07,2025-06-09,Infection,6707,0,0,Not Admitted,UPI
V000602,PT00156,DR058,D03,2024-10-05,Vaccination,7786,0,0,Not Admitted,Card
V000603,PT00711,DR008,D02,2025-06-16,Back Pain,3916,0,0,Not Admitted,Card
V000604,PT01928,DR005,D05,2024-02-18,Burns,6196,0,0,Not Admitted,Cash
V000605,PT03842,DR059,D01,2024-05-04,Arrhythmia,2694,0,0,Not Admitted,Insurance
V000606,PT04046,DR058,D03,2025-10-22,Asthma,4546,0,0,Not Admitted,Insurance
V000607,PT00228,DR002,D02,2025-11-20,Arthritis,7051,0,0,Not Admitted,UPI
V000608,PT00255,DR003,D04,2024-04-08,Epilepsy,1977,0,0,Not Admitted,Cash
V000609,PT01597,DR038,D04,2025-08-16,Stroke,106751,1,2,Normal,UPI
V000610,PT04533,DR019,D04,2025-11-26,Migraine,652484,1,12,Normal,UPI
V000611,PT01535,DR020,D01,2024-07-06,Heart Failure,4464,0,0,Not Admitted,Insurance
V000612,PT02007,DR039,D03,2025-09-29,Fever,7852,0,0,Not Admitted,UPI
V000613,PT00047,DR017,D08,2025-10-12,Prenatal Care,563,0,0,Not Admitted,Insurance
V000614,PT01427,DR040,D08,2025-01-20,PCOS,7224,0,0,Not Admitted,Card
V000615,PT03054,DR012,D04,2024-09-20,Neuropathy,1431,0,0,Not Admitted,Card
V000616,PT03811,DR063,D05,2025-05-19,Trauma,1430,0,0,Not Admitted,Insurance
V000617,PT02085,DR011,D08,2024-01-12,PCOS,64790,1,2,Normal,Cash
V000618,PT04653,DR077,D01,2025-07-12,Arrhythmia,2818,0,0,Not Admitted,Insurance
V000619,PT03070,DR058,D03,2024-07-28,Fever,56221,1,6,Normal,Insurance
V000620,PT03694,DR065,D04,2024-05-22,Epilepsy,2031,0,0,Not Admitted,Cash
V000621,PT01344,DR016,D06,2024-05-31,Chemotherapy,7742,0,0,Not Admitted,Cash
V000622,PT02377,DR006,D02,2024-04-11,Back Pain,6443,0,0,Not Admitted,Cash
V000623,PT00684,DR071,D03,2025-01-30,Fever,1331,0,0,Not Admitted,UPI
V000624,PT04400,DR030,D02,2024-04-25,Ligament Tear,7009,0,0,Not Admitted,Cash
V000625,PT04155,DR059,D01,2024-07-02,CAD,2046,0,0,Not Admitted,Card
V000626,PT01402,DR031,D03,2025-03-18,Fever,1897,0,0,Not Admitted,Card
V000627,PT00190,DR010,D02,2025-05-09,Back Pain,2209,0,0,Not Admitted,Insurance
V000628,PT00497,DR043,D06,2024-07-21,Tumor Screening,107867,1,8,Normal,Card
V000629,PT04488,DR035,D06,2024-01-03,Tumor Screening,1841,0,0,Not Admitted,UPI
V000630,PT02053,DR045,D08,2025-04-02,Menstrual Disorder,558700,1,12,Normal,UPI
V000631,PT03683,DR059,D01,2024-01-08,Arrhythmia,694,0,0,Not Admitted,Card
V000632,PT02685,DR080,D05,2024-02-11,Burns,3137,0,0,Not Admitted,Insurance
V000633,PT03724,DR055,D02,2025-05-24,Ligament Tear,1868,0,0,Not Admitted,UPI
V000634,PT04483,DR038,D04,2024-05-20,Migraine,1465,0,0,Not Admitted,Cash
V000635,PT01584,DR049,D01,2025-01-04,Arrhythmia,96281,1,12,Normal,Cash
V000636,PT00242,DR032,D07,2025-06-30,Fever,411552,1,9,Normal,UPI
V000637,PT00637,DR016,D06,2024-03-06,Tumor Screening,527673,1,7,Normal,UPI
V000638,PT03569,DR033,D05,2025-07-07,Severe Bleeding,5142,0,0,Not Admitted,UPI
V000639,PT02086,DR009,D04,2025-10-07,Stroke,7825,0,0,Not Admitted,UPI
V000640,PT04444,DR077,D01,2024-11-11,Hypertension,2518,0,0,Not Admitted,Insurance
V000641,PT03334,DR059,D01,2024-05-07,CAD,381554,1,12,Normal,UPI
V000642,PT02772,DR022,D08,2025-03-25,Prenatal Care,5287,0,0,Not Admitted,Card
V000643,PT03686,DR050,D07,2024-01-30,Diabetes,129150,1,0,Normal,Insurance
V000644,PT01250,DR034,D08,2025-04-22,Prenatal Care,1556,0,0,Not Admitted,Insurance
V000645,PT03704,DR033,D05,2025-12-21,Burns,3001,0,0,Not Admitted,Cash
V000646,PT01554,DR022,D08,2025-04-16,Fertility,7561,0,0,Not Admitted,Insurance
V000647,PT02194,DR078,D06,2025-10-13,Radiotherapy,4859,0,0,Not Admitted,UPI
V000648,PT03757,DR019,D04,2025-01-04,Neuropathy,1930,0,0,Not Admitted,Cash
V000649,PT00131,DR019,D04,2025-10-05,Neuropathy,7805,0,0,Not Admitted,Card
V000650,PT03471,DR042,D01,2025-09-19,Heart Failure,5955,0,0,Not Admitted,Card
V000651,PT03727,DR032,D07,2024-10-20,Thyroid,1608,0,0,Not Admitted,Cash
V000652,PT01965,DR016,D06,2025-02-06,Tumor Screening,1572,0,0,Not Admitted,UPI
V000653,PT02732,DR034,D08,2025-02-18,Menstrual Disorder,291020,1,2,Normal,Card
V000654,PT00855,DR059,D01,2025-02-03,Hypertension,7480,0,0,Not Admitted,UPI
V000655,PT02145,DR014,D04,2024-09-08,Migraine,1455,0,0,Not Admitted,Insurance
V000656,PT02813,DR027,D06,2025-02-11,Tumor Screening,7727,0,0,Not Admitted,UPI
V000657,PT01779,DR036,D04,2025-02-14,Neuropathy,220785,1,8,Normal,Insurance
V000658,PT00961,DR080,D05,2024-10-09,Poisoning,7047,0,0,Not Admitted,Card
V000659,PT00635,DR013,D04,2024-10-04,Stroke,1188,0,0,Not Admitted,UPI
V000660,PT04651,DR043,D06,2024-09-28,Tumor Screening,2900,0,0,Not Admitted,UPI
V000661,PT04541,DR033,D05,2024-06-19,Trauma,5675,0,0,Not Admitted,Card
V000662,PT04143,DR039,D03,2025-10-02,Viral Infection,2446,0,0,Not Admitted,Card
V000663,PT03342,DR010,D02,2024-06-14,Fracture,7953,0,0,Not Admitted,UPI
V000664,PT04806,DR074,D03,2024-09-14,Vaccination,1958,0,0,Not Admitted,Cash
V000665,PT04328,DR029,D05,2025-03-27,Poisoning,2256,0,0,Not Admitted,Card
V000666,PT03807,DR023,D02,2025-01-03,Fracture,1000,0,0,Not Admitted,Insurance
V000667,PT04334,DR018,D05,2025-01-12,Trauma,7028,0,0,Not Admitted,Card
V000668,PT02783,DR062,D08,2025-08-05,PCOS,81083,1,10,Normal,Cash
V000669,PT04122,DR005,D05,2024-11-28,Trauma,710,0,0,Not Admitted,Cash
V000670,PT03920,DR033,D05,2025-02-18,Burns,6584,0,0,Not Admitted,UPI
V000671,PT00582,DR068,D03,2024-11-11,Fever,7200,0,0,Not Admitted,UPI
V000672,PT00217,DR059,D01,2025-03-11,Heart Failure,1435,0,0,Not Admitted,UPI
V000673,PT01205,DR012,D04,2025-04-01,Migraine,7716,0,0,Not Admitted,UPI
V000674,PT02182,DR059,D01,2025-01-30,Heart Failure,1135,0,0,Not Admitted,Insurance
V000675,PT00019,DR027,D06,2025-08-18,Radiotherapy,363888,1,1,Normal,Cash
V000676,PT03938,DR006,D02,2025-03-01,Fracture,226342,1,4,Normal,UPI
V000677,PT03204,DR012,D04,2025-10-16,Migraine,611104,1,2,Normal,Card
V000678,PT04953,DR074,D03,2025-01-15,Viral Infection,429220,1,7,Normal,Card
V000679,PT00695,DR068,D03,2024-02-03,Fever,2842,0,0,Not Admitted,Card
V000680,PT04001,DR053,D03,2024-09-20,Viral Infection,2325,0,0,Not Admitted,Cash
V000681,PT03017,DR032,D07,2024-03-10,Thyroid,5241,0,0,Not Admitted,Card
V000682,PT03579,DR018,D05,2025-04-12,Severe Bleeding,6214,0,0,Not Admitted,UPI
V000683,PT04088,DR074,D03,2025-08-30,Vaccination,3075,0,0,Not Admitted,UPI
V000684,PT02555,DR013,D04,2025-02-03,Migraine,4342,0,0,Not Admitted,Insurance
V000685,PT04387,DR016,D06,2025-08-23,Tumor Screening,6478,0,0,Not Admitted,Card
V000686,PT00457,DR042,D01,2024-10-14,Arrhythmia,5167,0,0,Not Admitted,Card
V000687,PT04519,DR069,D07,2024-01-27,Thyroid,6787,0,0,Not Admitted,UPI
V000688,PT02927,DR041,D07,2025-03-11,Infection,2232,0,0,Not Admitted,UPI
V000689,PT00671,DR032,D07,2024-01-18,Thyroid,7424,0,0,Not Admitted,Insurance
V000690,PT01354,DR077,D01,2024-03-31,Arrhythmia,3690,0,0,Not Admitted,Cash
V000691,PT00851,DR067,D07,2024-11-14,Thyroid,7994,0,0,Not Admitted,Insurance
V000692,PT04111,DR070,D03,2024-10-11,Vaccination,998,0,0,Not Admitted,Cash
V000693,PT02265,DR028,D06,2025-02-19,Tumor Screening,1790,0,0,Not Admitted,UPI
V000694,PT03419,DR044,D08,2025-08-27,Menstrual Disorder,6420,0,0,Not Admitted,Card
V000695,PT02889,DR022,D08,2024-08-16,Fertility,5088,0,0,Not Admitted,Card
V000696,PT03752,DR061,D02,2024-06-23,Back Pain,469677,1,5,Normal,Insurance
V000697,PT01392,DR064,D02,2025-11-06,Back Pain,6831,0,0,Not Admitted,Cash
V000698,PT02243,DR045,D08,2025-08-26,PCOS,5588,0,0,Not Admitted,Card
V000699,PT02088,DR031,D03,2024-08-02,Viral Infection,4566,0,0,Not Admitted,Cash
V000700,PT00312,DR059,D01,2024-08-17,CAD,2705,0,0,Not Admitted,Insurance
V000701,PT04673,DR077,D01,2025-07-27,Hypertension,3305,0,0,Not Admitted,Insurance
V000702,PT02623,DR058,D03,2024-10-16,Vaccination,522605,1,9,Normal,Card
V000703,PT02029,DR023,D02,2025-12-25,Ligament Tear,3572,0,0,Not Admitted,Cash
V000704,PT00179,DR024,D05,2025-03-03,Severe Bleeding,205719,1,2,Normal,Card
V000705,PT02159,DR071,D03,2024-01-23,Asthma,2175,0,0,Not Admitted,Insurance
V000706,PT03677,DR006,D02,2025-06-23,Ligament Tear,2047,0,0,Not Admitted,Cash
V000707,PT01791,DR069,D07,2024-12-23,Diabetes,5898,0,0,Not Admitted,Insurance
V000708,PT00697,DR026,D05,2024-04-14,Trauma,4440,0,0,Not Admitted,Insurance
V000709,PT04134,DR060,D04,2024-07-26,Stroke,1000,0,0,Not Admitted,Card
V000710,PT03438,DR063,D05,2024-03-29,Poisoning,2546,0,0,Not Admitted,UPI
V000711,PT04956,DR042,D01,2025-11-11,Hypertension,5664,0,0,Not Admitted,Insurance
V000712,PT01298,DR012,D04,2025-04-27,Migraine,6489,0,0,Not Admitted,Insurance
V000713,PT03750,DR076,D04,2025-03-01,Neuropathy,4585,0,0,Not Admitted,UPI
V000714,PT02549,DR060,D04,2025-03-02,Neuropathy,3592,0,0,Not Admitted,Card
V000715,PT02050,DR033,D05,2024-12-04,Trauma,2204,0,0,Not Admitted,Insurance
V000716,PT00910,DR016,D06,2025-12-13,Tumor Screening,6820,0,0,Not Admitted,Insurance
V000717,PT01683,DR058,D03,2025-01-25,Vaccination,3543,0,0,Not Admitted,Insurance
V000718,PT00674,DR058,D03,2024-07-15,Asthma,5847,0,0,Not Admitted,Card
V000719,PT00234,DR037,D02,2024-11-14,Back Pain,3255,0,0,Not Admitted,Insurance
V000720,PT03462,DR031,D03,2025-01-20,Viral Infection,1635,0,0,Not Admitted,UPI
V000721,PT01011,DR040,D08,2024-10-15,Fertility,5679,0,0,Not Admitted,Card
V000722,PT02005,DR040,D08,2025-03-23,Fertility,619810,1,6,Normal,UPI
V000723,PT03579,DR044,D08,2024-09-12,Fertility,86287,1,9,Normal,Cash
V000724,PT02960,DR078,D06,2024-06-20,Radiotherapy,2375,0,0,Not Admitted,Cash
V000725,PT04475,DR022,D08,2025-04-18,PCOS,3565,0,0,Not Admitted,Card
V000726,PT04943,DR023,D02,2025-08-28,Back Pain,7300,0,0,Not Admitted,Insurance
V000727,PT04784,DR041,D07,2025-11-25,Fever,6636,0,0,Not Admitted,Card
V000728,PT02060,DR041,D07,2025-11-03,Thyroid,4043,0,0,Not Admitted,Cash
V000729,PT01392,DR048,D04,2025-08-21,Migraine,418393,1,4,Referred,UPI
V000730,PT00077,DR017,D08,2025-07-05,Fertility,4544,0,0,Not Admitted,UPI
V000731,PT02468,DR045,D08,2025-09-05,Prenatal Care,1523,0,0,Not Admitted,UPI
V000732,PT04015,DR042,D01,2025-09-22,Arrhythmia,3969,0,0,Not Admitted,Card
V000733,PT02537,DR077,D01,2024-05-11,Hypertension,969,0,0,Not Admitted,Insurance
V000734,PT04058,DR034,D08,2025-05-10,Prenatal Care,7288,0,0,Not Admitted,Card
V000735,PT00801,DR032,D07,2024-02-13,Fever,3888,0,0,Not Admitted,Card
V000736,PT00720,DR059,D01,2025-05-14,Arrhythmia,7069,0,0,Not Admitted,Card
V000737,PT02829,DR035,D06,2025-05-07,Radiotherapy,4496,0,0,Not Admitted,Cash
V000738,PT04114,DR057,D04,2024-05-08,Neuropathy,4513,0,0,Not Admitted,Insurance
V000739,PT02938,DR072,D06,2025-11-27,Chemotherapy,394407,1,6,Normal,Card
V000740,PT03452,DR052,D06,2025-03-01,Chemotherapy,7541,0,0,Not Admitted,Card
V000741,PT02056,DR059,D01,2025-08-02,Arrhythmia,3678,0,0,Not Admitted,Insurance
V000742,PT03386,DR016,D06,2025-08-05,Tumor Screening,1478,0,0,Not Admitted,Insurance
V000743,PT01535,DR014,D04,2024-07-31,Neuropathy,2039,0,0,Not Admitted,Card
V000744,PT04973,DR052,D06,2024-03-17,Tumor Screening,3735,0,0,Not Admitted,Insurance
V000745,PT04650,DR074,D03,2024-03-24,Viral Infection,7901,0,0,Not Admitted,Card
V000746,PT03947,DR067,D07,2025-08-16,Thyroid,4805,0,0,Not Admitted,UPI
V000747,PT02847,DR019,D04,2024-03-28,Stroke,978,0,0,Not Admitted,UPI
V000748,PT01501,DR042,D01,2024-09-23,Heart Failure,5175,0,0,Not Admitted,Card
V000749,PT00988,DR006,D02,2025-03-08,Arthritis,535,0,0,Not Admitted,UPI
V000750,PT03997,DR026,D05,2025-02-19,Trauma,1406,0,0,Not Admitted,Cash
V000751,PT03824,DR055,D02,2025-09-12,Ligament Tear,285555,1,8,Normal,Card
V000752,PT01229,DR027,D06,2024-08-19,Chemotherapy,3941,0,0,Not Admitted,Cash
V000753,PT01689,DR077,D01,2025-02-27,Heart Failure,4353,0,0,Not Admitted,Card
V000754,PT04981,DR066,D08,2025-04-10,Fertility,1861,0,0,Not Admitted,Card
V000755,PT00290,DR008,D02,2024-01-02,Fracture,7365,0,0,Not Admitted,Cash
V000756,PT04291,DR022,D08,2024-07-27,PCOS,353525,1,12,Normal,Card
V000757,PT01879,DR041,D07,2024-07-30,Thyroid,1543,0,0,Not Admitted,UPI
V000758,PT01990,DR064,D02,2024-04-28,Arthritis,605,0,0,Not Admitted,Insurance
V000759,PT03384,DR032,D07,2025-11-19,Thyroid,4641,0,0,Not Admitted,Insurance
V000760,PT00844,DR016,D06,2024-07-23,Chemotherapy,6317,0,0,Not Admitted,Cash
V000761,PT01713,DR055,D02,2025-04-22,Fracture,7131,0,0,Not Admitted,UPI
V000762,PT02489,DR050,D07,2025-01-29,Infection,5832,0,0,Not Admitted,Cash
V000763,PT02674,DR054,D02,2025-10-27,Ligament Tear,7455,0,0,Not Admitted,Card
V000764,PT00404,DR027,D06,2024-01-11,Post-op Care,5506,0,0,Not Admitted,Card
V000765,PT01622,DR077,D01,2024-08-18,Arrhythmia,3326,0,0,Not Admitted,Insurance
V000766,PT03672,DR057,D04,2024-06-08,Epilepsy,1533,0,0,Not Admitted,UPI
V000767,PT02045,DR011,D08,2024-04-10,Fertility,888,0,0,Not Admitted,Card
V000768,PT00550,DR032,D07,2025-05-28,Fever,4236,0,0,Not Admitted,UPI
V000769,PT04439,DR016,D06,2024-06-04,Tumor Screening,7016,0,0,Not Admitted,Card
V000770,PT04119,DR053,D03,2025-09-05,Asthma,4658,0,0,Not Admitted,Insurance
V000771,PT04069,DR030,D02,2024-12-01,Ligament Tear,493174,1,9,Normal,Insurance
V000772,PT02884,DR076,D04,2025-02-13,Neuropathy,7521,0,0,Not Admitted,UPI
V000773,PT03169,DR016,D06,2024-05-20,Radiotherapy,1596,0,0,Not Admitted,Card
V000774,PT01074,DR051,D05,2025-12-26,Trauma,7785,0,0,Not Admitted,Card
V000775,PT02098,DR080,D05,2025-08-17,Burns,5996,0,0,Not Admitted,Card
V000776,PT03237,DR017,D08,2025-05-06,Menstrual Disorder,7573,0,0,Not Admitted,Cash
V000777,PT00279,DR069,D07,2024-12-17,Fever,6864,0,0,Not Admitted,Insurance
V000778,PT03634,DR078,D06,2025-08-31,Post-op Care,6601,0,0,Not Admitted,Cash
V000779,PT04843,DR058,D03,2024-08-01,Vaccination,6699,0,0,Not Admitted,UPI
V000780,PT01264,DR077,D01,2024-04-29,CAD,1212,0,0,Not Admitted,UPI
V000781,PT01883,DR059,D01,2025-03-01,CAD,5999,0,0,Not Admitted,Insurance
V000782,PT01146,DR011,D08,2025-07-01,PCOS,30751,1,7,Referred,Cash
V000783,PT01294,DR003,D04,2025-07-17,Migraine,1046,0,0,Not Admitted,UPI
V000784,PT01343,DR021,D07,2025-05-03,Diabetes,4128,0,0,Not Admitted,Cash
V000785,PT01834,DR045,D08,2024-08-16,Fertility,4622,0,0,Not Admitted,Card
V000786,PT00021,DR041,D07,2025-05-09,Fever,637445,1,10,Normal,Card
V000787,PT03343,DR062,D08,2024-10-20,PCOS,5324,0,0,Not Admitted,UPI
V000788,PT04924,DR042,D01,2024-11-21,Heart Failure,2148,0,0,Not Admitted,Insurance
V000789,PT02800,DR041,D07,2024-09-14,Fever,5336,0,0,Not Admitted,UPI
V000790,PT02899,DR066,D08,2024-09-03,Prenatal Care,6685,0,0,Not Admitted,UPI
V000791,PT00775,DR006,D02,2024-02-29,Back Pain,2239,0,0,Not Admitted,Cash
V000792,PT00399,DR069,D07,2025-03-05,Infection,563086,1,4,Normal,Card
V000793,PT01001,DR049,D01,2024-11-09,CAD,434860,1,1,Normal,UPI
V000794,PT03693,DR042,D01,2024-02-11,Hypertension,66618,1,9,Normal,Card
V000795,PT02532,DR080,D05,2025-02-05,Burns,5667,0,0,Not Admitted,UPI
V000796,PT04701,DR063,D05,2024-09-06,Burns,7219,0,0,Not Admitted,Insurance
V000797,PT03097,DR029,D05,2024-04-17,Poisoning,5212,0,0,Not Admitted,Insurance
V000798,PT01031,DR047,D04,2024-05-26,Epilepsy,338064,1,0,Normal,Cash
V000799,PT02895,DR035,D06,2025-10-07,Chemotherapy,235855,1,1,Normal,Insurance
V000800,PT01487,DR025,D05,2024-06-19,Poisoning,1016,0,0,Not Admitted,UPI
V000801,PT04570,DR075,D01,2025-11-30,Arrhythmia,2522,0,0,Not Admitted,UPI
V000802,PT03173,DR032,D07,2025-04-24,Infection,797,0,0,Not Admitted,Card
V000803,PT01741,DR054,D02,2024-07-25,Back Pain,636,0,0,Not Admitted,UPI
V000804,PT01593,DR003,D04,2025-06-30,Epilepsy,5981,0,0,Not Admitted,Insurance
V000805,PT03668,DR003,D04,2025-02-21,Stroke,5690,0,0,Not Admitted,Cash
V000806,PT00037,DR050,D07,2025-01-26,Diabetes,7688,0,0,Not Admitted,Insurance
V000807,PT01823,DR028,D06,2024-11-12,Tumor Screening,1460,0,0,Not Admitted,Insurance
V000808,PT03586,DR064,D02,2025-04-26,Fracture,3294,0,0,Not Admitted,UPI
V000809,PT04577,DR067,D07,2025-04-08,Diabetes,6269,0,0,Not Admitted,Cash
V000810,PT03587,DR049,D01,2024-08-21,Heart Failure,365114,1,2,Normal,Cash
V000811,PT00107,DR065,D04,2025-11-26,Stroke,3921,0,0,Not Admitted,UPI
V000812,PT04892,DR062,D08,2025-06-26,PCOS,2681,0,0,Not Admitted,Cash
V000813,PT01552,DR050,D07,2024-11-27,Infection,1025,0,0,Not Admitted,Card
V000814,PT02533,DR041,D07,2025-05-03,Thyroid,1276,0,0,Not Admitted,Cash
V000815,PT02462,DR040,D08,2024-12-30,Fertility,4132,0,0,Not Admitted,Cash
V000816,PT00922,DR078,D06,2024-05-22,Chemotherapy,6293,0,0,Not Admitted,Card
V000817,PT03546,DR037,D02,2024-04-15,Back Pain,6527,0,0,Not Admitted,Cash
V000818,PT03768,DR073,D04,2025-07-10,Migraine,3119,0,0,Not Admitted,Card
V000819,PT03390,DR067,D07,2025-05-21,Thyroid,993,0,0,Not Admitted,Insurance
V000820,PT04776,DR038,D04,2025-05-31,Migraine,7540,0,0,Not Admitted,Card
V000821,PT03973,DR041,D07,2024-11-27,Diabetes,6721,0,0,Not Admitted,UPI
V000822,PT02819,DR059,D01,2024-09-11,CAD,6615,0,0,Not Admitted,Cash
V000823,PT02463,DR060,D04,2024-07-30,Stroke,2500,0,0,Not Admitted,Cash
V000824,PT02596,DR025,D05,2024-11-24,Poisoning,1131,0,0,Not Admitted,UPI
V000825,PT01660,DR053,D03,2025-02-16,Fever,7249,0,0,Not Admitted,Card
V000826,PT04189,DR071,D03,2025-04-20,Viral Infection,198511,1,1,Normal,UPI
V000827,PT01767,DR063,D05,2025-05-07,Burns,7809,0,0,Not Admitted,UPI
V000828,PT02287,DR059,D01,2024-08-02,CAD,5836,0,0,Not Admitted,UPI
V000829,PT01270,DR053,D03,2025-02-27,Asthma,1506,0,0,Not Admitted,Card
V000830,PT04182,DR061,D02,2025-12-30,Arthritis,1642,0,0,Not Admitted,Insurance
V000831,PT00777,DR067,D07,2024-07-08,Thyroid,7606,0,0,Not Admitted,Card
V000832,PT04417,DR051,D05,2024-12-15,Trauma,7408,0,0,Not Admitted,Cash
V000833,PT02141,DR015,D06,2025-07-05,Radiotherapy,1200,0,0,Not Admitted,Insurance
V000834,PT01299,DR014,D04,2024-12-21,Migraine,2163,0,0,Not Admitted,UPI
V000835,PT00075,DR040,D08,2024-07-14,Fertility,7635,0,0,Not Admitted,UPI
V000836,PT04127,DR067,D07,2025-01-03,Infection,7285,0,0,Not Admitted,UPI
V000837,PT04297,DR071,D03,2024-04-04,Vaccination,988,0,0,Not Admitted,Cash
V000838,PT01723,DR041,D07,2025-07-03,Thyroid,5620,0,0,Not Admitted,UPI
V000839,PT00167,DR067,D07,2024-02-21,Diabetes,2227,0,0,Not Admitted,Cash
V000840,PT03825,DR028,D06,2025-07-11,Tumor Screening,3736,0,0,Not Admitted,UPI
V000841,PT04540,DR048,D04,2024-03-20,Stroke,634,0,0,Not Admitted,UPI
V000842,PT01248,DR075,D01,2024-04-15,Heart Failure,7808,0,0,Not Admitted,Insurance
V000843,PT04987,DR009,D04,2024-07-31,Neuropathy,3052,0,0,Not Admitted,Card
V000844,PT01963,DR040,D08,2024-10-15,Prenatal Care,4048,0,0,Not Admitted,Cash
V000845,PT00803,DR059,D01,2024-08-22,Hypertension,6343,0,0,Not Admitted,UPI
V000846,PT02246,DR060,D04,2025-01-19,Stroke,4793,0,0,Not Admitted,Card
V000847,PT02714,DR029,D05,2024-03-15,Trauma,4869,0,0,Not Admitted,UPI
V000848,PT00853,DR031,D03,2024-06-15,Vaccination,1122,0,0,Not Admitted,Card
V000849,PT00493,DR032,D07,2024-03-22,Infection,75885,1,11,Referred,Insurance
V000850,PT02146,DR051,D05,2025-03-04,Trauma,4122,0,0,Not Admitted,Card
V000851,PT03111,DR014,D04,2025-06-07,Migraine,7946,0,0,Not Admitted,Card
V000852,PT04028,DR033,D05,2024-03-15,Severe Bleeding,3685,0,0,Not Admitted,Card
V000853,PT01209,DR016,D06,2025-04-26,Radiotherapy,7449,0,0,Not Admitted,UPI
V000854,PT01733,DR078,D06,2024-02-27,Tumor Screening,1752,0,0,Not Admitted,Cash
V000855,PT00625,DR016,D06,2024-09-29,Chemotherapy,4275,0,0,Not Admitted,Insurance
V000856,PT01384,DR034,D08,2024-06-24,Fertility,696,0,0,Not Admitted,Insurance
V000857,PT03487,DR052,D06,2025-10-16,Chemotherapy,7385,0,0,Not Admitted,UPI
V000858,PT01632,DR061,D02,2024-09-15,Arthritis,2321,0,0,Not Admitted,Insurance
V000859,PT02093,DR017,D08,2024-03-23,Fertility,3423,0,0,Not Admitted,Cash
V000860,PT00048,DR053,D03,2024-10-26,Asthma,1782,0,0,Not Admitted,Insurance
V000861,PT00907,DR072,D06,2025-10-31,Tumor Screening,1636,0,0,Not Admitted,UPI
V000862,PT04975,DR059,D01,2024-05-03,Arrhythmia,3916,0,0,Not Admitted,Cash
V000863,PT01868,DR027,D06,2024-02-16,Chemotherapy,4409,0,0,Not Admitted,Card
V000864,PT00444,DR008,D02,2024-08-25,Back Pain,2454,0,0,Not Admitted,Cash
V000865,PT02053,DR052,D06,2024-02-16,Radiotherapy,4484,0,0,Not Admitted,Cash
V000866,PT00388,DR038,D04,2025-07-28,Epilepsy,2922,0,0,Not Admitted,UPI
V000867,PT04606,DR041,D07,2024-12-29,Thyroid,1764,0,0,Not Admitted,Insurance
V000868,PT02087,DR013,D04,2024-08-18,Neuropathy,5747,0,0,Not Admitted,Card
V000869,PT00384,DR067,D07,2025-11-02,Diabetes,5339,0,0,Not Admitted,Card
V000870,PT04188,DR059,D01,2024-12-06,CAD,5997,0,0,Not Admitted,Insurance
V000871,PT01027,DR028,D06,2025-08-21,Chemotherapy,614155,1,5,Normal,Cash
V000872,PT02367,DR010,D02,2024-03-01,Ligament Tear,2573,0,0,Not Admitted,UPI
V000873,PT03969,DR047,D04,2025-08-04,Neuropathy,160940,1,1,Normal,Insurance
V000874,PT04325,DR077,D01,2024-07-24,CAD,3731,0,0,Not Admitted,Card
V000875,PT01705,DR050,D07,2024-12-03,Infection,6679,0,0,Not Admitted,Card
V000876,PT03625,DR007,D05,2025-09-05,Severe Bleeding,540,0,0,Not Admitted,Cash
V000877,PT03850,DR041,D07,2025-01-22,Thyroid,7473,0,0,Not Admitted,Insurance
V000878,PT03575,DR058,D03,2024-01-07,Fever,2080,0,0,Not Admitted,Cash
V000879,PT02508,DR028,D06,2024-05-15,Tumor Screening,538,0,0,Not Admitted,Cash
V000880,PT04979,DR043,D06,2024-04-29,Radiotherapy,3743,0,0,Not Admitted,UPI
V000881,PT02373,DR066,D08,2025-01-17,Menstrual Disorder,617872,1,6,Referred,Cash
V000882,PT00570,DR037,D02,2025-03-13,Ligament Tear,4786,0,0,Not Admitted,Card
V000883,PT02772,DR058,D03,2024-09-24,Fever,2535,0,0,Not Admitted,UPI
V000884,PT01804,DR021,D07,2024-10-01,Diabetes,673066,1,8,Normal,Card
V000885,PT04276,DR060,D04,2025-09-05,Neuropathy,842,0,0,Not Admitted,Cash
V000886,PT01940,DR068,D03,2025-09-06,Viral Infection,7706,0,0,Not Admitted,Insurance
V000887,PT02496,DR037,D02,2024-03-27,Ligament Tear,7346,0,0,Not Admitted,Card
V000888,PT03795,DR004,D05,2025-05-16,Severe Bleeding,7514,0,0,Not Admitted,Card
V000889,PT00556,DR075,D01,2025-08-12,Heart Failure,4874,0,0,Not Admitted,Card
V000890,PT03927,DR072,D06,2025-02-02,Tumor Screening,5210,0,0,Not Admitted,Cash
V000891,PT01644,DR069,D07,2024-04-06,Fever,5933,0,0,Not Admitted,Card
V000892,PT04756,DR020,D01,2024-12-17,Heart Failure,4935,0,0,Not Admitted,Insurance
V000893,PT02571,DR059,D01,2024-10-27,Heart Failure,7738,0,0,Not Admitted,Card
V000894,PT00853,DR076,D04,2024-02-02,Stroke,7095,0,0,Not Admitted,UPI
V000895,PT02624,DR046,D02,2025-11-24,Fracture,3671,0,0,Not Admitted,UPI
V000896,PT00575,DR039,D03,2024-08-25,Vaccination,6752,0,0,Not Admitted,Insurance
V000897,PT03438,DR029,D05,2025-07-04,Severe Bleeding,5054,0,0,Not Admitted,Insurance
V000898,PT01310,DR039,D03,2025-01-29,Viral Infection,6187,0,0,Not Admitted,Cash
V000899,PT01349,DR010,D02,2024-06-19,Back Pain,7969,0,0,Not Admitted,Insurance
V000900,PT02849,DR069,D07,2024-01-27,Thyroid,1318,0,0,Not Admitted,Card
V000901,PT02279,DR028,D06,2024-07-16,Radiotherapy,1005,0,0,Not Admitted,UPI
V000902,PT03306,DR050,D07,2024-07-27,Thyroid,622954,1,5,Normal,Insurance
V000903,PT00783,DR041,D07,2025-09-29,Thyroid,4984,0,0,Not Admitted,Card
V000904,PT03642,DR049,D01,2024-01-05,CAD,67968,1,11,Normal,Cash
V000905,PT03642,DR079,D04,2024-05-05,Epilepsy,72310,1,6,Normal,UPI
V000906,PT02503,DR053,D03,2024-06-29,Vaccination,6637,0,0,Not Admitted,UPI
V000907,PT04909,DR014,D04,2024-09-30,Neuropathy,5216,0,0,Not Admitted,Card
V000908,PT01597,DR061,D02,2025-10-19,Ligament Tear,6149,0,0,Not Admitted,UPI
V000909,PT03649,DR069,D07,2025-10-08,Thyroid,2759,0,0,Not Admitted,Card
V000910,PT03968,DR017,D08,2025-07-27,PCOS,5962,0,0,Not Admitted,Insurance
V000911,PT04835,DR015,D06,2024-07-11,Radiotherapy,3404,0,0,Not Admitted,UPI
V000912,PT03288,DR011,D08,2025-04-15,PCOS,779433,1,5,Normal,Insurance
V000913,PT00502,DR022,D08,2024-10-23,Prenatal Care,2606,0,0,Not Admitted,Card
V000914,PT03351,DR069,D07,2024-03-01,Diabetes,134440,1,1,Normal,UPI
V000915,PT00906,DR022,D08,2024-12-26,Prenatal Care,489086,1,12,Referred,UPI
V000916,PT03363,DR064,D02,2025-03-25,Back Pain,575,0,0,Not Admitted,Card
V000917,PT02410,DR058,D03,2025-12-14,Fever,6132,0,0,Not Admitted,Insurance
V000918,PT01376,DR062,D08,2025-02-20,PCOS,7582,0,0,Not Admitted,Insurance
V000919,PT01902,DR039,D03,2024-12-22,Fever,3746,0,0,Not Admitted,Card
V000920,PT02749,DR026,D05,2025-03-07,Severe Bleeding,1533,0,0,Not Admitted,Insurance
V000921,PT00368,DR063,D05,2025-01-28,Burns,5852,0,0,Not Admitted,Cash
V000922,PT02875,DR021,D07,2025-09-27,Fever,365830,1,11,Normal,Cash
V000923,PT03861,DR032,D07,2024-03-07,Fever,6247,0,0,Not Admitted,Insurance
V000924,PT03539,DR071,D03,2024-06-07,Fever,7180,0,0,Not Admitted,UPI
V000925,PT00035,DR041,D07,2025-02-19,Thyroid,5873,0,0,Not Admitted,Cash
V000926,PT03375,DR068,D03,2024-10-11,Fever,755201,1,10,Normal,Cash
V000927,PT04507,DR031,D03,2025-05-27,Fever,4320,0,0,Not Admitted,Card
V000928,PT03712,DR008,D02,2024-09-02,Fracture,3227,0,0,Not Admitted,Cash
V000929,PT04571,DR061,D02,2024-08-16,Ligament Tear,7522,0,0,Not Admitted,UPI
V000930,PT03349,DR005,D05,2024-12-31,Poisoning,1592,0,0,Not Admitted,Card
V000931,PT02994,DR037,D02,2024-01-31,Back Pain,5952,0,0,Not Admitted,Insurance
V000932,PT04605,DR052,D06,2024-06-09,Tumor Screening,795,0,0,Not Admitted,UPI
V000933,PT04807,DR051,D05,2024-10-23,Burns,390367,1,12,Normal,UPI
V000934,PT03270,DR058,D03,2024-11-21,Asthma,7661,0,0,Not Admitted,Card
V000935,PT02834,DR021,D07,2024-01-26,Diabetes,380985,1,10,Normal,UPI
V000936,PT04793,DR034,D08,2025-12-12,Prenatal Care,7594,0,0,Not Admitted,UPI
V000937,PT01415,DR029,D05,2025-08-25,Trauma,7341,0,0,Not Admitted,Cash
V000938,PT00163,DR063,D05,2024-09-14,Poisoning,4841,0,0,Not Admitted,Insurance
V000939,PT02203,DR045,D08,2025-03-09,Prenatal Care,2116,0,0,Not Admitted,Insurance
V000940,PT01219,DR069,D07,2024-10-10,Fever,3120,0,0,Not Admitted,UPI
V000941,PT02144,DR072,D06,2024-09-11,Radiotherapy,737943,1,2,Normal,Insurance
V000942,PT04775,DR077,D01,2024-04-19,Hypertension,1874,0,0,Not Admitted,UPI
V000943,PT04552,DR054,D02,2025-09-22,Back Pain,856,0,0,Not Admitted,Card
V000944,PT00979,DR014,D04,2025-04-03,Epilepsy,5036,0,0,Not Admitted,UPI
V000945,PT00117,DR046,D02,2025-05-14,Arthritis,567,0,0,Not Admitted,Insurance
V000946,PT04161,DR015,D06,2025-06-11,Chemotherapy,3200,0,0,Not Admitted,Insurance
V000947,PT00207,DR025,D05,2024-01-17,Poisoning,6335,0,0,Not Admitted,Insurance
V000948,PT03086,DR056,D02,2025-12-12,Fracture,3277,0,0,Not Admitted,Cash
V000949,PT04845,DR015,D06,2025-10-18,Post-op Care,7138,0,0,Not Admitted,Cash
V000950,PT03399,DR054,D02,2024-08-29,Fracture,3866,0,0,Not Admitted,Card
V000951,PT02381,DR050,D07,2024-01-23,Fever,1816,0,0,Not Admitted,UPI
V000952,PT02841,DR067,D07,2024-09-21,Diabetes,769930,1,1,Normal,Cash
V000953,PT04172,DR067,D07,2024-06-11,Thyroid,682103,1,12,Normal,Card
V000954,PT04741,DR027,D06,2025-09-05,Post-op Care,34718,1,2,Normal,Cash
V000955,PT02900,DR037,D02,2024-09-22,Back Pain,3918,0,0,Not Admitted,Insurance
V000956,PT00186,DR041,D07,2025-02-04,Fever,2229,0,0,Not Admitted,Card
V000957,PT00823,DR059,D01,2024-11-06,Heart Failure,2881,0,0,Not Admitted,Card
V000958,PT04617,DR043,D06,2024-02-10,Radiotherapy,7673,0,0,Not Admitted,Cash
V000959,PT01211,DR068,D03,2024-05-10,Fever,4364,0,0,Not Admitted,UPI
V000960,PT01783,DR069,D07,2024-09-17,Infection,133533,1,2,Referred,Card
V000961,PT04129,DR015,D06,2025-05-16,Post-op Care,1471,0,0,Not Admitted,Card
V000962,PT01797,DR060,D04,2025-08-13,Migraine,4744,0,0,Not Admitted,Card
V000963,PT04346,DR025,D05,2024-05-24,Severe Bleeding,4718,0,0,Not Admitted,Insurance
V000964,PT03121,DR058,D03,2024-01-16,Viral Infection,3554,0,0,Not Admitted,Cash
V000965,PT01164,DR072,D06,2025-11-11,Post-op Care,7137,0,0,Not Admitted,UPI
V000966,PT01426,DR074,D03,2024-05-22,Asthma,1179,0,0,Not Admitted,Card
V000967,PT03853,DR009,D04,2024-09-17,Epilepsy,385692,1,3,Normal,Cash
V000968,PT00220,DR059,D01,2024-03-31,Heart Failure,1160,0,0,Not Admitted,Cash
V000969,PT03167,DR063,D05,2025-01-06,Trauma,1593,0,0,Not Admitted,Card
V000970,PT01750,DR024,D05,2025-04-10,Poisoning,5963,0,0,Not Admitted,Insurance
V000971,PT01778,DR007,D05,2025-12-14,Trauma,751,0,0,Not Admitted,Cash
V000972,PT04695,DR055,D02,2025-06-25,Ligament Tear,4339,0,0,Not Admitted,Insurance
V000973,PT03950,DR069,D07,2025-03-08,Thyroid,4355,0,0,Not Admitted,Cash
V000974,PT00504,DR049,D01,2025-12-30,Hypertension,5922,0,0,Not Admitted,Insurance
V000975,PT04570,DR019,D04,2025-06-05,Neuropathy,7431,0,0,Not Admitted,UPI
V000976,PT03897,DR075,D01,2024-03-27,Heart Failure,4340,0,0,Not Admitted,Card
V000977,PT01092,DR057,D04,2024-07-11,Epilepsy,1667,0,0,Not Admitted,Cash
V000978,PT04035,DR079,D04,2025-09-22,Stroke,407574,1,4,Normal,Cash
V000979,PT02778,DR011,D08,2025-04-12,Menstrual Disorder,6025,0,0,Not Admitted,Cash
V000980,PT00764,DR002,D02,2025-11-05,Back Pain,2029,0,0,Not Admitted,Card
V000981,PT03101,DR018,D05,2025-03-18,Burns,6324,0,0,Not Admitted,Cash
V000982,PT04142,DR041,D07,2025-12-29,Infection,4940,0,0,Not Admitted,Cash
V000983,PT04816,DR075,D01,2025-11-14,CAD,7874,0,0,Not Admitted,Cash
V000984,PT03890,DR015,D06,2025-11-10,Tumor Screening,4162,0,0,Not Admitted,UPI
V000985,PT01072,DR009,D04,2025-11-29,Epilepsy,2477,0,0,Not Admitted,Cash
V000986,PT03885,DR035,D06,2024-11-13,Post-op Care,6338,0,0,Not Admitted,UPI
V000987,PT04666,DR066,D08,2025-10-22,Prenatal Care,4758,0,0,Not Admitted,UPI
V000988,PT01842,DR057,D04,2025-02-28,Migraine,7652,0,0,Not Admitted,Card
V000989,PT04590,DR043,D06,2025-08-22,Chemotherapy,776944,1,1,Normal,Cash
V000990,PT02301,DR076,D04,2025-10-09,Migraine,1215,0,0,Not Admitted,Cash
V000991,PT01612,DR066,D08,2025-05-14,PCOS,3785,0,0,Not Admitted,UPI
V000992,PT03808,DR016,D06,2024-10-26,Post-op Care,6062,0,0,Not Admitted,UPI
V000993,PT00248,DR039,D03,2024-05-18,Fever,54370,1,8,Normal,Cash
V000994,PT01493,DR041,D07,2025-11-14,Fever,3736,0,0,Not Admitted,Insurance
V000995,PT02076,DR015,D06,2025-05-15,Tumor Screening,1382,0,0,Not Admitted,UPI
V000996,PT04189,DR011,D08,2024-04-10,Prenatal Care,5937,0,0,Not Admitted,Insurance
V000997,PT01503,DR024,D05,2025-10-08,Severe Bleeding,7874,0,0,Not Admitted,Cash
V000998,PT04827,DR071,D03,2025-05-10,Vaccination,7680,0,0,Not Admitted,UPI
V000999,PT04230,DR028,D06,2025-12-21,Tumor Screening,7185,0,0,Not Admitted,Insurance
V001000,PT02719,DR016,D06,2024-04-27,Post-op Care,1772,0,0,Not Admitted,Cash
V001001,PT01901,DR073,D04,2024-09-19,Stroke,3183,0,0,Not Admitted,UPI
V001002,PT03640,DR028,D06,2025-11-22,Post-op Care,4577,0,0,Not Admitted,Card
V001003,PT03950,DR070,D03,2025-02-01,Vaccination,4858,0,0,Not Admitted,Insurance
V001004,PT00755,DR047,D04,2025-11-12,Neuropathy,658375,1,4,Normal,UPI
V001005,PT04178,DR001,D02,2025-10-06,Arthritis,7606,0,0,Not Admitted,UPI
V001006,PT02165,DR030,D02,2025-11-07,Fracture,4443,0,0,Not Admitted,UPI
V001007,PT01242,DR069,D07,2025-09-10,Thyroid,4387,0,0,Not Admitted,Insurance
V001008,PT01887,DR044,D08,2024-05-02,PCOS,2874,0,0,Not Admitted,UPI
V001009,PT00414,DR032,D07,2025-05-27,Diabetes,6911,0,0,Not Admitted,Cash
V001010,PT01183,DR043,D06,2024-07-20,Tumor Screening,6358,0,0,Not Admitted,Card
V001011,PT00087,DR062,D08,2025-01-23,Fertility,6474,0,0,Not Admitted,Insurance
V001012,PT04878,DR049,D01,2025-11-08,Arrhythmia,5844,0,0,Not Admitted,UPI
V001013,PT00590,DR032,D07,2024-10-01,Infection,6637,0,0,Not Admitted,UPI
V001014,PT03317,DR055,D02,2024-09-23,Arthritis,5876,0,0,Not Admitted,Cash
V001015,PT03232,DR056,D02,2025-08-09,Ligament Tear,3234,0,0,Not Admitted,Card
V001016,PT02609,DR005,D05,2024-08-16,Trauma,5276,0,0,Not Admitted,Card
V001017,PT03227,DR032,D07,2025-02-14,Fever,1005,0,0,Not Admitted,UPI
V001018,PT00633,DR071,D03,2025-12-29,Fever,3438,0,0,Not Admitted,Card
V001019,PT02462,DR075,D01,2025-04-01,Hypertension,7636,0,0,Not Admitted,Insurance
V001020,PT01601,DR064,D02,2024-07-28,Back Pain,6768,0,0,Not Admitted,UPI
V001021,PT01337,DR057,D04,2025-09-10,Stroke,4454,0,0,Not Admitted,UPI
V001022,PT02954,DR040,D08,2025-04-16,Prenatal Care,3241,0,0,Not Admitted,Insurance
V001023,PT04927,DR017,D08,2024-04-01,Menstrual Disorder,5488,0,0,Not Admitted,Card
V001024,PT00407,DR063,D05,2025-12-21,Severe Bleeding,577,0,0,Not Admitted,Cash
V001025,PT01055,DR065,D04,2024-08-10,Migraine,2237,0,0,Not Admitted,Cash
V001026,PT02046,DR045,D08,2024-09-25,PCOS,1027,0,0,Not Admitted,Card
V001027,PT01110,DR056,D02,2025-01-03,Fracture,6178,0,0,Not Admitted,Insurance
V001028,PT04837,DR025,D05,2024-06-25,Poisoning,1017,0,0,Not Admitted,UPI
V001029,PT04571,DR054,D02,2025-04-29,Back Pain,3252,0,0,Not Admitted,Cash
V001030,PT01063,DR070,D03,2024-08-13,Vaccination,7732,0,0,Not Admitted,UPI
V001031,PT01212,DR075,D01,2025-03-23,Arrhythmia,6789,0,0,Not Admitted,Cash
V001032,PT03595,DR079,D04,2024-08-29,Stroke,4949,0,0,Not Admitted,Insurance
V001033,PT03969,DR027,D06,2024-07-17,Post-op Care,2960,0,0,Not Admitted,UPI
V001034,PT02949,DR025,D05,2025-05-25,Poisoning,6036,0,0,Not Admitted,Insurance
V001035,PT00081,DR017,D08,2025-12-01,PCOS,137697,1,8,Expired,Card
V001036,PT03303,DR077,D01,2025-06-22,Heart Failure,3089,0,0,Not Admitted,Card
V001037,PT00911,DR015,D06,2024-01-27,Tumor Screening,4947,0,0,Not Admitted,Card
V001038,PT04871,DR059,D01,2024-04-21,Heart Failure,540113,1,10,Normal,Card
V001039,PT04354,DR080,D05,2025-05-26,Burns,4158,0,0,Not Admitted,UPI
V001040,PT02708,DR032,D07,2024-07-17,Thyroid,3683,0,0,Not Admitted,Cash
V001041,PT04703,DR073,D04,2024-11-03,Neuropathy,2765,0,0,Not Admitted,Cash
V001042,PT03526,DR019,D04,2025-05-06,Stroke,1779,0,0,Not Admitted,Insurance
V001043,PT01694,DR046,D02,2024-12-19,Ligament Tear,334265,1,3,Referred,UPI
V001044,PT01349,DR013,D04,2024-10-22,Migraine,3147,0,0,Not Admitted,Card
V001045,PT03877,DR042,D01,2024-11-23,Hypertension,2568,0,0,Not Admitted,UPI
V001046,PT04876,DR020,D01,2025-10-01,Heart Failure,1842,0,0,Not Admitted,Card
V001047,PT03094,DR015,D06,2025-08-24,Radiotherapy,3856,0,0,Not Admitted,Card
V001048,PT02442,DR037,D02,2025-09-13,Ligament Tear,6655,0,0,Not Admitted,Cash
V001049,PT04332,DR067,D07,2025-03-22,Infection,5788,0,0,Not Admitted,Card
V001050,PT02968,DR062,D08,2024-11-02,Fertility,7898,0,0,Not Admitted,Insurance
V001051,PT02163,DR065,D04,2024-04-25,Epilepsy,2649,0,0,Not Admitted,Insurance
V001052,PT02777,DR050,D07,2024-09-05,Thyroid,1983,0,0,Not Admitted,Card
V001053,PT01293,DR017,D08,2025-05-03,PCOS,4092,0,0,Not Admitted,Cash
V001054,PT03025,DR065,D04,2025-06-03,Neuropathy,4140,0,0,Not Admitted,Insurance
V001055,PT03059,DR037,D02,2025-07-15,Ligament Tear,3220,0,0,Not Admitted,Cash
V001056,PT00234,DR031,D03,2024-07-10,Fever,5736,0,0,Not Admitted,Card
V001057,PT01886,DR059,D01,2024-11-23,Hypertension,4089,0,0,Not Admitted,Card
V001058,PT01836,DR035,D06,2024-10-18,Chemotherapy,629421,1,11,Normal,Cash
V001059,PT01104,DR018,D05,2025-02-22,Severe Bleeding,138159,1,10,Normal,Cash
V001060,PT01596,DR077,D01,2025-02-20,Arrhythmia,3546,0,0,Not Admitted,Card
V001061,PT03244,DR022,D08,2024-11-17,Prenatal Care,5172,0,0,Not Admitted,Cash
V001062,PT04015,DR046,D02,2025-08-31,Fracture,4803,0,0,Not Admitted,UPI
V001063,PT03901,DR028,D06,2025-10-10,Radiotherapy,6875,0,0,Not Admitted,UPI
V001064,PT04760,DR069,D07,2024-09-10,Infection,260154,1,7,Normal,Cash
V001065,PT04665,DR050,D07,2025-01-29,Infection,5884,0,0,Not Admitted,Card
V001066,PT02395,DR035,D06,2024-01-12,Chemotherapy,6120,0,0,Not Admitted,Card
V001067,PT04996,DR077,D01,2025-03-30,Heart Failure,1786,0,0,Not Admitted,Insurance
V001068,PT01491,DR056,D02,2024-01-18,Arthritis,6321,0,0,Not Admitted,Cash
V001069,PT02373,DR050,D07,2024-12-30,Diabetes,392421,1,8,Normal,Card
V001070,PT00992,DR005,D05,2025-11-17,Severe Bleeding,554157,1,5,Normal,Card
V001071,PT02278,DR057,D04,2025-08-21,Neuropathy,1848,0,0,Not Admitted,Insurance
V001072,PT04054,DR044,D08,2025-11-17,Fertility,37493,1,8,Normal,Cash
V001073,PT03910,DR042,D01,2025-01-08,Heart Failure,3274,0,0,Not Admitted,UPI
V001074,PT03715,DR003,D04,2025-09-26,Migraine,6803,0,0,Not Admitted,Card
V001075,PT03404,DR037,D02,2024-07-13,Ligament Tear,5464,0,0,Not Admitted,Cash
V001076,PT04486,DR008,D02,2024-05-11,Back Pain,3679,0,0,Not Admitted,UPI
V001077,PT03685,DR075,D01,2024-07-06,CAD,2338,0,0,Not Admitted,Cash
V001078,PT00692,DR008,D02,2024-10-22,Arthritis,3040,0,0,Not Admitted,UPI
V001079,PT01575,DR054,D02,2025-05-05,Ligament Tear,6140,0,0,Not Admitted,Insurance
V001080,PT02137,DR078,D06,2025-06-27,Post-op Care,5081,0,0,Not Admitted,Cash
V001081,PT01327,DR032,D07,2025-06-12,Infection,4129,0,0,Not Admitted,UPI
V001082,PT03890,DR050,D07,2024-12-10,Fever,3769,0,0,Not Admitted,Card
V001083,PT02680,DR035,D06,2025-07-31,Radiotherapy,6521,0,0,Not Admitted,Insurance
V001084,PT01072,DR049,D01,2024-11-22,Heart Failure,4443,0,0,Not Admitted,Insurance
V001085,PT04429,DR025,D05,2024-02-10,Trauma,57043,1,11,Normal,UPI
V001086,PT02948,DR074,D03,2024-08-04,Vaccination,6693,0,0,Not Admitted,Cash
V001087,PT02346,DR020,D01,2025-06-23,Hypertension,47213,1,4,Normal,UPI
V001088,PT00113,DR033,D05,2025-08-16,Severe Bleeding,3604,0,0,Not Admitted,Insurance
V001089,PT03005,DR069,D07,2025-11-27,Fever,3312,0,0,Not Admitted,UPI
V001090,PT02257,DR050,D07,2024-04-01,Thyroid,636,0,0,Not Admitted,Card
V001091,PT02465,DR020,D01,2024-02-13,CAD,608809,1,4,LAMA,Cash
V001092,PT04676,DR031,D03,2025-10-03,Viral Infection,7660,0,0,Not Admitted,UPI
V001093,PT03581,DR063,D05,2025-09-13,Burns,3220,0,0,Not Admitted,Card
V001094,PT04608,DR042,D01,2025-11-25,Heart Failure,2229,0,0,Not Admitted,UPI
V001095,PT02665,DR033,D05,2025-05-13,Poisoning,410444,1,2,Referred,Insurance
V001096,PT02863,DR017,D08,2024-02-09,PCOS,2430,0,0,Not Admitted,Card
V001097,PT02030,DR031,D03,2024-09-23,Viral Infection,3788,0,0,Not Admitted,Insurance
V001098,PT04507,DR075,D01,2024-09-23,Hypertension,2738,0,0,Not Admitted,UPI
V001099,PT00084,DR045,D08,2025-10-09,Prenatal Care,346241,1,5,Normal,UPI
V001100,PT00603,DR059,D01,2025-08-01,Heart Failure,2226,0,0,Not Admitted,Insurance
V001101,PT00146,DR008,D02,2025-02-11,Fracture,2325,0,0,Not Admitted,Card
V001102,PT00448,DR021,D07,2025-09-09,Fever,412556,1,2,Normal,Card
V001103,PT03598,DR018,D05,2025-02-22,Burns,3528,0,0,Not Admitted,Insurance
V001104,PT03616,DR071,D03,2024-12-23,Fever,1542,0,0,Not Admitted,UPI
V001105,PT04785,DR041,D07,2024-06-25,Diabetes,6944,0,0,Not Admitted,UPI
V001106,PT00491,DR063,D05,2025-05-15,Trauma,5049,0,0,Not Admitted,UPI
V001107,PT02760,DR061,D02,2025-04-22,Arthritis,1233,0,0,Not Admitted,UPI
V001108,PT00676,DR010,D02,2025-03-10,Arthritis,431242,1,4,Normal,Card
V001109,PT02171,DR040,D08,2024-03-30,Fertility,802,0,0,Not Admitted,Insurance
V001110,PT04098,DR027,D06,2024-07-08,Tumor Screening,3326,0,0,Not Admitted,UPI
V001111,PT01796,DR080,D05,2025-01-12,Trauma,7342,0,0,Not Admitted,UPI
V001112,PT03511,DR042,D01,2024-09-17,Heart Failure,7286,0,0,Not Admitted,Insurance
V001113,PT04868,DR065,D04,2025-07-14,Neuropathy,2519,0,0,Not Admitted,Card
V001114,PT03416,DR031,D03,2024-11-15,Viral Infection,5989,0,0,Not Admitted,UPI
V001115,PT02143,DR024,D05,2025-11-06,Poisoning,4076,0,0,Not Admitted,Insurance
V001116,PT01567,DR068,D03,2025-03-21,Asthma,3386,0,0,Not Admitted,Cash
V001117,PT01618,DR027,D06,2024-12-27,Chemotherapy,5062,0,0,Not Admitted,UPI
V001118,PT02950,DR070,D03,2024-03-31,Vaccination,1506,0,0,Not Admitted,Insurance
V001119,PT02966,DR042,D01,2025-08-12,CAD,1585,0,0,Not Admitted,UPI
V001120,PT02244,DR078,D06,2024-01-07,Chemotherapy,4682,0,0,Not Admitted,Cash
V001121,PT01542,DR042,D01,2025-03-25,Arrhythmia,440298,1,1,Normal,Cash
V001122,PT02034,DR014,D04,2025-05-15,Migraine,6507,0,0,Not Admitted,UPI
V001123,PT03355,DR022,D08,2024-06-11,PCOS,1766,0,0,Not Admitted,UPI
V001124,PT02751,DR066,D08,2025-03-15,Menstrual Disorder,7726,0,0,Not Admitted,Insurance
V001125,PT03751,DR024,D05,2025-01-29,Severe Bleeding,5744,0,0,Not Admitted,Cash
V001126,PT00598,DR018,D05,2024-10-01,Burns,6950,0,0,Not Admitted,UPI
V001127,PT03304,DR045,D08,2024-12-20,Menstrual Disorder,1786,0,0,Not Admitted,Card
V001128,PT03463,DR059,D01,2025-12-04,Heart Failure,5817,0,0,Not Admitted,Cash
V001129,PT01691,DR039,D03,2024-02-02,Viral Infection,1511,0,0,Not Admitted,UPI
V001130,PT01699,DR066,D08,2025-09-03,Fertility,73233,1,3,Normal,Cash
V001131,PT00129,DR013,D04,2024-07-23,Migraine,566966,1,5,Normal,Card
V001132,PT00478,DR020,D01,2024-06-10,Arrhythmia,4905,0,0,Not Admitted,Cash
V001133,PT01975,DR072,D06,2024-07-17,Tumor Screening,730606,1,5,Normal,Insurance
V001134,PT02602,DR016,D06,2025-05-11,Chemotherapy,7547,0,0,Not Admitted,Insurance
V001135,PT03114,DR041,D07,2025-03-12,Diabetes,277128,1,6,Normal,UPI
V001136,PT01176,DR049,D01,2024-05-24,Arrhythmia,7133,0,0,Not Admitted,UPI
V001137,PT04508,DR053,D03,2024-05-28,Vaccination,1358,0,0,Not Admitted,UPI
V001138,PT00533,DR001,D02,2024-09-07,Ligament Tear,1527,0,0,Not Admitted,Card
V001139,PT04768,DR059,D01,2024-03-20,Heart Failure,7416,0,0,Not Admitted,Insurance
V001140,PT04624,DR067,D07,2024-05-19,Fever,804,0,0,Not Admitted,UPI
V001141,PT03242,DR052,D06,2024-07-07,Post-op Care,4849,0,0,Not Admitted,Card
V001142,PT03206,DR075,D01,2025-06-30,Hypertension,6748,0,0,Not Admitted,Cash
V001143,PT00442,DR046,D02,2024-10-24,Ligament Tear,235483,1,3,Normal,UPI
V001144,PT00083,DR054,D02,2024-10-14,Fracture,2097,0,0,Not Admitted,Cash
V001145,PT03259,DR020,D01,2024-02-23,Heart Failure,1950,0,0,Not Admitted,UPI
V001146,PT02339,DR075,D01,2025-10-09,CAD,546358,1,10,Normal,UPI
V001147,PT04366,DR039,D03,2024-03-05,Viral Infection,2371,0,0,Not Admitted,Card
V001148,PT01108,DR074,D03,2024-06-05,Asthma,1916,0,0,Not Admitted,Cash
V001149,PT02423,DR072,D06,2024-09-19,Radiotherapy,607416,1,4,Normal,Card
V001150,PT02551,DR025,D05,2024-08-28,Severe Bleeding,6950,0,0,Not Admitted,Card
V001151,PT03511,DR034,D08,2025-07-13,PCOS,312692,1,7,Normal,Cash
V001152,PT00140,DR040,D08,2024-12-24,Fertility,5811,0,0,Not Admitted,Card
V001153,PT04095,DR076,D04,2025-07-06,Migraine,611,0,0,Not Admitted,Insurance
V001154,PT00638,DR042,D01,2024-07-11,Arrhythmia,129604,1,12,Normal,Insurance
V001155,PT03071,DR063,D05,2024-07-16,Trauma,7104,0,0,Not Admitted,UPI
V001156,PT03324,DR021,D07,2024-09-27,Fever,357556,1,0,Normal,Cash
V001157,PT01427,DR065,D04,2024-11-30,Neuropathy,1862,0,0,Not Admitted,Insurance
V001158,PT03165,DR065,D04,2024-03-20,Epilepsy,1568,0,0,Not Admitted,Cash
V001159,PT04504,DR014,D04,2024-04-29,Epilepsy,929,0,0,Not Admitted,Cash
V001160,PT04933,DR061,D02,2024-01-08,Ligament Tear,156957,1,1,Normal,Card
V001161,PT04692,DR044,D08,2024-09-13,Prenatal Care,663049,1,12,Normal,Insurance
V001162,PT03613,DR042,D01,2024-01-06,CAD,3883,0,0,Not Admitted,Card
V001163,PT03024,DR039,D03,2025-03-03,Vaccination,5399,0,0,Not Admitted,UPI
V001164,PT01965,DR069,D07,2024-09-01,Thyroid,1396,0,0,Not Admitted,Insurance
V001165,PT00802,DR031,D03,2025-12-22,Viral Infection,4423,0,0,Not Admitted,UPI
V001166,PT02416,DR067,D07,2024-11-30,Fever,1880,0,0,Not Admitted,Cash
V001167,PT02356,DR012,D04,2025-01-10,Neuropathy,4135,0,0,Not Admitted,Card
V001168,PT01570,DR042,D01,2025-01-11,Heart Failure,3261,0,0,Not Admitted,Cash
V001169,PT02850,DR022,D08,2025-11-29,Menstrual Disorder,6186,0,0,Not Admitted,UPI
V001170,PT04538,DR064,D02,2024-11-19,Fracture,3785,0,0,Not Admitted,Cash
V001171,PT00929,DR002,D02,2025-05-03,Back Pain,7592,0,0,Not Admitted,Insurance
V001172,PT02399,DR080,D05,2024-06-15,Trauma,1787,0,0,Not Admitted,Card
V001173,PT00610,DR028,D06,2024-11-08,Post-op Care,2276,0,0,Not Admitted,UPI
V001174,PT04698,DR001,D02,2025-04-26,Back Pain,1257,0,0,Not Admitted,UPI
V001175,PT00439,DR067,D07,2025-09-03,Thyroid,5862,0,0,Not Admitted,Card
V001176,PT01002,DR017,D08,2024-01-06,Prenatal Care,7813,0,0,Not Admitted,UPI
V001177,PT01690,DR069,D07,2024-04-01,Infection,1354,0,0,Not Admitted,Insurance
V001178,PT04361,DR008,D02,2024-04-16,Ligament Tear,2246,0,0,Not Admitted,Insurance
V001179,PT04810,DR030,D02,2025-04-10,Back Pain,522965,1,3,Normal,UPI
V001180,PT02599,DR024,D05,2024-01-13,Trauma,728041,1,9,Normal,UPI
V001181,PT01217,DR049,D01,2025-12-27,Heart Failure,5029,0,0,Not Admitted,Insurance
V001182,PT01414,DR010,D02,2025-03-07,Arthritis,2721,0,0,Not Admitted,Insurance
V001183,PT02390,DR055,D02,2024-09-16,Ligament Tear,3097,0,0,Not Admitted,UPI
V001184,PT01875,DR021,D07,2024-05-27,Diabetes,1539,0,0,Not Admitted,UPI
V001185,PT04188,DR024,D05,2024-05-09,Trauma,3962,0,0,Not Admitted,UPI
V001186,PT02769,DR075,D01,2024-08-17,CAD,1301,0,0,Not Admitted,Cash
V001187,PT02610,DR014,D04,2024-10-12,Neuropathy,3702,0,0,Not Admitted,Insurance
V001188,PT01914,DR017,D08,2024-10-20,Fertility,2042,0,0,Not Admitted,UPI
V001189,PT00277,DR025,D05,2025-08-17,Trauma,4023,0,0,Not Admitted,Card
V001190,PT00854,DR008,D02,2024-04-08,Arthritis,4397,0,0,Not Admitted,Card
V001191,PT04451,DR067,D07,2024-09-04,Fever,4566,0,0,Not Admitted,Insurance
V001192,PT03079,DR011,D08,2025-07-02,Fertility,4209,0,0,Not Admitted,Insurance
V001193,PT02280,DR048,D04,2024-01-15,Epilepsy,5693,0,0,Not Admitted,UPI
V001194,PT01826,DR025,D05,2025-05-25,Poisoning,6251,0,0,Not Admitted,UPI
V001195,PT00769,DR073,D04,2025-03-18,Neuropathy,782,0,0,Not Admitted,Card
V001196,PT03963,DR070,D03,2025-01-06,Fever,5953,0,0,Not Admitted,Insurance
V001197,PT00152,DR005,D05,2024-01-05,Burns,4381,0,0,Not Admitted,Insurance
V001198,PT00147,DR043,D06,2025-09-28,Post-op Care,2700,0,0,Not Admitted,Cash
V001199,PT04907,DR049,D01,2024-12-01,CAD,766,0,0,Not Admitted,UPI
V001200,PT01256,DR071,D03,2025-05-29,Viral Infection,795378,1,4,Normal,Insurance
V001201,PT00631,DR050,D07,2024-07-29,Diabetes,2859,0,0,Not Admitted,Insurance
V001202,PT03124,DR006,D02,2025-09-03,Back Pain,788,0,0,Not Admitted,UPI
V001203,PT04115,DR042,D01,2025-06-06,Hypertension,3725,0,0,Not Admitted,Insurance
V001204,PT04773,DR023,D02,2024-06-02,Fracture,4271,0,0,Not Admitted,Cash
V001205,PT02698,DR071,D03,2024-06-13,Fever,2018,0,0,Not Admitted,UPI
V001206,PT02819,DR045,D08,2024-05-20,PCOS,4752,0,0,Not Admitted,Insurance
V001207,PT00754,DR032,D07,2024-06-28,Fever,2639,0,0,Not Admitted,Card
V001208,PT01180,DR058,D03,2025-05-23,Viral Infection,2045,0,0,Not Admitted,Card
V001209,PT00830,DR040,D08,2024-08-26,Fertility,1973,0,0,Not Admitted,Cash
V001210,PT04866,DR042,D01,2025-09-15,Hypertension,4098,0,0,Not Admitted,UPI
V001211,PT02356,DR007,D05,2024-04-24,Severe Bleeding,1036,0,0,Not Admitted,Card
V001212,PT02704,DR042,D01,2025-11-09,Arrhythmia,5932,0,0,Not Admitted,Insurance
V001213,PT04980,DR028,D06,2025-01-02,Post-op Care,4549,0,0,Not Admitted,UPI
V001214,PT03772,DR051,D05,2025-11-18,Severe Bleeding,2227,0,0,Not Admitted,Card
V001215,PT00586,DR022,D08,2024-06-01,Prenatal Care,3959,0,0,Not Admitted,Cash
V001216,PT00604,DR008,D02,2024-09-02,Fracture,5904,0,0,Not Admitted,Cash
V001217,PT00364,DR042,D01,2024-04-19,Arrhythmia,421072,1,5,Referred,UPI
V001218,PT00849,DR007,D05,2025-06-21,Poisoning,6328,0,0,Not Admitted,Cash
V001219,PT00274,DR074,D03,2024-05-09,Asthma,7924,0,0,Not Admitted,Cash
V001220,PT04715,DR035,D06,2025-12-21,Post-op Care,985,0,0,Not Admitted,Cash
V001221,PT03602,DR046,D02,2024-09-11,Back Pain,5102,0,0,Not Admitted,Cash
V001222,PT04538,DR022,D08,2025-09-24,Prenatal Care,474859,1,3,Normal,Insurance
V001223,PT00554,DR049,D01,2025-09-24,Arrhythmia,4156,0,0,Not Admitted,Insurance
V001224,PT04904,DR038,D04,2024-03-17,Epilepsy,2711,0,0,Not Admitted,Insurance
V001225,PT01895,DR013,D04,2025-03-30,Neuropathy,7773,0,0,Not Admitted,Insurance
V001226,PT02184,DR065,D04,2024-08-01,Epilepsy,5209,0,0,Not Admitted,Cash
V001227,PT04000,DR004,D05,2025-01-10,Trauma,4101,0,0,Not Admitted,Insurance
V001228,PT04160,DR078,D06,2024-08-26,Tumor Screening,5824,0,0,Not Admitted,Cash
V001229,PT01019,DR003,D04,2024-09-27,Migraine,5965,0,0,Not Admitted,Cash
V001230,PT01117,DR047,D04,2025-06-13,Migraine,7102,0,0,Not Admitted,UPI
V001231,PT04223,DR062,D08,2025-08-28,PCOS,3290,0,0,Not Admitted,Card
V001232,PT00822,DR057,D04,2025-04-20,Neuropathy,339106,1,5,Referred,Cash
V001233,PT03367,DR073,D04,2024-02-04,Migraine,3623,0,0,Not Admitted,UPI
V001234,PT01909,DR020,D01,2025-10-22,Heart Failure,2246,0,0,Not Admitted,Insurance
V001235,PT02723,DR023,D02,2025-03-17,Fracture,5335,0,0,Not Admitted,Cash
V001236,PT00935,DR042,D01,2025-09-01,Arrhythmia,6450,0,0,Not Admitted,Card
V001237,PT00069,DR042,D01,2024-08-23,Hypertension,4321,0,0,Not Admitted,UPI
V001238,PT00417,DR003,D04,2024-01-29,Stroke,7701,0,0,Not Admitted,Card
V001239,PT03205,DR027,D06,2025-06-13,Radiotherapy,131187,1,7,Normal,UPI
V001240,PT01998,DR007,D05,2024-05-10,Poisoning,4417,0,0,Not Admitted,Card
V001241,PT01102,DR015,D06,2024-03-03,Tumor Screening,7336,0,0,Not Admitted,Card
V001242,PT00981,DR014,D04,2025-01-28,Neuropathy,5614,0,0,Not Admitted,Insurance
V001243,PT02832,DR062,D08,2024-06-11,Prenatal Care,5590,0,0,Not Admitted,Insurance
V001244,PT04401,DR013,D04,2024-11-17,Epilepsy,591,0,0,Not Admitted,UPI
V001245,PT03660,DR080,D05,2024-10-11,Poisoning,6267,0,0,Not Admitted,Insurance
V001246,PT02578,DR040,D08,2024-09-26,PCOS,775,0,0,Not Admitted,Insurance
V001247,PT02670,DR052,D06,2024-03-27,Tumor Screening,6156,0,0,Not Admitted,UPI
V001248,PT00959,DR080,D05,2024-01-10,Burns,897,0,0,Not Admitted,UPI
V001249,PT00197,DR017,D08,2024-11-19,PCOS,790,0,0,Not Admitted,Cash
V001250,PT04415,DR004,D05,2025-10-04,Poisoning,689707,1,0,Normal,UPI
V001251,PT02944,DR049,D01,2025-08-07,CAD,484445,1,4,Normal,Insurance
V001252,PT02400,DR077,D01,2024-01-14,Hypertension,53591,1,4,Normal,Card
V001253,PT04387,DR029,D05,2025-09-30,Burns,2922,0,0,Not Admitted,Card
V001254,PT04519,DR053,D03,2025-01-04,Vaccination,7833,0,0,Not Admitted,Card
V001255,PT00682,DR032,D07,2025-03-11,Infection,93458,1,7,Normal,UPI
V001256,PT00875,DR052,D06,2024-03-22,Chemotherapy,208927,1,8,Normal,Card
V001257,PT02703,DR075,D01,2025-07-24,CAD,5137,0,0,Not Admitted,Insurance
V001258,PT04074,DR024,D05,2024-09-03,Severe Bleeding,104069,1,0,Normal,UPI
V001259,PT03173,DR018,D05,2025-05-07,Severe Bleeding,7518,0,0,Not Admitted,Insurance
V001260,PT01281,DR077,D01,2025-12-08,Arrhythmia,6864,0,0,Not Admitted,Cash
V001261,PT01329,DR023,D02,2025-08-20,Ligament Tear,974,0,0,Not Admitted,Card
V001262,PT02278,DR050,D07,2024-04-12,Thyroid,2896,0,0,Not Admitted,UPI
V001263,PT02526,DR005,D05,2025-01-09,Burns,2558,0,0,Not Admitted,Cash
V001264,PT00722,DR058,D03,2025-06-04,Fever,7600,0,0,Not Admitted,UPI
V001265,PT04040,DR053,D03,2024-10-05,Vaccination,6786,0,0,Not Admitted,UPI
V001266,PT04713,DR035,D06,2025-08-11,Tumor Screening,586031,1,4,Normal,Insurance
V001267,PT03320,DR018,D05,2025-01-28,Poisoning,7848,0,0,Not Admitted,Cash
V001268,PT00150,DR063,D05,2025-07-27,Severe Bleeding,5088,0,0,Not Admitted,UPI
V001269,PT02087,DR079,D04,2025-05-04,Neuropathy,3924,0,0,Not Admitted,Cash
V001270,PT02873,DR017,D08,2025-06-27,Fertility,185205,1,3,Normal,UPI
V001271,PT03618,DR030,D02,2025-03-09,Ligament Tear,351505,1,8,Normal,UPI
V001272,PT00669,DR067,D07,2025-12-11,Fever,6169,0,0,Not Admitted,Insurance
V001273,PT04726,DR036,D04,2025-01-08,Stroke,389149,1,4,Normal,UPI
V001274,PT03666,DR044,D08,2024-01-16,Fertility,3944,0,0,Not Admitted,Insurance
V001275,PT01742,DR077,D01,2025-10-05,Heart Failure,6510,0,0,Not Admitted,UPI
V001276,PT03649,DR062,D08,2024-02-17,Fertility,6931,0,0,Not Admitted,UPI
V001277,PT00454,DR006,D02,2024-10-05,Ligament Tear,520807,1,12,LAMA,Insurance
V001278,PT02312,DR001,D02,2025-01-03,Back Pain,2597,0,0,Not Admitted,Card
V001279,PT02117,DR040,D08,2024-11-27,PCOS,544443,1,6,Referred,Card
V001280,PT03359,DR028,D06,2024-12-10,Post-op Care,3697,0,0,Not Admitted,Cash
V001281,PT02736,DR015,D06,2025-12-07,Radiotherapy,526,0,0,Not Admitted,Card
V001282,PT03852,DR014,D04,2024-01-11,Stroke,4353,0,0,Not Admitted,Cash
V001283,PT04550,DR040,D08,2025-02-02,Menstrual Disorder,993,0,0,Not Admitted,Cash
V001284,PT04427,DR021,D07,2025-02-16,Infection,669765,1,6,Normal,Cash
V001285,PT04432,DR022,D08,2025-03-21,Fertility,2664,0,0,Not Admitted,Card
V001286,PT04942,DR065,D04,2025-12-09,Migraine,4448,0,0,Not Admitted,Insurance
V001287,PT03826,DR069,D07,2024-12-29,Infection,7632,0,0,Not Admitted,Card
V001288,PT04623,DR039,D03,2024-10-11,Viral Infection,2858,0,0,Not Admitted,Insurance
V001289,PT02734,DR021,D07,2024-07-16,Infection,5267,0,0,Not Admitted,UPI
V001290,PT00812,DR071,D03,2024-12-17,Vaccination,795,0,0,Not Admitted,Insurance
V001291,PT04175,DR027,D06,2025-03-13,Chemotherapy,4435,0,0,Not Admitted,Cash
V001292,PT00519,DR042,D01,2025-05-04,Hypertension,4791,0,0,Not Admitted,Cash
V001293,PT01899,DR007,D05,2025-08-16,Severe Bleeding,344207,1,3,Normal,UPI
V001294,PT00031,DR039,D03,2024-10-12,Fever,5023,0,0,Not Admitted,UPI
V001295,PT01430,DR035,D06,2025-09-17,Chemotherapy,5782,0,0,Not Admitted,UPI
V001296,PT01276,DR033,D05,2024-02-10,Trauma,4943,0,0,Not Admitted,UPI
V001297,PT02859,DR002,D02,2024-09-26,Back Pain,5334,0,0,Not Admitted,Insurance
V001298,PT00488,DR070,D03,2024-01-29,Asthma,5111,0,0,Not Admitted,UPI
V001299,PT01777,DR067,D07,2025-11-27,Thyroid,1763,0,0,Not Admitted,Card
V001300,PT02352,DR019,D04,2025-07-25,Neuropathy,3426,0,0,Not Admitted,Card
V001301,PT02511,DR069,D07,2024-09-05,Infection,2476,0,0,Not Admitted,Card
V001302,PT03891,DR042,D01,2024-09-06,Arrhythmia,500341,1,11,Normal,Insurance
V001303,PT01298,DR044,D08,2025-08-12,Prenatal Care,3785,0,0,Not Admitted,Insurance
V001304,PT04968,DR027,D06,2024-12-26,Post-op Care,4133,0,0,Not Admitted,Card
V001305,PT03817,DR007,D05,2025-11-22,Burns,6160,0,0,Not Admitted,UPI
V001306,PT04180,DR066,D08,2025-12-25,PCOS,6511,0,0,Not Admitted,Card
V001307,PT01358,DR046,D02,2024-06-24,Ligament Tear,4124,0,0,Not Admitted,UPI
V001308,PT00684,DR011,D08,2024-09-20,Menstrual Disorder,5550,0,0,Not Admitted,Card
V001309,PT03090,DR075,D01,2025-03-29,Arrhythmia,5389,0,0,Not Admitted,UPI
V001310,PT02595,DR072,D06,2024-07-06,Tumor Screening,1321,0,0,Not Admitted,Cash
V001311,PT02341,DR001,D02,2025-11-12,Arthritis,649,0,0,Not Admitted,Card
V001312,PT00838,DR054,D02,2025-12-22,Ligament Tear,7100,0,0,Not Admitted,Insurance
V001313,PT02036,DR074,D03,2025-09-01,Vaccination,2542,0,0,Not Admitted,Insurance
V001314,PT03242,DR058,D03,2025-03-08,Fever,2884,0,0,Not Admitted,Card
V001315,PT00517,DR016,D06,2024-01-31,Tumor Screening,249179,1,3,Normal,Insurance
V001316,PT01846,DR016,D06,2025-06-07,Post-op Care,4128,0,0,Not Admitted,Cash
V001317,PT03778,DR040,D08,2024-02-28,Prenatal Care,5940,0,0,Not Admitted,Cash
V001318,PT04094,DR008,D02,2025-04-06,Fracture,7069,0,0,Not Admitted,Insurance
V001319,PT03713,DR058,D03,2024-04-16,Viral Infection,2245,0,0,Not Admitted,Cash
V001320,PT00047,DR017,D08,2025-10-10,Prenatal Care,7393,0,0,Not Admitted,Card
V001321,PT02139,DR031,D03,2025-02-27,Asthma,197029,1,12,Expired,UPI
V001322,PT04863,DR030,D02,2024-08-01,Back Pain,2711,0,0,Not Admitted,UPI
V001323,PT00697,DR049,D01,2024-06-24,CAD,7505,0,0,Not Admitted,Cash
V001324,PT03859,DR016,D06,2025-07-09,Tumor Screening,7288,0,0,Not Admitted,Insurance
V001325,PT00680,DR049,D01,2024-02-03,CAD,930,0,0,Not Admitted,Cash
V001326,PT01238,DR037,D02,2025-12-25,Ligament Tear,90941,1,5,Normal,Cash
V001327,PT00408,DR025,D05,2025-05-21,Severe Bleeding,3917,0,0,Not Admitted,Card
V001328,PT02240,DR027,D06,2025-01-20,Tumor Screening,38629,1,7,Normal,UPI
V001329,PT04098,DR026,D05,2024-02-28,Poisoning,5930,0,0,Not Admitted,Insurance
V001330,PT04246,DR022,D08,2024-12-11,Prenatal Care,6551,0,0,Not Admitted,UPI
V001331,PT04572,DR017,D08,2024-04-21,Fertility,5101,0,0,Not Admitted,UPI
V001332,PT04650,DR059,D01,2025-01-12,Hypertension,1119,0,0,Not Admitted,Card
V001333,PT04493,DR052,D06,2025-05-16,Post-op Care,545799,1,2,Normal,Card
V001334,PT02450,DR049,D01,2024-09-25,CAD,1248,0,0,Not Admitted,Cash
V001335,PT00154,DR033,D05,2024-05-28,Severe Bleeding,6979,0,0,Not Admitted,Insurance
V001336,PT04193,DR052,D06,2024-02-14,Radiotherapy,489543,1,1,LAMA,Cash
V001337,PT02403,DR032,D07,2025-06-06,Infection,852,0,0,Not Admitted,Card
V001338,PT01228,DR064,D02,2025-02-24,Fracture,2915,0,0,Not Admitted,Insurance
V001339,PT00087,DR011,D08,2025-01-26,Prenatal Care,4097,0,0,Not Admitted,UPI
V001340,PT03870,DR006,D02,2024-09-28,Back Pain,5224,0,0,Not Admitted,Cash
V001341,PT00389,DR044,D08,2025-02-04,Prenatal Care,6096,0,0,Not Admitted,Card
V001342,PT00240,DR061,D02,2025-04-15,Back Pain,809,0,0,Not Admitted,UPI
V001343,PT04399,DR021,D07,2024-01-15,Thyroid,146268,1,7,Normal,UPI
V001344,PT02971,DR062,D08,2025-07-20,Fertility,3512,0,0,Not Admitted,UPI
V001345,PT00375,DR030,D02,2025-06-26,Ligament Tear,4450,0,0,Not Admitted,UPI
V001346,PT01449,DR066,D08,2024-05-14,PCOS,7040,0,0,Not Admitted,Cash
V001347,PT00088,DR063,D05,2025-08-23,Poisoning,2181,0,0,Not Admitted,Cash
V001348,PT03976,DR046,D02,2025-01-06,Back Pain,682381,1,2,Normal,UPI
V001349,PT04292,DR017,D08,2024-10-14,Prenatal Care,7834,0,0,Not Admitted,Cash
V001350,PT02348,DR077,D01,2024-12-19,CAD,7120,0,0,Not Admitted,UPI
V001351,PT01445,DR069,D07,2025-08-28,Fever,1242,0,0,Not Admitted,Cash
V001352,PT01771,DR052,D06,2025-02-18,Chemotherapy,4859,0,0,Not Admitted,Insurance
V001353,PT04022,DR077,D01,2025-07-26,Arrhythmia,3430,0,0,Not Admitted,Insurance
V001354,PT00388,DR056,D02,2025-02-17,Arthritis,6379,0,0,Not Admitted,UPI
V001355,PT02882,DR013,D04,2025-04-13,Epilepsy,679126,1,5,Normal,UPI
V001356,PT03387,DR022,D08,2025-01-22,Menstrual Disorder,6277,0,0,Not Admitted,UPI
V001357,PT00446,DR027,D06,2025-07-08,Radiotherapy,3660,0,0,Not Admitted,Card
V001358,PT00497,DR014,D04,2025-01-19,Stroke,1682,0,0,Not Admitted,Cash
V001359,PT02198,DR015,D06,2024-10-09,Chemotherapy,3672,0,0,Not Admitted,UPI
V001360,PT00794,DR066,D08,2024-07-28,Menstrual Disorder,7965,0,0,Not Admitted,Cash
V001361,PT00037,DR026,D05,2024-04-30,Trauma,5740,0,0,Not Admitted,UPI
V001362,PT04617,DR028,D06,2025-07-06,Tumor Screening,2473,0,0,Not Admitted,Insurance
V001363,PT02566,DR077,D01,2024-10-10,Arrhythmia,6247,0,0,Not Admitted,UPI
V001364,PT00313,DR059,D01,2025-12-26,Heart Failure,7771,0,0,Not Admitted,Card
V001365,PT02316,DR076,D04,2025-04-26,Migraine,2831,0,0,Not Admitted,Insurance
V001366,PT03850,DR015,D06,2025-07-21,Chemotherapy,2652,0,0,Not Admitted,Cash
V001367,PT03732,DR045,D08,2025-11-01,Prenatal Care,1809,0,0,Not Admitted,Card
V001368,PT00392,DR043,D06,2024-04-26,Chemotherapy,6116,0,0,Not Admitted,Insurance
V001369,PT04022,DR023,D02,2025-09-30,Back Pain,8000,0,0,Not Admitted,Card
V001370,PT02317,DR022,D08,2024-08-02,Prenatal Care,4939,0,0,Not Admitted,UPI
V001371,PT02667,DR004,D05,2024-01-25,Burns,4607,0,0,Not Admitted,UPI
V001372,PT03035,DR053,D03,2024-12-18,Asthma,607,0,0,Not Admitted,Card
V001373,PT01545,DR023,D02,2024-11-23,Fracture,1459,0,0,Not Admitted,Cash
V001374,PT04180,DR029,D05,2025-04-24,Severe Bleeding,609713,1,12,Normal,Card
V001375,PT02190,DR020,D01,2025-01-05,Hypertension,586372,1,9,Normal,Card
V001376,PT02116,DR055,D02,2024-10-23,Fracture,546542,1,0,Referred,Card
V001377,PT01262,DR072,D06,2024-03-10,Radiotherapy,2271,0,0,Not Admitted,UPI
V001378,PT01853,DR074,D03,2025-01-26,Vaccination,4170,0,0,Not Admitted,Cash
V001379,PT01669,DR075,D01,2025-08-03,CAD,1959,0,0,Not Admitted,Insurance
V001380,PT00372,DR050,D07,2024-02-22,Diabetes,3870,0,0,Not Admitted,Insurance
V001381,PT03910,DR058,D03,2024-11-04,Fever,2167,0,0,Not Admitted,Card
V001382,PT01818,DR030,D02,2024-05-20,Fracture,5148,0,0,Not Admitted,UPI
V001383,PT02867,DR063,D05,2024-07-13,Burns,4002,0,0,Not Admitted,Cash
V001384,PT04884,DR061,D02,2025-11-04,Back Pain,6176,0,0,Not Admitted,Card
V001385,PT00260,DR078,D06,2025-03-06,Chemotherapy,3515,0,0,Not Admitted,Card
V001386,PT00884,DR046,D02,2024-10-27,Arthritis,6969,0,0,Not Admitted,UPI
V001387,PT00380,DR022,D08,2025-02-24,PCOS,6019,0,0,Not Admitted,Cash
V001388,PT04245,DR075,D01,2024-10-14,Arrhythmia,262803,1,3,Normal,Cash
V001389,PT01190,DR023,D02,2025-11-08,Fracture,6795,0,0,Not Admitted,Insurance
V001390,PT02009,DR071,D03,2025-05-22,Fever,355409,1,0,Referred,UPI
V001391,PT00351,DR080,D05,2025-04-23,Burns,437579,1,7,Normal,Card
V001392,PT03386,DR066,D08,2025-06-02,Menstrual Disorder,2159,0,0,Not Admitted,Insurance
V001393,PT04342,DR015,D06,2024-07-29,Post-op Care,2085,0,0,Not Admitted,Cash
V001394,PT03772,DR003,D04,2024-07-13,Migraine,5122,0,0,Not Admitted,Insurance
V001395,PT03824,DR070,D03,2024-10-28,Fever,5668,0,0,Not Admitted,Insurance
V001396,PT03308,DR050,D07,2024-05-21,Infection,227260,1,9,Normal,Cash
V001397,PT00113,DR030,D02,2025-03-09,Ligament Tear,592,0,0,Not Admitted,UPI
V001398,PT01339,DR023,D02,2024-06-12,Fracture,3052,0,0,Not Admitted,Cash
V001399,PT04473,DR005,D05,2025-01-21,Trauma,3959,0,0,Not Admitted,UPI
V001400,PT04995,DR074,D03,2024-06-09,Fever,5954,0,0,Not Admitted,UPI
V001401,PT01738,DR049,D01,2024-08-10,Hypertension,586974,1,8,Normal,Insurance
V001402,PT04699,DR015,D06,2024-09-21,Post-op Care,5013,0,0,Not Admitted,Card
V001403,PT03090,DR076,D04,2024-07-16,Epilepsy,4917,0,0,Not Admitted,Cash
V001404,PT04132,DR069,D07,2024-03-02,Diabetes,1075,0,0,Not Admitted,Insurance
V001405,PT00460,DR041,D07,2025-12-21,Infection,2938,0,0,Not Admitted,UPI
V001406,PT04553,DR004,D05,2024-08-15,Severe Bleeding,6437,0,0,Not Admitted,Cash
V001407,PT01976,DR062,D08,2025-06-20,Fertility,770335,1,10,Normal,UPI
V001408,PT02622,DR062,D08,2024-01-24,Prenatal Care,3233,0,0,Not Admitted,Insurance
V001409,PT00638,DR048,D04,2025-10-08,Stroke,6352,0,0,Not Admitted,Cash
V001410,PT02213,DR037,D02,2025-05-04,Ligament Tear,1626,0,0,Not Admitted,Card
V001411,PT04462,DR007,D05,2024-09-09,Trauma,4569,0,0,Not Admitted,UPI
V001412,PT03562,DR014,D04,2024-02-09,Neuropathy,3846,0,0,Not Admitted,Insurance
V001413,PT02247,DR080,D05,2024-01-15,Severe Bleeding,4766,0,0,Not Admitted,UPI
V001414,PT03679,DR024,D05,2024-01-14,Poisoning,4122,0,0,Not Admitted,UPI
V001415,PT02594,DR050,D07,2024-05-22,Infection,565820,1,9,Normal,Cash
V001416,PT02156,DR043,D06,2024-12-17,Tumor Screening,1726,0,0,Not Admitted,UPI
V001417,PT01328,DR032,D07,2025-04-10,Fever,515725,1,2,Expired,UPI
V001418,PT00193,DR017,D08,2025-09-22,Menstrual Disorder,5957,0,0,Not Admitted,Card
V001419,PT01912,DR033,D05,2024-04-16,Burns,4090,0,0,Not Admitted,UPI
V001420,PT04395,DR065,D04,2024-08-30,Stroke,7334,0,0,Not Admitted,Cash
V001421,PT04105,DR071,D03,2025-01-01,Vaccination,3966,0,0,Not Admitted,Cash
V001422,PT02953,DR050,D07,2025-03-17,Fever,2356,0,0,Not Admitted,Card
V001423,PT02558,DR034,D08,2024-10-02,Prenatal Care,5083,0,0,Not Admitted,UPI
V001424,PT01194,DR037,D02,2025-12-23,Arthritis,3862,0,0,Not Admitted,Cash
V001425,PT00633,DR027,D06,2024-01-05,Chemotherapy,928,0,0,Not Admitted,UPI
V001426,PT03555,DR021,D07,2024-10-19,Fever,5296,0,0,Not Admitted,Card
V001427,PT00385,DR075,D01,2025-08-03,Hypertension,552,0,0,Not Admitted,Insurance
V001428,PT02784,DR041,D07,2025-02-05,Thyroid,3030,0,0,Not Admitted,Cash
V001429,PT01068,DR077,D01,2024-02-25,CAD,449575,1,8,Normal,UPI
V001430,PT02579,DR007,D05,2025-10-28,Trauma,7965,0,0,Not Admitted,Cash
V001431,PT01618,DR015,D06,2025-11-12,Post-op Care,6123,0,0,Not Admitted,UPI
V001432,PT04666,DR013,D04,2024-06-10,Epilepsy,449287,1,6,Normal,UPI
V001433,PT00539,DR020,D01,2025-10-04,Heart Failure,6652,0,0,Not Admitted,UPI
V001434,PT01203,DR023,D02,2024-08-06,Back Pain,507,0,0,Not Admitted,Insurance
V001435,PT03445,DR049,D01,2025-02-20,Arrhythmia,4255,0,0,Not Admitted,Cash
V001436,PT01149,DR026,D05,2025-08-12,Severe Bleeding,3272,0,0,Not Admitted,Card
V001437,PT04017,DR077,D01,2024-11-23,CAD,4588,0,0,Not Admitted,Card
V001438,PT04165,DR023,D02,2024-03-24,Fracture,1785,0,0,Not Admitted,Card
V001439,PT02943,DR079,D04,2025-07-16,Neuropathy,3312,0,0,Not Admitted,Card
V001440,PT02821,DR070,D03,2024-03-01,Fever,6014,0,0,Not Admitted,Cash
V001441,PT01893,DR031,D03,2024-08-21,Viral Infection,317078,1,1,Referred,Cash
V001442,PT02288,DR068,D03,2025-09-09,Viral Infection,6274,0,0,Not Admitted,Card
V001443,PT02533,DR060,D04,2024-08-21,Stroke,5359,0,0,Not Admitted,UPI
V001444,PT00441,DR041,D07,2025-05-25,Thyroid,7693,0,0,Not Admitted,UPI
V001445,PT02245,DR062,D08,2024-05-12,Menstrual Disorder,6393,0,0,Not Admitted,Cash
V001446,PT00084,DR073,D04,2025-11-08,Migraine,5111,0,0,Not Admitted,UPI
V001447,PT02389,DR010,D02,2024-01-23,Ligament Tear,616192,1,9,Expired,Cash
V001448,PT00993,DR014,D04,2024-03-08,Epilepsy,1574,0,0,Not Admitted,Cash
V001449,PT00413,DR032,D07,2024-12-30,Infection,6847,0,0,Not Admitted,Card
V001450,PT04619,DR054,D02,2024-01-02,Back Pain,4346,0,0,Not Admitted,Insurance
V001451,PT02874,DR052,D06,2025-06-25,Radiotherapy,2666,0,0,Not Admitted,Card
V001452,PT01676,DR010,D02,2025-10-28,Arthritis,330754,1,12,Normal,UPI
V001453,PT01774,DR020,D01,2025-06-10,Heart Failure,7490,0,0,Not Admitted,Cash
V001454,PT03685,DR078,D06,2025-09-16,Radiotherapy,3143,0,0,Not Admitted,Card
V001455,PT01012,DR027,D06,2025-09-26,Radiotherapy,754534,1,7,Normal,Insurance
V001456,PT01247,DR002,D02,2024-03-14,Back Pain,5721,0,0,Not Admitted,Insurance
V001457,PT04139,DR028,D06,2024-09-19,Post-op Care,5035,0,0,Not Admitted,UPI
V001458,PT00232,DR062,D08,2024-02-23,Fertility,7510,0,0,Not Admitted,Insurance
V001459,PT03153,DR028,D06,2025-10-22,Post-op Care,1566,0,0,Not Admitted,Cash
V001460,PT03502,DR044,D08,2025-02-18,PCOS,166316,1,4,Normal,Insurance
V001461,PT04023,DR011,D08,2025-09-12,Fertility,6551,0,0,Not Admitted,UPI
V001462,PT02694,DR019,D04,2025-03-27,Neuropathy,4552,0,0,Not Admitted,Cash
V001463,PT04254,DR041,D07,2024-07-18,Fever,7141,0,0,Not Admitted,Card
V001464,PT02969,DR029,D05,2024-10-01,Burns,561566,1,10,LAMA,Cash
V001465,PT03436,DR070,D03,2025-02-13,Fever,1324,0,0,Not Admitted,Insurance
V001466,PT03946,DR035,D06,2025-09-09,Tumor Screening,1859,0,0,Not Admitted,UPI
V001467,PT01835,DR034,D08,2024-04-11,Fertility,6517,0,0,Not Admitted,Cash
V001468,PT01747,DR055,D02,2025-10-25,Arthritis,1083,0,0,Not Admitted,Card
V001469,PT03466,DR017,D08,2024-12-03,Prenatal Care,5548,0,0,Not Admitted,UPI
V001470,PT00168,DR021,D07,2025-01-04,Diabetes,1422,0,0,Not Admitted,Insurance
V001471,PT04613,DR070,D03,2025-05-25,Vaccination,5930,0,0,Not Admitted,UPI
V001472,PT01863,DR075,D01,2024-01-06,Arrhythmia,3167,0,0,Not Admitted,Insurance
V001473,PT01768,DR050,D07,2024-07-16,Fever,376979,1,11,Normal,UPI
V001474,PT04715,DR019,D04,2024-06-23,Neuropathy,5691,0,0,Not Admitted,UPI
V001475,PT01535,DR007,D05,2025-11-22,Severe Bleeding,6846,0,0,Not Admitted,UPI
V001476,PT02851,DR022,D08,2024-11-20,Prenatal Care,6618,0,0,Not Admitted,Card
V001477,PT02664,DR076,D04,2025-07-05,Migraine,4141,0,0,Not Admitted,Cash
V001478,PT04987,DR010,D02,2024-11-13,Back Pain,2556,0,0,Not Admitted,Insurance
V001479,PT02153,DR069,D07,2025-11-06,Infection,1940,0,0,Not Admitted,Cash
V001480,PT04040,DR029,D05,2024-01-07,Burns,6782,0,0,Not Admitted,Insurance
V001481,PT03392,DR078,D06,2025-04-06,Radiotherapy,5953,0,0,Not Admitted,Card
V001482,PT00900,DR075,D01,2025-10-24,CAD,6020,0,0,Not Admitted,Cash
V001483,PT00251,DR028,D06,2024-03-31,Chemotherapy,6974,0,0,Not Admitted,Insurance
V001484,PT04744,DR021,D07,2025-04-08,Infection,402378,1,0,Normal,Card
V001485,PT03344,DR050,D07,2025-03-15,Fever,5572,0,0,Not Admitted,UPI
V001486,PT02215,DR032,D07,2024-01-10,Thyroid,947,0,0,Not Admitted,Card
V001487,PT03048,DR049,D01,2024-03-24,Heart Failure,715817,1,2,Normal,Card
V001488,PT03752,DR034,D08,2025-01-14,Menstrual Disorder,3471,0,0,Not Admitted,Cash
V001489,PT00481,DR044,D08,2025-05-06,Prenatal Care,6762,0,0,Not Admitted,Insurance
V001490,PT01245,DR032,D07,2025-06-16,Fever,6990,0,0,Not Admitted,Cash
V001491,PT01523,DR020,D01,2025-09-18,Heart Failure,6732,0,0,Not Admitted,Card
V001492,PT02740,DR034,D08,2025-10-13,Prenatal Care,423433,1,6,Normal,UPI
V001493,PT04450,DR003,D04,2024-01-13,Epilepsy,1850,0,0,Not Admitted,UPI
V001494,PT04742,DR008,D02,2025-10-12,Ligament Tear,1720,0,0,Not Admitted,Insurance
V001495,PT00914,DR021,D07,2024-04-24,Fever,4423,0,0,Not Admitted,UPI
V001496,PT03551,DR050,D07,2024-05-04,Fever,2304,0,0,Not Admitted,Insurance
V001497,PT04704,DR072,D06,2025-08-13,Chemotherapy,512472,1,1,Normal,UPI
V001498,PT03631,DR009,D04,2024-04-16,Epilepsy,3878,0,0,Not Admitted,UPI
V001499,PT00568,DR042,D01,2025-07-16,Heart Failure,7278,0,0,Not Admitted,Cash
V001500,PT04236,DR048,D04,2024-01-19,Neuropathy,4932,0,0,Not Admitted,UPI
V001501,PT01776,DR062,D08,2025-07-30,PCOS,2596,0,0,Not Admitted,Card
V001502,PT03662,DR041,D07,2025-06-27,Infection,1949,0,0,Not Admitted,Cash
V001503,PT03607,DR012,D04,2024-01-13,Migraine,5168,0,0,Not Admitted,Card
V001504,PT00948,DR018,D05,2025-05-14,Poisoning,630,0,0,Not Admitted,Cash
V001505,PT02684,DR050,D07,2025-04-08,Fever,1037,0,0,Not Admitted,UPI
V001506,PT03324,DR010,D02,2024-10-10,Arthritis,338046,1,2,Referred,Insurance
V001507,PT04653,DR047,D04,2025-04-05,Epilepsy,88653,1,12,Normal,Cash
V001508,PT01932,DR079,D04,2025-11-07,Neuropathy,699710,1,9,Expired,Insurance
V001509,PT00871,DR012,D04,2024-04-30,Migraine,3486,0,0,Not Admitted,Cash
V001510,PT03606,DR067,D07,2025-08-17,Fever,2759,0,0,Not Admitted,Insurance
V001511,PT02145,DR004,D05,2025-03-18,Poisoning,5402,0,0,Not Admitted,Card
V001512,PT02089,DR006,D02,2024-12-02,Arthritis,676161,1,12,Normal,Insurance
V001513,PT04382,DR054,D02,2025-09-29,Arthritis,4055,0,0,Not Admitted,Insurance
V001514,PT00410,DR077,D01,2025-09-30,Heart Failure,6055,0,0,Not Admitted,UPI
V001515,PT03496,DR064,D02,2024-10-25,Fracture,4013,0,0,Not Admitted,UPI
V001516,PT01247,DR064,D02,2024-04-15,Ligament Tear,6110,0,0,Not Admitted,Card
V001517,PT04564,DR031,D03,2024-01-03,Viral Infection,910,0,0,Not Admitted,Card
V001518,PT03930,DR072,D06,2025-07-21,Chemotherapy,297329,1,10,Normal,Card
V001519,PT01889,DR011,D08,2024-06-29,Prenatal Care,774,0,0,Not Admitted,Cash
V001520,PT03665,DR023,D02,2025-01-09,Ligament Tear,126850,1,12,Normal,UPI
V001521,PT03836,DR071,D03,2024-06-04,Vaccination,5691,0,0,Not Admitted,Card
V001522,PT04146,DR008,D02,2025-09-16,Back Pain,7576,0,0,Not Admitted,Cash
V001523,PT00083,DR027,D06,2024-03-18,Chemotherapy,1177,0,0,Not Admitted,UPI
V001524,PT03630,DR079,D04,2024-08-05,Stroke,1687,0,0,Not Admitted,UPI
V001525,PT01356,DR059,D01,2025-06-28,CAD,7465,0,0,Not Admitted,Cash
V001526,PT03038,DR047,D04,2025-09-23,Epilepsy,6573,0,0,Not Admitted,Cash
V001527,PT01975,DR033,D05,2024-09-19,Burns,1248,0,0,Not Admitted,Insurance
V001528,PT03322,DR054,D02,2024-05-03,Back Pain,4409,0,0,Not Admitted,Card
V001529,PT04471,DR061,D02,2025-11-19,Fracture,2226,0,0,Not Admitted,Card
V001530,PT00115,DR078,D06,2024-09-11,Post-op Care,409181,1,3,Normal,UPI
V001531,PT02620,DR014,D04,2024-04-30,Stroke,7183,0,0,Not Admitted,Cash
V001532,PT01676,DR070,D03,2024-10-12,Asthma,1286,0,0,Not Admitted,UPI
V001533,PT00054,DR050,D07,2024-11-29,Diabetes,5019,0,0,Not Admitted,Cash
V001534,PT02669,DR057,D04,2025-01-17,Epilepsy,754339,1,6,Normal,Insurance
V001535,PT04433,DR007,D05,2025-06-14,Trauma,528970,1,4,Normal,Cash
V001536,PT01551,DR072,D06,2024-12-21,Radiotherapy,5223,0,0,Not Admitted,Insurance
V001537,PT04151,DR050,D07,2024-06-10,Thyroid,7618,0,0,Not Admitted,Cash
V001538,PT04412,DR032,D07,2024-01-20,Thyroid,3384,0,0,Not Admitted,Cash
V001539,PT03770,DR041,D07,2024-05-27,Fever,3848,0,0,Not Admitted,Insurance
V001540,PT03681,DR056,D02,2024-03-27,Arthritis,5709,0,0,Not Admitted,Insurance
V001541,PT03906,DR057,D04,2024-11-03,Epilepsy,4135,0,0,Not Admitted,UPI
V001542,PT03602,DR067,D07,2024-08-04,Fever,2436,0,0,Not Admitted,UPI
V001543,PT04145,DR042,D01,2025-06-21,CAD,290228,1,12,Normal,Insurance
V001544,PT03198,DR070,D03,2025-12-22,Asthma,720974,1,12,Normal,Card
V001545,PT02361,DR057,D04,2025-10-22,Neuropathy,2710,0,0,Not Admitted,Insurance
V001546,PT01385,DR053,D03,2025-10-03,Viral Infection,1767,0,0,Not Admitted,Insurance
V001547,PT02203,DR014,D04,2024-10-14,Epilepsy,6042,0,0,Not Admitted,UPI
V001548,PT04580,DR055,D02,2024-08-02,Ligament Tear,1115,0,0,Not Admitted,UPI
V001549,PT04906,DR049,D01,2025-03-18,Arrhythmia,5457,0,0,Not Admitted,Card
V001550,PT01245,DR054,D02,2024-02-07,Arthritis,4749,0,0,Not Admitted,Cash
V001551,PT02508,DR056,D02,2025-01-25,Ligament Tear,45424,1,9,Normal,Card
V001552,PT01562,DR011,D08,2024-04-18,PCOS,3953,0,0,Not Admitted,Card
V001553,PT01444,DR041,D07,2025-09-04,Infection,7978,0,0,Not Admitted,Insurance
V001554,PT02615,DR032,D07,2025-09-20,Diabetes,2255,0,0,Not Admitted,Insurance
V001555,PT00030,DR050,D07,2024-02-01,Fever,7744,0,0,Not Admitted,Insurance
V001556,PT03279,DR004,D05,2025-09-02,Burns,6267,0,0,Not Admitted,Cash
V001557,PT04142,DR041,D07,2025-06-07,Thyroid,615473,1,10,Normal,Card
V001558,PT03536,DR079,D04,2025-05-14,Stroke,212227,1,1,Expired,UPI
V001559,PT00596,DR012,D04,2025-07-26,Stroke,6855,0,0,Not Admitted,Insurance
V001560,PT01972,DR004,D05,2024-08-26,Poisoning,6221,0,0,Not Admitted,UPI
V001561,PT02142,DR022,D08,2024-12-03,Menstrual Disorder,4699,0,0,Not Admitted,Insurance
V001562,PT04306,DR064,D02,2025-07-23,Fracture,1038,0,0,Not Admitted,UPI
V001563,PT01008,DR007,D05,2025-04-18,Burns,139887,1,1,LAMA,Card
V001564,PT01075,DR034,D08,2024-11-12,PCOS,969,0,0,Not Admitted,Insurance
V001565,PT00139,DR068,D03,2024-03-14,Fever,4168,0,0,Not Admitted,Cash
V001566,PT04461,DR012,D04,2024-05-23,Epilepsy,4808,0,0,Not Admitted,Insurance
V001567,PT01792,DR015,D06,2025-09-17,Chemotherapy,3895,0,0,Not Admitted,Card
V001568,PT03247,DR002,D02,2025-01-25,Ligament Tear,1871,0,0,Not Admitted,Insurance
V001569,PT00153,DR020,D01,2025-08-11,Hypertension,848,0,0,Not Admitted,UPI
V001570,PT01598,DR031,D03,2024-11-27,Asthma,193683,1,6,Normal,UPI
V001571,PT02554,DR020,D01,2024-06-29,Hypertension,655742,1,9,Normal,Card
V001572,PT03302,DR021,D07,2025-09-22,Diabetes,7184,0,0,Not Admitted,UPI
V001573,PT02313,DR044,D08,2024-05-26,PCOS,797,0,0,Not Admitted,Insurance
V001574,PT02875,DR042,D01,2025-03-20,Arrhythmia,6151,0,0,Not Admitted,Cash
V001575,PT01082,DR057,D04,2025-01-06,Stroke,471673,1,6,LAMA,Insurance
V001576,PT02001,DR004,D05,2025-08-13,Trauma,4475,0,0,Not Admitted,Card
V001577,PT04848,DR030,D02,2024-12-12,Arthritis,60742,1,3,Normal,Insurance
V001578,PT00765,DR058,D03,2024-10-27,Viral Infection,3034,0,0,Not Admitted,Card
V001579,PT00409,DR032,D07,2025-02-28,Diabetes,5115,0,0,Not Admitted,UPI
V001580,PT02277,DR036,D04,2025-11-07,Epilepsy,4436,0,0,Not Admitted,Cash
V001581,PT00096,DR001,D02,2025-08-25,Fracture,6255,0,0,Not Admitted,Card
V001582,PT00359,DR002,D02,2025-02-05,Ligament Tear,408095,1,6,Normal,UPI
V001583,PT00146,DR038,D04,2025-10-25,Epilepsy,35703,1,6,Normal,Card
V001584,PT02356,DR027,D06,2025-06-07,Tumor Screening,3682,0,0,Not Admitted,Insurance
V001585,PT01750,DR006,D02,2025-05-29,Fracture,177266,1,10,Normal,UPI
V001586,PT00130,DR016,D06,2024-04-17,Chemotherapy,3825,0,0,Not Admitted,UPI
V001587,PT04739,DR027,D06,2024-02-03,Tumor Screening,1482,0,0,Not Admitted,UPI
V001588,PT03287,DR017,D08,2025-04-29,Prenatal Care,2798,0,0,Not Admitted,UPI
V001589,PT04949,DR071,D03,2025-11-08,Vaccination,235813,1,10,Normal,UPI
V001590,PT03983,DR039,D03,2024-01-11,Vaccination,612703,1,0,Referred,Cash
V001591,PT03086,DR041,D07,2025-11-20,Thyroid,4496,0,0,Not Admitted,Insurance
V001592,PT04769,DR029,D05,2024-10-25,Severe Bleeding,1442,0,0,Not Admitted,Card
V001593,PT03017,DR043,D06,2024-08-11,Tumor Screening,638664,1,4,Normal,Insurance
V001594,PT04774,DR049,D01,2024-05-28,Hypertension,3994,0,0,Not Admitted,Card
V001595,PT02084,DR022,D08,2024-07-19,Menstrual Disorder,7965,0,0,Not Admitted,UPI
V001596,PT00761,DR031,D03,2025-08-30,Viral Infection,5654,0,0,Not Admitted,Insurance
V001597,PT03528,DR068,D03,2024-09-24,Fever,2663,0,0,Not Admitted,UPI
V001598,PT03602,DR049,D01,2024-06-03,Heart Failure,549,0,0,Not Admitted,Insurance
V001599,PT01421,DR044,D08,2024-03-01,Prenatal Care,1871,0,0,Not Admitted,Cash
V001600,PT00658,DR028,D06,2024-11-26,Radiotherapy,5912,0,0,Not Admitted,Card
V001601,PT00231,DR054,D02,2025-04-05,Arthritis,4972,0,0,Not Admitted,Card
V001602,PT00259,DR005,D05,2024-03-11,Poisoning,6062,0,0,Not Admitted,UPI
V001603,PT04501,DR047,D04,2025-04-04,Epilepsy,6818,0,0,Not Admitted,Cash
V001604,PT03327,DR054,D02,2025-04-01,Arthritis,2230,0,0,Not Admitted,Insurance
V001605,PT02900,DR059,D01,2025-07-10,Heart Failure,713381,1,9,LAMA,Cash
V001606,PT03349,DR059,D01,2025-01-26,CAD,6405,0,0,Not Admitted,UPI
V001607,PT01390,DR025,D05,2025-04-19,Poisoning,3632,0,0,Not Admitted,Insurance
V001608,PT02505,DR018,D05,2024-12-27,Trauma,710285,1,10,Normal,Cash
V001609,PT03539,DR016,D06,2025-04-24,Radiotherapy,4715,0,0,Not Admitted,Insurance
V001610,PT00878,DR068,D03,2025-06-17,Vaccination,6764,0,0,Not Admitted,Cash
V001611,PT02017,DR053,D03,2024-11-26,Asthma,591,0,0,Not Admitted,UPI
V001612,PT04335,DR015,D06,2025-07-31,Chemotherapy,620136,1,12,Normal,Cash
V001613,PT02776,DR036,D04,2025-09-11,Migraine,7464,0,0,Not Admitted,Insurance
V001614,PT04435,DR032,D07,2025-05-15,Fever,6512,0,0,Not Admitted,Insurance
V001615,PT00857,DR073,D04,2025-07-29,Epilepsy,652,0,0,Not Admitted,UPI
V001616,PT01008,DR011,D08,2025-02-15,Prenatal Care,5265,0,0,Not Admitted,Card
V001617,PT04931,DR049,D01,2025-05-16,Heart Failure,786,0,0,Not Admitted,UPI
V001618,PT03576,DR051,D05,2024-11-09,Poisoning,700,0,0,Not Admitted,Insurance
V001619,PT01698,DR033,D05,2024-09-10,Severe Bleeding,4356,0,0,Not Admitted,Card
V001620,PT03053,DR073,D04,2024-04-29,Epilepsy,6603,0,0,Not Admitted,UPI
V001621,PT01340,DR067,D07,2025-09-14,Infection,5619,0,0,Not Admitted,UPI
V001622,PT01372,DR068,D03,2025-02-22,Viral Infection,2289,0,0,Not Admitted,Cash
V001623,PT00331,DR044,D08,2024-02-13,Prenatal Care,5177,0,0,Not Admitted,UPI
V001624,PT00516,DR069,D07,2024-11-24,Fever,2675,0,0,Not Admitted,Cash
V001625,PT01890,DR007,D05,2024-07-14,Severe Bleeding,573543,1,7,LAMA,UPI
V001626,PT02902,DR069,D07,2025-12-12,Infection,773,0,0,Not Admitted,Insurance
V001627,PT02196,DR006,D02,2025-04-27,Arthritis,6076,0,0,Not Admitted,Cash
V001628,PT02043,DR067,D07,2024-09-03,Diabetes,4288,0,0,Not Admitted,Insurance
V001629,PT02354,DR002,D02,2024-08-11,Back Pain,2079,0,0,Not Admitted,Cash
V001630,PT03584,DR078,D06,2025-11-21,Chemotherapy,7092,0,0,Not Admitted,Cash
V001631,PT03128,DR032,D07,2024-05-07,Thyroid,513672,1,11,Normal,Cash
V001632,PT02817,DR024,D05,2025-04-17,Burns,6504,0,0,Not Admitted,Insurance
V001633,PT02502,DR029,D05,2024-11-27,Severe Bleeding,7633,0,0,Not Admitted,Cash
V001634,PT01443,DR030,D02,2025-10-29,Back Pain,651232,1,6,Normal,UPI
V001635,PT04496,DR042,D01,2024-01-15,CAD,2331,0,0,Not Admitted,Insurance
V001636,PT04155,DR056,D02,2024-11-01,Back Pain,4382,0,0,Not Admitted,Insurance
V001637,PT04338,DR021,D07,2025-01-17,Fever,4752,0,0,Not Admitted,Card
V001638,PT01064,DR010,D02,2025-06-04,Fracture,6652,0,0,Not Admitted,Card
V001639,PT00538,DR050,D07,2024-07-08,Diabetes,4040,0,0,Not Admitted,Cash
V001640,PT03555,DR018,D05,2025-12-10,Severe Bleeding,2282,0,0,Not Admitted,Insurance
V001641,PT00700,DR018,D05,2025-07-31,Trauma,4729,0,0,Not Admitted,UPI
V001642,PT00057,DR068,D03,2024-06-04,Asthma,4760,0,0,Not Admitted,Card
V001643,PT04651,DR020,D01,2025-10-27,Arrhythmia,2770,0,0,Not Admitted,Insurance
V001644,PT01515,DR069,D07,2024-10-20,Thyroid,5256,0,0,Not Admitted,UPI
V001645,PT00785,DR036,D04,2025-07-28,Neuropathy,5046,0,0,Not Admitted,Cash
V001646,PT03993,DR066,D08,2025-10-26,PCOS,696525,1,11,Normal,Insurance
V001647,PT04128,DR078,D06,2024-12-19,Radiotherapy,3490,0,0,Not Admitted,Cash
V001648,PT03344,DR020,D01,2024-06-28,Heart Failure,96542,1,6,Normal,Cash
V001649,PT04269,DR029,D05,2024-03-15,Severe Bleeding,6719,0,0,Not Admitted,UPI
V001650,PT00118,DR059,D01,2024-06-07,CAD,5397,0,0,Not Admitted,Cash
V001651,PT02774,DR069,D07,2025-12-08,Fever,531,0,0,Not Admitted,Insurance
V001652,PT04351,DR038,D04,2025-08-24,Migraine,212068,1,7,Normal,Cash
V001653,PT04557,DR027,D06,2025-10-11,Chemotherapy,6865,0,0,Not Admitted,Cash
V001654,PT03488,DR044,D08,2025-10-23,Prenatal Care,2743,0,0,Not Admitted,Cash
V001655,PT04232,DR027,D06,2024-09-07,Post-op Care,5333,0,0,Not Admitted,Cash
V001656,PT04192,DR071,D03,2024-02-13,Vaccination,7170,0,0,Not Admitted,Insurance
V001657,PT00426,DR064,D02,2024-12-14,Arthritis,2393,0,0,Not Admitted,UPI
V001658,PT04025,DR011,D08,2025-07-19,Fertility,434452,1,10,Expired,Card
V001659,PT02416,DR037,D02,2024-06-03,Fracture,2591,0,0,Not Admitted,Insurance
V001660,PT03440,DR053,D03,2024-02-08,Asthma,6703,0,0,Not Admitted,Card
V001661,PT01754,DR062,D08,2024-11-10,Menstrual Disorder,2022,0,0,Not Admitted,UPI
V001662,PT03704,DR037,D02,2025-05-06,Arthritis,7035,0,0,Not Admitted,UPI
V001663,PT02719,DR077,D01,2025-12-21,Arrhythmia,5507,0,0,Not Admitted,Insurance
V001664,PT02947,DR079,D04,2025-02-21,Migraine,3995,0,0,Not Admitted,Card
V001665,PT01797,DR030,D02,2025-12-15,Back Pain,5779,0,0,Not Admitted,UPI
V001666,PT00702,DR047,D04,2025-11-22,Epilepsy,3911,0,0,Not Admitted,Card
V001667,PT04063,DR060,D04,2024-12-16,Neuropathy,6352,0,0,Not Admitted,Cash
V001668,PT04389,DR063,D05,2024-12-13,Severe Bleeding,1103,0,0,Not Admitted,Cash
V001669,PT03092,DR011,D08,2024-10-25,PCOS,2057,0,0,Not Admitted,Card
V001670,PT02879,DR071,D03,2024-10-02,Fever,1994,0,0,Not Admitted,UPI
V001671,PT02727,DR075,D01,2024-06-08,Arrhythmia,677861,1,7,Normal,Insurance
V001672,PT03368,DR032,D07,2024-04-21,Diabetes,4089,0,0,Not Admitted,Cash
V001673,PT01753,DR029,D05,2024-01-03,Trauma,2990,0,0,Not Admitted,Card
V001674,PT03075,DR023,D02,2025-10-02,Fracture,567403,1,9,Normal,Insurance
V001675,PT04863,DR059,D01,2025-06-20,Hypertension,5535,0,0,Not Admitted,Insurance
V001676,PT00656,DR034,D08,2025-05-29,PCOS,6057,0,0,Not Admitted,Cash
V001677,PT02384,DR007,D05,2024-02-03,Poisoning,646618,1,7,Normal,Insurance
V001678,PT02617,DR037,D02,2025-02-17,Back Pain,3489,0,0,Not Admitted,Card
V001679,PT04059,DR069,D07,2024-08-05,Fever,588,0,0,Not Admitted,Insurance
V001680,PT01722,DR078,D06,2025-02-07,Tumor Screening,532105,1,5,Normal,Card
V001681,PT00235,DR056,D02,2024-02-22,Fracture,6880,0,0,Not Admitted,UPI
V001682,PT02809,DR032,D07,2024-04-29,Fever,5906,0,0,Not Admitted,Insurance
V001683,PT02392,DR044,D08,2025-01-22,PCOS,2902,0,0,Not Admitted,UPI
V001684,PT01745,DR034,D08,2025-12-20,Prenatal Care,2903,0,0,Not Admitted,UPI
V001685,PT03222,DR011,D08,2024-12-02,Fertility,2653,0,0,Not Admitted,UPI
V001686,PT00176,DR060,D04,2024-10-01,Stroke,3923,0,0,Not Admitted,Cash
V001687,PT04824,DR073,D04,2025-06-21,Epilepsy,5480,0,0,Not Admitted,UPI
V001688,PT03820,DR041,D07,2024-02-21,Fever,4709,0,0,Not Admitted,Insurance
V001689,PT03433,DR018,D05,2024-04-20,Trauma,2080,0,0,Not Admitted,Card
V001690,PT03198,DR017,D08,2024-09-23,PCOS,7069,0,0,Not Admitted,Cash
V001691,PT04976,DR034,D08,2025-09-19,PCOS,716769,1,2,Referred,Card
V001692,PT01338,DR005,D05,2024-08-08,Trauma,6123,0,0,Not Admitted,Cash
V001693,PT04888,DR004,D05,2024-11-27,Severe Bleeding,5469,0,0,Not Admitted,Insurance
V001694,PT04564,DR062,D08,2024-07-08,Menstrual Disorder,6903,0,0,Not Admitted,Cash
V001695,PT02855,DR076,D04,2024-02-28,Stroke,3933,0,0,Not Admitted,Cash
V001696,PT00431,DR040,D08,2025-12-15,Fertility,144461,1,10,Normal,UPI
V001697,PT04967,DR044,D08,2025-04-11,Menstrual Disorder,4486,0,0,Not Admitted,Cash
V001698,PT01787,DR074,D03,2024-05-15,Viral Infection,4427,0,0,Not Admitted,Insurance
V001699,PT00969,DR032,D07,2025-04-27,Infection,5272,0,0,Not Admitted,Insurance
V001700,PT04409,DR080,D05,2024-12-08,Trauma,1837,0,0,Not Admitted,Card
V001701,PT04817,DR029,D05,2024-07-27,Burns,3588,0,0,Not Admitted,UPI
V001702,PT03989,DR024,D05,2024-05-03,Severe Bleeding,3669,0,0,Not Admitted,UPI
V001703,PT03473,DR032,D07,2025-09-08,Infection,4745,0,0,Not Admitted,Insurance
V001704,PT04785,DR004,D05,2024-05-05,Burns,3150,0,0,Not Admitted,Card
V001705,PT03822,DR049,D01,2025-12-04,CAD,2633,0,0,Not Admitted,Cash
V001706,PT02234,DR044,D08,2024-02-24,Fertility,2958,0,0,Not Admitted,Cash
V001707,PT02737,DR040,D08,2025-07-28,Prenatal Care,5428,0,0,Not Admitted,UPI
V001708,PT02602,DR039,D03,2025-07-16,Fever,4238,0,0,Not Admitted,Cash
V001709,PT03677,DR046,D02,2024-09-15,Fracture,2459,0,0,Not Admitted,Cash
V001710,PT00153,DR075,D01,2024-08-21,Hypertension,6037,0,0,Not Admitted,Card
V001711,PT00241,DR017,D08,2025-05-06,Menstrual Disorder,3434,0,0,Not Admitted,Cash
V001712,PT03702,DR079,D04,2025-09-07,Epilepsy,3725,0,0,Not Admitted,Card
V001713,PT04250,DR050,D07,2024-09-07,Infection,100305,1,7,Normal,UPI
V001714,PT01905,DR034,D08,2025-06-24,Menstrual Disorder,7889,0,0,Not Admitted,UPI
V001715,PT03360,DR014,D04,2025-06-30,Stroke,179331,1,0,Normal,UPI
V001716,PT03001,DR024,D05,2024-01-28,Severe Bleeding,3748,0,0,Not Admitted,UPI
V001717,PT02433,DR040,D08,2024-02-01,PCOS,3728,0,0,Not Admitted,Cash
V001718,PT01081,DR005,D05,2025-07-30,Poisoning,1345,0,0,Not Admitted,UPI
V001719,PT01447,DR067,D07,2024-06-23,Fever,109961,1,8,Normal,Card
V001720,PT02912,DR058,D03,2025-06-29,Asthma,49691,1,0,Normal,Card
V001721,PT03493,DR075,D01,2024-10-22,Heart Failure,4797,0,0,Not Admitted,UPI
V001722,PT01790,DR042,D01,2024-02-09,Arrhythmia,7680,0,0,Not Admitted,Insurance
V001723,PT01007,DR043,D06,2024-05-16,Chemotherapy,2731,0,0,Not Admitted,UPI
V001724,PT03467,DR078,D06,2025-06-10,Radiotherapy,4286,0,0,Not Admitted,UPI
V001725,PT04675,DR056,D02,2025-10-29,Ligament Tear,4178,0,0,Not Admitted,Cash
V001726,PT02546,DR014,D04,2024-08-19,Epilepsy,4070,0,0,Not Admitted,Insurance
V001727,PT03226,DR030,D02,2025-07-18,Back Pain,4167,0,0,Not Admitted,Insurance
V001728,PT03395,DR041,D07,2025-11-15,Thyroid,934,0,0,Not Admitted,Insurance
V001729,PT03989,DR042,D01,2024-08-06,Hypertension,697225,1,4,Normal,UPI
V001730,PT02966,DR035,D06,2024-05-23,Post-op Care,3526,0,0,Not Admitted,UPI
V001731,PT04438,DR010,D02,2024-05-10,Fracture,2305,0,0,Not Admitted,UPI
V001732,PT00425,DR017,D08,2025-11-22,Fertility,737648,1,4,Referred,Cash
V001733,PT02783,DR064,D02,2024-11-03,Back Pain,2236,0,0,Not Admitted,Card
V001734,PT04366,DR071,D03,2024-12-17,Viral Infection,1527,0,0,Not Admitted,Insurance
V001735,PT02033,DR066,D08,2025-12-11,Prenatal Care,7345,0,0,Not Admitted,Card
V001736,PT02108,DR011,D08,2024-12-07,PCOS,6553,0,0,Not Admitted,UPI
V001737,PT03067,DR080,D05,2025-09-25,Poisoning,49352,1,11,Referred,Cash
V001738,PT02208,DR026,D05,2024-02-23,Poisoning,6798,0,0,Not Admitted,Card
V001739,PT03529,DR002,D02,2024-05-14,Fracture,724023,1,9,Normal,Card
V001740,PT01953,DR011,D08,2024-08-11,PCOS,3188,0,0,Not Admitted,Cash
V001741,PT01867,DR061,D02,2024-11-19,Ligament Tear,3034,0,0,Not Admitted,Card
V001742,PT00139,DR004,D05,2024-05-10,Poisoning,2582,0,0,Not Admitted,Cash
V001743,PT04590,DR079,D04,2024-04-20,Migraine,4368,0,0,Not Admitted,Cash
V001744,PT00311,DR042,D01,2024-12-16,Hypertension,7456,0,0,Not Admitted,Card
V001745,PT03182,DR014,D04,2024-07-09,Stroke,7708,0,0,Not Admitted,Insurance
V001746,PT02837,DR052,D06,2025-11-28,Tumor Screening,6290,0,0,Not Admitted,Cash
V001747,PT02828,DR080,D05,2025-09-13,Severe Bleeding,7026,0,0,Not Admitted,UPI
V001748,PT00587,DR003,D04,2024-08-22,Epilepsy,2200,0,0,Not Admitted,Card
V001749,PT03645,DR046,D02,2025-07-06,Back Pain,6741,0,0,Not Admitted,UPI
V001750,PT04636,DR070,D03,2025-06-26,Fever,6061,0,0,Not Admitted,UPI
V001751,PT01627,DR031,D03,2025-06-05,Viral Infection,4746,0,0,Not Admitted,Insurance
V001752,PT00146,DR050,D07,2025-01-05,Thyroid,3811,0,0,Not Admitted,Card
V001753,PT03832,DR015,D06,2025-03-05,Post-op Care,701434,1,5,Referred,Cash
V001754,PT04264,DR062,D08,2024-04-11,Menstrual Disorder,3421,0,0,Not Admitted,Card
V001755,PT01083,DR020,D01,2025-08-16,Hypertension,5943,0,0,Not Admitted,UPI
V001756,PT03280,DR015,D06,2025-11-09,Chemotherapy,2565,0,0,Not Admitted,UPI
V001757,PT02128,DR033,D05,2024-08-01,Severe Bleeding,7265,0,0,Not Admitted,Card
V001758,PT01221,DR040,D08,2025-05-21,PCOS,839,0,0,Not Admitted,Card
V001759,PT00830,DR051,D05,2024-01-14,Burns,5705,0,0,Not Admitted,UPI
V001760,PT00554,DR006,D02,2025-07-08,Fracture,1489,0,0,Not Admitted,Insurance
V001761,PT00590,DR065,D04,2025-02-11,Stroke,5500,0,0,Not Admitted,Card
V001762,PT03444,DR068,D03,2025-03-19,Viral Infection,465273,1,10,Normal,Insurance
V001763,PT03629,DR044,D08,2025-12-12,Fertility,1998,0,0,Not Admitted,UPI
V001764,PT02032,DR016,D06,2024-05-18,Chemotherapy,4954,0,0,Not Admitted,Cash
V001765,PT04300,DR042,D01,2025-10-29,Heart Failure,113942,1,11,Normal,Card
V001766,PT04033,DR068,D03,2025-08-05,Fever,7374,0,0,Not Admitted,Insurance
V001767,PT00309,DR067,D07,2025-01-21,Thyroid,2226,0,0,Not Admitted,UPI
V001768,PT03259,DR059,D01,2024-10-30,Arrhythmia,131106,1,10,Normal,Cash
V001769,PT03885,DR005,D05,2025-01-26,Poisoning,2800,0,0,Not Admitted,Insurance
V001770,PT03721,DR069,D07,2024-02-19,Fever,4023,0,0,Not Admitted,Cash
V001771,PT02095,DR017,D08,2025-04-09,PCOS,1093,0,0,Not Admitted,Insurance
V001772,PT02108,DR059,D01,2024-03-02,Hypertension,4626,0,0,Not Admitted,Insurance
V001773,PT02224,DR037,D02,2025-11-02,Back Pain,439685,1,0,Normal,UPI
V001774,PT02988,DR072,D06,2025-07-06,Post-op Care,6695,0,0,Not Admitted,Insurance
V001775,PT02624,DR047,D04,2024-08-18,Neuropathy,7632,0,0,Not Admitted,UPI
V001776,PT03958,DR046,D02,2024-01-22,Arthritis,6580,0,0,Not Admitted,Card
V001777,PT00037,DR041,D07,2024-11-18,Fever,594183,1,12,Normal,Cash
V001778,PT04462,DR019,D04,2024-09-27,Migraine,2660,0,0,Not Admitted,Insurance
V001779,PT02864,DR044,D08,2024-02-03,Menstrual Disorder,521374,1,2,Normal,Card
V001780,PT02381,DR012,D04,2025-12-26,Neuropathy,7094,0,0,Not Admitted,UPI
V001781,PT01156,DR036,D04,2025-06-25,Migraine,523989,1,1,Normal,Card
V001782,PT01845,DR058,D03,2024-04-01,Asthma,3680,0,0,Not Admitted,Insurance
V001783,PT04224,DR077,D01,2024-09-21,Hypertension,4884,0,0,Not Admitted,UPI
V001784,PT02495,DR056,D02,2024-04-19,Fracture,347283,1,5,Referred,Insurance
V001785,PT01040,DR021,D07,2024-11-22,Infection,4462,0,0,Not Admitted,Insurance
V001786,PT04626,DR039,D03,2025-03-31,Fever,30829,1,6,LAMA,UPI
V001787,PT00699,DR041,D07,2025-03-15,Thyroid,1554,0,0,Not Admitted,Cash
V001788,PT00596,DR021,D07,2025-05-10,Infection,1438,0,0,Not Admitted,UPI
V001789,PT03434,DR077,D01,2025-02-08,Heart Failure,2745,0,0,Not Admitted,Card
V001790,PT04972,DR064,D02,2024-10-24,Arthritis,3366,0,0,Not Admitted,Card
V001791,PT03823,DR041,D07,2025-07-16,Diabetes,5708,0,0,Not Admitted,Cash
V001792,PT04411,DR072,D06,2024-06-25,Post-op Care,3611,0,0,Not Admitted,UPI
V001793,PT03179,DR065,D04,2025-11-27,Epilepsy,1224,0,0,Not Admitted,Insurance
V001794,PT03936,DR003,D04,2024-06-13,Stroke,5878,0,0,Not Admitted,Insurance
V001795,PT00507,DR063,D05,2025-11-23,Poisoning,6336,0,0,Not Admitted,UPI
V001796,PT04997,DR030,D02,2024-12-25,Fracture,5587,0,0,Not Admitted,Cash
V001797,PT01237,DR070,D03,2024-08-16,Viral Infection,545174,1,4,Normal,UPI
V001798,PT01884,DR008,D02,2025-12-19,Back Pain,750055,1,10,Normal,Card
V001799,PT01518,DR046,D02,2025-02-06,Fracture,485510,1,12,Normal,Insurance
V001800,PT01582,DR015,D06,2025-12-13,Post-op Care,938,0,0,Not Admitted,Insurance
V001801,PT01639,DR035,D06,2024-03-26,Radiotherapy,2654,0,0,Not Admitted,Cash
V001802,PT04279,DR050,D07,2024-09-12,Fever,6172,0,0,Not Admitted,UPI
V001803,PT02135,DR013,D04,2024-10-18,Epilepsy,7890,0,0,Not Admitted,UPI
V001804,PT01978,DR011,D08,2025-01-31,Menstrual Disorder,334328,1,12,Normal,Card
V001805,PT03202,DR066,D08,2024-11-04,PCOS,176862,1,10,Normal,Card
V001806,PT02750,DR017,D08,2024-01-25,PCOS,5281,0,0,Not Admitted,UPI
V001807,PT02558,DR070,D03,2025-07-27,Fever,5058,0,0,Not Admitted,Card
V001808,PT00837,DR053,D03,2025-01-21,Asthma,264089,1,7,Normal,Insurance
V001809,PT03297,DR058,D03,2025-11-17,Viral Infection,3722,0,0,Not Admitted,Card
V001810,PT02067,DR049,D01,2024-09-19,Heart Failure,7603,0,0,Not Admitted,UPI
V001811,PT03285,DR067,D07,2024-12-15,Diabetes,2985,0,0,Not Admitted,UPI
V001812,PT03905,DR043,D06,2024-04-27,Radiotherapy,1045,0,0,Not Admitted,Insurance
V001813,PT04534,DR040,D08,2024-04-16,PCOS,5652,0,0,Not Admitted,Card
V001814,PT00189,DR025,D05,2025-10-19,Poisoning,558,0,0,Not Admitted,UPI
V001815,PT03408,DR026,D05,2025-11-30,Trauma,4470,0,0,Not Admitted,Card
V001816,PT02046,DR017,D08,2025-06-14,PCOS,4969,0,0,Not Admitted,Cash
V001817,PT02869,DR040,D08,2025-03-22,PCOS,236053,1,8,Normal,Cash
V001818,PT00127,DR063,D05,2025-01-06,Trauma,435695,1,12,Normal,Card
V001819,PT03338,DR013,D04,2024-11-12,Epilepsy,356529,1,6,Normal,Insurance
V001820,PT00818,DR010,D02,2025-10-22,Fracture,767,0,0,Not Admitted,UPI
V001821,PT01388,DR038,D04,2025-08-04,Migraine,5655,0,0,Not Admitted,Card
V001822,PT00812,DR007,D05,2024-10-15,Trauma,6023,0,0,Not Admitted,UPI
V001823,PT00862,DR044,D08,2024-03-16,Menstrual Disorder,761179,1,7,Normal,Card
V001824,PT03694,DR048,D04,2025-09-08,Migraine,744236,1,9,Normal,Card
V001825,PT04876,DR077,D01,2025-06-22,Hypertension,593987,1,3,Normal,Insurance
V001826,PT04554,DR069,D07,2024-09-24,Infection,3168,0,0,Not Admitted,Card
V001827,PT03448,DR049,D01,2024-06-07,Arrhythmia,4305,0,0,Not Admitted,Card
V001828,PT04299,DR031,D03,2025-03-01,Viral Infection,1560,0,0,Not Admitted,Cash
V001829,PT01462,DR073,D04,2025-07-17,Epilepsy,3938,0,0,Not Admitted,Insurance
V001830,PT00985,DR075,D01,2025-07-21,Hypertension,731630,1,9,Normal,Insurance
V001831,PT01599,DR059,D01,2025-12-16,Hypertension,3221,0,0,Not Admitted,Cash
V001832,PT01267,DR021,D07,2025-06-20,Diabetes,6938,0,0,Not Admitted,Cash
V001833,PT04679,DR077,D01,2025-04-10,Hypertension,474702,1,8,Normal,Cash
V001834,PT03208,DR019,D04,2025-12-25,Neuropathy,5804,0,0,Not Admitted,Insurance
V001835,PT04599,DR015,D06,2024-10-02,Chemotherapy,636534,1,11,Normal,Cash
V001836,PT04869,DR040,D08,2024-05-17,PCOS,7314,0,0,Not Admitted,Cash
V001837,PT04783,DR032,D07,2024-08-09,Diabetes,3009,0,0,Not Admitted,UPI
V001838,PT02207,DR057,D04,2025-07-26,Neuropathy,5782,0,0,Not Admitted,Card
V001839,PT02945,DR023,D02,2024-02-24,Arthritis,2464,0,0,Not Admitted,Card
V001840,PT03277,DR034,D08,2024-06-01,PCOS,2650,0,0,Not Admitted,Insurance
V001841,PT02632,DR067,D07,2024-03-24,Fever,3368,0,0,Not Admitted,UPI
V001842,PT03354,DR016,D06,2024-07-31,Radiotherapy,645534,1,10,Normal,Insurance
V001843,PT01285,DR063,D05,2024-03-07,Poisoning,5638,0,0,Not Admitted,Insurance
V001844,PT02690,DR068,D03,2025-04-20,Fever,2751,0,0,Not Admitted,Insurance
V001845,PT01325,DR046,D02,2025-07-29,Fracture,4376,0,0,Not Admitted,Card
V001846,PT04808,DR035,D06,2025-06-12,Post-op Care,2715,0,0,Not Admitted,Insurance
V001847,PT04528,DR075,D01,2025-08-13,Heart Failure,2006,0,0,Not Admitted,UPI
V001848,PT01519,DR015,D06,2025-07-07,Post-op Care,5880,0,0,Not Admitted,Insurance
V001849,PT04669,DR059,D01,2024-12-30,Hypertension,1158,0,0,Not Admitted,Card
V001850,PT02634,DR014,D04,2025-11-04,Epilepsy,4156,0,0,Not Admitted,Cash
V001851,PT03455,DR078,D06,2024-12-18,Tumor Screening,7653,0,0,Not Admitted,Insurance
V001852,PT00852,DR025,D05,2025-03-10,Trauma,511,0,0,Not Admitted,Insurance
V001853,PT01534,DR068,D03,2024-08-04,Asthma,2738,0,0,Not Admitted,Card
V001854,PT04688,DR011,D08,2025-11-25,Fertility,151728,1,2,Normal,UPI
V001855,PT02946,DR074,D03,2024-11-11,Viral Infection,914,0,0,Not Admitted,UPI
V001856,PT03753,DR071,D03,2024-10-21,Viral Infection,2866,0,0,Not Admitted,Cash
V001857,PT01082,DR077,D01,2025-12-03,CAD,4100,0,0,Not Admitted,Insurance
V001858,PT02188,DR055,D02,2025-11-21,Ligament Tear,291982,1,11,Normal,Insurance
V001859,PT01262,DR042,D01,2024-09-27,Arrhythmia,873,0,0,Not Admitted,Cash
V001860,PT02821,DR059,D01,2024-11-19,Heart Failure,7673,0,0,Not Admitted,Cash
V001861,PT03934,DR065,D04,2025-03-19,Stroke,4606,0,0,Not Admitted,Card
V001862,PT02719,DR066,D08,2025-01-03,Fertility,1636,0,0,Not Admitted,UPI
V001863,PT03492,DR052,D06,2025-01-28,Tumor Screening,700,0,0,Not Admitted,Card
V001864,PT03875,DR017,D08,2025-06-21,Fertility,564931,1,6,Normal,Insurance
V001865,PT02172,DR049,D01,2024-06-28,CAD,3819,0,0,Not Admitted,Cash
V001866,PT04793,DR047,D04,2024-10-19,Epilepsy,1616,0,0,Not Admitted,Card
V001867,PT00289,DR025,D05,2025-04-11,Poisoning,419941,1,1,Normal,UPI
V001868,PT02744,DR013,D04,2024-07-19,Neuropathy,5442,0,0,Not Admitted,Insurance
V001869,PT04382,DR055,D02,2025-08-27,Fracture,2120,0,0,Not Admitted,UPI
V001870,PT02289,DR027,D06,2025-11-01,Tumor Screening,5119,0,0,Not Admitted,Cash
V001871,PT00628,DR054,D02,2025-11-12,Arthritis,2865,0,0,Not Admitted,UPI
V001872,PT03092,DR062,D08,2024-03-30,Prenatal Care,778503,1,0,Normal,UPI
V001873,PT00021,DR051,D05,2024-07-17,Poisoning,4968,0,0,Not Admitted,Card
V001874,PT03405,DR068,D03,2025-03-25,Asthma,747699,1,4,Normal,Cash
V001875,PT04143,DR026,D05,2025-05-06,Burns,6359,0,0,Not Admitted,Insurance
V001876,PT03764,DR050,D07,2025-10-09,Infection,7095,0,0,Not Admitted,Card
V001877,PT00666,DR052,D06,2025-06-20,Tumor Screening,2048,0,0,Not Admitted,Card
V001878,PT04624,DR031,D03,2024-03-09,Viral Infection,7358,0,0,Not Admitted,Insurance
V001879,PT00163,DR043,D06,2024-07-17,Radiotherapy,3939,0,0,Not Admitted,Card
V001880,PT03010,DR066,D08,2024-11-02,Fertility,382332,1,10,Normal,UPI
V001881,PT01398,DR050,D07,2025-08-09,Fever,5746,0,0,Not Admitted,Insurance
V001882,PT01718,DR013,D04,2024-02-05,Stroke,4194,0,0,Not Admitted,Cash
V001883,PT01933,DR035,D06,2025-08-18,Chemotherapy,1901,0,0,Not Admitted,Card
V001884,PT02368,DR070,D03,2024-07-25,Fever,219923,1,5,Normal,UPI
V001885,PT03812,DR010,D02,2024-04-14,Arthritis,7143,0,0,Not Admitted,Cash
V001886,PT01029,DR078,D06,2024-04-15,Tumor Screening,5390,0,0,Not Admitted,UPI
V001887,PT01684,DR013,D04,2024-05-17,Migraine,1760,0,0,Not Admitted,UPI
V001888,PT04299,DR080,D05,2025-10-11,Trauma,1562,0,0,Not Admitted,Insurance
V001889,PT01904,DR049,D01,2025-01-24,Heart Failure,436711,1,10,Normal,Cash
V001890,PT03075,DR018,D05,2025-11-27,Burns,5821,0,0,Not Admitted,Cash
V001891,PT01469,DR078,D06,2025-02-11,Post-op Care,5729,0,0,Not Admitted,UPI
V001892,PT00723,DR049,D01,2024-06-24,Hypertension,3449,0,0,Not Admitted,Cash
V001893,PT03124,DR078,D06,2024-04-07,Radiotherapy,5976,0,0,Not Admitted,Card
V001894,PT02980,DR042,D01,2024-09-26,CAD,4890,0,0,Not Admitted,UPI
V001895,PT02014,DR049,D01,2025-10-10,Arrhythmia,7233,0,0,Not Admitted,Card
V001896,PT02618,DR044,D08,2024-06-06,Fertility,791,0,0,Not Admitted,Cash
V001897,PT00140,DR020,D01,2025-02-19,Hypertension,2348,0,0,Not Admitted,Card
V001898,PT02981,DR027,D06,2025-11-02,Radiotherapy,4377,0,0,Not Admitted,Cash
V001899,PT03065,DR026,D05,2024-02-22,Trauma,6660,0,0,Not Admitted,Cash
V001900,PT01965,DR060,D04,2024-12-08,Epilepsy,3791,0,0,Not Admitted,Insurance
V001901,PT04619,DR074,D03,2025-07-23,Asthma,5517,0,0,Not Admitted,Card
V001902,PT02829,DR069,D07,2025-08-16,Fever,7661,0,0,Not Admitted,Card
V001903,PT04298,DR011,D08,2025-12-29,PCOS,7933,0,0,Not Admitted,UPI
V001904,PT02367,DR031,D03,2025-02-19,Fever,5235,0,0,Not Admitted,Card
V001905,PT00841,DR029,D05,2025-04-11,Poisoning,714,0,0,Not Admitted,Card
V001906,PT02648,DR075,D01,2024-12-07,Heart Failure,3342,0,0,Not Admitted,Insurance
V001907,PT04840,DR050,D07,2024-11-26,Infection,7606,0,0,Not Admitted,Cash
V001908,PT01968,DR031,D03,2024-07-25,Fever,294301,1,2,Normal,Cash
V001909,PT03845,DR064,D02,2025-08-10,Ligament Tear,621086,1,0,Normal,Cash
V001910,PT00745,DR041,D07,2024-09-04,Fever,6740,0,0,Not Admitted,Cash
V001911,PT01184,DR042,D01,2024-06-06,Hypertension,1594,0,0,Not Admitted,Cash
V001912,PT00017,DR069,D07,2025-11-26,Fever,2708,0,0,Not Admitted,Cash
V001913,PT04872,DR007,D05,2024-12-03,Burns,2640,0,0,Not Admitted,Cash
V001914,PT00457,DR004,D05,2024-09-02,Burns,766581,1,3,Normal,Cash
V001915,PT01320,DR068,D03,2025-04-03,Asthma,4961,0,0,Not Admitted,Cash
V001916,PT00786,DR028,D06,2024-03-03,Post-op Care,5146,0,0,Not Admitted,Card
V001917,PT03971,DR073,D04,2024-06-14,Neuropathy,1454,0,0,Not Admitted,Cash
V001918,PT04000,DR026,D05,2025-12-14,Severe Bleeding,6523,0,0,Not Admitted,Card
V001919,PT04752,DR049,D01,2025-07-04,Heart Failure,4254,0,0,Not Admitted,Cash
V001920,PT01551,DR021,D07,2024-03-11,Fever,5020,0,0,Not Admitted,UPI
V001921,PT00449,DR042,D01,2025-09-03,Arrhythmia,425017,1,3,Normal,Cash
V001922,PT00565,DR037,D02,2024-12-08,Arthritis,3952,0,0,Not Admitted,Cash
V001923,PT04901,DR069,D07,2024-07-10,Thyroid,3131,0,0,Not Admitted,UPI
V001924,PT02464,DR034,D08,2025-04-10,PCOS,6162,0,0,Not Admitted,Cash
V001925,PT01525,DR006,D02,2024-10-13,Arthritis,1857,0,0,Not Admitted,Cash
V001926,PT04097,DR057,D04,2025-06-18,Migraine,2112,0,0,Not Admitted,Cash
V001927,PT01185,DR074,D03,2024-08-10,Fever,3652,0,0,Not Admitted,Insurance
V001928,PT02452,DR005,D05,2024-02-13,Trauma,2776,0,0,Not Admitted,Cash
V001929,PT01269,DR024,D05,2024-12-12,Burns,5335,0,0,Not Admitted,Card
V001930,PT01858,DR069,D07,2025-03-29,Diabetes,5212,0,0,Not Admitted,Card
V001931,PT01550,DR042,D01,2024-10-13,Arrhythmia,6186,0,0,Not Admitted,UPI
V001932,PT02802,DR033,D05,2024-04-25,Burns,7537,0,0,Not Admitted,Cash
V001933,PT00653,DR003,D04,2025-06-18,Epilepsy,6953,0,0,Not Admitted,Card
V001934,PT04599,DR079,D04,2024-02-03,Epilepsy,3287,0,0,Not Admitted,Card
V001935,PT03908,DR027,D06,2024-03-01,Radiotherapy,3329,0,0,Not Admitted,Cash
V001936,PT03949,DR031,D03,2025-12-15,Fever,546,0,0,Not Admitted,UPI
V001937,PT02442,DR030,D02,2025-07-24,Back Pain,4620,0,0,Not Admitted,UPI
V001938,PT00803,DR024,D05,2025-04-22,Poisoning,1877,0,0,Not Admitted,Cash
V001939,PT04555,DR052,D06,2025-10-23,Tumor Screening,838,0,0,Not Admitted,Cash
V001940,PT01415,DR070,D03,2025-04-14,Fever,6613,0,0,Not Admitted,Cash
V001941,PT00847,DR016,D06,2025-10-12,Tumor Screening,7809,0,0,Not Admitted,Insurance
V001942,PT02485,DR016,D06,2024-12-29,Radiotherapy,5852,0,0,Not Admitted,Cash
V001943,PT04157,DR021,D07,2025-11-06,Infection,7842,0,0,Not Admitted,Card
V001944,PT00291,DR042,D01,2024-11-16,CAD,4463,0,0,Not Admitted,Cash
V001945,PT01277,DR021,D07,2024-09-30,Thyroid,238252,1,4,Normal,Card
V001946,PT01808,DR048,D04,2024-05-23,Migraine,2916,0,0,Not Admitted,Insurance
V001947,PT00982,DR009,D04,2025-05-04,Epilepsy,229296,1,2,Normal,Card
V001948,PT02992,DR032,D07,2025-06-30,Fever,5571,0,0,Not Admitted,Insurance
V001949,PT03292,DR068,D03,2024-06-16,Asthma,6542,0,0,Not Admitted,UPI
V001950,PT03591,DR063,D05,2025-03-24,Trauma,4062,0,0,Not Admitted,UPI
V001951,PT03824,DR063,D05,2024-10-15,Burns,68811,1,6,Normal,UPI
V001952,PT01108,DR010,D02,2024-02-10,Fracture,1394,0,0,Not Admitted,Card
V001953,PT00859,DR020,D01,2025-01-15,CAD,1555,0,0,Not Admitted,UPI
V001954,PT02099,DR051,D05,2025-08-23,Trauma,2789,0,0,Not Admitted,Insurance
V001955,PT01389,DR077,D01,2025-11-04,Hypertension,4098,0,0,Not Admitted,Cash
V001956,PT02321,DR054,D02,2024-10-27,Arthritis,752,0,0,Not Admitted,Cash
V001957,PT01066,DR020,D01,2025-02-28,CAD,1201,0,0,Not Admitted,Insurance
V001958,PT01696,DR017,D08,2024-02-11,Fertility,6111,0,0,Not Admitted,Insurance
V001959,PT02986,DR078,D06,2025-01-14,Radiotherapy,1222,0,0,Not Admitted,UPI
V001960,PT03528,DR072,D06,2024-02-09,Chemotherapy,6814,0,0,Not Admitted,Card
V001961,PT00590,DR023,D02,2024-09-30,Arthritis,392349,1,8,Normal,Card
V001962,PT00424,DR055,D02,2024-09-29,Ligament Tear,4384,0,0,Not Admitted,Cash
V001963,PT00858,DR023,D02,2024-12-16,Ligament Tear,1440,0,0,Not Admitted,Insurance
V001964,PT03858,DR064,D02,2024-03-22,Ligament Tear,1926,0,0,Not Admitted,Insurance
V001965,PT00917,DR004,D05,2024-07-31,Burns,2656,0,0,Not Admitted,UPI
V001966,PT02087,DR056,D02,2025-10-24,Back Pain,585,0,0,Not Admitted,UPI
V001967,PT00296,DR074,D03,2024-11-21,Fever,7457,0,0,Not Admitted,Cash
V001968,PT01189,DR044,D08,2024-03-17,Prenatal Care,4093,0,0,Not Admitted,Insurance
V001969,PT00164,DR033,D05,2024-11-24,Burns,2962,0,0,Not Admitted,UPI
V001970,PT01887,DR042,D01,2025-09-16,Arrhythmia,3101,0,0,Not Admitted,UPI
V001971,PT00610,DR075,D01,2024-04-11,Arrhythmia,6907,0,0,Not Admitted,Insurance
V001972,PT03701,DR080,D05,2024-03-01,Trauma,202743,1,9,Normal,Cash
V001973,PT00630,DR070,D03,2025-06-12,Vaccination,6504,0,0,Not Admitted,Card
V001974,PT02710,DR031,D03,2024-12-30,Asthma,2940,0,0,Not Admitted,Cash
V001975,PT01990,DR067,D07,2025-03-12,Diabetes,4425,0,0,Not Admitted,UPI
V001976,PT00681,DR021,D07,2025-03-23,Fever,7698,0,0,Not Admitted,Card
V001977,PT03837,DR006,D02,2024-06-24,Arthritis,6224,0,0,Not Admitted,Card
V001978,PT04078,DR038,D04,2024-01-20,Neuropathy,4356,0,0,Not Admitted,UPI
V001979,PT00025,DR066,D08,2025-04-14,Prenatal Care,4540,0,0,Not Admitted,Cash
V001980,PT02937,DR005,D05,2024-02-25,Burns,5685,0,0,Not Admitted,Cash
V001981,PT01462,DR009,D04,2024-04-09,Neuropathy,5221,0,0,Not Admitted,Cash
V001982,PT01344,DR003,D04,2025-03-18,Neuropathy,5766,0,0,Not Admitted,Insurance
V001983,PT00960,DR022,D08,2024-06-03,Fertility,6508,0,0,Not Admitted,UPI
V001984,PT03468,DR021,D07,2024-02-29,Infection,5304,0,0,Not Admitted,Insurance
V001985,PT00221,DR077,D01,2025-07-21,Arrhythmia,5618,0,0,Not Admitted,Cash
V001986,PT03376,DR011,D08,2025-02-04,PCOS,6704,0,0,Not Admitted,UPI
V001987,PT03205,DR065,D04,2024-07-30,Epilepsy,860,0,0,Not Admitted,UPI
V001988,PT00163,DR066,D08,2025-03-14,Fertility,401427,1,11,Normal,Insurance
V001989,PT01787,DR015,D06,2024-02-19,Chemotherapy,4992,0,0,Not Admitted,UPI
V001990,PT03038,DR071,D03,2025-01-04,Fever,398558,1,11,Referred,Card
V001991,PT00554,DR064,D02,2025-08-22,Back Pain,6847,0,0,Not Admitted,Cash
V001992,PT03046,DR004,D05,2024-08-04,Severe Bleeding,894,0,0,Not Admitted,Cash
V001993,PT04135,DR020,D01,2025-03-26,Hypertension,6744,0,0,Not Admitted,Card
V001994,PT00118,DR038,D04,2025-02-26,Epilepsy,5496,0,0,Not Admitted,Cash
V001995,PT03918,DR030,D02,2025-04-05,Fracture,1474,0,0,Not Admitted,UPI
V001996,PT01543,DR072,D06,2025-01-15,Chemotherapy,322633,1,11,Normal,Cash
V001997,PT01084,DR006,D02,2024-12-06,Back Pain,5780,0,0,Not Admitted,Card
V001998,PT01621,DR075,D01,2025-07-05,Heart Failure,793,0,0,Not Admitted,Insurance
V001999,PT02950,DR065,D04,2025-03-10,Neuropathy,4121,0,0,Not Admitted,UPI
V002000,PT02585,DR028,D06,2024-07-27,Tumor Screening,1114,0,0,Not Admitted,Card
V002001,PT00009,DR066,D08,2024-10-18,PCOS,4567,0,0,Not Admitted,Insurance
V002002,PT00212,DR058,D03,2024-02-28,Fever,6746,0,0,Not Admitted,UPI
V002003,PT04119,DR006,D02,2024-01-03,Arthritis,35790,1,3,Normal,Card
V002004,PT03802,DR023,D02,2025-02-18,Fracture,634821,1,10,Normal,Card
V002005,PT03247,DR010,D02,2025-02-14,Fracture,4585,0,0,Not Admitted,Card
V002006,PT03266,DR080,D05,2025-09-05,Poisoning,734007,1,3,Normal,Cash
V002007,PT03536,DR039,D03,2025-12-07,Viral Infection,168657,1,7,Normal,Card
V002008,PT01476,DR075,D01,2024-06-22,Hypertension,6608,0,0,Not Admitted,Card
V002009,PT00746,DR069,D07,2024-12-30,Diabetes,7896,0,0,Not Admitted,Card
V002010,PT02050,DR067,D07,2025-07-07,Infection,7899,0,0,Not Admitted,Cash
V002011,PT01559,DR012,D04,2025-11-15,Epilepsy,3385,0,0,Not Admitted,Insurance
V002012,PT00691,DR068,D03,2024-08-26,Viral Infection,3863,0,0,Not Admitted,Card
V002013,PT03615,DR018,D05,2024-08-17,Burns,5985,0,0,Not Admitted,UPI
V002014,PT02698,DR059,D01,2025-09-27,Hypertension,4695,0,0,Not Admitted,Card
V002015,PT01771,DR013,D04,2025-04-24,Neuropathy,3714,0,0,Not Admitted,Cash
V002016,PT01299,DR024,D05,2024-07-03,Trauma,606,0,0,Not Admitted,Cash
V002017,PT01661,DR040,D08,2025-07-04,Fertility,1786,0,0,Not Admitted,UPI
V002018,PT04030,DR030,D02,2024-11-20,Fracture,477216,1,2,Normal,UPI
V002019,PT03652,DR075,D01,2024-03-31,CAD,560238,1,6,Normal,Card
V002020,PT01072,DR058,D03,2025-01-13,Vaccination,5024,0,0,Not Admitted,Card
V002021,PT02463,DR080,D05,2025-12-20,Trauma,5644,0,0,Not Admitted,Card
V002022,PT04318,DR028,D06,2024-01-19,Post-op Care,2086,0,0,Not Admitted,Card
V002023,PT00982,DR041,D07,2025-02-03,Fever,4785,0,0,Not Admitted,Card
V002024,PT01845,DR032,D07,2024-02-14,Infection,376807,1,11,Normal,Cash
V002025,PT03928,DR001,D02,2024-12-18,Arthritis,681,0,0,Not Admitted,UPI
V002026,PT03481,DR001,D02,2025-09-24,Ligament Tear,571469,1,4,Normal,Insurance
V002027,PT02612,DR012,D04,2024-09-01,Epilepsy,7130,0,0,Not Admitted,Cash
V002028,PT02240,DR039,D03,2025-09-09,Vaccination,3343,0,0,Not Admitted,Cash
V002029,PT04026,DR048,D04,2025-05-23,Migraine,2992,0,0,Not Admitted,Cash
V002030,PT04312,DR027,D06,2024-01-25,Tumor Screening,2321,0,0,Not Admitted,Insurance
V002031,PT00455,DR076,D04,2025-09-01,Migraine,5827,0,0,Not Admitted,UPI
V002032,PT00284,DR044,D08,2025-04-02,Fertility,504,0,0,Not Admitted,Cash
V002033,PT00489,DR028,D06,2025-05-10,Post-op Care,6340,0,0,Not Admitted,UPI
V002034,PT02205,DR022,D08,2024-08-01,Menstrual Disorder,1056,0,0,Not Admitted,Card
V002035,PT01835,DR022,D08,2024-10-14,Prenatal Care,485656,1,5,Normal,UPI
V002036,PT02167,DR069,D07,2025-12-26,Diabetes,763428,1,4,Normal,Card
V002037,PT03684,DR043,D06,2024-03-17,Radiotherapy,6196,0,0,Not Admitted,UPI
V002038,PT03204,DR011,D08,2024-07-26,Prenatal Care,303083,1,6,Normal,Card
V002039,PT00494,DR001,D02,2025-09-01,Fracture,7857,0,0,Not Admitted,Cash
V002040,PT02704,DR052,D06,2025-02-26,Radiotherapy,7913,0,0,Not Admitted,Cash
V002041,PT03921,DR045,D08,2025-06-16,Menstrual Disorder,4412,0,0,Not Admitted,Card
V002042,PT02320,DR025,D05,2024-01-01,Severe Bleeding,157305,1,4,Normal,Cash
V002043,PT01047,DR066,D08,2024-10-06,Prenatal Care,6886,0,0,Not Admitted,Cash
V002044,PT01482,DR067,D07,2024-12-30,Infection,3300,0,0,Not Admitted,Cash
V002045,PT03030,DR041,D07,2025-05-05,Diabetes,4221,0,0,Not Admitted,Card
V002046,PT04180,DR051,D05,2024-01-15,Poisoning,5285,0,0,Not Admitted,Cash
V002047,PT03272,DR040,D08,2025-01-04,Fertility,2440,0,0,Not Admitted,Cash
V002048,PT00276,DR070,D03,2025-12-03,Vaccination,489312,1,9,Normal,Card
V002049,PT00092,DR017,D08,2025-02-11,PCOS,5499,0,0,Not Admitted,UPI
V002050,PT03656,DR021,D07,2025-12-08,Diabetes,7338,0,0,Not Admitted,Card
V002051,PT04256,DR076,D04,2025-06-07,Stroke,7595,0,0,Not Admitted,Insurance
V002052,PT02184,DR028,D06,2025-12-07,Tumor Screening,5836,0,0,Not Admitted,Insurance
V002053,PT01967,DR070,D03,2025-08-19,Viral Infection,7861,0,0,Not Admitted,Card
V002054,PT02127,DR033,D05,2024-06-29,Trauma,1776,0,0,Not Admitted,Insurance
V002055,PT04571,DR063,D05,2025-12-16,Severe Bleeding,6255,0,0,Not Admitted,Insurance
V002056,PT01427,DR062,D08,2025-02-14,Fertility,5883,0,0,Not Admitted,Cash
V002057,PT02876,DR029,D05,2025-03-25,Trauma,1412,0,0,Not Admitted,UPI
V002058,PT03332,DR013,D04,2025-05-06,Migraine,3296,0,0,Not Admitted,UPI
V002059,PT03881,DR039,D03,2024-03-07,Asthma,3597,0,0,Not Admitted,Cash
V002060,PT04663,DR017,D08,2024-07-21,PCOS,109029,1,0,Normal,UPI
V002061,PT04470,DR046,D02,2025-03-10,Ligament Tear,677316,1,11,Normal,UPI
V002062,PT01136,DR022,D08,2025-02-06,Prenatal Care,556603,1,11,Normal,Cash
V002063,PT00348,DR074,D03,2024-09-20,Viral Infection,4104,0,0,Not Admitted,Insurance
V002064,PT04995,DR032,D07,2025-03-29,Thyroid,512611,1,4,Normal,Card
V002065,PT04119,DR031,D03,2024-07-15,Asthma,5395,0,0,Not Admitted,Insurance
V002066,PT03617,DR038,D04,2024-10-26,Stroke,6867,0,0,Not Admitted,Card
V002067,PT00537,DR043,D06,2024-10-02,Post-op Care,130542,1,4,Referred,Cash
V002068,PT03643,DR039,D03,2024-03-08,Vaccination,1190,0,0,Not Admitted,Insurance
V002069,PT03502,DR034,D08,2024-01-27,Menstrual Disorder,5850,0,0,Not Admitted,Insurance
V002070,PT02440,DR057,D04,2024-04-09,Neuropathy,7887,0,0,Not Admitted,Cash
V002071,PT02858,DR057,D04,2024-07-16,Epilepsy,1821,0,0,Not Admitted,Insurance
V002072,PT00726,DR009,D04,2025-01-04,Stroke,7179,0,0,Not Admitted,Insurance
V002073,PT02683,DR039,D03,2024-12-11,Viral Infection,4195,0,0,Not Admitted,Card
V002074,PT00347,DR028,D06,2025-08-07,Post-op Care,4360,0,0,Not Admitted,Insurance
V002075,PT04521,DR034,D08,2024-01-02,PCOS,3528,0,0,Not Admitted,Cash
V002076,PT02512,DR049,D01,2024-03-09,Arrhythmia,3201,0,0,Not Admitted,UPI
V002077,PT04101,DR073,D04,2025-02-09,Stroke,4079,0,0,Not Admitted,Cash
V002078,PT02556,DR069,D07,2025-10-09,Thyroid,5980,0,0,Not Admitted,Card
V002079,PT01084,DR061,D02,2024-02-01,Arthritis,6657,0,0,Not Admitted,UPI
V002080,PT00189,DR040,D08,2024-07-16,Prenatal Care,3588,0,0,Not Admitted,Cash
V002081,PT00626,DR005,D05,2024-05-30,Burns,6695,0,0,Not Admitted,Cash
V002082,PT02796,DR004,D05,2025-04-02,Burns,5761,0,0,Not Admitted,UPI
V002083,PT04744,DR034,D08,2025-07-08,Prenatal Care,5217,0,0,Not Admitted,UPI
V002084,PT01238,DR058,D03,2024-05-01,Asthma,566453,1,0,Normal,Insurance
V002085,PT02863,DR010,D02,2025-01-12,Back Pain,5592,0,0,Not Admitted,UPI
V002086,PT03181,DR067,D07,2024-03-21,Fever,6423,0,0,Not Admitted,Insurance
V002087,PT02677,DR047,D04,2024-02-09,Migraine,550,0,0,Not Admitted,UPI
V002088,PT02247,DR042,D01,2024-03-22,Arrhythmia,1470,0,0,Not Admitted,Cash
V002089,PT01606,DR032,D07,2024-01-01,Infection,2646,0,0,Not Admitted,Insurance
V002090,PT04705,DR023,D02,2024-05-02,Back Pain,2679,0,0,Not Admitted,Cash
V002091,PT03105,DR064,D02,2025-11-30,Fracture,5385,0,0,Not Admitted,Insurance
V002092,PT03411,DR023,D02,2024-08-28,Fracture,4514,0,0,Not Admitted,Cash
V002093,PT01672,DR059,D01,2025-01-12,CAD,4940,0,0,Not Admitted,Insurance
V002094,PT00673,DR049,D01,2024-03-17,Hypertension,1379,0,0,Not Admitted,Cash
V002095,PT04985,DR041,D07,2024-01-19,Thyroid,2222,0,0,Not Admitted,Card
V002096,PT01034,DR009,D04,2025-11-01,Neuropathy,2200,0,0,Not Admitted,Insurance
V002097,PT02743,DR032,D07,2024-02-04,Thyroid,2109,0,0,Not Admitted,Insurance
V002098,PT01416,DR035,D06,2024-08-13,Tumor Screening,483035,1,12,Normal,Insurance
V002099,PT02264,DR033,D05,2025-09-02,Poisoning,3873,0,0,Not Admitted,Card
V002100,PT03314,DR028,D06,2024-12-30,Chemotherapy,6096,0,0,Not Admitted,Cash
V002101,PT02370,DR005,D05,2024-02-02,Severe Bleeding,6699,0,0,Not Admitted,Insurance
V002102,PT00013,DR038,D04,2025-01-13,Migraine,5634,0,0,Not Admitted,Insurance
V002103,PT02952,DR032,D07,2025-02-13,Fever,5615,0,0,Not Admitted,Insurance
V002104,PT00351,DR035,D06,2025-11-23,Post-op Care,4847,0,0,Not Admitted,Cash
V002105,PT04218,DR063,D05,2024-05-27,Trauma,6995,0,0,Not Admitted,Cash
V002106,PT04211,DR028,D06,2025-07-06,Tumor Screening,4465,0,0,Not Admitted,Insurance
V002107,PT00677,DR014,D04,2025-05-04,Neuropathy,246164,1,7,Normal,UPI
V002108,PT02065,DR033,D05,2025-06-15,Trauma,4243,0,0,Not Admitted,UPI
V002109,PT04854,DR023,D02,2024-07-12,Fracture,6421,0,0,Not Admitted,Insurance
V002110,PT00828,DR018,D05,2024-01-15,Trauma,5034,0,0,Not Admitted,UPI
V002111,PT02263,DR046,D02,2025-05-21,Fracture,804,0,0,Not Admitted,Card
V002112,PT01576,DR063,D05,2025-11-03,Burns,745148,1,12,Normal,Insurance
V002113,PT02608,DR049,D01,2025-08-19,CAD,1855,0,0,Not Admitted,Cash
V002114,PT00642,DR041,D07,2024-05-29,Thyroid,4033,0,0,Not Admitted,Card
V002115,PT00514,DR064,D02,2024-06-08,Ligament Tear,1001,0,0,Not Admitted,Insurance
V002116,PT02096,DR013,D04,2025-11-08,Stroke,647415,1,5,Normal,UPI
V002117,PT02053,DR061,D02,2024-04-23,Arthritis,195203,1,4,Normal,UPI
V002118,PT00626,DR027,D06,2024-05-18,Post-op Care,7163,0,0,Not Admitted,Insurance
V002119,PT00722,DR069,D07,2025-02-26,Thyroid,4729,0,0,Not Admitted,Insurance
V002120,PT00188,DR020,D01,2024-03-19,Arrhythmia,259901,1,11,Normal,UPI
V002121,PT03807,DR028,D06,2025-01-12,Post-op Care,5829,0,0,Not Admitted,Cash
V002122,PT04137,DR048,D04,2025-07-15,Stroke,3680,0,0,Not Admitted,Insurance
V002123,PT01392,DR007,D05,2024-09-03,Severe Bleeding,7798,0,0,Not Admitted,Insurance
V002124,PT01637,DR066,D08,2024-09-27,Prenatal Care,3070,0,0,Not Admitted,Insurance
V002125,PT04299,DR016,D06,2025-09-20,Tumor Screening,1825,0,0,Not Admitted,UPI
V002126,PT00703,DR003,D04,2025-02-10,Neuropathy,217828,1,7,Normal,UPI
V002127,PT03054,DR039,D03,2025-04-23,Fever,912,0,0,Not Admitted,Card
V002128,PT02782,DR044,D08,2025-08-09,Prenatal Care,3556,0,0,Not Admitted,Insurance
V002129,PT03475,DR024,D05,2025-08-30,Poisoning,1871,0,0,Not Admitted,Cash
V002130,PT04520,DR035,D06,2024-05-23,Radiotherapy,164443,1,7,Normal,UPI
V002131,PT01270,DR039,D03,2025-08-03,Asthma,684,0,0,Not Admitted,UPI
V002132,PT01999,DR068,D03,2025-01-28,Fever,5855,0,0,Not Admitted,Cash
V002133,PT00912,DR042,D01,2024-11-15,Heart Failure,4724,0,0,Not Admitted,Insurance
V002134,PT03055,DR018,D05,2025-01-06,Severe Bleeding,1623,0,0,Not Admitted,Insurance
V002135,PT00536,DR038,D04,2024-03-02,Epilepsy,7462,0,0,Not Admitted,Insurance
V002136,PT02477,DR049,D01,2024-04-28,CAD,474903,1,1,Normal,Card
V002137,PT03042,DR057,D04,2025-04-21,Migraine,7450,0,0,Not Admitted,Cash
V002138,PT01040,DR071,D03,2025-05-04,Fever,5911,0,0,Not Admitted,Insurance
V002139,PT04782,DR080,D05,2025-07-30,Severe Bleeding,5518,0,0,Not Admitted,UPI
V002140,PT02505,DR039,D03,2024-12-25,Viral Infection,5808,0,0,Not Admitted,Insurance
V002141,PT03116,DR076,D04,2024-12-22,Neuropathy,334041,1,7,Normal,UPI
V002142,PT00216,DR021,D07,2024-07-13,Infection,4645,0,0,Not Admitted,UPI
V002143,PT02574,DR001,D02,2024-04-18,Back Pain,4588,0,0,Not Admitted,Card
V002144,PT00068,DR068,D03,2024-05-11,Asthma,537075,1,1,Normal,Card
V002145,PT04522,DR012,D04,2024-08-29,Stroke,2222,0,0,Not Admitted,Card
V002146,PT03864,DR048,D04,2024-08-05,Neuropathy,455845,1,1,Normal,UPI
V002147,PT04318,DR044,D08,2024-02-10,Prenatal Care,5444,0,0,Not Admitted,Insurance
V002148,PT01966,DR054,D02,2024-04-30,Ligament Tear,1551,0,0,Not Admitted,Insurance
V002149,PT03283,DR003,D04,2025-05-21,Epilepsy,570834,1,10,Normal,Card
V002150,PT02477,DR070,D03,2024-08-03,Asthma,6430,0,0,Not Admitted,Card
V002151,PT02304,DR050,D07,2025-08-17,Infection,1066,0,0,Not Admitted,UPI
V002152,PT03765,DR016,D06,2024-01-27,Chemotherapy,3424,0,0,Not Admitted,Insurance
V002153,PT00403,DR011,D08,2025-06-25,Fertility,2786,0,0,Not Admitted,Cash
V002154,PT02263,DR040,D08,2024-09-23,Fertility,1892,0,0,Not Admitted,Cash
V002155,PT03505,DR011,D08,2025-09-14,Menstrual Disorder,3692,0,0,Not Admitted,Card
V002156,PT00980,DR033,D05,2025-07-05,Severe Bleeding,1456,0,0,Not Admitted,Insurance
V002157,PT03609,DR069,D07,2024-03-10,Infection,6372,0,0,Not Admitted,Cash
V002158,PT04243,DR080,D05,2025-04-01,Severe Bleeding,4089,0,0,Not Admitted,Card
V002159,PT00839,DR078,D06,2025-12-18,Radiotherapy,703415,1,3,Normal,Insurance
V002160,PT01750,DR043,D06,2025-03-01,Tumor Screening,1490,0,0,Not Admitted,Card
V002161,PT00245,DR072,D06,2024-12-17,Post-op Care,5716,0,0,Not Admitted,Insurance
V002162,PT03058,DR044,D08,2025-03-28,Fertility,5668,0,0,Not Admitted,Cash
V002163,PT00855,DR042,D01,2024-01-21,Hypertension,304925,1,3,Normal,Card
V002164,PT03669,DR053,D03,2024-04-21,Vaccination,3628,0,0,Not Admitted,Card
V002165,PT00857,DR059,D01,2025-01-10,Arrhythmia,3174,0,0,Not Admitted,UPI
V002166,PT01279,DR063,D05,2025-10-11,Severe Bleeding,3127,0,0,Not Admitted,UPI
V002167,PT03587,DR024,D05,2024-06-08,Poisoning,2269,0,0,Not Admitted,Cash
V002168,PT00597,DR031,D03,2024-06-06,Fever,318568,1,2,Normal,UPI
V002169,PT00506,DR077,D01,2025-04-13,Arrhythmia,778757,1,5,Normal,Card
V002170,PT03598,DR022,D08,2025-03-05,Menstrual Disorder,273136,1,6,Normal,Insurance
V002171,PT01599,DR019,D04,2024-06-13,Epilepsy,3692,0,0,Not Admitted,Insurance
V002172,PT03252,DR052,D06,2024-01-02,Tumor Screening,841,0,0,Not Admitted,Insurance
V002173,PT02878,DR027,D06,2025-07-07,Tumor Screening,5984,0,0,Not Admitted,Cash
V002174,PT00848,DR069,D07,2024-09-13,Thyroid,1091,0,0,Not Admitted,Insurance
V002175,PT03309,DR077,D01,2025-11-24,Heart Failure,545558,1,8,Normal,Insurance
V002176,PT02971,DR021,D07,2024-05-27,Diabetes,1291,0,0,Not Admitted,UPI
V002177,PT01465,DR052,D06,2024-05-07,Post-op Care,5335,0,0,Not Admitted,Insurance
V002178,PT02217,DR028,D06,2025-06-19,Radiotherapy,1160,0,0,Not Admitted,Card
V002179,PT00645,DR031,D03,2024-07-02,Vaccination,257528,1,0,Referred,UPI
V002180,PT04895,DR070,D03,2024-06-18,Vaccination,677913,1,7,Referred,Cash
V002181,PT03257,DR021,D07,2025-05-13,Diabetes,4929,0,0,Not Admitted,Insurance
V002182,PT04341,DR062,D08,2025-02-05,Menstrual Disorder,5969,0,0,Not Admitted,Cash
V002183,PT02868,DR042,D01,2024-04-30,Arrhythmia,64693,1,12,Normal,Cash
V002184,PT01724,DR076,D04,2025-06-26,Stroke,1711,0,0,Not Admitted,UPI
V002185,PT01984,DR027,D06,2024-02-15,Chemotherapy,3756,0,0,Not Admitted,Card
V002186,PT02051,DR026,D05,2025-07-17,Severe Bleeding,4996,0,0,Not Admitted,Insurance
V002187,PT00859,DR026,D05,2024-04-22,Burns,3925,0,0,Not Admitted,Card
V002188,PT02029,DR028,D06,2025-10-08,Post-op Care,5296,0,0,Not Admitted,UPI
V002189,PT03159,DR075,D01,2024-05-15,Heart Failure,111159,1,4,Normal,Insurance
V002190,PT01220,DR051,D05,2025-04-29,Trauma,913,0,0,Not Admitted,UPI
V002191,PT02173,DR028,D06,2024-09-26,Chemotherapy,6706,0,0,Not Admitted,UPI
V002192,PT00270,DR044,D08,2024-02-03,Menstrual Disorder,510669,1,10,Normal,Card
V002193,PT01531,DR041,D07,2024-06-21,Infection,7197,0,0,Not Admitted,UPI
V002194,PT02410,DR033,D05,2024-11-29,Severe Bleeding,578,0,0,Not Admitted,Card
V002195,PT03315,DR023,D02,2024-03-28,Fracture,7966,0,0,Not Admitted,UPI
V002196,PT04958,DR012,D04,2024-06-29,Neuropathy,4474,0,0,Not Admitted,Insurance
V002197,PT02848,DR054,D02,2025-05-18,Fracture,1972,0,0,Not Admitted,Cash
V002198,PT04890,DR040,D08,2024-07-01,Prenatal Care,3821,0,0,Not Admitted,Cash
V002199,PT02022,DR068,D03,2024-05-13,Asthma,3352,0,0,Not Admitted,Insurance
V002200,PT00710,DR062,D08,2024-12-04,Menstrual Disorder,3697,0,0,Not Admitted,UPI
V002201,PT02117,DR043,D06,2025-11-26,Radiotherapy,5987,0,0,Not Admitted,Cash
V002202,PT02316,DR021,D07,2025-03-19,Diabetes,276310,1,9,Normal,Cash
V002203,PT04722,DR022,D08,2025-06-07,Prenatal Care,3380,0,0,Not Admitted,UPI
V002204,PT00182,DR050,D07,2025-06-18,Fever,4940,0,0,Not Admitted,Card
V002205,PT01528,DR032,D07,2024-12-09,Fever,905,0,0,Not Admitted,UPI
V002206,PT00130,DR035,D06,2024-01-14,Post-op Care,5898,0,0,Not Admitted,UPI
V002207,PT03708,DR020,D01,2025-09-25,Arrhythmia,262905,1,0,Normal,Insurance
V002208,PT04660,DR038,D04,2025-04-28,Stroke,4586,0,0,Not Admitted,Cash
V002209,PT04675,DR070,D03,2025-12-02,Vaccination,7660,0,0,Not Admitted,Card
V002210,PT02019,DR058,D03,2025-05-25,Asthma,5503,0,0,Not Admitted,UPI
V002211,PT03862,DR019,D04,2024-05-24,Migraine,6062,0,0,Not Admitted,Insurance
V002212,PT04106,DR015,D06,2025-09-18,Post-op Care,1116,0,0,Not Admitted,Insurance
V002213,PT01450,DR059,D01,2024-09-26,Arrhythmia,443177,1,3,Normal,Card
V002214,PT02945,DR051,D05,2024-12-03,Burns,4464,0,0,Not Admitted,Card
V002215,PT03968,DR053,D03,2025-02-03,Asthma,6148,0,0,Not Admitted,Cash
V002216,PT01197,DR070,D03,2024-04-14,Vaccination,2450,0,0,Not Admitted,Insurance
V002217,PT01523,DR054,D02,2025-02-05,Arthritis,6867,0,0,Not Admitted,UPI
V002218,PT00562,DR026,D05,2025-01-05,Severe Bleeding,384682,1,11,Normal,UPI
V002219,PT00871,DR058,D03,2024-10-30,Vaccination,7698,0,0,Not Admitted,Cash
V002220,PT02794,DR050,D07,2025-03-12,Fever,6524,0,0,Not Admitted,Card
V002221,PT02498,DR074,D03,2025-10-18,Viral Infection,6593,0,0,Not Admitted,Insurance
V002222,PT01271,DR008,D02,2025-06-08,Fracture,505502,1,2,Normal,Insurance
V002223,PT02990,DR064,D02,2025-07-04,Ligament Tear,3200,0,0,Not Admitted,Insurance
V002224,PT00519,DR050,D07,2024-08-10,Thyroid,7919,0,0,Not Admitted,UPI
V002225,PT04756,DR021,D07,2025-10-26,Thyroid,5579,0,0,Not Admitted,UPI
V002226,PT01506,DR032,D07,2025-08-22,Fever,6567,0,0,Not Admitted,Cash
V002227,PT00854,DR041,D07,2024-10-08,Thyroid,6122,0,0,Not Admitted,Cash
V002228,PT02064,DR022,D08,2025-11-13,PCOS,742894,1,4,Normal,Insurance
V002229,PT03834,DR050,D07,2024-06-08,Fever,4575,0,0,Not Admitted,Card
V002230,PT01524,DR063,D05,2024-05-31,Trauma,7527,0,0,Not Admitted,Card
V002231,PT04205,DR039,D03,2025-10-23,Viral Infection,231115,1,11,Normal,Insurance
V002232,PT02677,DR013,D04,2024-09-20,Migraine,4216,0,0,Not Admitted,Insurance
V002233,PT04584,DR070,D03,2025-08-28,Asthma,6469,0,0,Not Admitted,Insurance
V002234,PT02573,DR036,D04,2024-08-28,Migraine,342916,1,1,Normal,Card
V002235,PT01653,DR055,D02,2024-08-10,Ligament Tear,6495,0,0,Not Admitted,Card
V002236,PT00529,DR065,D04,2024-03-08,Migraine,5459,0,0,Not Admitted,Cash
V002237,PT02937,DR047,D04,2024-12-22,Migraine,6247,0,0,Not Admitted,Cash
V002238,PT02480,DR013,D04,2025-10-16,Stroke,3151,0,0,Not Admitted,UPI
V002239,PT01206,DR021,D07,2025-07-11,Diabetes,6147,0,0,Not Admitted,UPI
V002240,PT04515,DR031,D03,2025-08-06,Vaccination,3293,0,0,Not Admitted,Cash
V002241,PT00820,DR051,D05,2024-12-20,Severe Bleeding,5193,0,0,Not Admitted,Insurance
V002242,PT04957,DR032,D07,2024-06-29,Thyroid,5389,0,0,Not Admitted,Insurance
V002243,PT00818,DR018,D05,2024-11-25,Severe Bleeding,3274,0,0,Not Admitted,Cash
V002244,PT02383,DR050,D07,2024-04-23,Infection,4317,0,0,Not Admitted,Insurance
V002245,PT02234,DR032,D07,2024-04-12,Fever,3110,0,0,Not Admitted,Cash
V002246,PT03848,DR017,D08,2025-11-29,PCOS,431136,1,12,Normal,Card
V002247,PT00640,DR022,D08,2024-01-05,Fertility,2460,0,0,Not Admitted,Insurance
V002248,PT00004,DR045,D08,2025-06-25,Fertility,7514,0,0,Not Admitted,UPI
V002249,PT00432,DR068,D03,2025-08-31,Asthma,7496,0,0,Not Admitted,Insurance
V002250,PT00867,DR069,D07,2024-06-22,Fever,5545,0,0,Not Admitted,UPI
V002251,PT04573,DR045,D08,2025-07-19,Menstrual Disorder,3068,0,0,Not Admitted,Card
V002252,PT01179,DR044,D08,2024-09-21,Prenatal Care,667044,1,12,Normal,Insurance
V002253,PT03204,DR017,D08,2024-12-08,Prenatal Care,2633,0,0,Not Admitted,UPI
V002254,PT01858,DR054,D02,2024-10-29,Back Pain,900,0,0,Not Admitted,UPI
V002255,PT03605,DR071,D03,2025-01-22,Vaccination,3331,0,0,Not Admitted,Insurance
V002256,PT00507,DR051,D05,2024-04-01,Poisoning,5907,0,0,Not Admitted,Card
V002257,PT04174,DR041,D07,2024-07-20,Fever,2286,0,0,Not Admitted,Card
V002258,PT00950,DR058,D03,2025-06-03,Asthma,2055,0,0,Not Admitted,Cash
V002259,PT02941,DR067,D07,2025-05-12,Thyroid,2160,0,0,Not Admitted,Card
V002260,PT02026,DR046,D02,2025-09-13,Ligament Tear,3852,0,0,Not Admitted,Card
V002261,PT02737,DR069,D07,2025-12-21,Diabetes,1661,0,0,Not Admitted,Card
V002262,PT03320,DR019,D04,2025-05-14,Stroke,3948,0,0,Not Admitted,UPI
V002263,PT03582,DR023,D02,2024-03-19,Fracture,7116,0,0,Not Admitted,Cash
V002264,PT04961,DR035,D06,2025-09-03,Tumor Screening,2099,0,0,Not Admitted,Card
V002265,PT01053,DR075,D01,2025-03-11,CAD,4616,0,0,Not Admitted,Card
V002266,PT04701,DR069,D07,2024-08-29,Fever,5470,0,0,Not Admitted,UPI
V002267,PT03660,DR058,D03,2025-06-17,Vaccination,1494,0,0,Not Admitted,Card
V002268,PT01302,DR012,D04,2024-03-28,Migraine,2657,0,0,Not Admitted,Card
V002269,PT03289,DR029,D05,2024-11-13,Trauma,5249,0,0,Not Admitted,UPI
V002270,PT02144,DR031,D03,2024-11-14,Vaccination,4551,0,0,Not Admitted,Card
V002271,PT03812,DR020,D01,2025-01-13,Heart Failure,697543,1,10,Normal,Card
V002272,PT03710,DR062,D08,2025-03-17,PCOS,909,0,0,Not Admitted,UPI
V002273,PT00231,DR052,D06,2024-03-19,Chemotherapy,5274,0,0,Not Admitted,Card
V002274,PT01390,DR064,D02,2025-09-28,Fracture,4494,0,0,Not Admitted,Cash
V002275,PT00970,DR080,D05,2025-02-21,Trauma,315156,1,11,Normal,UPI
V002276,PT04814,DR042,D01,2025-06-09,Arrhythmia,85206,1,2,Normal,Insurance
V002277,PT00525,DR012,D04,2025-09-25,Epilepsy,76936,1,2,Normal,Card
V002278,PT02847,DR044,D08,2024-06-29,Prenatal Care,6302,0,0,Not Admitted,Card
V002279,PT00229,DR068,D03,2024-09-03,Asthma,6187,0,0,Not Admitted,UPI
V002280,PT03087,DR078,D06,2025-05-06,Tumor Screening,3066,0,0,Not Admitted,Card
V002281,PT01727,DR018,D05,2024-05-19,Burns,2102,0,0,Not Admitted,Card
V002282,PT02384,DR067,D07,2024-12-16,Diabetes,777576,1,0,Normal,Insurance
V002283,PT00402,DR071,D03,2024-10-28,Fever,472749,1,0,Normal,Card
V002284,PT00973,DR029,D05,2025-08-18,Burns,334776,1,5,Normal,Cash
V002285,PT00348,DR076,D04,2024-10-18,Stroke,6651,0,0,Not Admitted,Insurance
V002286,PT03137,DR031,D03,2024-04-12,Asthma,1253,0,0,Not Admitted,UPI
V002287,PT03082,DR076,D04,2025-08-05,Migraine,583736,1,3,Expired,Insurance
V002288,PT00498,DR006,D02,2025-11-08,Fracture,4956,0,0,Not Admitted,Cash
V002289,PT00052,DR014,D04,2025-02-12,Neuropathy,7953,0,0,Not Admitted,Card
V002290,PT02931,DR045,D08,2025-09-14,PCOS,6908,0,0,Not Admitted,Card
V002291,PT02392,DR029,D05,2025-11-06,Burns,395617,1,1,Normal,UPI
V002292,PT02509,DR003,D04,2025-08-29,Neuropathy,1831,0,0,Not Admitted,Cash
V002293,PT01848,DR012,D04,2025-05-29,Stroke,971,0,0,Not Admitted,UPI
V002294,PT00364,DR015,D06,2025-09-29,Chemotherapy,666700,1,5,Normal,Card
V002295,PT01979,DR044,D08,2024-05-21,Menstrual Disorder,5543,0,0,Not Admitted,Cash
V002296,PT01804,DR008,D02,2024-01-26,Ligament Tear,2355,0,0,Not Admitted,Cash
V002297,PT01773,DR040,D08,2025-01-28,Fertility,7217,0,0,Not Admitted,Insurance
V002298,PT04270,DR053,D03,2025-12-09,Viral Infection,3704,0,0,Not Admitted,Cash
V002299,PT01495,DR015,D06,2025-07-14,Tumor Screening,6554,0,0,Not Admitted,Insurance
V002300,PT02541,DR049,D01,2025-11-27,CAD,6058,0,0,Not Admitted,Card
V002301,PT02221,DR004,D05,2025-05-18,Trauma,4158,0,0,Not Admitted,Card
V002302,PT01547,DR055,D02,2025-12-08,Ligament Tear,614,0,0,Not Admitted,Cash
V002303,PT02689,DR031,D03,2024-04-15,Viral Infection,4237,0,0,Not Admitted,Cash
V002304,PT00610,DR015,D06,2024-09-14,Radiotherapy,5203,0,0,Not Admitted,Cash
V002305,PT00428,DR058,D03,2024-01-07,Fever,6423,0,0,Not Admitted,UPI
V002306,PT04895,DR074,D03,2025-06-04,Fever,1730,0,0,Not Admitted,Cash
V002307,PT00938,DR027,D06,2025-04-03,Tumor Screening,7746,0,0,Not Admitted,UPI
V002308,PT03493,DR036,D04,2025-04-19,Neuropathy,666747,1,0,Normal,Insurance
V002309,PT03518,DR071,D03,2024-06-11,Viral Infection,3671,0,0,Not Admitted,Cash
V002310,PT00809,DR064,D02,2024-06-17,Ligament Tear,1813,0,0,Not Admitted,Cash
V002311,PT01451,DR060,D04,2024-11-06,Epilepsy,5101,0,0,Not Admitted,UPI
V002312,PT02672,DR015,D06,2025-02-11,Radiotherapy,656973,1,9,Normal,Card
V002313,PT01705,DR029,D05,2024-03-17,Severe Bleeding,3485,0,0,Not Admitted,UPI
V002314,PT03420,DR048,D04,2025-04-07,Stroke,3357,0,0,Not Admitted,Card
V002315,PT04781,DR041,D07,2024-11-15,Infection,3921,0,0,Not Admitted,Card
V002316,PT04594,DR045,D08,2025-05-12,Fertility,1463,0,0,Not Admitted,Card
V002317,PT02762,DR020,D01,2025-02-09,Heart Failure,2794,0,0,Not Admitted,Insurance
V002318,PT01126,DR043,D06,2025-08-22,Tumor Screening,5548,0,0,Not Admitted,UPI
V002319,PT02150,DR045,D08,2024-01-03,PCOS,3979,0,0,Not Admitted,UPI
V002320,PT02453,DR052,D06,2024-02-17,Chemotherapy,6932,0,0,Not Admitted,UPI
V002321,PT04156,DR077,D01,2025-12-10,Heart Failure,2305,0,0,Not Admitted,Cash
V002322,PT01166,DR072,D06,2024-02-02,Chemotherapy,3920,0,0,Not Admitted,Card
V002323,PT01294,DR042,D01,2025-10-06,Hypertension,5737,0,0,Not Admitted,Card
V002324,PT00103,DR053,D03,2024-04-22,Asthma,5096,0,0,Not Admitted,Card
V002325,PT04036,DR026,D05,2025-12-17,Burns,7856,0,0,Not Admitted,Cash
V002326,PT03802,DR035,D06,2024-04-08,Tumor Screening,4690,0,0,Not Admitted,UPI
V002327,PT04894,DR023,D02,2024-11-18,Arthritis,6012,0,0,Not Admitted,Card
V002328,PT01860,DR043,D06,2025-07-27,Tumor Screening,2331,0,0,Not Admitted,Card
V002329,PT04916,DR056,D02,2025-03-19,Arthritis,3352,0,0,Not Admitted,Card
V002330,PT02636,DR039,D03,2024-05-16,Viral Infection,5843,0,0,Not Admitted,Cash
V002331,PT00736,DR059,D01,2025-08-08,Hypertension,4990,0,0,Not Admitted,Card
V002332,PT02353,DR045,D08,2024-09-12,Prenatal Care,1151,0,0,Not Admitted,Cash
V002333,PT00441,DR057,D04,2025-03-09,Migraine,7630,0,0,Not Admitted,Insurance
V002334,PT03191,DR063,D05,2025-11-19,Poisoning,5457,0,0,Not Admitted,Insurance
V002335,PT02967,DR062,D08,2025-10-26,Prenatal Care,729,0,0,Not Admitted,Card
V002336,PT04919,DR047,D04,2024-09-25,Epilepsy,3429,0,0,Not Admitted,Cash
V002337,PT04170,DR010,D02,2024-01-17,Arthritis,636,0,0,Not Admitted,Insurance
V002338,PT02224,DR031,D03,2025-07-12,Viral Infection,3125,0,0,Not Admitted,UPI
V002339,PT03058,DR040,D08,2024-06-27,Prenatal Care,6284,0,0,Not Admitted,Insurance
V002340,PT03029,DR072,D06,2024-05-03,Radiotherapy,4251,0,0,Not Admitted,UPI
V002341,PT00243,DR077,D01,2025-03-29,Heart Failure,5885,0,0,Not Admitted,UPI
V002342,PT01731,DR061,D02,2025-11-17,Back Pain,1423,0,0,Not Admitted,Card
V002343,PT04560,DR008,D02,2024-06-24,Back Pain,6956,0,0,Not Admitted,UPI
V002344,PT01312,DR072,D06,2025-01-03,Tumor Screening,4908,0,0,Not Admitted,UPI
V002345,PT01118,DR059,D01,2025-12-10,Arrhythmia,7759,0,0,Not Admitted,Insurance
V002346,PT00235,DR052,D06,2025-02-01,Tumor Screening,5399,0,0,Not Admitted,Insurance
V002347,PT01391,DR058,D03,2025-05-24,Fever,588,0,0,Not Admitted,Card
V002348,PT04804,DR056,D02,2025-11-04,Back Pain,413191,1,9,Normal,Insurance
V002349,PT02142,DR028,D06,2025-04-25,Tumor Screening,5422,0,0,Not Admitted,Card
V002350,PT04194,DR069,D07,2024-07-24,Thyroid,5145,0,0,Not Admitted,Card
V002351,PT04332,DR037,D02,2024-09-05,Ligament Tear,7795,0,0,Not Admitted,Insurance
V002352,PT01889,DR008,D02,2025-07-28,Fracture,1482,0,0,Not Admitted,UPI
V002353,PT00769,DR035,D06,2025-11-15,Radiotherapy,2155,0,0,Not Admitted,Cash
V002354,PT03812,DR039,D03,2024-10-09,Fever,731669,1,7,Normal,UPI
V002355,PT00336,DR067,D07,2024-09-02,Infection,6721,0,0,Not Admitted,Insurance
V002356,PT00414,DR014,D04,2025-11-22,Stroke,6532,0,0,Not Admitted,Cash
V002357,PT01960,DR049,D01,2024-11-08,CAD,5896,0,0,Not Admitted,Insurance
V002358,PT02093,DR044,D08,2025-06-11,Prenatal Care,3902,0,0,Not Admitted,UPI
V002359,PT02792,DR054,D02,2024-02-05,Arthritis,5977,0,0,Not Admitted,Insurance
V002360,PT02414,DR042,D01,2025-12-21,Arrhythmia,4687,0,0,Not Admitted,Cash
V002361,PT01829,DR063,D05,2024-04-09,Trauma,4916,0,0,Not Admitted,Insurance
V002362,PT02109,DR009,D04,2025-05-21,Epilepsy,2217,0,0,Not Admitted,Cash
V002363,PT01398,DR049,D01,2024-12-15,Heart Failure,5201,0,0,Not Admitted,Insurance
V002364,PT00944,DR034,D08,2024-08-16,Fertility,4764,0,0,Not Admitted,UPI
V002365,PT03986,DR071,D03,2024-06-15,Vaccination,193533,1,10,Normal,Card
V002366,PT00439,DR050,D07,2024-06-28,Infection,39113,1,6,Normal,Cash
V002367,PT03093,DR030,D02,2024-05-15,Ligament Tear,7379,0,0,Not Admitted,Card
V002368,PT04711,DR027,D06,2025-11-14,Post-op Care,1748,0,0,Not Admitted,Insurance
V002369,PT02219,DR047,D04,2024-12-06,Migraine,281471,1,1,Referred,UPI
V002370,PT04315,DR035,D06,2024-01-28,Chemotherapy,7396,0,0,Not Admitted,Card
V002371,PT04865,DR072,D06,2024-10-05,Tumor Screening,6523,0,0,Not Admitted,Cash
V002372,PT00452,DR035,D06,2024-10-28,Radiotherapy,5896,0,0,Not Admitted,UPI
V002373,PT02956,DR026,D05,2024-11-09,Trauma,4168,0,0,Not Admitted,Cash
V002374,PT00827,DR024,D05,2025-08-23,Severe Bleeding,371376,1,4,Normal,Card
V002375,PT04234,DR021,D07,2025-12-11,Infection,3035,0,0,Not Admitted,Card
V002376,PT03105,DR043,D06,2024-06-12,Post-op Care,2941,0,0,Not Admitted,Insurance
V002377,PT04572,DR048,D04,2024-01-26,Migraine,4396,0,0,Not Admitted,Cash
V002378,PT03579,DR056,D02,2024-08-31,Fracture,2333,0,0,Not Admitted,UPI
V002379,PT03973,DR072,D06,2024-09-23,Radiotherapy,4495,0,0,Not Admitted,Cash
V002380,PT01242,DR022,D08,2024-05-04,Fertility,7347,0,0,Not Admitted,Card
V002381,PT01668,DR064,D02,2024-06-17,Fracture,6370,0,0,Not Admitted,Cash
V002382,PT01479,DR018,D05,2024-04-10,Severe Bleeding,1625,0,0,Not Admitted,UPI
V002383,PT03957,DR070,D03,2024-02-14,Fever,5408,0,0,Not Admitted,Cash
V002384,PT03520,DR034,D08,2024-02-20,Prenatal Care,7511,0,0,Not Admitted,Cash
V002385,PT01719,DR038,D04,2025-09-02,Neuropathy,4235,0,0,Not Admitted,Card
V002386,PT01550,DR074,D03,2024-04-09,Vaccination,4837,0,0,Not Admitted,Card
V002387,PT01855,DR027,D06,2025-11-29,Radiotherapy,3900,0,0,Not Admitted,Insurance
V002388,PT04288,DR025,D05,2025-01-13,Trauma,5061,0,0,Not Admitted,Insurance
V002389,PT04599,DR002,D02,2024-04-12,Back Pain,1985,0,0,Not Admitted,UPI
V002390,PT02091,DR036,D04,2024-10-19,Migraine,461738,1,10,Normal,Card
V002391,PT02325,DR072,D06,2024-07-11,Radiotherapy,2036,0,0,Not Admitted,Insurance
V002392,PT04630,DR034,D08,2024-05-10,Fertility,913,0,0,Not Admitted,Cash
V002393,PT00262,DR004,D05,2024-05-31,Burns,7282,0,0,Not Admitted,Insurance
V002394,PT02404,DR034,D08,2024-08-18,PCOS,170275,1,3,Normal,UPI
V002395,PT04693,DR031,D03,2024-11-09,Asthma,7373,0,0,Not Admitted,UPI
V002396,PT04422,DR054,D02,2024-05-18,Back Pain,549840,1,2,Normal,Insurance
V002397,PT04122,DR077,D01,2024-05-30,Hypertension,5160,0,0,Not Admitted,Cash
V002398,PT02949,DR022,D08,2024-06-15,Fertility,5836,0,0,Not Admitted,Insurance
V002399,PT01175,DR066,D08,2025-01-28,Prenatal Care,3413,0,0,Not Admitted,Cash
V002400,PT04152,DR054,D02,2024-04-02,Ligament Tear,4538,0,0,Not Admitted,Card
V002401,PT04382,DR001,D02,2025-03-12,Fracture,1373,0,0,Not Admitted,Insurance
V002402,PT01180,DR072,D06,2024-10-09,Chemotherapy,6655,0,0,Not Admitted,UPI
V002403,PT03187,DR032,D07,2024-03-01,Diabetes,132030,1,2,Normal,UPI
V002404,PT03162,DR052,D06,2024-04-04,Chemotherapy,256079,1,0,Normal,Card
V002405,PT01940,DR066,D08,2024-11-15,Menstrual Disorder,5766,0,0,Not Admitted,Card
V002406,PT04480,DR040,D08,2025-10-16,Prenatal Care,6603,0,0,Not Admitted,Card
V002407,PT00878,DR006,D02,2025-02-01,Fracture,1944,0,0,Not Admitted,Insurance
V002408,PT02706,DR039,D03,2024-07-15,Viral Infection,1598,0,0,Not Admitted,Insurance
V002409,PT01685,DR039,D03,2025-09-02,Fever,6594,0,0,Not Admitted,Insurance
V002410,PT00304,DR071,D03,2025-01-24,Fever,410558,1,7,Normal,Card
V002411,PT01309,DR070,D03,2025-11-23,Asthma,5216,0,0,Not Admitted,Card
V002412,PT03081,DR032,D07,2024-12-10,Thyroid,4549,0,0,Not Admitted,Insurance
V002413,PT00439,DR032,D07,2025-09-08,Thyroid,654078,1,5,Normal,Cash
V002414,PT02095,DR052,D06,2024-10-15,Post-op Care,196940,1,3,Normal,UPI
V002415,PT00606,DR074,D03,2024-06-20,Viral Infection,3693,0,0,Not Admitted,Card
V002416,PT01361,DR022,D08,2025-08-25,Fertility,381623,1,12,Normal,Cash
V002417,PT01207,DR049,D01,2025-01-03,Heart Failure,2635,0,0,Not Admitted,Card
V002418,PT00681,DR045,D08,2025-06-29,PCOS,535714,1,4,Normal,Cash
V002419,PT00890,DR026,D05,2025-06-07,Burns,1066,0,0,Not Admitted,Insurance
V002420,PT04638,DR054,D02,2024-12-22,Back Pain,2421,0,0,Not Admitted,Card
V002421,PT01504,DR068,D03,2024-04-04,Vaccination,323558,1,11,Normal,Card
V002422,PT03812,DR075,D01,2025-11-23,Arrhythmia,7386,0,0,Not Admitted,Insurance
V002423,PT04320,DR069,D07,2025-07-15,Diabetes,384840,1,12,Normal,Card
V002424,PT04603,DR076,D04,2025-03-13,Epilepsy,5690,0,0,Not Admitted,Card
V002425,PT01090,DR044,D08,2025-08-11,Menstrual Disorder,2629,0,0,Not Admitted,Card
V002426,PT02485,DR058,D03,2025-10-09,Fever,6490,0,0,Not Admitted,UPI
V002427,PT04053,DR070,D03,2025-05-03,Vaccination,5293,0,0,Not Admitted,Insurance
V002428,PT03943,DR022,D08,2025-06-19,Menstrual Disorder,7933,0,0,Not Admitted,Card
V002429,PT04342,DR003,D04,2024-02-28,Migraine,3232,0,0,Not Admitted,UPI
V002430,PT00888,DR017,D08,2025-06-18,Fertility,3556,0,0,Not Admitted,Cash
V002431,PT04610,DR053,D03,2024-10-17,Fever,5789,0,0,Not Admitted,UPI
V002432,PT00070,DR027,D06,2024-06-24,Chemotherapy,666,0,0,Not Admitted,Card
V002433,PT03707,DR021,D07,2024-07-14,Infection,3374,0,0,Not Admitted,Card
V002434,PT00626,DR038,D04,2024-07-04,Stroke,424548,1,11,Normal,Insurance
V002435,PT00888,DR054,D02,2024-10-22,Ligament Tear,2741,0,0,Not Admitted,UPI
V002436,PT00470,DR058,D03,2025-12-28,Vaccination,1081,0,0,Not Admitted,UPI
V002437,PT04656,DR034,D08,2024-12-01,Prenatal Care,3675,0,0,Not Admitted,Cash
V002438,PT01554,DR004,D05,2024-02-10,Severe Bleeding,111383,1,1,Normal,UPI
V002439,PT03760,DR075,D01,2025-09-25,CAD,3875,0,0,Not Admitted,Insurance
V002440,PT01771,DR017,D08,2025-05-02,PCOS,4397,0,0,Not Admitted,UPI
V002441,PT02536,DR071,D03,2025-04-03,Asthma,4516,0,0,Not Admitted,Insurance
V002442,PT02393,DR001,D02,2024-02-14,Ligament Tear,523510,1,6,Normal,UPI
V002443,PT03263,DR059,D01,2024-03-05,Arrhythmia,3534,0,0,Not Admitted,Insurance
V002444,PT03718,DR020,D01,2025-01-21,CAD,285511,1,8,Normal,Insurance
V002445,PT00957,DR042,D01,2024-04-12,Arrhythmia,168840,1,2,Normal,Cash
V002446,PT00628,DR075,D01,2024-11-22,Hypertension,157815,1,11,Referred,UPI
V002447,PT03130,DR076,D04,2024-10-02,Migraine,542,0,0,Not Admitted,UPI
V002448,PT02498,DR017,D08,2024-03-07,Fertility,673695,1,1,Normal,UPI
V002449,PT00919,DR065,D04,2024-07-02,Stroke,3472,0,0,Not Admitted,Card
V002450,PT03545,DR074,D03,2025-08-27,Viral Infection,1495,0,0,Not Admitted,Cash
V002451,PT01278,DR064,D02,2024-03-05,Ligament Tear,661,0,0,Not Admitted,Card
V002452,PT02678,DR004,D05,2024-11-04,Severe Bleeding,3089,0,0,Not Admitted,Cash
V002453,PT04246,DR063,D05,2024-06-09,Trauma,7418,0,0,Not Admitted,Cash
V002454,PT03823,DR043,D06,2024-09-26,Chemotherapy,3214,0,0,Not Admitted,Card
V002455,PT01134,DR059,D01,2024-06-23,CAD,5831,0,0,Not Admitted,Cash
V002456,PT02625,DR048,D04,2025-01-18,Neuropathy,689928,1,1,Normal,UPI
V002457,PT01267,DR001,D02,2025-12-03,Arthritis,519,0,0,Not Admitted,UPI
V002458,PT01926,DR002,D02,2025-12-07,Arthritis,617,0,0,Not Admitted,UPI
V002459,PT02517,DR066,D08,2025-03-11,Menstrual Disorder,2794,0,0,Not Admitted,Cash
V002460,PT01600,DR031,D03,2025-06-06,Fever,4587,0,0,Not Admitted,Insurance
V002461,PT04740,DR026,D05,2025-09-18,Trauma,6217,0,0,Not Admitted,UPI
V002462,PT04651,DR050,D07,2025-04-04,Infection,1930,0,0,Not Admitted,Insurance
V002463,PT02555,DR039,D03,2025-12-27,Viral Infection,5830,0,0,Not Admitted,Insurance
V002464,PT02685,DR024,D05,2025-05-19,Poisoning,654274,1,6,Expired,Card
V002465,PT03784,DR080,D05,2024-11-07,Poisoning,4332,0,0,Not Admitted,Insurance
V002466,PT02823,DR036,D04,2025-12-05,Neuropathy,1411,0,0,Not Admitted,Card
V002467,PT01430,DR074,D03,2025-04-21,Asthma,5706,0,0,Not Admitted,Cash
V002468,PT02625,DR068,D03,2024-06-26,Viral Infection,3991,0,0,Not Admitted,Card
V002469,PT02502,DR070,D03,2025-05-26,Vaccination,4009,0,0,Not Admitted,Card
V002470,PT00229,DR042,D01,2024-07-12,Hypertension,6398,0,0,Not Admitted,Insurance
V002471,PT04616,DR024,D05,2024-08-27,Poisoning,6699,0,0,Not Admitted,Card
V002472,PT01118,DR038,D04,2025-07-21,Stroke,2261,0,0,Not Admitted,Card
V002473,PT04217,DR027,D06,2024-09-07,Post-op Care,3917,0,0,Not Admitted,Cash
V002474,PT04955,DR069,D07,2025-01-08,Thyroid,2984,0,0,Not Admitted,Cash
V002475,PT01654,DR042,D01,2024-08-14,Hypertension,1426,0,0,Not Admitted,UPI
V002476,PT02994,DR069,D07,2024-03-15,Fever,7874,0,0,Not Admitted,UPI
V002477,PT00648,DR044,D08,2024-01-09,Prenatal Care,150795,1,4,Normal,Insurance
V002478,PT04994,DR041,D07,2024-06-06,Thyroid,2493,0,0,Not Admitted,Cash
V002479,PT03318,DR023,D02,2024-04-25,Ligament Tear,7670,0,0,Not Admitted,Insurance
V002480,PT02985,DR001,D02,2025-01-20,Ligament Tear,7712,0,0,Not Admitted,Card
V002481,PT03037,DR017,D08,2025-09-12,PCOS,1489,0,0,Not Admitted,Insurance
V002482,PT01811,DR001,D02,2024-03-04,Back Pain,339225,1,9,Normal,UPI
V002483,PT03253,DR040,D08,2024-08-18,Menstrual Disorder,382214,1,0,Normal,UPI
V002484,PT01620,DR019,D04,2025-07-20,Stroke,431235,1,10,Referred,UPI
V002485,PT02535,DR032,D07,2024-08-19,Fever,1218,0,0,Not Admitted,Insurance
V002486,PT02264,DR020,D01,2025-04-14,Heart Failure,1142,0,0,Not Admitted,Card
V002487,PT04850,DR058,D03,2025-03-18,Vaccination,1597,0,0,Not Admitted,Insurance
V002488,PT03125,DR021,D07,2025-11-17,Thyroid,6484,0,0,Not Admitted,Card
V002489,PT04074,DR048,D04,2025-06-02,Migraine,3883,0,0,Not Admitted,Cash
V002490,PT02330,DR072,D06,2024-11-14,Tumor Screening,4860,0,0,Not Admitted,Card
V002491,PT02753,DR014,D04,2025-07-25,Epilepsy,4502,0,0,Not Admitted,UPI
V002492,PT04620,DR053,D03,2025-10-29,Viral Infection,7975,0,0,Not Admitted,Cash
V002493,PT02291,DR007,D05,2024-12-14,Poisoning,716,0,0,Not Admitted,Insurance
V002494,PT00898,DR059,D01,2024-01-10,Heart Failure,154207,1,10,Normal,Card
V002495,PT02838,DR029,D05,2025-01-15,Trauma,6408,0,0,Not Admitted,UPI
V002496,PT01448,DR032,D07,2024-05-11,Infection,5370,0,0,Not Admitted,Cash
V002497,PT01048,DR043,D06,2024-09-04,Chemotherapy,766,0,0,Not Admitted,Card
V002498,PT03025,DR065,D04,2025-09-01,Stroke,7597,0,0,Not Admitted,Cash
V002499,PT01440,DR044,D08,2025-05-14,PCOS,1364,0,0,Not Admitted,Cash
V002500,PT00262,DR005,D05,2025-01-05,Severe Bleeding,7108,0,0,Not Admitted,Cash
V002501,PT01947,DR055,D02,2024-04-29,Fracture,544361,1,5,Normal,Cash
V002502,PT02760,DR021,D07,2024-05-25,Diabetes,1518,0,0,Not Admitted,Card
V002503,PT04059,DR067,D07,2025-08-16,Diabetes,5031,0,0,Not Admitted,UPI
V002504,PT04986,DR008,D02,2025-04-13,Arthritis,3151,0,0,Not Admitted,Card
V002505,PT01427,DR023,D02,2024-02-27,Back Pain,4911,0,0,Not Admitted,UPI
V002506,PT02299,DR058,D03,2025-05-10,Viral Infection,6939,0,0,Not Admitted,Cash
V002507,PT04911,DR054,D02,2025-03-16,Fracture,705406,1,2,Normal,UPI
V002508,PT02708,DR017,D08,2025-07-25,Menstrual Disorder,4443,0,0,Not Admitted,Card
V002509,PT04833,DR076,D04,2025-02-10,Stroke,886,0,0,Not Admitted,Card
V002510,PT01053,DR077,D01,2025-01-28,Hypertension,6103,0,0,Not Admitted,Card
V002511,PT00645,DR050,D07,2025-06-14,Thyroid,2886,0,0,Not Admitted,Card
V002512,PT03126,DR057,D04,2024-07-29,Migraine,365378,1,1,Normal,Insurance
V002513,PT04243,DR031,D03,2025-01-31,Asthma,1314,0,0,Not Admitted,UPI
V002514,PT01391,DR042,D01,2024-09-08,Heart Failure,2546,0,0,Not Admitted,Card
V002515,PT04872,DR055,D02,2025-07-17,Arthritis,1684,0,0,Not Admitted,Insurance
V002516,PT00507,DR050,D07,2024-12-28,Diabetes,6195,0,0,Not Admitted,Cash
V002517,PT02369,DR044,D08,2024-03-21,Fertility,4687,0,0,Not Admitted,Card
V002518,PT03693,DR080,D05,2024-07-22,Poisoning,383291,1,7,Normal,Card
V002519,PT02838,DR064,D02,2025-10-25,Ligament Tear,7232,0,0,Not Admitted,Insurance
V002520,PT01434,DR060,D04,2024-04-09,Stroke,6707,0,0,Not Admitted,Cash
V002521,PT03742,DR060,D04,2025-12-23,Migraine,3223,0,0,Not Admitted,UPI
V002522,PT01531,DR041,D07,2025-02-17,Infection,978,0,0,Not Admitted,Insurance
V002523,PT04716,DR044,D08,2025-01-25,Prenatal Care,3666,0,0,Not Admitted,Insurance
V002524,PT04202,DR052,D06,2025-12-29,Chemotherapy,471304,1,1,Normal,Cash
V002525,PT02222,DR039,D03,2025-01-29,Vaccination,4566,0,0,Not Admitted,Card
V002526,PT02130,DR008,D02,2024-07-03,Fracture,6024,0,0,Not Admitted,UPI
V002527,PT03177,DR004,D05,2025-06-11,Poisoning,5276,0,0,Not Admitted,Insurance
V002528,PT04208,DR059,D01,2024-03-09,Arrhythmia,563,0,0,Not Admitted,Insurance
V002529,PT01766,DR069,D07,2025-10-09,Fever,5353,0,0,Not Admitted,Cash
V002530,PT00867,DR066,D08,2024-03-24,PCOS,5079,0,0,Not Admitted,UPI
V002531,PT04299,DR039,D03,2024-04-08,Fever,1297,0,0,Not Admitted,UPI
V002532,PT04190,DR015,D06,2025-04-12,Chemotherapy,1340,0,0,Not Admitted,UPI
V002533,PT03371,DR022,D08,2025-12-01,PCOS,1533,0,0,Not Admitted,Card
V002534,PT04181,DR002,D02,2024-12-07,Arthritis,206218,1,8,Referred,UPI
V002535,PT04008,DR032,D07,2024-12-11,Fever,4493,0,0,Not Admitted,Insurance
V002536,PT02373,DR038,D04,2024-03-26,Neuropathy,7879,0,0,Not Admitted,Insurance
V002537,PT03496,DR019,D04,2024-11-29,Neuropathy,739222,1,12,Normal,Card
V002538,PT03031,DR016,D06,2025-09-23,Post-op Care,3965,0,0,Not Admitted,Insurance
V002539,PT02766,DR039,D03,2024-11-24,Viral Infection,5628,0,0,Not Admitted,UPI
V002540,PT02702,DR047,D04,2025-09-02,Neuropathy,130284,1,2,Normal,Cash
V002541,PT00996,DR032,D07,2024-06-25,Diabetes,2853,0,0,Not Admitted,Card
V002542,PT03879,DR049,D01,2024-07-11,Heart Failure,601,0,0,Not Admitted,UPI
V002543,PT02583,DR040,D08,2024-11-29,Fertility,4005,0,0,Not Admitted,Card
V002544,PT04569,DR053,D03,2024-04-27,Viral Infection,2283,0,0,Not Admitted,Insurance
V002545,PT02290,DR031,D03,2024-12-03,Viral Infection,4359,0,0,Not Admitted,Card
V002546,PT01704,DR049,D01,2024-08-11,CAD,1043,0,0,Not Admitted,UPI
V002547,PT03426,DR052,D06,2024-02-25,Post-op Care,3147,0,0,Not Admitted,Cash
V002548,PT01872,DR040,D08,2024-09-29,Menstrual Disorder,1140,0,0,Not Admitted,Insurance
V002549,PT00715,DR031,D03,2024-12-13,Asthma,2659,0,0,Not Admitted,UPI
V002550,PT03650,DR052,D06,2025-04-14,Radiotherapy,5504,0,0,Not Admitted,UPI
V002551,PT03449,DR072,D06,2025-03-07,Chemotherapy,7681,0,0,Not Admitted,Insurance
V002552,PT03990,DR076,D04,2025-09-13,Neuropathy,4109,0,0,Not Admitted,Card
V002553,PT04796,DR029,D05,2024-04-07,Poisoning,242832,1,11,Referred,Insurance
V002554,PT02256,DR031,D03,2025-12-22,Asthma,733874,1,0,Normal,Cash
V002555,PT03979,DR028,D06,2025-06-07,Chemotherapy,7731,0,0,Not Admitted,Cash
V002556,PT03233,DR049,D01,2024-08-04,Heart Failure,446684,1,0,Referred,Card
V002557,PT04164,DR037,D02,2025-05-28,Ligament Tear,4667,0,0,Not Admitted,UPI
V002558,PT02913,DR029,D05,2024-12-24,Severe Bleeding,5572,0,0,Not Admitted,UPI
V002559,PT04929,DR064,D02,2024-04-11,Fracture,4252,0,0,Not Admitted,Card
V002560,PT04825,DR069,D07,2024-03-09,Fever,3576,0,0,Not Admitted,Cash
V002561,PT00170,DR036,D04,2025-10-15,Epilepsy,1289,0,0,Not Admitted,Cash
V002562,PT04262,DR045,D08,2025-11-17,Menstrual Disorder,3715,0,0,Not Admitted,Card
V002563,PT00496,DR058,D03,2024-01-19,Viral Infection,377035,1,2,Expired,Card
V002564,PT03629,DR071,D03,2024-09-24,Asthma,71247,1,4,Normal,Insurance
V002565,PT03061,DR079,D04,2024-08-09,Epilepsy,5416,0,0,Not Admitted,UPI
V002566,PT00579,DR020,D01,2024-09-11,Heart Failure,7568,0,0,Not Admitted,Card
V002567,PT02600,DR058,D03,2025-08-27,Vaccination,6830,0,0,Not Admitted,UPI
V002568,PT04022,DR045,D08,2025-02-11,Menstrual Disorder,461149,1,11,Normal,Cash
V002569,PT00560,DR035,D06,2024-11-03,Post-op Care,6649,0,0,Not Admitted,Cash
V002570,PT02492,DR046,D02,2024-12-18,Arthritis,6102,0,0,Not Admitted,Card
V002571,PT02718,DR009,D04,2024-03-08,Migraine,575053,1,0,Normal,Insurance
V002572,PT01761,DR071,D03,2024-10-13,Viral Infection,63567,1,10,Normal,Cash
V002573,PT01676,DR048,D04,2025-05-17,Stroke,1135,0,0,Not Admitted,Cash
V002574,PT04200,DR051,D05,2024-03-05,Severe Bleeding,1515,0,0,Not Admitted,UPI
V002575,PT03843,DR067,D07,2024-06-15,Infection,6919,0,0,Not Admitted,Card
V002576,PT00849,DR074,D03,2025-10-19,Fever,787,0,0,Not Admitted,Cash
V002577,PT02791,DR017,D08,2024-09-30,PCOS,1162,0,0,Not Admitted,UPI
V002578,PT04649,DR052,D06,2024-01-21,Post-op Care,6102,0,0,Not Admitted,Cash
V002579,PT02249,DR054,D02,2024-08-18,Fracture,724616,1,10,Normal,Insurance
V002580,PT05000,DR050,D07,2025-12-16,Thyroid,1254,0,0,Not Admitted,UPI
V002581,PT03475,DR070,D03,2025-05-07,Viral Infection,84017,1,5,Referred,UPI
V002582,PT04191,DR041,D07,2024-06-15,Diabetes,4118,0,0,Not Admitted,UPI
V002583,PT01458,DR017,D08,2024-04-08,Menstrual Disorder,1507,0,0,Not Admitted,Cash
V002584,PT04010,DR055,D02,2025-05-19,Ligament Tear,508,0,0,Not Admitted,Insurance
V002585,PT02267,DR049,D01,2024-05-10,Heart Failure,198638,1,7,Normal,UPI
V002586,PT04466,DR029,D05,2024-07-19,Burns,665892,1,0,Normal,Insurance
V002587,PT04621,DR041,D07,2024-10-20,Thyroid,7327,0,0,Not Admitted,Insurance
V002588,PT04188,DR050,D07,2025-07-09,Thyroid,5423,0,0,Not Admitted,Card
V002589,PT03098,DR065,D04,2025-12-16,Stroke,204970,1,3,Normal,Insurance
V002590,PT03015,DR048,D04,2025-04-26,Neuropathy,4852,0,0,Not Admitted,Card
V002591,PT02657,DR034,D08,2025-12-23,Menstrual Disorder,7764,0,0,Not Admitted,Insurance
V002592,PT01681,DR031,D03,2024-09-23,Viral Infection,2858,0,0,Not Admitted,Insurance
V002593,PT00157,DR047,D04,2024-05-12,Neuropathy,418646,1,5,Normal,Cash
V002594,PT03060,DR069,D07,2025-02-06,Diabetes,6170,0,0,Not Admitted,Insurance
V002595,PT00804,DR024,D05,2024-11-18,Severe Bleeding,2403,0,0,Not Admitted,Cash
V002596,PT03592,DR050,D07,2025-03-08,Thyroid,545178,1,12,Normal,Cash
V002597,PT01184,DR049,D01,2025-05-07,Hypertension,901,0,0,Not Admitted,Card
V002598,PT04940,DR050,D07,2024-10-06,Diabetes,656856,1,7,Normal,Cash
V002599,PT01604,DR036,D04,2025-09-19,Stroke,4640,0,0,Not Admitted,UPI
V002600,PT04759,DR067,D07,2025-07-21,Infection,4776,0,0,Not Admitted,Cash
V002601,PT03553,DR078,D06,2025-06-09,Radiotherapy,614358,1,7,Normal,UPI
V002602,PT00305,DR072,D06,2024-07-03,Radiotherapy,3224,0,0,Not Admitted,Cash
V002603,PT02949,DR022,D08,2025-07-10,PCOS,6502,0,0,Not Admitted,Insurance
V002604,PT04890,DR059,D01,2025-01-20,CAD,7993,0,0,Not Admitted,Insurance
V002605,PT02875,DR009,D04,2024-08-01,Stroke,5368,0,0,Not Admitted,UPI
V002606,PT03555,DR022,D08,2024-06-06,PCOS,3845,0,0,Not Admitted,Insurance
V002607,PT03640,DR075,D01,2025-04-05,Heart Failure,6570,0,0,Not Admitted,UPI
V002608,PT04365,DR017,D08,2025-11-17,Menstrual Disorder,1116,0,0,Not Admitted,Insurance
V002609,PT03525,DR078,D06,2025-10-29,Tumor Screening,7933,0,0,Not Admitted,Cash
V002610,PT00352,DR073,D04,2024-02-03,Neuropathy,2798,0,0,Not Admitted,Cash
V002611,PT01929,DR018,D05,2024-05-23,Trauma,6309,0,0,Not Admitted,Cash
V002612,PT03192,DR025,D05,2025-07-23,Severe Bleeding,2038,0,0,Not Admitted,Insurance
V002613,PT00665,DR018,D05,2025-09-12,Severe Bleeding,442566,1,8,Normal,Card
V002614,PT01495,DR049,D01,2025-02-13,CAD,4371,0,0,Not Admitted,UPI
V002615,PT01208,DR050,D07,2024-07-27,Thyroid,4397,0,0,Not Admitted,Card
V002616,PT01857,DR075,D01,2024-01-12,CAD,7409,0,0,Not Admitted,Card
V002617,PT04657,DR042,D01,2024-01-28,Heart Failure,4052,0,0,Not Admitted,Card
V002618,PT00236,DR035,D06,2025-12-07,Chemotherapy,310266,1,5,Normal,UPI
V002619,PT02239,DR038,D04,2024-12-19,Neuropathy,3569,0,0,Not Admitted,Card
V002620,PT04632,DR052,D06,2024-08-28,Tumor Screening,5567,0,0,Not Admitted,Insurance
V002621,PT01167,DR042,D01,2025-05-14,Heart Failure,4239,0,0,Not Admitted,Cash
V002622,PT00693,DR070,D03,2025-12-15,Viral Infection,6483,0,0,Not Admitted,Cash
V002623,PT03771,DR060,D04,2024-02-04,Migraine,172408,1,7,Normal,UPI
V002624,PT04613,DR032,D07,2025-09-18,Infection,6183,0,0,Not Admitted,Insurance
V002625,PT04540,DR052,D06,2024-04-20,Radiotherapy,7633,0,0,Not Admitted,Insurance
V002626,PT00308,DR037,D02,2025-03-21,Fracture,1769,0,0,Not Admitted,Card
V002627,PT02998,DR075,D01,2024-02-25,Hypertension,394884,1,9,Referred,Card
V002628,PT01177,DR047,D04,2025-08-22,Stroke,7585,0,0,Not Admitted,Card
V002629,PT01738,DR027,D06,2024-12-30,Tumor Screening,1996,0,0,Not Admitted,Cash
V002630,PT00688,DR008,D02,2024-11-06,Back Pain,2790,0,0,Not Admitted,Card
V002631,PT00425,DR008,D02,2025-04-02,Arthritis,2208,0,0,Not Admitted,Insurance
V002632,PT00109,DR043,D06,2025-03-20,Chemotherapy,4445,0,0,Not Admitted,UPI
V002633,PT00918,DR016,D06,2025-12-26,Radiotherapy,461177,1,6,Normal,UPI
V002634,PT03715,DR018,D05,2024-02-12,Trauma,1023,0,0,Not Admitted,Insurance
V002635,PT04345,DR032,D07,2025-08-14,Diabetes,7322,0,0,Not Admitted,Insurance
V002636,PT04140,DR051,D05,2024-11-17,Severe Bleeding,171512,1,7,LAMA,Cash
V002637,PT02955,DR042,D01,2025-10-19,CAD,962,0,0,Not Admitted,Insurance
V002638,PT01555,DR016,D06,2024-02-18,Chemotherapy,5084,0,0,Not Admitted,Insurance
V002639,PT04476,DR070,D03,2025-10-30,Vaccination,6248,0,0,Not Admitted,UPI
V002640,PT02227,DR035,D06,2024-09-26,Chemotherapy,4988,0,0,Not Admitted,Insurance
V002641,PT02522,DR076,D04,2025-07-10,Neuropathy,3393,0,0,Not Admitted,Insurance
V002642,PT03054,DR068,D03,2025-05-26,Fever,6130,0,0,Not Admitted,UPI
V002643,PT03118,DR007,D05,2025-06-26,Poisoning,3769,0,0,Not Admitted,Cash
V002644,PT04788,DR077,D01,2024-02-18,Heart Failure,555,0,0,Not Admitted,Card
V002645,PT00087,DR005,D05,2025-10-03,Trauma,3454,0,0,Not Admitted,Cash
V002646,PT03546,DR009,D04,2024-12-08,Epilepsy,424420,1,6,Normal,Card
V002647,PT03053,DR077,D01,2024-12-23,CAD,5774,0,0,Not Admitted,UPI
V002648,PT03902,DR067,D07,2024-12-03,Diabetes,7267,0,0,Not Admitted,Cash
V002649,PT03782,DR006,D02,2025-09-08,Back Pain,2349,0,0,Not Admitted,Insurance
V002650,PT04641,DR065,D04,2024-11-29,Migraine,6184,0,0,Not Admitted,Insurance
V002651,PT00584,DR061,D02,2024-01-28,Back Pain,551236,1,6,Normal,Card
V002652,PT00661,DR039,D03,2024-09-14,Asthma,1879,0,0,Not Admitted,Insurance
V002653,PT01095,DR042,D01,2024-05-13,Heart Failure,6741,0,0,Not Admitted,UPI
V002654,PT01796,DR034,D08,2024-07-15,Prenatal Care,6912,0,0,Not Admitted,Insurance
V002655,PT02048,DR079,D04,2024-04-10,Epilepsy,1831,0,0,Not Admitted,Insurance
V002656,PT01481,DR076,D04,2024-11-12,Stroke,6544,0,0,Not Admitted,Card
V002657,PT04526,DR071,D03,2025-01-08,Viral Infection,7863,0,0,Not Admitted,UPI
V002658,PT00407,DR077,D01,2025-11-05,Hypertension,757,0,0,Not Admitted,Card
V002659,PT03844,DR043,D06,2025-12-17,Chemotherapy,3183,0,0,Not Admitted,Insurance
V002660,PT04428,DR002,D02,2024-11-17,Back Pain,4219,0,0,Not Admitted,Insurance
V002661,PT00874,DR040,D08,2025-04-09,Fertility,5572,0,0,Not Admitted,Insurance
V002662,PT02221,DR052,D06,2025-11-16,Chemotherapy,2916,0,0,Not Admitted,UPI
V002663,PT00906,DR037,D02,2025-09-02,Back Pain,2568,0,0,Not Admitted,Insurance
V002664,PT03400,DR042,D01,2024-01-04,Heart Failure,3477,0,0,Not Admitted,UPI
V002665,PT02570,DR069,D07,2025-03-14,Thyroid,2879,0,0,Not Admitted,Card
V002666,PT04066,DR073,D04,2025-10-11,Stroke,4576,0,0,Not Admitted,UPI
V002667,PT04912,DR015,D06,2025-09-10,Tumor Screening,5564,0,0,Not Admitted,Cash
V002668,PT04597,DR013,D04,2024-10-09,Stroke,2408,0,0,Not Admitted,UPI
V002669,PT02538,DR039,D03,2024-07-07,Vaccination,4680,0,0,Not Admitted,UPI
V002670,PT04234,DR008,D02,2024-11-15,Arthritis,4994,0,0,Not Admitted,UPI
V002671,PT03065,DR036,D04,2025-12-30,Migraine,5900,0,0,Not Admitted,Cash
V002672,PT01614,DR023,D02,2025-11-05,Arthritis,1132,0,0,Not Admitted,UPI
V002673,PT03975,DR046,D02,2024-04-21,Fracture,1842,0,0,Not Admitted,Card
V002674,PT04733,DR034,D08,2024-07-11,Menstrual Disorder,7302,0,0,Not Admitted,UPI
V002675,PT03116,DR039,D03,2024-06-28,Fever,4453,0,0,Not Admitted,UPI
V002676,PT04282,DR068,D03,2024-06-23,Vaccination,5958,0,0,Not Admitted,Cash
V002677,PT04060,DR010,D02,2024-08-08,Back Pain,6203,0,0,Not Admitted,Insurance
V002678,PT03700,DR034,D08,2024-11-10,Prenatal Care,7588,0,0,Not Admitted,UPI
V002679,PT03991,DR070,D03,2025-08-11,Fever,6610,0,0,Not Admitted,UPI
V002680,PT01022,DR078,D06,2025-03-25,Chemotherapy,3652,0,0,Not Admitted,Cash
V002681,PT00308,DR051,D05,2024-09-25,Trauma,560620,1,1,Normal,Card
V002682,PT00856,DR043,D06,2024-03-20,Radiotherapy,2870,0,0,Not Admitted,Cash
V002683,PT00547,DR050,D07,2024-08-30,Thyroid,549,0,0,Not Admitted,Insurance
V002684,PT04972,DR017,D08,2024-02-19,Menstrual Disorder,2563,0,0,Not Admitted,Card
V002685,PT02864,DR007,D05,2024-11-29,Burns,4532,0,0,Not Admitted,Insurance
V002686,PT03567,DR055,D02,2025-01-03,Fracture,2761,0,0,Not Admitted,Insurance
V002687,PT03884,DR032,D07,2025-12-02,Fever,3372,0,0,Not Admitted,Cash
V002688,PT00727,DR034,D08,2025-03-11,Fertility,559,0,0,Not Admitted,Card
V002689,PT00048,DR037,D02,2025-10-06,Fracture,627,0,0,Not Admitted,Insurance
V002690,PT02825,DR016,D06,2025-05-08,Tumor Screening,7902,0,0,Not Admitted,Card
V002691,PT04360,DR028,D06,2024-04-11,Tumor Screening,3177,0,0,Not Admitted,UPI
V002692,PT04873,DR065,D04,2025-01-27,Neuropathy,1932,0,0,Not Admitted,UPI
V002693,PT04249,DR002,D02,2025-06-13,Arthritis,575742,1,4,Normal,Card
V002694,PT00191,DR031,D03,2025-04-24,Asthma,5842,0,0,Not Admitted,UPI
V002695,PT02055,DR049,D01,2024-11-15,Heart Failure,2756,0,0,Not Admitted,Insurance
V002696,PT00022,DR047,D04,2024-01-23,Neuropathy,6001,0,0,Not Admitted,Card
V002697,PT00686,DR064,D02,2025-11-21,Fracture,4691,0,0,Not Admitted,UPI
V002698,PT03094,DR038,D04,2024-08-04,Neuropathy,699147,1,2,Normal,Cash
V002699,PT03496,DR044,D08,2024-07-06,Menstrual Disorder,262765,1,12,Normal,Cash
V002700,PT04794,DR031,D03,2025-10-26,Fever,3219,0,0,Not Admitted,Card
V002701,PT01154,DR022,D08,2024-08-27,Fertility,7408,0,0,Not Admitted,UPI
V002702,PT02818,DR028,D06,2024-09-23,Chemotherapy,7002,0,0,Not Admitted,UPI
V002703,PT02841,DR073,D04,2024-11-08,Migraine,2095,0,0,Not Admitted,Card
V002704,PT00209,DR074,D03,2025-03-06,Fever,779747,1,6,Normal,Card
V002705,PT01986,DR020,D01,2025-12-18,CAD,5863,0,0,Not Admitted,UPI
V002706,PT01640,DR026,D05,2024-04-03,Trauma,6244,0,0,Not Admitted,Card
V002707,PT02955,DR041,D07,2024-11-13,Diabetes,6219,0,0,Not Admitted,Cash
V002708,PT01552,DR067,D07,2024-02-11,Diabetes,205379,1,2,Normal,Card
V002709,PT04890,DR044,D08,2025-09-15,PCOS,4905,0,0,Not Admitted,Card
V002710,PT00523,DR072,D06,2025-07-29,Radiotherapy,3170,0,0,Not Admitted,Card
V002711,PT02912,DR045,D08,2024-11-25,Menstrual Disorder,510688,1,4,Normal,Insurance
V002712,PT01654,DR058,D03,2025-06-11,Vaccination,4068,0,0,Not Admitted,UPI
V002713,PT01722,DR017,D08,2025-02-21,Menstrual Disorder,977,0,0,Not Admitted,Insurance
V002714,PT04226,DR037,D02,2024-06-20,Arthritis,265404,1,1,Normal,Cash
V002715,PT02364,DR063,D05,2024-07-01,Burns,382107,1,4,Normal,Card
V002716,PT03482,DR066,D08,2024-10-22,PCOS,5566,0,0,Not Admitted,Cash
V002717,PT01576,DR070,D03,2025-01-05,Asthma,67662,1,4,Normal,Card
V002718,PT02348,DR071,D03,2024-03-06,Viral Infection,2103,0,0,Not Admitted,UPI
V002719,PT02096,DR059,D01,2025-03-18,Arrhythmia,6634,0,0,Not Admitted,Insurance
V002720,PT00864,DR015,D06,2025-05-02,Post-op Care,7802,0,0,Not Admitted,Insurance
V002721,PT01471,DR002,D02,2024-02-09,Fracture,1829,0,0,Not Admitted,Cash
V002722,PT01466,DR013,D04,2025-08-19,Epilepsy,1373,0,0,Not Admitted,UPI
V002723,PT02125,DR013,D04,2024-05-19,Epilepsy,7964,0,0,Not Admitted,Card
V002724,PT01091,DR071,D03,2024-06-17,Asthma,5643,0,0,Not Admitted,Cash
V002725,PT03890,DR002,D02,2024-10-29,Arthritis,7942,0,0,Not Admitted,Card
V002726,PT04453,DR059,D01,2024-09-30,Heart Failure,4501,0,0,Not Admitted,UPI
V002727,PT04961,DR020,D01,2024-03-21,CAD,6738,0,0,Not Admitted,Cash
V002728,PT01433,DR071,D03,2025-03-08,Asthma,2103,0,0,Not Admitted,Cash
V002729,PT00333,DR028,D06,2024-12-29,Post-op Care,5503,0,0,Not Admitted,Cash
V002730,PT02796,DR050,D07,2025-07-30,Fever,787,0,0,Not Admitted,Insurance
V002731,PT02403,DR044,D08,2024-09-10,Prenatal Care,401203,1,11,Normal,UPI
V002732,PT03121,DR011,D08,2025-03-23,PCOS,5660,0,0,Not Admitted,Cash
V002733,PT04779,DR038,D04,2024-12-03,Migraine,6037,0,0,Not Admitted,Insurance
V002734,PT03057,DR021,D07,2025-06-05,Fever,5412,0,0,Not Admitted,UPI
V002735,PT04682,DR067,D07,2025-05-22,Infection,5165,0,0,Not Admitted,Cash
V002736,PT04655,DR010,D02,2025-08-06,Fracture,7765,0,0,Not Admitted,UPI
V002737,PT00072,DR004,D05,2025-02-02,Trauma,657703,1,3,Normal,Insurance
V002738,PT03712,DR028,D06,2024-12-10,Post-op Care,258321,1,5,Normal,Cash
V002739,PT03560,DR071,D03,2025-04-29,Viral Infection,458239,1,8,Normal,Card
V002740,PT00487,DR080,D05,2024-08-05,Burns,100283,1,6,Normal,UPI
V002741,PT03782,DR028,D06,2024-03-27,Tumor Screening,7400,0,0,Not Admitted,UPI
V002742,PT00150,DR043,D06,2025-12-01,Radiotherapy,1140,0,0,Not Admitted,Card
V002743,PT00451,DR022,D08,2025-05-22,PCOS,743372,1,0,Normal,UPI
V002744,PT03138,DR075,D01,2025-07-24,CAD,4989,0,0,Not Admitted,UPI
V002745,PT02096,DR019,D04,2024-12-05,Epilepsy,2169,0,0,Not Admitted,Cash
V002746,PT00831,DR006,D02,2024-09-25,Back Pain,1868,0,0,Not Admitted,Card
V002747,PT04196,DR021,D07,2024-02-16,Fever,6698,0,0,Not Admitted,Insurance
V002748,PT01017,DR024,D05,2024-02-18,Trauma,3096,0,0,Not Admitted,Insurance
V002749,PT02857,DR004,D05,2024-01-03,Trauma,5074,0,0,Not Admitted,Insurance
V002750,PT01324,DR065,D04,2025-11-21,Epilepsy,6358,0,0,Not Admitted,Cash
V002751,PT02484,DR050,D07,2024-09-17,Diabetes,461941,1,2,Normal,Card
V002752,PT02790,DR036,D04,2025-12-17,Stroke,2837,0,0,Not Admitted,UPI
V002753,PT02320,DR077,D01,2024-10-23,Hypertension,505581,1,0,Normal,Cash
V002754,PT02765,DR027,D06,2025-11-19,Post-op Care,4824,0,0,Not Admitted,UPI
V002755,PT00802,DR067,D07,2025-05-30,Fever,5156,0,0,Not Admitted,Insurance
V002756,PT01008,DR068,D03,2024-06-05,Viral Infection,3693,0,0,Not Admitted,Cash
V002757,PT00066,DR075,D01,2025-09-11,Hypertension,1822,0,0,Not Admitted,UPI
V002758,PT00832,DR077,D01,2025-09-13,Arrhythmia,3432,0,0,Not Admitted,Card
V002759,PT00961,DR037,D02,2024-03-17,Arthritis,2431,0,0,Not Admitted,Insurance
V002760,PT04087,DR074,D03,2025-11-17,Asthma,2459,0,0,Not Admitted,Insurance
V002761,PT03921,DR041,D07,2024-02-22,Diabetes,4331,0,0,Not Admitted,UPI
V002762,PT01134,DR031,D03,2025-01-11,Fever,4533,0,0,Not Admitted,Insurance
V002763,PT01636,DR027,D06,2024-08-23,Chemotherapy,560,0,0,Not Admitted,Card
V002764,PT03646,DR041,D07,2025-08-12,Infection,2725,0,0,Not Admitted,Insurance
V002765,PT04873,DR073,D04,2024-08-29,Epilepsy,125880,1,1,Normal,Card
V002766,PT00712,DR025,D05,2024-06-10,Severe Bleeding,237091,1,10,Normal,Cash
V002767,PT02550,DR077,D01,2025-08-30,Hypertension,2190,0,0,Not Admitted,Insurance
V002768,PT02807,DR036,D04,2024-03-18,Neuropathy,5747,0,0,Not Admitted,UPI
V002769,PT01604,DR041,D07,2025-05-23,Thyroid,469053,1,6,Normal,Card
V002770,PT01141,DR043,D06,2024-06-21,Radiotherapy,2241,0,0,Not Admitted,Cash
V002771,PT04880,DR029,D05,2025-06-07,Burns,7249,0,0,Not Admitted,Cash
V002772,PT03737,DR025,D05,2025-09-02,Poisoning,4089,0,0,Not Admitted,Cash
V002773,PT03175,DR048,D04,2024-12-20,Neuropathy,30129,1,10,Normal,UPI
V002774,PT02302,DR004,D05,2024-03-31,Trauma,369177,1,11,Normal,Card
V002775,PT02737,DR011,D08,2025-05-30,Menstrual Disorder,7790,0,0,Not Admitted,Insurance
V002776,PT02207,DR067,D07,2024-07-20,Fever,228780,1,10,Normal,Insurance
V002777,PT03252,DR042,D01,2025-11-22,Heart Failure,5457,0,0,Not Admitted,UPI
V002778,PT00608,DR007,D05,2024-06-20,Burns,6483,0,0,Not Admitted,UPI
V002779,PT03175,DR029,D05,2025-12-01,Poisoning,2160,0,0,Not Admitted,UPI
V002780,PT02505,DR045,D08,2025-09-17,Menstrual Disorder,5899,0,0,Not Admitted,UPI
V002781,PT01594,DR031,D03,2025-01-30,Viral Infection,6310,0,0,Not Admitted,Insurance
V002782,PT04596,DR014,D04,2024-07-30,Neuropathy,5538,0,0,Not Admitted,Insurance
V002783,PT04940,DR045,D08,2024-01-02,Menstrual Disorder,156485,1,6,Normal,Card
V002784,PT03766,DR023,D02,2025-07-07,Back Pain,6519,0,0,Not Admitted,UPI
V002785,PT02320,DR054,D02,2025-03-01,Arthritis,4962,0,0,Not Admitted,Card
V002786,PT04111,DR074,D03,2025-02-11,Asthma,195350,1,6,Normal,UPI
V002787,PT03116,DR030,D02,2024-11-10,Fracture,5133,0,0,Not Admitted,Insurance
V002788,PT02764,DR072,D06,2025-09-21,Radiotherapy,797261,1,3,Normal,Insurance
V002789,PT00450,DR028,D06,2024-02-14,Chemotherapy,2066,0,0,Not Admitted,Card
V002790,PT01742,DR011,D08,2024-03-13,PCOS,521522,1,0,Normal,Cash
V002791,PT04697,DR057,D04,2025-06-24,Epilepsy,5730,0,0,Not Admitted,Insurance
V002792,PT01249,DR053,D03,2025-08-29,Fever,4306,0,0,Not Admitted,Cash
V002793,PT01838,DR075,D01,2024-07-28,Arrhythmia,2323,0,0,Not Admitted,Card
V002794,PT04773,DR037,D02,2024-04-18,Arthritis,5632,0,0,Not Admitted,UPI
V002795,PT01289,DR076,D04,2025-07-08,Neuropathy,5428,0,0,Not Admitted,UPI
V002796,PT03208,DR021,D07,2025-03-24,Diabetes,2514,0,0,Not Admitted,Card
V002797,PT03344,DR070,D03,2024-05-13,Viral Infection,7133,0,0,Not Admitted,Insurance
V002798,PT03765,DR024,D05,2024-09-18,Severe Bleeding,3275,0,0,Not Admitted,Cash
V002799,PT00530,DR049,D01,2025-02-16,Heart Failure,583476,1,0,Normal,Card
V002800,PT00413,DR006,D02,2025-08-24,Ligament Tear,1656,0,0,Not Admitted,Insurance
V002801,PT01790,DR054,D02,2024-08-01,Back Pain,279158,1,0,Normal,Card
V002802,PT00619,DR056,D02,2025-08-16,Fracture,6683,0,0,Not Admitted,UPI
V002803,PT02766,DR021,D07,2024-09-12,Fever,5625,0,0,Not Admitted,UPI
V002804,PT02313,DR024,D05,2025-08-08,Trauma,7610,0,0,Not Admitted,Cash
V002805,PT04575,DR031,D03,2025-03-27,Asthma,628087,1,9,Normal,Card
V002806,PT03095,DR051,D05,2024-04-24,Severe Bleeding,1208,0,0,Not Admitted,Cash
V002807,PT04311,DR041,D07,2024-07-02,Fever,4756,0,0,Not Admitted,Insurance
V002808,PT04015,DR021,D07,2024-08-26,Fever,235323,1,8,LAMA,Card
V002809,PT01990,DR062,D08,2025-12-30,Prenatal Care,808,0,0,Not Admitted,UPI
V002810,PT02194,DR039,D03,2024-06-28,Vaccination,5423,0,0,Not Admitted,Card
V002811,PT02867,DR039,D03,2025-01-03,Asthma,4812,0,0,Not Admitted,UPI
V002812,PT00972,DR073,D04,2024-11-18,Migraine,7045,0,0,Not Admitted,Card
V002813,PT03923,DR005,D05,2025-03-20,Poisoning,7102,0,0,Not Admitted,Cash
V002814,PT00824,DR031,D03,2025-12-02,Fever,6990,0,0,Not Admitted,Cash
V002815,PT00990,DR064,D02,2024-12-12,Back Pain,6112,0,0,Not Admitted,Insurance
V002816,PT02337,DR052,D06,2025-06-22,Chemotherapy,128304,1,1,Normal,Cash
V002817,PT01336,DR078,D06,2024-09-12,Post-op Care,4672,0,0,Not Admitted,Insurance
V002818,PT01152,DR056,D02,2024-10-04,Fracture,7455,0,0,Not Admitted,Cash
V002819,PT04057,DR052,D06,2025-03-15,Chemotherapy,3769,0,0,Not Admitted,UPI
V002820,PT04777,DR042,D01,2024-05-26,Heart Failure,5095,0,0,Not Admitted,UPI
V002821,PT04467,DR005,D05,2025-04-24,Severe Bleeding,1234,0,0,Not Admitted,Cash
V002822,PT00375,DR060,D04,2024-11-10,Neuropathy,6620,0,0,Not Admitted,Insurance
V002823,PT01906,DR020,D01,2025-10-25,CAD,4385,0,0,Not Admitted,Insurance
V002824,PT00645,DR068,D03,2025-06-13,Asthma,149261,1,1,Normal,Cash
V002825,PT02465,DR080,D05,2025-10-06,Trauma,7307,0,0,Not Admitted,Cash
V002826,PT04646,DR059,D01,2024-10-07,CAD,3627,0,0,Not Admitted,Card
V002827,PT04749,DR031,D03,2024-12-01,Asthma,2960,0,0,Not Admitted,Insurance
V002828,PT02268,DR023,D02,2025-08-27,Arthritis,2521,0,0,Not Admitted,Insurance
V002829,PT00710,DR042,D01,2024-09-21,Hypertension,729001,1,5,Normal,Cash
V002830,PT03906,DR020,D01,2025-03-29,Heart Failure,1077,0,0,Not Admitted,UPI
V002831,PT02193,DR064,D02,2025-02-01,Ligament Tear,5057,0,0,Not Admitted,UPI
V002832,PT00254,DR051,D05,2025-12-07,Burns,7020,0,0,Not Admitted,UPI
V002833,PT00866,DR071,D03,2025-06-27,Fever,4693,0,0,Not Admitted,UPI
V002834,PT02098,DR031,D03,2024-08-19,Vaccination,7846,0,0,Not Admitted,Card
V002835,PT01402,DR016,D06,2025-03-26,Post-op Care,513610,1,4,Normal,UPI
V002836,PT04776,DR012,D04,2025-10-27,Stroke,709,0,0,Not Admitted,UPI
V002837,PT03909,DR077,D01,2025-11-07,CAD,1397,0,0,Not Admitted,Cash
V002838,PT03596,DR009,D04,2024-03-10,Migraine,1012,0,0,Not Admitted,UPI
V002839,PT03588,DR032,D07,2025-06-23,Diabetes,7199,0,0,Not Admitted,Insurance
V002840,PT02050,DR015,D06,2025-07-22,Tumor Screening,4707,0,0,Not Admitted,Card
V002841,PT03741,DR017,D08,2024-02-10,Fertility,6183,0,0,Not Admitted,Cash
V002842,PT02280,DR021,D07,2024-11-21,Thyroid,3646,0,0,Not Admitted,UPI
V002843,PT02746,DR072,D06,2025-02-08,Post-op Care,1279,0,0,Not Admitted,Insurance
V002844,PT04279,DR056,D02,2024-05-01,Fracture,139645,1,7,Normal,Card
V002845,PT04831,DR019,D04,2025-01-11,Neuropathy,5670,0,0,Not Admitted,UPI
V002846,PT02828,DR074,D03,2025-01-05,Vaccination,1624,0,0,Not Admitted,UPI
V002847,PT02845,DR064,D02,2024-12-23,Arthritis,226642,1,11,Normal,Card
V002848,PT04232,DR077,D01,2025-06-12,Heart Failure,6007,0,0,Not Admitted,Cash
V002849,PT04856,DR075,D01,2024-09-15,Arrhythmia,1819,0,0,Not Admitted,UPI
V002850,PT01970,DR028,D06,2024-08-10,Chemotherapy,97683,1,1,Referred,Cash
V002851,PT04014,DR059,D01,2025-08-01,Hypertension,289289,1,0,Normal,Card
V002852,PT02779,DR059,D01,2024-04-18,Hypertension,7673,0,0,Not Admitted,Card
V002853,PT04002,DR020,D01,2024-05-31,Heart Failure,4991,0,0,Not Admitted,Insurance
V002854,PT04618,DR015,D06,2025-09-17,Post-op Care,661099,1,10,Normal,Cash
V002855,PT01581,DR067,D07,2025-09-11,Fever,4729,0,0,Not Admitted,UPI
V002856,PT01091,DR026,D05,2025-06-27,Burns,3616,0,0,Not Admitted,UPI
V002857,PT03892,DR002,D02,2025-02-26,Ligament Tear,4146,0,0,Not Admitted,UPI
V002858,PT04674,DR040,D08,2024-11-21,Menstrual Disorder,6364,0,0,Not Admitted,Cash
V002859,PT04459,DR069,D07,2025-09-29,Infection,596093,1,4,Normal,Card
V002860,PT03870,DR001,D02,2025-12-07,Arthritis,496254,1,5,Normal,UPI
V002861,PT02420,DR078,D06,2024-12-12,Radiotherapy,308410,1,6,Normal,UPI
V002862,PT00205,DR017,D08,2025-06-12,Fertility,7577,0,0,Not Admitted,Cash
V002863,PT03591,DR010,D02,2025-08-13,Ligament Tear,1009,0,0,Not Admitted,Insurance
V002864,PT04407,DR024,D05,2024-06-21,Poisoning,683702,1,3,Normal,Cash
V002865,PT03890,DR046,D02,2024-11-14,Arthritis,357113,1,6,Normal,Cash
V002866,PT03364,DR027,D06,2025-03-26,Radiotherapy,2266,0,0,Not Admitted,UPI
V002867,PT02506,DR057,D04,2024-08-26,Migraine,283648,1,10,Normal,Card
V002868,PT01464,DR021,D07,2025-11-02,Diabetes,6736,0,0,Not Admitted,Insurance
V002869,PT03430,DR016,D06,2024-10-30,Post-op Care,5104,0,0,Not Admitted,UPI
V002870,PT00025,DR017,D08,2025-11-12,Menstrual Disorder,5138,0,0,Not Admitted,Card
V002871,PT04889,DR067,D07,2025-04-01,Infection,657,0,0,Not Admitted,Card
V002872,PT02877,DR030,D02,2024-04-04,Arthritis,6355,0,0,Not Admitted,Cash
V002873,PT00465,DR015,D06,2025-05-09,Radiotherapy,1064,0,0,Not Admitted,Cash
V002874,PT00191,DR020,D01,2024-12-20,CAD,3560,0,0,Not Admitted,Insurance
V002875,PT03132,DR063,D05,2024-10-31,Poisoning,3993,0,0,Not Admitted,Cash
V002876,PT03056,DR059,D01,2025-01-18,Arrhythmia,4570,0,0,Not Admitted,Cash
V002877,PT04656,DR053,D03,2024-01-23,Vaccination,596940,1,7,Normal,Cash
V002878,PT01859,DR077,D01,2024-11-24,Hypertension,1462,0,0,Not Admitted,UPI
V002879,PT00040,DR069,D07,2025-12-20,Infection,2013,0,0,Not Admitted,Cash
V002880,PT01154,DR058,D03,2024-10-12,Asthma,7306,0,0,Not Admitted,UPI
V002881,PT02220,DR045,D08,2025-01-09,Menstrual Disorder,5508,0,0,Not Admitted,UPI
V002882,PT02405,DR078,D06,2024-07-28,Tumor Screening,1456,0,0,Not Admitted,Card
V002883,PT03988,DR074,D03,2025-03-04,Fever,7770,0,0,Not Admitted,Card
V002884,PT02823,DR066,D08,2025-10-10,Menstrual Disorder,6997,0,0,Not Admitted,Card
V002885,PT00719,DR022,D08,2025-07-16,Fertility,3503,0,0,Not Admitted,Card
V002886,PT04409,DR053,D03,2025-04-04,Vaccination,3661,0,0,Not Admitted,Card
V002887,PT04272,DR037,D02,2025-02-12,Arthritis,5964,0,0,Not Admitted,Cash
V002888,PT03222,DR028,D06,2024-04-20,Post-op Care,586054,1,7,Normal,Insurance
V002889,PT03975,DR029,D05,2024-10-18,Severe Bleeding,5948,0,0,Not Admitted,Card
V002890,PT00634,DR011,D08,2025-02-21,Menstrual Disorder,5898,0,0,Not Admitted,Cash
V002891,PT03986,DR064,D02,2025-06-20,Arthritis,4573,0,0,Not Admitted,UPI
V002892,PT02317,DR077,D01,2025-02-23,Heart Failure,4088,0,0,Not Admitted,Cash
V002893,PT02658,DR059,D01,2024-12-04,Hypertension,5945,0,0,Not Admitted,Card
V002894,PT02146,DR050,D07,2024-06-28,Infection,249406,1,1,Normal,UPI
V002895,PT00522,DR035,D06,2024-04-26,Chemotherapy,1586,0,0,Not Admitted,Insurance
V002896,PT00385,DR073,D04,2025-12-30,Neuropathy,5607,0,0,Not Admitted,UPI
V002897,PT03358,DR015,D06,2024-04-20,Tumor Screening,4077,0,0,Not Admitted,Insurance
V002898,PT01941,DR045,D08,2024-01-15,Fertility,5142,0,0,Not Admitted,UPI
V002899,PT01352,DR042,D01,2024-04-19,CAD,3527,0,0,Not Admitted,UPI
V002900,PT03065,DR025,D05,2024-03-20,Poisoning,3660,0,0,Not Admitted,Cash
V002901,PT00940,DR052,D06,2025-05-12,Radiotherapy,3098,0,0,Not Admitted,Cash
V002902,PT03794,DR039,D03,2024-01-06,Asthma,1803,0,0,Not Admitted,Insurance
V002903,PT00674,DR047,D04,2025-10-30,Migraine,180078,1,0,Normal,Insurance
V002904,PT02727,DR049,D01,2025-06-30,CAD,7180,0,0,Not Admitted,UPI
V002905,PT04591,DR022,D08,2024-09-09,PCOS,1726,0,0,Not Admitted,Cash
V002906,PT01975,DR030,D02,2024-07-11,Fracture,606503,1,10,Normal,Card
V002907,PT02225,DR065,D04,2025-01-01,Migraine,4795,0,0,Not Admitted,UPI
V002908,PT02586,DR047,D04,2024-05-21,Neuropathy,7811,0,0,Not Admitted,Card
V002909,PT00437,DR069,D07,2024-05-25,Diabetes,4319,0,0,Not Admitted,Cash
V002910,PT04620,DR033,D05,2024-11-02,Poisoning,3348,0,0,Not Admitted,Insurance
V002911,PT02433,DR059,D01,2025-01-23,Hypertension,5199,0,0,Not Admitted,Cash
V002912,PT02717,DR075,D01,2025-03-02,CAD,455179,1,6,Referred,UPI
V002913,PT01987,DR039,D03,2024-10-01,Vaccination,3685,0,0,Not Admitted,Cash
V002914,PT01416,DR029,D05,2024-05-23,Trauma,5244,0,0,Not Admitted,Card
V002915,PT04225,DR012,D04,2025-12-02,Migraine,5324,0,0,Not Admitted,Insurance
V002916,PT00790,DR053,D03,2024-05-21,Fever,387810,1,12,Normal,Card
V002917,PT02660,DR010,D02,2024-08-03,Back Pain,762,0,0,Not Admitted,Insurance
V002918,PT00065,DR021,D07,2025-11-16,Diabetes,4502,0,0,Not Admitted,UPI
V002919,PT00379,DR034,D08,2025-05-02,Prenatal Care,6651,0,0,Not Admitted,Cash
V002920,PT04174,DR068,D03,2025-03-17,Vaccination,516847,1,3,Normal,UPI
V002921,PT02230,DR034,D08,2024-09-19,Fertility,3958,0,0,Not Admitted,Insurance
V002922,PT01989,DR059,D01,2024-08-01,CAD,300051,1,3,Normal,UPI
V002923,PT01426,DR012,D04,2024-02-26,Epilepsy,4907,0,0,Not Admitted,UPI
V002924,PT01217,DR007,D05,2024-12-15,Severe Bleeding,4968,0,0,Not Admitted,Card
V002925,PT02915,DR060,D04,2024-04-05,Migraine,1722,0,0,Not Admitted,Cash
V002926,PT00979,DR068,D03,2025-12-06,Viral Infection,4951,0,0,Not Admitted,Insurance
V002927,PT00480,DR074,D03,2024-12-03,Viral Infection,4190,0,0,Not Admitted,UPI
V002928,PT03842,DR070,D03,2024-11-03,Vaccination,2961,0,0,Not Admitted,UPI
V002929,PT03402,DR061,D02,2024-04-15,Fracture,3562,0,0,Not Admitted,UPI
V002930,PT01289,DR065,D04,2024-04-29,Stroke,2945,0,0,Not Admitted,Card
V002931,PT01891,DR035,D06,2025-09-07,Post-op Care,7758,0,0,Not Admitted,UPI
V002932,PT00103,DR051,D05,2025-01-15,Trauma,7114,0,0,Not Admitted,Insurance
V002933,PT03902,DR014,D04,2024-12-20,Epilepsy,4624,0,0,Not Admitted,UPI
V002934,PT00283,DR019,D04,2025-11-28,Neuropathy,3366,0,0,Not Admitted,UPI
V002935,PT00055,DR006,D02,2025-09-12,Arthritis,145808,1,4,Normal,UPI
V002936,PT02044,DR071,D03,2025-06-12,Fever,4502,0,0,Not Admitted,UPI
V002937,PT02564,DR051,D05,2025-08-05,Trauma,3602,0,0,Not Admitted,Insurance
V002938,PT01964,DR023,D02,2025-07-30,Back Pain,2307,0,0,Not Admitted,UPI
V002939,PT00600,DR039,D03,2024-07-12,Fever,1910,0,0,Not Admitted,Insurance
V002940,PT04404,DR022,D08,2024-01-06,Prenatal Care,828,0,0,Not Admitted,Cash
V002941,PT01367,DR031,D03,2024-02-26,Asthma,6642,0,0,Not Admitted,Cash
V002942,PT04680,DR078,D06,2025-01-27,Chemotherapy,4834,0,0,Not Admitted,Insurance
V002943,PT00128,DR005,D05,2025-03-10,Severe Bleeding,1454,0,0,Not Admitted,Card
V002944,PT02888,DR017,D08,2025-07-03,Menstrual Disorder,7253,0,0,Not Admitted,Insurance
V002945,PT02656,DR011,D08,2024-07-15,Menstrual Disorder,3930,0,0,Not Admitted,UPI
V002946,PT03809,DR028,D06,2025-04-18,Chemotherapy,1997,0,0,Not Admitted,Insurance
V002947,PT01260,DR069,D07,2024-01-21,Thyroid,935,0,0,Not Admitted,Card
V002948,PT03794,DR015,D06,2024-01-16,Radiotherapy,1537,0,0,Not Admitted,Card
V002949,PT02107,DR070,D03,2024-10-08,Viral Infection,5484,0,0,Not Admitted,UPI
V002950,PT03249,DR063,D05,2025-01-25,Severe Bleeding,4324,0,0,Not Admitted,Card
V002951,PT01359,DR069,D07,2025-09-20,Fever,2777,0,0,Not Admitted,Card
V002952,PT03634,DR049,D01,2024-01-18,Hypertension,252012,1,0,Normal,Card
V002953,PT01461,DR034,D08,2024-04-09,PCOS,562299,1,7,LAMA,Cash
V002954,PT03940,DR052,D06,2025-11-09,Radiotherapy,2328,0,0,Not Admitted,Cash
V002955,PT00364,DR039,D03,2024-08-02,Vaccination,3199,0,0,Not Admitted,Card
V002956,PT03784,DR033,D05,2024-05-01,Severe Bleeding,3523,0,0,Not Admitted,UPI
V002957,PT00156,DR041,D07,2024-03-21,Fever,67475,1,10,Normal,Insurance
V002958,PT04984,DR032,D07,2024-06-15,Thyroid,4592,0,0,Not Admitted,Cash
V002959,PT00460,DR014,D04,2024-11-04,Migraine,2836,0,0,Not Admitted,UPI
V002960,PT02876,DR069,D07,2024-08-18,Thyroid,694125,1,5,Normal,Insurance
V002961,PT02692,DR017,D08,2025-01-14,Fertility,4275,0,0,Not Admitted,Cash
V002962,PT04519,DR006,D02,2025-06-05,Arthritis,6524,0,0,Not Admitted,Cash
V002963,PT02099,DR045,D08,2024-02-25,Fertility,2749,0,0,Not Admitted,Card
V002964,PT04150,DR049,D01,2024-04-17,Hypertension,2503,0,0,Not Admitted,Card
V002965,PT01850,DR006,D02,2025-07-16,Arthritis,5547,0,0,Not Admitted,UPI
V002966,PT03677,DR018,D05,2024-11-26,Trauma,4349,0,0,Not Admitted,Cash
V002967,PT01578,DR045,D08,2025-11-07,Menstrual Disorder,408905,1,0,Normal,Card
V002968,PT00312,DR066,D08,2024-03-25,PCOS,1147,0,0,Not Admitted,Cash
V002969,PT02569,DR050,D07,2024-06-17,Infection,4332,0,0,Not Admitted,Insurance
V002970,PT03181,DR021,D07,2025-12-12,Infection,676172,1,1,Normal,Card
V002971,PT04556,DR032,D07,2025-02-16,Fever,1195,0,0,Not Admitted,Cash
V002972,PT03529,DR010,D02,2025-12-24,Back Pain,557079,1,7,Normal,Cash
V002973,PT03092,DR042,D01,2025-08-22,Arrhythmia,2123,0,0,Not Admitted,Insurance
V002974,PT04848,DR026,D05,2025-08-15,Burns,4609,0,0,Not Admitted,Insurance
V002975,PT03234,DR067,D07,2024-05-02,Thyroid,5798,0,0,Not Admitted,UPI
V002976,PT04846,DR065,D04,2024-09-13,Epilepsy,7042,0,0,Not Admitted,Card
V002977,PT02811,DR058,D03,2024-06-25,Asthma,384766,1,12,Normal,Cash
V002978,PT03324,DR028,D06,2025-07-01,Post-op Care,416126,1,11,Normal,Card
V002979,PT01905,DR010,D02,2024-02-10,Back Pain,7404,0,0,Not Admitted,Cash
V002980,PT01341,DR037,D02,2025-09-14,Arthritis,4109,0,0,Not Admitted,UPI
V002981,PT04112,DR012,D04,2024-10-22,Stroke,174373,1,9,Referred,Insurance
V002982,PT00769,DR021,D07,2025-11-09,Infection,4202,0,0,Not Admitted,Insurance
V002983,PT03578,DR012,D04,2024-10-18,Neuropathy,259403,1,0,Normal,Card
V002984,PT02229,DR066,D08,2024-09-24,Prenatal Care,556354,1,10,Normal,Insurance
V002985,PT01957,DR020,D01,2024-01-16,Hypertension,2365,0,0,Not Admitted,Cash
V002986,PT00066,DR002,D02,2024-10-09,Fracture,2591,0,0,Not Admitted,Insurance
V002987,PT04576,DR012,D04,2025-10-19,Migraine,3410,0,0,Not Admitted,Cash
V002988,PT02047,DR062,D08,2025-05-18,Fertility,2864,0,0,Not Admitted,UPI
V002989,PT04595,DR051,D05,2024-11-26,Poisoning,3992,0,0,Not Admitted,Insurance
V002990,PT03254,DR043,D06,2025-12-05,Radiotherapy,2190,0,0,Not Admitted,UPI
V002991,PT04222,DR029,D05,2025-05-14,Trauma,2887,0,0,Not Admitted,Insurance
V002992,PT04186,DR058,D03,2025-12-15,Fever,7591,0,0,Not Admitted,Cash
V002993,PT03852,DR071,D03,2025-01-19,Fever,5141,0,0,Not Admitted,Insurance
V002994,PT04703,DR053,D03,2025-01-21,Fever,3654,0,0,Not Admitted,UPI
V002995,PT03087,DR044,D08,2025-11-21,Menstrual Disorder,759841,1,8,Normal,Card
V002996,PT02620,DR067,D07,2025-01-15,Infection,4123,0,0,Not Admitted,UPI
V002997,PT03788,DR044,D08,2025-03-20,Prenatal Care,821,0,0,Not Admitted,Insurance
V002998,PT01926,DR032,D07,2025-06-21,Diabetes,528031,1,10,Normal,Card
V002999,PT04086,DR066,D08,2024-10-16,PCOS,4055,0,0,Not Admitted,UPI
V003000,PT03299,DR015,D06,2025-04-04,Tumor Screening,304221,1,3,Normal,Card
V003001,PT00547,DR058,D03,2024-03-24,Asthma,1608,0,0,Not Admitted,Cash
V003002,PT04592,DR075,D01,2025-10-15,Heart Failure,6074,0,0,Not Admitted,Cash
V003003,PT02839,DR049,D01,2024-06-17,Arrhythmia,5320,0,0,Not Admitted,UPI
V003004,PT04282,DR067,D07,2025-09-25,Fever,4694,0,0,Not Admitted,Cash
V003005,PT04926,DR011,D08,2025-12-01,Prenatal Care,758724,1,9,Normal,Cash
V003006,PT02512,DR010,D02,2024-12-20,Arthritis,6831,0,0,Not Admitted,Insurance
V003007,PT04473,DR040,D08,2024-11-13,Menstrual Disorder,525,0,0,Not Admitted,UPI
V003008,PT04995,DR066,D08,2024-05-07,PCOS,337385,1,7,Normal,UPI
V003009,PT00386,DR047,D04,2024-09-19,Epilepsy,7302,0,0,Not Admitted,Insurance
V003010,PT01463,DR041,D07,2024-05-24,Infection,4228,0,0,Not Admitted,Insurance
V003011,PT00683,DR069,D07,2024-06-16,Infection,965,0,0,Not Admitted,Cash
V003012,PT03677,DR031,D03,2024-04-13,Viral Infection,3972,0,0,Not Admitted,Insurance
V003013,PT00060,DR010,D02,2025-06-07,Ligament Tear,1410,0,0,Not Admitted,Card
V003014,PT04225,DR031,D03,2024-02-16,Fever,7955,0,0,Not Admitted,Cash
V003015,PT02566,DR031,D03,2024-03-21,Viral Infection,765,0,0,Not Admitted,Cash
V003016,PT01950,DR024,D05,2025-01-29,Trauma,526691,1,10,Normal,UPI
V003017,PT02458,DR025,D05,2024-03-31,Poisoning,3483,0,0,Not Admitted,Insurance
V003018,PT04809,DR039,D03,2024-09-10,Vaccination,3483,0,0,Not Admitted,UPI
V003019,PT01585,DR004,D05,2025-09-26,Severe Bleeding,455903,1,10,Normal,UPI
V003020,PT03274,DR057,D04,2024-08-26,Epilepsy,4669,0,0,Not Admitted,Insurance
V003021,PT02668,DR042,D01,2025-04-02,CAD,2210,0,0,Not Admitted,Card
V003022,PT02998,DR042,D01,2024-03-06,Hypertension,3885,0,0,Not Admitted,UPI
V003023,PT03499,DR063,D05,2025-04-17,Severe Bleeding,673123,1,6,Normal,UPI
V003024,PT00529,DR040,D08,2025-06-03,PCOS,2668,0,0,Not Admitted,Card
V003025,PT03549,DR068,D03,2024-10-07,Vaccination,4985,0,0,Not Admitted,Insurance
V003026,PT00142,DR035,D06,2024-08-09,Chemotherapy,5175,0,0,Not Admitted,Cash
V003027,PT03102,DR028,D06,2024-03-18,Tumor Screening,821,0,0,Not Admitted,Cash
V003028,PT01675,DR007,D05,2025-10-14,Poisoning,1305,0,0,Not Admitted,UPI
V003029,PT03517,DR061,D02,2024-02-20,Fracture,211375,1,9,LAMA,Card
V003030,PT00212,DR013,D04,2025-06-12,Neuropathy,6327,0,0,Not Admitted,Cash
V003031,PT01731,DR042,D01,2025-01-06,Hypertension,431805,1,9,Normal,Cash
V003032,PT04526,DR073,D04,2025-02-04,Stroke,170609,1,9,Normal,Insurance
V003033,PT02401,DR054,D02,2025-12-12,Arthritis,6302,0,0,Not Admitted,Insurance
V003034,PT00218,DR071,D03,2025-06-07,Asthma,521,0,0,Not Admitted,Cash
V003035,PT02983,DR013,D04,2025-06-28,Stroke,311284,1,3,Normal,Insurance
V003036,PT04026,DR017,D08,2025-04-05,Menstrual Disorder,564,0,0,Not Admitted,Insurance
V003037,PT01872,DR044,D08,2024-05-24,PCOS,2442,0,0,Not Admitted,Insurance
V003038,PT03059,DR038,D04,2024-08-02,Migraine,7919,0,0,Not Admitted,Card
V003039,PT01125,DR069,D07,2024-06-20,Infection,6394,0,0,Not Admitted,Card
V003040,PT02234,DR015,D06,2025-12-15,Chemotherapy,6819,0,0,Not Admitted,Card
V003041,PT03516,DR046,D02,2024-09-29,Ligament Tear,1237,0,0,Not Admitted,Cash
V003042,PT02339,DR071,D03,2024-03-20,Asthma,2877,0,0,Not Admitted,Cash
V003043,PT04000,DR001,D02,2025-02-13,Arthritis,5397,0,0,Not Admitted,Cash
V003044,PT01890,DR032,D07,2025-10-19,Infection,7693,0,0,Not Admitted,Cash
V003045,PT03546,DR036,D04,2024-05-22,Epilepsy,1800,0,0,Not Admitted,UPI
V003046,PT02789,DR047,D04,2025-02-06,Migraine,1798,0,0,Not Admitted,Insurance
V003047,PT04436,DR024,D05,2024-12-16,Severe Bleeding,7163,0,0,Not Admitted,UPI
V003048,PT00740,DR072,D06,2025-09-17,Post-op Care,326781,1,4,Normal,Cash
V003049,PT02454,DR063,D05,2024-10-02,Severe Bleeding,644696,1,5,Normal,UPI
V003050,PT04744,DR028,D06,2024-07-05,Radiotherapy,1946,0,0,Not Admitted,Cash
V003051,PT03066,DR005,D05,2024-11-02,Burns,2775,0,0,Not Admitted,Card
V003052,PT02607,DR035,D06,2024-01-06,Post-op Care,4455,0,0,Not Admitted,UPI
V003053,PT03691,DR031,D03,2025-07-10,Vaccination,5978,0,0,Not Admitted,UPI
V003054,PT03513,DR032,D07,2024-07-01,Fever,1348,0,0,Not Admitted,Cash
V003055,PT01024,DR049,D01,2024-11-03,Heart Failure,4133,0,0,Not Admitted,Card
V003056,PT01060,DR045,D08,2024-06-17,Fertility,5287,0,0,Not Admitted,Insurance
V003057,PT02644,DR052,D06,2024-06-25,Radiotherapy,547,0,0,Not Admitted,Cash
V003058,PT03883,DR077,D01,2025-07-27,Arrhythmia,674,0,0,Not Admitted,Insurance
V003059,PT01450,DR039,D03,2024-06-24,Asthma,3419,0,0,Not Admitted,Insurance
V003060,PT02124,DR029,D05,2024-05-27,Poisoning,6060,0,0,Not Admitted,Insurance
V003061,PT04760,DR014,D04,2024-02-20,Neuropathy,7588,0,0,Not Admitted,Insurance
V003062,PT03926,DR053,D03,2024-11-18,Asthma,207602,1,0,Normal,UPI
V003063,PT01384,DR073,D04,2024-12-06,Epilepsy,2234,0,0,Not Admitted,Insurance
V003064,PT04514,DR003,D04,2024-07-01,Epilepsy,902,0,0,Not Admitted,UPI
V003065,PT00853,DR062,D08,2025-10-19,Menstrual Disorder,590100,1,3,Normal,Card
V003066,PT03124,DR020,D01,2025-01-23,Arrhythmia,2905,0,0,Not Admitted,Card
V003067,PT00691,DR053,D03,2025-11-21,Fever,405541,1,5,Normal,UPI
V003068,PT02374,DR067,D07,2024-02-16,Infection,753120,1,9,Normal,Insurance
V003069,PT03324,DR010,D02,2025-03-28,Fracture,276111,1,9,Normal,UPI
V003070,PT01196,DR057,D04,2025-04-27,Migraine,140807,1,5,Normal,UPI
V003071,PT01879,DR080,D05,2025-06-17,Poisoning,6726,0,0,Not Admitted,Cash
V003072,PT04017,DR017,D08,2025-07-07,Menstrual Disorder,5650,0,0,Not Admitted,Card
V003073,PT04874,DR025,D05,2025-11-03,Poisoning,6014,0,0,Not Admitted,UPI
V003074,PT00365,DR037,D02,2025-08-18,Ligament Tear,922,0,0,Not Admitted,Insurance
V003075,PT03003,DR008,D02,2025-10-21,Fracture,2402,0,0,Not Admitted,Cash
V003076,PT03852,DR032,D07,2024-08-16,Diabetes,1437,0,0,Not Admitted,Cash
V003077,PT02626,DR033,D05,2024-01-12,Trauma,3554,0,0,Not Admitted,UPI
V003078,PT02229,DR069,D07,2024-09-10,Fever,5895,0,0,Not Admitted,Cash
V003079,PT02490,DR022,D08,2024-02-27,Prenatal Care,3308,0,0,Not Admitted,Insurance
V003080,PT02104,DR054,D02,2025-12-14,Back Pain,5512,0,0,Not Admitted,Insurance
V003081,PT03899,DR058,D03,2025-12-28,Vaccination,1463,0,0,Not Admitted,Cash
V003082,PT00983,DR041,D07,2025-10-31,Thyroid,4995,0,0,Not Admitted,Cash
V003083,PT00006,DR056,D02,2024-08-11,Back Pain,690,0,0,Not Admitted,Insurance
V003084,PT03358,DR042,D01,2024-04-29,Hypertension,7849,0,0,Not Admitted,Cash
V003085,PT03150,DR070,D03,2024-10-07,Asthma,1801,0,0,Not Admitted,Card
V003086,PT04746,DR072,D06,2024-03-23,Chemotherapy,5757,0,0,Not Admitted,Card
V003087,PT02335,DR028,D06,2024-03-07,Chemotherapy,3337,0,0,Not Admitted,UPI
V003088,PT04936,DR077,D01,2025-10-18,CAD,3507,0,0,Not Admitted,Card
V003089,PT02235,DR009,D04,2024-01-30,Epilepsy,5554,0,0,Not Admitted,Insurance
V003090,PT02670,DR030,D02,2024-02-04,Ligament Tear,5305,0,0,Not Admitted,Insurance
V003091,PT03257,DR079,D04,2024-07-11,Stroke,1202,0,0,Not Admitted,Cash
V003092,PT00395,DR050,D07,2025-01-29,Diabetes,6296,0,0,Not Admitted,Card
V003093,PT03528,DR049,D01,2024-12-10,Hypertension,5869,0,0,Not Admitted,Insurance
V003094,PT04713,DR002,D02,2024-03-02,Fracture,970,0,0,Not Admitted,UPI
V003095,PT01329,DR021,D07,2025-01-13,Thyroid,664712,1,12,Normal,Card
V003096,PT02928,DR036,D04,2025-05-25,Epilepsy,3398,0,0,Not Admitted,Cash
V003097,PT02722,DR010,D02,2025-06-21,Ligament Tear,3655,0,0,Not Admitted,Cash
V003098,PT01211,DR026,D05,2025-04-18,Trauma,6996,0,0,Not Admitted,Insurance
V003099,PT01953,DR042,D01,2025-04-25,Heart Failure,6275,0,0,Not Admitted,Insurance
V003100,PT04019,DR055,D02,2025-09-04,Arthritis,687,0,0,Not Admitted,Insurance
V003101,PT02748,DR066,D08,2025-03-09,PCOS,372948,1,11,Normal,Insurance
V003102,PT00807,DR023,D02,2024-06-18,Ligament Tear,3929,0,0,Not Admitted,Insurance
V003103,PT01039,DR049,D01,2025-04-05,CAD,3048,0,0,Not Admitted,UPI
V003104,PT02081,DR022,D08,2025-03-21,Prenatal Care,1000,0,0,Not Admitted,Card
V003105,PT02774,DR040,D08,2025-02-25,Prenatal Care,2004,0,0,Not Admitted,Card
V003106,PT02891,DR016,D06,2025-07-12,Post-op Care,5154,0,0,Not Admitted,UPI
V003107,PT00547,DR064,D02,2024-09-17,Fracture,7422,0,0,Not Admitted,Card
V003108,PT02487,DR077,D01,2025-12-10,Hypertension,3242,0,0,Not Admitted,Card
V003109,PT00898,DR026,D05,2025-08-08,Poisoning,1685,0,0,Not Admitted,Card
V003110,PT01779,DR009,D04,2025-07-18,Neuropathy,7190,0,0,Not Admitted,UPI
V003111,PT01244,DR041,D07,2025-02-03,Infection,3421,0,0,Not Admitted,Card
V003112,PT02628,DR074,D03,2024-01-15,Asthma,1350,0,0,Not Admitted,UPI
V003113,PT04567,DR020,D01,2025-02-18,CAD,6919,0,0,Not Admitted,Insurance
V003114,PT03874,DR074,D03,2024-10-11,Fever,7018,0,0,Not Admitted,Cash
V003115,PT04191,DR021,D07,2024-08-17,Infection,6520,0,0,Not Admitted,Insurance
V003116,PT01404,DR058,D03,2024-05-29,Viral Infection,3900,0,0,Not Admitted,Cash
V003117,PT03778,DR072,D06,2024-07-03,Chemotherapy,1195,0,0,Not Admitted,Cash
V003118,PT01672,DR032,D07,2024-12-17,Fever,7363,0,0,Not Admitted,UPI
V003119,PT03707,DR064,D02,2024-07-13,Back Pain,1618,0,0,Not Admitted,Insurance
V003120,PT01657,DR055,D02,2025-11-18,Arthritis,2251,0,0,Not Admitted,Cash
V003121,PT02257,DR077,D01,2024-02-22,Arrhythmia,75182,1,10,Normal,Card
V003122,PT01905,DR020,D01,2025-04-09,CAD,260771,1,12,Normal,Card
V003123,PT03398,DR032,D07,2024-10-29,Diabetes,3152,0,0,Not Admitted,UPI
V003124,PT01940,DR028,D06,2024-07-16,Tumor Screening,4947,0,0,Not Admitted,UPI
V003125,PT04809,DR026,D05,2025-07-30,Burns,767836,1,5,Normal,UPI
V003126,PT00387,DR008,D02,2025-01-22,Arthritis,6387,0,0,Not Admitted,Cash
V003127,PT00026,DR039,D03,2024-04-08,Fever,4320,0,0,Not Admitted,Cash
V003128,PT04009,DR010,D02,2025-12-18,Back Pain,3254,0,0,Not Admitted,Insurance
V003129,PT01598,DR068,D03,2025-01-11,Asthma,756035,1,1,Normal,Insurance
V003130,PT02801,DR044,D08,2025-08-11,Fertility,2680,0,0,Not Admitted,UPI
V003131,PT02817,DR032,D07,2025-02-01,Infection,1733,0,0,Not Admitted,UPI
V003132,PT01870,DR040,D08,2024-04-15,PCOS,75303,1,1,LAMA,UPI
V003133,PT03119,DR025,D05,2024-05-05,Severe Bleeding,3291,0,0,Not Admitted,Cash
V003134,PT01461,DR014,D04,2024-01-06,Stroke,336761,1,2,Normal,UPI
V003135,PT01780,DR055,D02,2025-02-16,Back Pain,2367,0,0,Not Admitted,Cash
V003136,PT01310,DR016,D06,2024-03-27,Post-op Care,5635,0,0,Not Admitted,Insurance
V003137,PT00072,DR064,D02,2024-11-20,Arthritis,493398,1,9,Normal,Cash
V003138,PT02103,DR042,D01,2025-03-07,Heart Failure,5665,0,0,Not Admitted,Insurance
V003139,PT00329,DR002,D02,2024-04-05,Arthritis,1115,0,0,Not Admitted,Insurance
V003140,PT00294,DR001,D02,2024-02-01,Back Pain,3714,0,0,Not Admitted,Card
V003141,PT02789,DR071,D03,2025-10-25,Vaccination,5295,0,0,Not Admitted,UPI
V003142,PT04492,DR067,D07,2025-12-28,Fever,2140,0,0,Not Admitted,Card
V003143,PT03764,DR038,D04,2025-04-28,Stroke,1609,0,0,Not Admitted,Cash
V003144,PT02520,DR049,D01,2024-06-19,Arrhythmia,1985,0,0,Not Admitted,Insurance
V003145,PT03791,DR062,D08,2025-02-23,Menstrual Disorder,3423,0,0,Not Admitted,UPI
V003146,PT01346,DR078,D06,2024-11-15,Tumor Screening,5383,0,0,Not Admitted,Insurance
V003147,PT02421,DR025,D05,2025-03-09,Trauma,1861,0,0,Not Admitted,Cash
V003148,PT03328,DR004,D05,2025-04-09,Trauma,1124,0,0,Not Admitted,Card
V003149,PT01296,DR022,D08,2025-07-11,Prenatal Care,5071,0,0,Not Admitted,Cash
V003150,PT04694,DR048,D04,2025-10-20,Epilepsy,5696,0,0,Not Admitted,Card
V003151,PT02909,DR045,D08,2025-11-14,Fertility,4802,0,0,Not Admitted,Card
V003152,PT03015,DR029,D05,2024-12-02,Burns,153787,1,4,Normal,Insurance
V003153,PT00527,DR018,D05,2024-05-15,Trauma,4429,0,0,Not Admitted,Cash
V003154,PT03304,DR061,D02,2024-10-03,Arthritis,4110,0,0,Not Admitted,Card
V003155,PT04925,DR041,D07,2024-04-28,Diabetes,2233,0,0,Not Admitted,Card
V003156,PT02745,DR080,D05,2025-01-10,Burns,7842,0,0,Not Admitted,Insurance
V003157,PT03616,DR036,D04,2025-03-28,Neuropathy,521359,1,0,Normal,UPI
V003158,PT03280,DR075,D01,2024-09-03,Arrhythmia,2591,0,0,Not Admitted,UPI
V003159,PT04614,DR039,D03,2024-02-22,Vaccination,2237,0,0,Not Admitted,Insurance
V003160,PT01727,DR057,D04,2025-07-16,Migraine,4678,0,0,Not Admitted,Insurance
V003161,PT02637,DR044,D08,2024-08-29,Fertility,4859,0,0,Not Admitted,Insurance
V003162,PT00770,DR016,D06,2024-02-07,Chemotherapy,3332,0,0,Not Admitted,Card
V003163,PT03334,DR032,D07,2024-05-16,Thyroid,3738,0,0,Not Admitted,Insurance
V003164,PT03786,DR022,D08,2025-12-24,PCOS,6028,0,0,Not Admitted,Card
V003165,PT02971,DR073,D04,2025-06-01,Epilepsy,2704,0,0,Not Admitted,Card
V003166,PT04936,DR037,D02,2025-12-27,Back Pain,5355,0,0,Not Admitted,Card
V003167,PT01741,DR038,D04,2025-10-27,Epilepsy,433625,1,4,Normal,Card
V003168,PT01025,DR027,D06,2024-10-17,Chemotherapy,1231,0,0,Not Admitted,Cash
V003169,PT00821,DR008,D02,2025-09-23,Back Pain,5086,0,0,Not Admitted,Insurance
V003170,PT04536,DR058,D03,2024-02-24,Asthma,958,0,0,Not Admitted,Insurance
V003171,PT00325,DR053,D03,2025-10-31,Asthma,6334,0,0,Not Admitted,Card
V003172,PT03309,DR064,D02,2025-05-26,Ligament Tear,873,0,0,Not Admitted,Cash
V003173,PT02372,DR031,D03,2025-07-19,Viral Infection,500146,1,11,Normal,Insurance
V003174,PT01814,DR049,D01,2025-09-04,Heart Failure,4495,0,0,Not Admitted,Card
V003175,PT00150,DR069,D07,2024-07-08,Thyroid,5343,0,0,Not Admitted,Insurance
V003176,PT00425,DR039,D03,2024-04-02,Vaccination,2047,0,0,Not Admitted,Cash
V003177,PT02118,DR052,D06,2024-08-15,Radiotherapy,4036,0,0,Not Admitted,UPI
V003178,PT02445,DR048,D04,2025-04-21,Epilepsy,485792,1,7,Normal,Insurance
V003179,PT02133,DR025,D05,2025-06-11,Trauma,679657,1,1,LAMA,UPI
V003180,PT02624,DR058,D03,2024-01-20,Vaccination,3571,0,0,Not Admitted,Cash
V003181,PT02882,DR023,D02,2025-02-10,Back Pain,7702,0,0,Not Admitted,Insurance
V003182,PT03010,DR031,D03,2025-01-31,Vaccination,7040,0,0,Not Admitted,Card
V003183,PT04120,DR048,D04,2025-02-05,Stroke,617769,1,2,Normal,Cash
V003184,PT03180,DR031,D03,2025-06-28,Viral Infection,7680,0,0,Not Admitted,Insurance
V003185,PT01475,DR075,D01,2025-02-13,CAD,6797,0,0,Not Admitted,Card
V003186,PT01431,DR063,D05,2024-11-15,Trauma,3072,0,0,Not Admitted,Cash
V003187,PT01914,DR069,D07,2024-04-15,Fever,4040,0,0,Not Admitted,UPI
V003188,PT02136,DR077,D01,2025-04-16,Heart Failure,7972,0,0,Not Admitted,Cash
V003189,PT01501,DR077,D01,2024-02-16,CAD,933,0,0,Not Admitted,Card
V003190,PT03628,DR059,D01,2025-03-29,Arrhythmia,5432,0,0,Not Admitted,Insurance
V003191,PT04896,DR020,D01,2024-09-25,Hypertension,3351,0,0,Not Admitted,Card
V003192,PT03663,DR033,D05,2024-06-23,Poisoning,5055,0,0,Not Admitted,Card
V003193,PT02133,DR020,D01,2024-11-11,Heart Failure,139528,1,4,Normal,UPI
V003194,PT03282,DR022,D08,2025-08-13,Prenatal Care,3148,0,0,Not Admitted,Cash
V003195,PT00517,DR030,D02,2025-10-23,Fracture,5649,0,0,Not Admitted,Card
V003196,PT01931,DR042,D01,2024-11-11,Heart Failure,6149,0,0,Not Admitted,Insurance
V003197,PT00840,DR025,D05,2025-04-27,Trauma,2996,0,0,Not Admitted,Cash
V003198,PT03742,DR024,D05,2024-05-21,Severe Bleeding,4516,0,0,Not Admitted,Insurance
V003199,PT03344,DR069,D07,2024-12-10,Infection,2793,0,0,Not Admitted,UPI
V003200,PT03632,DR017,D08,2025-07-23,Menstrual Disorder,2187,0,0,Not Admitted,UPI
V003201,PT03317,DR033,D05,2024-08-30,Trauma,1273,0,0,Not Admitted,Card
V003202,PT03525,DR078,D06,2024-05-21,Post-op Care,1463,0,0,Not Admitted,UPI
V003203,PT02032,DR024,D05,2025-05-17,Poisoning,3832,0,0,Not Admitted,Cash
V003204,PT01357,DR058,D03,2024-11-28,Fever,58384,1,1,Normal,Card
V003205,PT00373,DR061,D02,2024-10-03,Fracture,165517,1,1,Normal,UPI
V003206,PT03892,DR051,D05,2025-04-23,Trauma,3066,0,0,Not Admitted,UPI
V003207,PT01061,DR008,D02,2025-08-25,Back Pain,7759,0,0,Not Admitted,Insurance
V003208,PT03915,DR031,D03,2024-03-10,Asthma,305408,1,5,Normal,Insurance
V003209,PT02974,DR062,D08,2024-02-14,Menstrual Disorder,4738,0,0,Not Admitted,Card
V003210,PT02249,DR019,D04,2025-02-23,Stroke,3203,0,0,Not Admitted,Card
V003211,PT00886,DR044,D08,2024-03-03,Menstrual Disorder,5616,0,0,Not Admitted,Card
V003212,PT00013,DR050,D07,2025-02-19,Diabetes,7561,0,0,Not Admitted,Cash
V003213,PT00952,DR066,D08,2024-06-01,PCOS,764831,1,12,Normal,Insurance
V003214,PT02267,DR041,D07,2025-12-09,Thyroid,6684,0,0,Not Admitted,Cash
V003215,PT01413,DR011,D08,2025-01-03,Prenatal Care,4996,0,0,Not Admitted,Cash
V003216,PT04564,DR035,D06,2025-02-02,Chemotherapy,1633,0,0,Not Admitted,Card
V003217,PT01081,DR077,D01,2024-06-06,Arrhythmia,3939,0,0,Not Admitted,UPI
V003218,PT02403,DR029,D05,2025-09-24,Trauma,6108,0,0,Not Admitted,Insurance
V003219,PT01921,DR029,D05,2024-10-20,Trauma,3336,0,0,Not Admitted,Cash
V003220,PT04423,DR032,D07,2025-10-15,Infection,52088,1,12,Normal,Cash
V003221,PT03872,DR075,D01,2025-11-30,Arrhythmia,652932,1,10,Normal,UPI
V003222,PT02569,DR058,D03,2025-10-02,Vaccination,5673,0,0,Not Admitted,Insurance
V003223,PT01047,DR039,D03,2024-06-01,Asthma,1490,0,0,Not Admitted,UPI
V003224,PT04396,DR042,D01,2024-07-28,CAD,7214,0,0,Not Admitted,Cash
V003225,PT02123,DR053,D03,2024-08-21,Asthma,349784,1,2,Normal,UPI
V003226,PT04451,DR075,D01,2025-06-12,Hypertension,2583,0,0,Not Admitted,Card
V003227,PT01446,DR068,D03,2025-11-17,Asthma,163068,1,10,Normal,UPI
V003228,PT00372,DR046,D02,2025-09-08,Ligament Tear,1164,0,0,Not Admitted,Insurance
V003229,PT01858,DR050,D07,2024-07-20,Diabetes,704414,1,1,Referred,Card
V003230,PT02927,DR068,D03,2024-03-23,Vaccination,5923,0,0,Not Admitted,Card
V003231,PT04227,DR062,D08,2024-05-14,Prenatal Care,306962,1,0,Normal,Card
V003232,PT00261,DR058,D03,2024-06-28,Viral Infection,2143,0,0,Not Admitted,UPI
V003233,PT00428,DR033,D05,2025-06-11,Poisoning,5806,0,0,Not Admitted,Cash
V003234,PT00413,DR011,D08,2024-10-02,PCOS,6514,0,0,Not Admitted,UPI
V003235,PT03725,DR059,D01,2025-10-25,Arrhythmia,516,0,0,Not Admitted,Cash
V003236,PT02915,DR067,D07,2025-11-11,Thyroid,4659,0,0,Not Admitted,UPI
V003237,PT01920,DR034,D08,2024-04-05,Fertility,4332,0,0,Not Admitted,Cash
V003238,PT04832,DR015,D06,2024-08-15,Post-op Care,6773,0,0,Not Admitted,Cash
V003239,PT00459,DR057,D04,2025-06-30,Epilepsy,6900,0,0,Not Admitted,UPI
V003240,PT00859,DR051,D05,2025-11-26,Severe Bleeding,6742,0,0,Not Admitted,Cash
V003241,PT04962,DR045,D08,2025-06-21,Prenatal Care,513830,1,11,Normal,Insurance
V003242,PT02685,DR052,D06,2024-06-11,Radiotherapy,506628,1,10,Normal,UPI
V003243,PT00187,DR012,D04,2025-04-02,Neuropathy,792219,1,1,Normal,Card
V003244,PT02411,DR072,D06,2024-12-06,Post-op Care,4265,0,0,Not Admitted,Cash
V003245,PT02488,DR035,D06,2024-04-24,Post-op Care,780227,1,6,Normal,Insurance
V003246,PT04028,DR066,D08,2024-05-07,Menstrual Disorder,5643,0,0,Not Admitted,Insurance
V003247,PT04716,DR014,D04,2024-01-19,Epilepsy,6654,0,0,Not Admitted,Cash
V003248,PT00989,DR075,D01,2024-01-10,Arrhythmia,2979,0,0,Not Admitted,UPI
V003249,PT01606,DR054,D02,2024-11-23,Fracture,7126,0,0,Not Admitted,Cash
V003250,PT03025,DR049,D01,2024-08-23,Hypertension,2059,0,0,Not Admitted,Cash
V003251,PT01238,DR056,D02,2024-09-12,Arthritis,1395,0,0,Not Admitted,Card
V003252,PT04433,DR059,D01,2024-10-04,Hypertension,6817,0,0,Not Admitted,Card
V003253,PT04303,DR011,D08,2024-08-21,PCOS,534340,1,2,Normal,Cash
V003254,PT04735,DR013,D04,2025-12-18,Neuropathy,2225,0,0,Not Admitted,Insurance
V003255,PT03398,DR032,D07,2024-07-01,Infection,619083,1,6,Referred,Cash
V003256,PT03219,DR037,D02,2025-01-31,Back Pain,4967,0,0,Not Admitted,Insurance
V003257,PT02101,DR040,D08,2025-10-26,Menstrual Disorder,7436,0,0,Not Admitted,Card
V003258,PT00867,DR023,D02,2024-05-02,Fracture,846,0,0,Not Admitted,Card
V003259,PT02739,DR074,D03,2025-03-26,Asthma,3145,0,0,Not Admitted,Cash
V003260,PT04050,DR042,D01,2024-04-14,Hypertension,4804,0,0,Not Admitted,Card
V003261,PT01322,DR063,D05,2024-06-28,Trauma,1574,0,0,Not Admitted,UPI
V003262,PT00940,DR070,D03,2025-05-11,Vaccination,1796,0,0,Not Admitted,Cash
V003263,PT02183,DR034,D08,2025-11-13,Prenatal Care,765117,1,1,Normal,UPI
V003264,PT03598,DR041,D07,2024-08-27,Infection,4284,0,0,Not Admitted,UPI
V003265,PT04685,DR068,D03,2025-04-21,Fever,5853,0,0,Not Admitted,UPI
V003266,PT02715,DR077,D01,2024-12-26,CAD,3728,0,0,Not Admitted,UPI
V003267,PT04375,DR026,D05,2024-03-03,Burns,2626,0,0,Not Admitted,UPI
V003268,PT01297,DR054,D02,2025-03-13,Ligament Tear,6960,0,0,Not Admitted,Cash
V003269,PT00160,DR023,D02,2025-05-24,Arthritis,3691,0,0,Not Admitted,Cash
V003270,PT00106,DR020,D01,2025-07-10,Hypertension,6906,0,0,Not Admitted,Insurance
V003271,PT00958,DR066,D08,2025-12-20,PCOS,7686,0,0,Not Admitted,Cash
V003272,PT04808,DR067,D07,2024-07-27,Thyroid,1079,0,0,Not Admitted,UPI
V003273,PT00464,DR077,D01,2024-07-31,Arrhythmia,3102,0,0,Not Admitted,Insurance
V003274,PT03890,DR047,D04,2024-08-24,Stroke,1818,0,0,Not Admitted,Card
V003275,PT02324,DR035,D06,2024-09-28,Tumor Screening,6451,0,0,Not Admitted,UPI
V003276,PT04913,DR053,D03,2025-03-30,Viral Infection,6308,0,0,Not Admitted,Card
V003277,PT00622,DR029,D05,2025-03-24,Severe Bleeding,7181,0,0,Not Admitted,Card
V003278,PT04657,DR075,D01,2025-02-21,Heart Failure,4181,0,0,Not Admitted,Card
V003279,PT01792,DR074,D03,2024-01-06,Viral Infection,1488,0,0,Not Admitted,UPI
V003280,PT04595,DR053,D03,2024-07-14,Fever,7235,0,0,Not Admitted,Card
V003281,PT00239,DR012,D04,2024-01-31,Neuropathy,5118,0,0,Not Admitted,Cash
V003282,PT03325,DR008,D02,2024-06-29,Arthritis,7858,0,0,Not Admitted,Card
V003283,PT01418,DR030,D02,2025-01-09,Fracture,775,0,0,Not Admitted,Cash
V003284,PT01637,DR058,D03,2025-12-27,Fever,5479,0,0,Not Admitted,Card
V003285,PT01883,DR050,D07,2024-05-13,Thyroid,2880,0,0,Not Admitted,Cash
V003286,PT01375,DR070,D03,2025-05-27,Fever,7602,0,0,Not Admitted,Cash
V003287,PT04609,DR020,D01,2024-02-14,Arrhythmia,881,0,0,Not Admitted,Cash
V003288,PT03432,DR030,D02,2024-06-06,Ligament Tear,5894,0,0,Not Admitted,UPI
V003289,PT01389,DR047,D04,2024-01-27,Migraine,4515,0,0,Not Admitted,Insurance
V003290,PT03407,DR047,D04,2025-05-01,Stroke,4488,0,0,Not Admitted,Insurance
V003291,PT04616,DR051,D05,2025-10-30,Severe Bleeding,548695,1,9,Normal,Insurance
V003292,PT02227,DR051,D05,2024-11-30,Trauma,563464,1,2,Normal,Card
V003293,PT03058,DR065,D04,2025-06-09,Epilepsy,821,0,0,Not Admitted,Card
V003294,PT02066,DR015,D06,2025-10-11,Radiotherapy,6185,0,0,Not Admitted,Insurance
V003295,PT03710,DR077,D01,2025-04-17,Arrhythmia,4995,0,0,Not Admitted,UPI
V003296,PT02629,DR031,D03,2024-05-22,Vaccination,4371,0,0,Not Admitted,Cash
V003297,PT01283,DR053,D03,2024-12-10,Fever,5923,0,0,Not Admitted,UPI
V003298,PT04671,DR070,D03,2025-01-16,Vaccination,6049,0,0,Not Admitted,Card
V003299,PT02599,DR075,D01,2024-09-10,Heart Failure,5223,0,0,Not Admitted,Cash
V003300,PT01217,DR028,D06,2024-09-14,Post-op Care,4107,0,0,Not Admitted,UPI
V003301,PT00090,DR062,D08,2025-11-13,PCOS,5116,0,0,Not Admitted,Card
V003302,PT03492,DR006,D02,2025-02-20,Fracture,3782,0,0,Not Admitted,UPI
V003303,PT04738,DR011,D08,2025-09-28,Prenatal Care,5487,0,0,Not Admitted,UPI
V003304,PT00913,DR079,D04,2025-04-22,Stroke,5556,0,0,Not Admitted,UPI
V003305,PT02916,DR024,D05,2025-06-29,Trauma,329588,1,6,Normal,Cash
V003306,PT02662,DR056,D02,2025-09-18,Back Pain,658,0,0,Not Admitted,Card
V003307,PT01472,DR007,D05,2024-03-13,Poisoning,5174,0,0,Not Admitted,Cash
V003308,PT01918,DR043,D06,2025-02-15,Radiotherapy,652194,1,2,Referred,Insurance
V003309,PT03404,DR034,D08,2024-11-03,Menstrual Disorder,2051,0,0,Not Admitted,Insurance
V003310,PT00049,DR035,D06,2025-07-05,Chemotherapy,4387,0,0,Not Admitted,Cash
V003311,PT04967,DR028,D06,2025-11-17,Post-op Care,3568,0,0,Not Admitted,Insurance
V003312,PT00274,DR066,D08,2024-06-13,Prenatal Care,7709,0,0,Not Admitted,Card
V003313,PT02056,DR072,D06,2025-02-10,Chemotherapy,6689,0,0,Not Admitted,UPI
V003314,PT04387,DR056,D02,2024-07-02,Fracture,4821,0,0,Not Admitted,UPI
V003315,PT03873,DR072,D06,2024-12-09,Tumor Screening,2093,0,0,Not Admitted,Insurance
V003316,PT03315,DR041,D07,2025-12-29,Fever,5610,0,0,Not Admitted,Insurance
V003317,PT02481,DR056,D02,2025-08-11,Ligament Tear,2841,0,0,Not Admitted,UPI
V003318,PT02646,DR048,D04,2024-07-04,Neuropathy,563579,1,10,Normal,Card
V003319,PT04268,DR044,D08,2025-11-29,Menstrual Disorder,824,0,0,Not Admitted,Card
V003320,PT03394,DR048,D04,2024-11-15,Epilepsy,7560,0,0,Not Admitted,Cash
V003321,PT00582,DR070,D03,2025-04-22,Vaccination,1174,0,0,Not Admitted,UPI
V003322,PT00692,DR043,D06,2024-06-02,Chemotherapy,7983,0,0,Not Admitted,UPI
V003323,PT00466,DR070,D03,2025-02-03,Fever,4922,0,0,Not Admitted,Cash
V003324,PT03261,DR034,D08,2025-08-24,Fertility,297221,1,0,Normal,UPI
V003325,PT02532,DR051,D05,2025-02-22,Severe Bleeding,695414,1,10,Normal,Cash
V003326,PT04266,DR036,D04,2025-05-11,Stroke,4720,0,0,Not Admitted,Cash
V003327,PT01268,DR060,D04,2025-10-31,Stroke,712477,1,9,Normal,Card
V003328,PT00066,DR071,D03,2025-05-28,Asthma,6605,0,0,Not Admitted,UPI
V003329,PT03674,DR069,D07,2024-11-25,Infection,5501,0,0,Not Admitted,Insurance
V003330,PT00322,DR020,D01,2025-08-04,Hypertension,30126,1,2,Normal,Cash
V003331,PT04594,DR021,D07,2025-02-12,Fever,4321,0,0,Not Admitted,UPI
V003332,PT01177,DR029,D05,2024-11-11,Trauma,3707,0,0,Not Admitted,UPI
V003333,PT02904,DR021,D07,2024-12-19,Thyroid,199666,1,11,Normal,Cash
V003334,PT03740,DR070,D03,2025-08-10,Vaccination,242612,1,3,Expired,Cash
V003335,PT03237,DR045,D08,2024-03-15,Menstrual Disorder,7580,0,0,Not Admitted,Insurance
V003336,PT04347,DR021,D07,2024-06-20,Diabetes,2241,0,0,Not Admitted,Insurance
V003337,PT03593,DR059,D01,2025-04-30,Hypertension,1446,0,0,Not Admitted,Card
V003338,PT03075,DR024,D05,2025-02-09,Poisoning,616281,1,3,Normal,UPI
V003339,PT01082,DR028,D06,2024-01-10,Radiotherapy,1279,0,0,Not Admitted,Cash
V003340,PT04904,DR037,D02,2024-11-22,Arthritis,2734,0,0,Not Admitted,UPI
V003341,PT00245,DR058,D03,2024-04-15,Vaccination,1085,0,0,Not Admitted,UPI
V003342,PT04597,DR052,D06,2024-04-17,Post-op Care,2795,0,0,Not Admitted,UPI
V003343,PT01579,DR053,D03,2024-07-13,Viral Infection,6021,0,0,Not Admitted,UPI
V003344,PT03385,DR032,D07,2024-02-02,Thyroid,759585,1,8,Referred,Card
V003345,PT01157,DR016,D06,2025-11-02,Chemotherapy,1057,0,0,Not Admitted,Insurance
V003346,PT02635,DR018,D05,2025-11-23,Poisoning,1558,0,0,Not Admitted,Card
V003347,PT04689,DR052,D06,2024-08-30,Chemotherapy,6838,0,0,Not Admitted,Card
V003348,PT02376,DR024,D05,2025-08-05,Trauma,3258,0,0,Not Admitted,Card
V003349,PT01121,DR001,D02,2024-09-23,Fracture,537,0,0,Not Admitted,Cash
V003350,PT03519,DR011,D08,2024-01-02,Prenatal Care,2522,0,0,Not Admitted,Card
V003351,PT02346,DR071,D03,2024-03-09,Fever,65537,1,1,Normal,UPI
V003352,PT03536,DR043,D06,2024-05-27,Tumor Screening,608007,1,0,Normal,Card
V003353,PT01165,DR027,D06,2025-12-25,Post-op Care,7158,0,0,Not Admitted,Cash
V003354,PT00776,DR059,D01,2025-10-20,CAD,2820,0,0,Not Admitted,Insurance
V003355,PT01760,DR075,D01,2024-12-21,Heart Failure,4578,0,0,Not Admitted,Cash
V003356,PT04698,DR009,D04,2025-12-15,Neuropathy,6677,0,0,Not Admitted,UPI
V003357,PT01969,DR049,D01,2025-01-24,Heart Failure,1660,0,0,Not Admitted,Cash
V003358,PT01137,DR015,D06,2024-03-25,Tumor Screening,5707,0,0,Not Admitted,Card
V003359,PT00060,DR062,D08,2025-05-09,PCOS,761572,1,4,Normal,UPI
V003360,PT01292,DR076,D04,2024-06-23,Stroke,4974,0,0,Not Admitted,Card
V003361,PT01322,DR014,D04,2025-07-25,Neuropathy,6747,0,0,Not Admitted,Card
V003362,PT04338,DR042,D01,2025-03-11,Arrhythmia,2991,0,0,Not Admitted,UPI
V003363,PT00024,DR012,D04,2025-11-27,Stroke,7519,0,0,Not Admitted,Card
V003364,PT00245,DR032,D07,2024-09-19,Thyroid,6879,0,0,Not Admitted,Insurance
V003365,PT02584,DR027,D06,2024-10-29,Chemotherapy,4935,0,0,Not Admitted,Insurance
V003366,PT00991,DR003,D04,2025-08-21,Migraine,7168,0,0,Not Admitted,Card
V003367,PT00355,DR051,D05,2024-08-09,Poisoning,6754,0,0,Not Admitted,Insurance
V003368,PT00162,DR009,D04,2024-09-17,Neuropathy,760727,1,9,Normal,UPI
V003369,PT02682,DR067,D07,2025-05-30,Infection,3560,0,0,Not Admitted,Card
V003370,PT03197,DR070,D03,2024-06-15,Viral Infection,4103,0,0,Not Admitted,UPI
V003371,PT01160,DR027,D06,2025-01-10,Tumor Screening,3053,0,0,Not Admitted,UPI
V003372,PT02946,DR022,D08,2024-12-15,PCOS,183540,1,9,Normal,UPI
V003373,PT01418,DR005,D05,2025-09-16,Burns,6750,0,0,Not Admitted,UPI
V003374,PT01564,DR067,D07,2024-02-29,Thyroid,1931,0,0,Not Admitted,Insurance
V003375,PT02358,DR007,D05,2025-09-15,Trauma,6144,0,0,Not Admitted,Insurance
V003376,PT01806,DR013,D04,2025-11-11,Neuropathy,4181,0,0,Not Admitted,Cash
V003377,PT03140,DR080,D05,2024-02-21,Burns,4738,0,0,Not Admitted,Cash
V003378,PT02769,DR069,D07,2024-05-30,Fever,4517,0,0,Not Admitted,Card
V003379,PT02438,DR079,D04,2024-08-11,Stroke,5674,0,0,Not Admitted,UPI
V003380,PT04394,DR041,D07,2024-08-10,Infection,365838,1,12,Normal,UPI
V003381,PT04807,DR021,D07,2024-12-30,Infection,7515,0,0,Not Admitted,Card
V003382,PT04028,DR066,D08,2024-08-12,PCOS,6336,0,0,Not Admitted,Card
V003383,PT01040,DR054,D02,2024-10-01,Back Pain,5722,0,0,Not Admitted,Cash
V003384,PT00173,DR050,D07,2025-06-28,Fever,5612,0,0,Not Admitted,Card
V003385,PT02844,DR049,D01,2024-11-20,Hypertension,6370,0,0,Not Admitted,Card
V003386,PT04876,DR055,D02,2024-02-14,Back Pain,7107,0,0,Not Admitted,Insurance
V003387,PT03050,DR067,D07,2025-09-12,Fever,1207,0,0,Not Admitted,Insurance
V003388,PT04856,DR037,D02,2025-05-14,Ligament Tear,162192,1,8,Referred,Insurance
V003389,PT03326,DR053,D03,2025-02-28,Fever,3417,0,0,Not Admitted,Card
V003390,PT00567,DR039,D03,2024-03-02,Vaccination,5734,0,0,Not Admitted,UPI
V003391,PT02022,DR044,D08,2025-03-03,Fertility,2676,0,0,Not Admitted,Cash
V003392,PT02437,DR069,D07,2025-07-18,Fever,5453,0,0,Not Admitted,UPI
V003393,PT02026,DR006,D02,2025-08-18,Arthritis,5956,0,0,Not Admitted,UPI
V003394,PT02019,DR006,D02,2024-02-02,Ligament Tear,6903,0,0,Not Admitted,Card
V003395,PT01483,DR034,D08,2025-01-09,PCOS,1486,0,0,Not Admitted,Insurance
V003396,PT03357,DR047,D04,2024-11-02,Migraine,3159,0,0,Not Admitted,Cash
V003397,PT02293,DR064,D02,2025-03-29,Fracture,707413,1,1,Expired,Cash
V003398,PT03727,DR064,D02,2024-03-13,Ligament Tear,6741,0,0,Not Admitted,Insurance
V003399,PT00164,DR055,D02,2025-08-02,Arthritis,3365,0,0,Not Admitted,Card
V003400,PT04483,DR005,D05,2024-10-29,Burns,1394,0,0,Not Admitted,Cash
V003401,PT04730,DR054,D02,2024-06-01,Ligament Tear,529,0,0,Not Admitted,UPI
V003402,PT00176,DR057,D04,2024-09-19,Stroke,3431,0,0,Not Admitted,Card
V003403,PT03956,DR020,D01,2025-04-05,Heart Failure,2582,0,0,Not Admitted,UPI
V003404,PT04492,DR039,D03,2025-10-07,Asthma,3850,0,0,Not Admitted,Cash
V003405,PT02306,DR046,D02,2024-10-29,Arthritis,6674,0,0,Not Admitted,Insurance
V003406,PT04358,DR040,D08,2024-05-16,Menstrual Disorder,6762,0,0,Not Admitted,Card
V003407,PT01083,DR007,D05,2024-12-03,Trauma,1948,0,0,Not Admitted,UPI
V003408,PT04539,DR011,D08,2025-01-22,PCOS,1284,0,0,Not Admitted,UPI
V003409,PT01573,DR069,D07,2025-05-11,Infection,649318,1,2,Normal,Card
V003410,PT04824,DR004,D05,2024-10-04,Trauma,6334,0,0,Not Admitted,UPI
V003411,PT00064,DR066,D08,2025-05-15,PCOS,1035,0,0,Not Admitted,Cash
V003412,PT01638,DR077,D01,2025-03-01,CAD,2918,0,0,Not Admitted,UPI
V003413,PT02718,DR037,D02,2024-01-20,Back Pain,1868,0,0,Not Admitted,Card
V003414,PT02766,DR018,D05,2024-07-08,Severe Bleeding,2452,0,0,Not Admitted,Card
V003415,PT04176,DR034,D08,2024-05-08,Menstrual Disorder,4761,0,0,Not Admitted,Cash
V003416,PT00216,DR053,D03,2024-12-06,Asthma,3257,0,0,Not Admitted,Cash
V003417,PT04745,DR011,D08,2025-04-01,Menstrual Disorder,5740,0,0,Not Admitted,Cash
V003418,PT03907,DR003,D04,2025-06-14,Migraine,2299,0,0,Not Admitted,Card
V003419,PT01333,DR022,D08,2025-12-04,Fertility,1650,0,0,Not Admitted,Insurance
V003420,PT01232,DR058,D03,2024-02-16,Fever,694687,1,4,Normal,Card
V003421,PT01727,DR068,D03,2024-02-18,Viral Infection,5747,0,0,Not Admitted,Card
V003422,PT00795,DR057,D04,2025-01-02,Migraine,1526,0,0,Not Admitted,UPI
V003423,PT04636,DR047,D04,2025-07-10,Neuropathy,3903,0,0,Not Admitted,Cash
V003424,PT00581,DR067,D07,2024-12-12,Thyroid,5548,0,0,Not Admitted,UPI
V003425,PT02583,DR043,D06,2025-12-11,Tumor Screening,338026,1,3,Normal,Cash
V003426,PT02583,DR067,D07,2025-05-24,Infection,7491,0,0,Not Admitted,Card
V003427,PT03257,DR071,D03,2025-07-08,Viral Infection,1391,0,0,Not Admitted,UPI
V003428,PT04196,DR009,D04,2024-09-06,Stroke,6995,0,0,Not Admitted,Insurance
V003429,PT04184,DR006,D02,2024-12-13,Fracture,3605,0,0,Not Admitted,Card
V003430,PT04702,DR017,D08,2025-04-12,Fertility,729263,1,5,Normal,Card
V003431,PT03251,DR049,D01,2025-03-14,CAD,4547,0,0,Not Admitted,Insurance
V003432,PT00144,DR074,D03,2025-03-10,Vaccination,5391,0,0,Not Admitted,Card
V003433,PT02996,DR073,D04,2024-12-22,Stroke,303364,1,8,Normal,Cash
V003434,PT02710,DR013,D04,2024-11-05,Epilepsy,3956,0,0,Not Admitted,Card
V003435,PT00432,DR068,D03,2024-06-07,Asthma,7429,0,0,Not Admitted,UPI
V003436,PT03345,DR069,D07,2024-02-07,Infection,4165,0,0,Not Admitted,Card
V003437,PT02446,DR041,D07,2024-03-26,Diabetes,271323,1,9,Normal,UPI
V003438,PT04810,DR022,D08,2025-08-16,PCOS,4671,0,0,Not Admitted,Card
V003439,PT01747,DR070,D03,2025-09-21,Asthma,526436,1,4,Normal,Cash
V003440,PT00658,DR077,D01,2025-06-15,Hypertension,6730,0,0,Not Admitted,UPI
V003441,PT03671,DR067,D07,2025-04-03,Thyroid,6878,0,0,Not Admitted,UPI
V003442,PT00710,DR017,D08,2024-07-23,Prenatal Care,587732,1,7,Normal,Card
V003443,PT04939,DR029,D05,2024-04-27,Burns,3726,0,0,Not Admitted,Insurance
V003444,PT04682,DR066,D08,2025-12-03,Fertility,269372,1,1,Normal,Card
V003445,PT00530,DR075,D01,2024-12-25,Hypertension,5232,0,0,Not Admitted,Card
V003446,PT03941,DR035,D06,2025-11-03,Chemotherapy,7996,0,0,Not Admitted,Cash
V003447,PT03637,DR041,D07,2024-03-22,Diabetes,7823,0,0,Not Admitted,Insurance
V003448,PT02696,DR033,D05,2025-01-01,Burns,579300,1,2,Normal,Cash
V003449,PT01933,DR044,D08,2024-01-31,Prenatal Care,6589,0,0,Not Admitted,UPI
V003450,PT00243,DR024,D05,2024-08-17,Trauma,803,0,0,Not Admitted,Cash
V003451,PT04441,DR063,D05,2025-02-15,Trauma,188016,1,12,Normal,UPI
V003452,PT02744,DR031,D03,2025-02-13,Asthma,1320,0,0,Not Admitted,Insurance
V003453,PT00433,DR049,D01,2025-07-20,Heart Failure,7387,0,0,Not Admitted,Cash
V003454,PT02640,DR035,D06,2025-12-04,Chemotherapy,2244,0,0,Not Admitted,Insurance
V003455,PT02949,DR067,D07,2024-10-04,Diabetes,263008,1,10,Normal,Card
V003456,PT03430,DR040,D08,2025-02-11,Prenatal Care,4905,0,0,Not Admitted,Card
V003457,PT03110,DR001,D02,2024-06-28,Back Pain,627149,1,3,Normal,Cash
V003458,PT01174,DR034,D08,2024-02-13,PCOS,4299,0,0,Not Admitted,Card
V003459,PT00731,DR039,D03,2025-02-04,Asthma,3625,0,0,Not Admitted,Cash
V003460,PT03543,DR022,D08,2024-02-29,Menstrual Disorder,1340,0,0,Not Admitted,Card
V003461,PT00432,DR045,D08,2025-01-17,Menstrual Disorder,866,0,0,Not Admitted,Card
V003462,PT02006,DR067,D07,2024-04-30,Thyroid,4714,0,0,Not Admitted,Card
V003463,PT02774,DR067,D07,2024-02-15,Infection,557499,1,12,Referred,UPI
V003464,PT01124,DR040,D08,2025-03-26,Fertility,2390,0,0,Not Admitted,UPI
V003465,PT03201,DR016,D06,2024-08-08,Chemotherapy,2359,0,0,Not Admitted,Cash
V003466,PT04439,DR071,D03,2025-01-22,Asthma,6927,0,0,Not Admitted,Insurance
V003467,PT01551,DR052,D06,2025-03-24,Tumor Screening,1585,0,0,Not Admitted,Cash
V003468,PT03829,DR017,D08,2025-06-21,Menstrual Disorder,113423,1,3,Normal,Card
V003469,PT00953,DR077,D01,2025-04-12,Heart Failure,6913,0,0,Not Admitted,Cash
V003470,PT02676,DR059,D01,2024-09-14,CAD,2977,0,0,Not Admitted,Card
V003471,PT01719,DR050,D07,2025-02-03,Infection,6637,0,0,Not Admitted,Cash
V003472,PT01152,DR006,D02,2024-08-01,Arthritis,7023,0,0,Not Admitted,Cash
V003473,PT00465,DR042,D01,2024-10-17,Arrhythmia,1293,0,0,Not Admitted,UPI
V003474,PT01761,DR074,D03,2024-02-01,Viral Infection,5110,0,0,Not Admitted,Insurance
V003475,PT03665,DR064,D02,2024-06-27,Back Pain,6824,0,0,Not Admitted,Cash
V003476,PT00057,DR017,D08,2025-10-06,Fertility,5391,0,0,Not Admitted,Cash
V003477,PT01268,DR031,D03,2025-08-26,Asthma,5571,0,0,Not Admitted,Insurance
V003478,PT03886,DR047,D04,2024-08-02,Epilepsy,3130,0,0,Not Admitted,Insurance
V003479,PT02431,DR016,D06,2024-02-20,Post-op Care,6282,0,0,Not Admitted,Insurance
V003480,PT04750,DR073,D04,2025-09-10,Stroke,461473,1,2,Normal,Cash
V003481,PT04496,DR031,D03,2025-03-19,Fever,2454,0,0,Not Admitted,Insurance
V003482,PT03736,DR036,D04,2024-09-12,Stroke,4052,0,0,Not Admitted,UPI
V003483,PT04088,DR055,D02,2024-11-02,Fracture,2825,0,0,Not Admitted,UPI
V003484,PT03446,DR002,D02,2025-09-12,Back Pain,7780,0,0,Not Admitted,Card
V003485,PT04994,DR054,D02,2025-06-01,Fracture,447327,1,1,Normal,Cash
V003486,PT04018,DR070,D03,2024-06-17,Fever,6582,0,0,Not Admitted,Cash
V003487,PT04584,DR039,D03,2024-02-12,Fever,742912,1,12,Referred,UPI
V003488,PT04078,DR068,D03,2024-08-23,Asthma,715664,1,12,Expired,UPI
V003489,PT01013,DR003,D04,2024-02-05,Epilepsy,310455,1,12,Normal,Cash
V003490,PT03980,DR024,D05,2024-10-02,Poisoning,2532,0,0,Not Admitted,Cash
V003491,PT04063,DR033,D05,2025-09-04,Trauma,7114,0,0,Not Admitted,Card
V003492,PT01763,DR051,D05,2025-05-01,Trauma,1772,0,0,Not Admitted,Cash
V003493,PT00562,DR012,D04,2024-03-24,Epilepsy,490505,1,1,Normal,Cash
V003494,PT02542,DR017,D08,2025-08-14,PCOS,2464,0,0,Not Admitted,Insurance
V003495,PT03196,DR058,D03,2024-11-04,Vaccination,666404,1,0,Normal,UPI
V003496,PT00543,DR074,D03,2025-03-09,Vaccination,2806,0,0,Not Admitted,UPI
V003497,PT03843,DR050,D07,2025-11-20,Infection,1216,0,0,Not Admitted,UPI
V003498,PT00163,DR068,D03,2025-07-30,Asthma,6430,0,0,Not Admitted,Cash
V003499,PT00766,DR040,D08,2025-01-10,Prenatal Care,975,0,0,Not Admitted,Insurance
V003500,PT04853,DR077,D01,2024-01-30,Arrhythmia,3318,0,0,Not Admitted,Cash
V003501,PT03922,DR073,D04,2024-02-18,Migraine,1448,0,0,Not Admitted,Cash
V003502,PT04138,DR078,D06,2024-05-01,Radiotherapy,7809,0,0,Not Admitted,Insurance
V003503,PT02988,DR049,D01,2024-11-13,Heart Failure,701,0,0,Not Admitted,UPI
V003504,PT04808,DR077,D01,2025-01-17,CAD,5769,0,0,Not Admitted,Card
V003505,PT02124,DR006,D02,2025-05-01,Fracture,7990,0,0,Not Admitted,Insurance
V003506,PT04291,DR029,D05,2025-05-05,Trauma,7788,0,0,Not Admitted,UPI
V003507,PT04278,DR035,D06,2024-05-09,Radiotherapy,1854,0,0,Not Admitted,Card
V003508,PT04522,DR055,D02,2024-08-26,Arthritis,3134,0,0,Not Admitted,Insurance
V003509,PT03935,DR074,D03,2025-11-30,Fever,2267,0,0,Not Admitted,Insurance
V003510,PT04446,DR042,D01,2024-05-25,Arrhythmia,3102,0,0,Not Admitted,Cash
V003511,PT00678,DR043,D06,2024-01-25,Post-op Care,3041,0,0,Not Admitted,UPI
V003512,PT04158,DR059,D01,2025-06-04,Arrhythmia,1870,0,0,Not Admitted,Insurance
V003513,PT02800,DR024,D05,2024-04-08,Poisoning,2341,0,0,Not Admitted,Cash
V003514,PT02519,DR025,D05,2025-08-21,Burns,7386,0,0,Not Admitted,Card
V003515,PT01906,DR034,D08,2024-10-20,Fertility,6426,0,0,Not Admitted,Cash
V003516,PT00362,DR077,D01,2024-10-05,Arrhythmia,7876,0,0,Not Admitted,Card
V003517,PT02812,DR001,D02,2025-05-27,Back Pain,277675,1,10,Normal,UPI
V003518,PT04887,DR068,D03,2025-09-08,Fever,799358,1,8,Normal,Card
V003519,PT00551,DR019,D04,2025-03-29,Stroke,2250,0,0,Not Admitted,Cash
V003520,PT00486,DR032,D07,2024-12-27,Thyroid,7607,0,0,Not Admitted,Cash
V003521,PT04457,DR077,D01,2025-10-15,CAD,2056,0,0,Not Admitted,Card
V003522,PT04867,DR044,D08,2025-11-21,PCOS,4185,0,0,Not Admitted,Insurance
V003523,PT02665,DR012,D04,2024-07-07,Epilepsy,3745,0,0,Not Admitted,Cash
V003524,PT01371,DR015,D06,2025-08-31,Chemotherapy,689999,1,6,Normal,Card
V003525,PT00150,DR020,D01,2025-04-09,Arrhythmia,2749,0,0,Not Admitted,UPI
V003526,PT00491,DR017,D08,2024-03-18,Menstrual Disorder,5671,0,0,Not Admitted,Insurance
V003527,PT01980,DR048,D04,2024-04-22,Neuropathy,7095,0,0,Not Admitted,UPI
V003528,PT01975,DR076,D04,2024-06-28,Stroke,712120,1,5,Referred,Card
V003529,PT04476,DR065,D04,2024-04-14,Epilepsy,1575,0,0,Not Admitted,Insurance
V003530,PT01104,DR070,D03,2025-11-07,Fever,64504,1,0,Normal,UPI
V003531,PT00370,DR027,D06,2025-07-06,Tumor Screening,70163,1,3,Normal,UPI
V003532,PT04000,DR080,D05,2024-01-14,Severe Bleeding,3547,0,0,Not Admitted,Card
V003533,PT01312,DR071,D03,2024-08-22,Fever,6296,0,0,Not Admitted,Card
V003534,PT04363,DR068,D03,2024-04-23,Asthma,7640,0,0,Not Admitted,Insurance
V003535,PT02339,DR050,D07,2024-08-26,Thyroid,7670,0,0,Not Admitted,UPI
V003536,PT01629,DR053,D03,2025-05-11,Viral Infection,5514,0,0,Not Admitted,Insurance
V003537,PT03812,DR015,D06,2025-01-12,Tumor Screening,6568,0,0,Not Admitted,Card
V003538,PT02372,DR028,D06,2024-07-12,Radiotherapy,590,0,0,Not Admitted,Card
V003539,PT03188,DR033,D05,2025-07-22,Burns,754183,1,9,Normal,Card
V003540,PT02156,DR003,D04,2024-09-01,Stroke,1412,0,0,Not Admitted,Cash
V003541,PT00871,DR077,D01,2024-08-20,Hypertension,4964,0,0,Not Admitted,Insurance
V003542,PT04027,DR060,D04,2025-09-13,Epilepsy,43068,1,1,Normal,UPI
V003543,PT04145,DR041,D07,2024-06-21,Diabetes,294608,1,6,Normal,Card
V003544,PT03923,DR057,D04,2024-03-01,Epilepsy,2636,0,0,Not Admitted,Card
V003545,PT04369,DR075,D01,2025-06-11,Arrhythmia,583901,1,3,Normal,UPI
V003546,PT02680,DR055,D02,2024-08-26,Fracture,5261,0,0,Not Admitted,Insurance
V003547,PT03970,DR017,D08,2024-08-19,PCOS,7950,0,0,Not Admitted,Card
V003548,PT04375,DR041,D07,2024-08-16,Thyroid,1667,0,0,Not Admitted,UPI
V003549,PT00431,DR032,D07,2024-08-07,Infection,1951,0,0,Not Admitted,Cash
V003550,PT01039,DR079,D04,2025-06-21,Stroke,6661,0,0,Not Admitted,Insurance
V003551,PT02397,DR004,D05,2025-09-16,Burns,4406,0,0,Not Admitted,Cash
V003552,PT01480,DR041,D07,2024-12-27,Thyroid,5555,0,0,Not Admitted,Card
V003553,PT00239,DR075,D01,2024-06-18,Arrhythmia,1488,0,0,Not Admitted,Insurance
V003554,PT02669,DR016,D06,2025-10-25,Chemotherapy,7199,0,0,Not Admitted,Card
V003555,PT01847,DR079,D04,2025-11-06,Stroke,4380,0,0,Not Admitted,Card
V003556,PT00747,DR075,D01,2025-08-23,CAD,4574,0,0,Not Admitted,Insurance
V003557,PT01228,DR012,D04,2024-05-27,Migraine,3829,0,0,Not Admitted,Card
V003558,PT03587,DR032,D07,2024-04-07,Thyroid,2635,0,0,Not Admitted,Cash
V003559,PT02844,DR045,D08,2024-03-01,Fertility,367721,1,12,Normal,Insurance
V003560,PT03723,DR063,D05,2024-04-27,Poisoning,4295,0,0,Not Admitted,Insurance
V003561,PT01545,DR075,D01,2025-04-05,Arrhythmia,1679,0,0,Not Admitted,UPI
V003562,PT00861,DR069,D07,2025-01-04,Thyroid,766875,1,10,Normal,Insurance
V003563,PT03057,DR071,D03,2025-04-03,Viral Infection,2754,0,0,Not Admitted,Card
V003564,PT03892,DR058,D03,2025-01-15,Asthma,267941,1,6,Normal,Cash
V003565,PT02393,DR052,D06,2024-08-24,Radiotherapy,1303,0,0,Not Admitted,Cash
V003566,PT01689,DR020,D01,2025-05-26,CAD,586213,1,0,Normal,UPI
V003567,PT03307,DR060,D04,2024-06-01,Migraine,1950,0,0,Not Admitted,Card
V003568,PT01640,DR045,D08,2024-10-15,Fertility,5441,0,0,Not Admitted,UPI
V003569,PT03278,DR011,D08,2024-08-21,PCOS,1314,0,0,Not Admitted,Cash
V003570,PT00031,DR051,D05,2024-02-17,Severe Bleeding,322912,1,8,Normal,Cash
V003571,PT03895,DR051,D05,2025-09-19,Severe Bleeding,2790,0,0,Not Admitted,Cash
V003572,PT03192,DR027,D06,2024-08-12,Tumor Screening,7609,0,0,Not Admitted,Insurance
V003573,PT03389,DR072,D06,2024-10-25,Post-op Care,170019,1,12,Normal,Cash
V003574,PT04778,DR021,D07,2025-05-04,Infection,98483,1,3,Normal,UPI
V003575,PT03749,DR076,D04,2024-07-09,Migraine,6250,0,0,Not Admitted,Card
V003576,PT01461,DR004,D05,2024-03-09,Severe Bleeding,4425,0,0,Not Admitted,Card
V003577,PT03173,DR072,D06,2024-08-18,Post-op Care,6491,0,0,Not Admitted,Insurance
V003578,PT02239,DR032,D07,2024-05-20,Diabetes,6988,0,0,Not Admitted,UPI
V003579,PT04830,DR075,D01,2025-02-14,Hypertension,4315,0,0,Not Admitted,Cash
V003580,PT04097,DR079,D04,2025-12-26,Migraine,4382,0,0,Not Admitted,Cash
V003581,PT00889,DR078,D06,2025-03-04,Radiotherapy,1108,0,0,Not Admitted,UPI
V003582,PT01802,DR023,D02,2025-01-28,Ligament Tear,489050,1,10,Normal,Insurance
V003583,PT02449,DR049,D01,2024-12-27,Heart Failure,2238,0,0,Not Admitted,UPI
V003584,PT02139,DR072,D06,2024-01-03,Post-op Care,676585,1,4,Normal,Cash
V003585,PT03372,DR014,D04,2025-10-24,Migraine,3678,0,0,Not Admitted,Insurance
V003586,PT03226,DR066,D08,2025-08-10,PCOS,5165,0,0,Not Admitted,UPI
V003587,PT04014,DR076,D04,2025-10-24,Neuropathy,6499,0,0,Not Admitted,UPI
V003588,PT03049,DR014,D04,2025-09-30,Stroke,7574,0,0,Not Admitted,UPI
V003589,PT03013,DR003,D04,2025-02-16,Neuropathy,408793,1,12,Normal,Card
V003590,PT04101,DR054,D02,2025-12-27,Arthritis,6896,0,0,Not Admitted,Insurance
V003591,PT04457,DR055,D02,2024-03-08,Arthritis,7003,0,0,Not Admitted,Cash
V003592,PT03960,DR077,D01,2025-10-19,Hypertension,4573,0,0,Not Admitted,UPI
V003593,PT03494,DR010,D02,2025-06-12,Fracture,464328,1,6,Normal,Cash
V003594,PT01400,DR042,D01,2024-05-14,Hypertension,1685,0,0,Not Admitted,Card
V003595,PT00758,DR029,D05,2025-02-01,Severe Bleeding,3168,0,0,Not Admitted,Card
V003596,PT03305,DR041,D07,2025-02-11,Diabetes,7457,0,0,Not Admitted,UPI
V003597,PT04677,DR042,D01,2024-11-01,Arrhythmia,2114,0,0,Not Admitted,Cash
V003598,PT03239,DR051,D05,2024-01-26,Trauma,2033,0,0,Not Admitted,Insurance
V003599,PT03641,DR040,D08,2025-02-18,Fertility,4168,0,0,Not Admitted,Cash
V003600,PT03744,DR011,D08,2024-08-02,Fertility,952,0,0,Not Admitted,Card
V003601,PT02195,DR026,D05,2025-04-24,Burns,484390,1,12,Normal,Cash
V003602,PT03862,DR021,D07,2025-04-15,Thyroid,7890,0,0,Not Admitted,Insurance
V003603,PT00938,DR069,D07,2025-02-23,Infection,2403,0,0,Not Admitted,Insurance
V003604,PT03291,DR059,D01,2024-03-22,Heart Failure,4349,0,0,Not Admitted,Insurance
V003605,PT03524,DR049,D01,2024-07-02,Arrhythmia,752397,1,0,Normal,Cash
V003606,PT01156,DR031,D03,2024-05-19,Vaccination,1980,0,0,Not Admitted,Card
V003607,PT03289,DR006,D02,2024-06-18,Back Pain,5862,0,0,Not Admitted,Insurance
V003608,PT02070,DR039,D03,2024-01-24,Fever,635051,1,4,Normal,Cash
V003609,PT02566,DR021,D07,2024-12-07,Diabetes,3197,0,0,Not Admitted,UPI
V003610,PT02484,DR067,D07,2024-11-23,Diabetes,3955,0,0,Not Admitted,Card
V003611,PT01209,DR075,D01,2025-09-05,Arrhythmia,3839,0,0,Not Admitted,UPI
V003612,PT01570,DR016,D06,2025-11-23,Radiotherapy,986,0,0,Not Admitted,Card
V003613,PT01453,DR060,D04,2024-01-11,Epilepsy,2436,0,0,Not Admitted,Card
V003614,PT04897,DR066,D08,2024-02-10,Prenatal Care,3895,0,0,Not Admitted,Insurance
V003615,PT00491,DR068,D03,2024-08-16,Viral Infection,1085,0,0,Not Admitted,Card
V003616,PT03459,DR049,D01,2025-05-21,Arrhythmia,721616,1,1,Normal,Insurance
V003617,PT02574,DR067,D07,2025-12-28,Infection,4716,0,0,Not Admitted,Insurance
V003618,PT00305,DR057,D04,2025-09-05,Neuropathy,537453,1,10,Normal,UPI
V003619,PT02062,DR027,D06,2024-03-18,Tumor Screening,2238,0,0,Not Admitted,UPI
V003620,PT04044,DR042,D01,2024-08-23,Heart Failure,6496,0,0,Not Admitted,Cash
V003621,PT01587,DR042,D01,2024-02-01,Hypertension,2598,0,0,Not Admitted,UPI
V003622,PT02163,DR007,D05,2025-10-12,Trauma,7237,0,0,Not Admitted,Cash
V003623,PT04477,DR071,D03,2024-01-15,Viral Infection,411965,1,11,Normal,Cash
V003624,PT01877,DR048,D04,2024-09-22,Migraine,5542,0,0,Not Admitted,Cash
V003625,PT02316,DR030,D02,2024-03-06,Ligament Tear,5781,0,0,Not Admitted,UPI
V003626,PT02051,DR016,D06,2025-05-13,Tumor Screening,1192,0,0,Not Admitted,Card
V003627,PT00707,DR032,D07,2024-03-12,Diabetes,7582,0,0,Not Admitted,Card
V003628,PT01261,DR047,D04,2024-06-02,Neuropathy,630236,1,9,Expired,UPI
V003629,PT01674,DR056,D02,2025-04-18,Arthritis,3182,0,0,Not Admitted,Insurance
V003630,PT03678,DR042,D01,2024-12-06,CAD,1514,0,0,Not Admitted,UPI
V003631,PT02153,DR013,D04,2024-10-04,Neuropathy,375731,1,9,Normal,Cash
V003632,PT00843,DR041,D07,2024-07-17,Fever,7976,0,0,Not Admitted,Insurance
V003633,PT04838,DR053,D03,2024-05-14,Asthma,867,0,0,Not Admitted,Cash
V003634,PT02073,DR055,D02,2024-08-17,Ligament Tear,750,0,0,Not Admitted,Card
V003635,PT04066,DR042,D01,2024-08-09,Heart Failure,631,0,0,Not Admitted,Card
V003636,PT02248,DR057,D04,2024-02-05,Neuropathy,2037,0,0,Not Admitted,Insurance
V003637,PT03618,DR053,D03,2025-08-10,Fever,5536,0,0,Not Admitted,Card
V003638,PT03109,DR015,D06,2025-07-09,Radiotherapy,1478,0,0,Not Admitted,Cash
V003639,PT03614,DR045,D08,2025-06-09,Fertility,4881,0,0,Not Admitted,Card
V003640,PT02856,DR041,D07,2024-04-07,Infection,665596,1,0,Normal,Cash
V003641,PT00648,DR030,D02,2024-04-17,Back Pain,252347,1,9,Normal,Card
V003642,PT03635,DR021,D07,2025-02-04,Thyroid,5524,0,0,Not Admitted,Cash
V003643,PT04395,DR063,D05,2024-03-15,Burns,692584,1,2,Normal,Insurance
V003644,PT01483,DR049,D01,2024-10-03,CAD,687094,1,3,Normal,UPI
V003645,PT00353,DR078,D06,2025-12-06,Tumor Screening,3411,0,0,Not Admitted,Card
V003646,PT04213,DR015,D06,2024-09-24,Tumor Screening,5420,0,0,Not Admitted,UPI
V003647,PT04327,DR075,D01,2024-11-09,Heart Failure,4719,0,0,Not Admitted,Card
V003648,PT01197,DR026,D05,2024-10-13,Severe Bleeding,817,0,0,Not Admitted,Insurance
V003649,PT01088,DR016,D06,2025-09-02,Tumor Screening,6067,0,0,Not Admitted,Insurance
V003650,PT04086,DR058,D03,2024-01-01,Viral Infection,4308,0,0,Not Admitted,Insurance
V003651,PT01806,DR008,D02,2024-12-03,Arthritis,5250,0,0,Not Admitted,Cash
V003652,PT04624,DR050,D07,2025-04-21,Thyroid,1655,0,0,Not Admitted,Cash
V003653,PT01182,DR072,D06,2024-08-27,Chemotherapy,6277,0,0,Not Admitted,Insurance
V003654,PT02929,DR047,D04,2024-05-26,Stroke,1646,0,0,Not Admitted,Insurance
V003655,PT01453,DR007,D05,2024-03-21,Severe Bleeding,2754,0,0,Not Admitted,Insurance
V003656,PT02672,DR068,D03,2025-11-18,Fever,6598,0,0,Not Admitted,Card
V003657,PT01194,DR063,D05,2025-10-24,Poisoning,626,0,0,Not Admitted,Card
V003658,PT04375,DR021,D07,2025-12-15,Fever,437762,1,10,Referred,UPI
V003659,PT04756,DR064,D02,2024-09-09,Ligament Tear,6056,0,0,Not Admitted,UPI
V003660,PT02487,DR065,D04,2024-01-16,Epilepsy,1280,0,0,Not Admitted,Insurance
V003661,PT02521,DR011,D08,2024-07-13,PCOS,967,0,0,Not Admitted,Cash
V003662,PT02486,DR031,D03,2025-11-22,Fever,2824,0,0,Not Admitted,Insurance
V003663,PT01682,DR068,D03,2024-03-18,Vaccination,3979,0,0,Not Admitted,Cash
V003664,PT00268,DR021,D07,2024-03-12,Thyroid,7251,0,0,Not Admitted,Cash
V003665,PT03562,DR075,D01,2024-09-14,Arrhythmia,4832,0,0,Not Admitted,UPI
V003666,PT03272,DR067,D07,2025-04-13,Infection,2904,0,0,Not Admitted,Cash
V003667,PT04659,DR041,D07,2024-09-04,Diabetes,784,0,0,Not Admitted,Insurance
V003668,PT04771,DR067,D07,2025-06-03,Diabetes,1199,0,0,Not Admitted,Insurance
V003669,PT04221,DR062,D08,2024-02-04,Menstrual Disorder,148517,1,4,Referred,Insurance
V003670,PT01061,DR068,D03,2025-05-02,Asthma,7790,0,0,Not Admitted,UPI
V003671,PT03180,DR040,D08,2025-07-05,Prenatal Care,2997,0,0,Not Admitted,Cash
V003672,PT01159,DR035,D06,2024-01-30,Radiotherapy,2447,0,0,Not Admitted,Cash
V003673,PT03669,DR069,D07,2025-08-07,Thyroid,6386,0,0,Not Admitted,UPI
V003674,PT04845,DR019,D04,2024-06-01,Stroke,2594,0,0,Not Admitted,Cash
V003675,PT03223,DR002,D02,2024-09-09,Back Pain,543,0,0,Not Admitted,UPI
V003676,PT02067,DR025,D05,2025-02-17,Burns,499556,1,6,Normal,Card
V003677,PT00684,DR050,D07,2025-09-24,Diabetes,3632,0,0,Not Admitted,Insurance
V003678,PT02777,DR009,D04,2024-10-10,Migraine,1779,0,0,Not Admitted,Cash
V003679,PT03894,DR052,D06,2025-02-05,Post-op Care,313285,1,9,Normal,Card
V003680,PT03412,DR049,D01,2024-10-31,CAD,183579,1,1,Normal,UPI
V003681,PT00219,DR056,D02,2025-02-08,Back Pain,288239,1,6,Normal,Cash
V003682,PT00084,DR025,D05,2025-04-19,Severe Bleeding,6148,0,0,Not Admitted,Cash
V003683,PT04333,DR008,D02,2024-08-11,Ligament Tear,6698,0,0,Not Admitted,UPI
V003684,PT03870,DR080,D05,2025-05-04,Burns,4538,0,0,Not Admitted,UPI
V003685,PT02105,DR053,D03,2024-11-08,Asthma,7828,0,0,Not Admitted,UPI
V003686,PT03377,DR005,D05,2025-12-09,Severe Bleeding,701542,1,8,Normal,Cash
V003687,PT04992,DR067,D07,2024-04-18,Infection,500070,1,11,Normal,Card
V003688,PT04518,DR002,D02,2025-08-19,Fracture,3834,0,0,Not Admitted,Cash
V003689,PT00088,DR040,D08,2024-12-21,Prenatal Care,6425,0,0,Not Admitted,Insurance
V003690,PT02652,DR067,D07,2025-04-28,Diabetes,1673,0,0,Not Admitted,UPI
V003691,PT03770,DR005,D05,2025-06-17,Burns,319305,1,6,LAMA,UPI
V003692,PT02597,DR016,D06,2025-02-05,Post-op Care,7811,0,0,Not Admitted,Cash
V003693,PT01055,DR075,D01,2024-12-10,CAD,6984,0,0,Not Admitted,Insurance
V003694,PT03961,DR011,D08,2025-05-28,Fertility,4305,0,0,Not Admitted,Insurance
V003695,PT01237,DR069,D07,2025-08-18,Diabetes,635,0,0,Not Admitted,Cash
V003696,PT02000,DR012,D04,2025-01-24,Neuropathy,419204,1,0,Normal,UPI
V003697,PT02414,DR028,D06,2025-01-31,Radiotherapy,3185,0,0,Not Admitted,Card
V003698,PT02945,DR046,D02,2024-06-15,Fracture,3051,0,0,Not Admitted,UPI
V003699,PT02377,DR009,D04,2025-12-25,Epilepsy,1630,0,0,Not Admitted,Card
V003700,PT00719,DR077,D01,2024-02-28,CAD,6962,0,0,Not Admitted,Insurance
V003701,PT03059,DR067,D07,2025-10-20,Infection,603,0,0,Not Admitted,Insurance
V003702,PT04128,DR016,D06,2025-08-05,Radiotherapy,637320,1,4,Normal,Cash
V003703,PT01381,DR039,D03,2024-06-07,Viral Infection,959,0,0,Not Admitted,Insurance
V003704,PT00355,DR032,D07,2025-07-09,Infection,5942,0,0,Not Admitted,Cash
V003705,PT02867,DR030,D02,2024-09-20,Ligament Tear,7970,0,0,Not Admitted,Insurance
V003706,PT04526,DR034,D08,2025-07-19,Fertility,300698,1,12,LAMA,Insurance
V003707,PT03096,DR030,D02,2024-11-19,Arthritis,2323,0,0,Not Admitted,Card
V003708,PT02310,DR018,D05,2025-08-27,Severe Bleeding,6241,0,0,Not Admitted,Insurance
V003709,PT04484,DR047,D04,2024-10-28,Neuropathy,4314,0,0,Not Admitted,Card
V003710,PT02696,DR041,D07,2025-03-20,Fever,1392,0,0,Not Admitted,UPI
V003711,PT00472,DR023,D02,2025-02-22,Ligament Tear,3017,0,0,Not Admitted,UPI
V003712,PT04464,DR022,D08,2025-03-14,Prenatal Care,4358,0,0,Not Admitted,UPI
V003713,PT00140,DR037,D02,2024-10-18,Ligament Tear,2363,0,0,Not Admitted,Card
V003714,PT01097,DR059,D01,2024-06-02,Heart Failure,6485,0,0,Not Admitted,Cash
V003715,PT04790,DR049,D01,2024-04-24,Heart Failure,5619,0,0,Not Admitted,UPI
V003716,PT03208,DR043,D06,2024-06-05,Tumor Screening,714087,1,4,Normal,Card
V003717,PT02485,DR038,D04,2025-07-20,Epilepsy,7273,0,0,Not Admitted,Insurance
V003718,PT03820,DR067,D07,2025-06-19,Thyroid,3562,0,0,Not Admitted,Card
V003719,PT03475,DR072,D06,2025-04-10,Chemotherapy,3304,0,0,Not Admitted,UPI
V003720,PT00175,DR053,D03,2025-06-26,Fever,227246,1,6,Expired,Cash
V003721,PT04873,DR039,D03,2025-05-07,Viral Infection,2266,0,0,Not Admitted,UPI
V003722,PT04288,DR029,D05,2025-09-08,Severe Bleeding,3721,0,0,Not Admitted,UPI
V003723,PT04093,DR016,D06,2025-08-20,Tumor Screening,7535,0,0,Not Admitted,Insurance
V003724,PT04760,DR045,D08,2024-12-30,Fertility,819,0,0,Not Admitted,Insurance
V003725,PT03977,DR044,D08,2025-10-07,Prenatal Care,1213,0,0,Not Admitted,UPI
V003726,PT00409,DR014,D04,2024-10-16,Migraine,3878,0,0,Not Admitted,Insurance
V003727,PT03403,DR075,D01,2025-08-25,Arrhythmia,484350,1,6,LAMA,UPI
V003728,PT01435,DR053,D03,2025-04-10,Asthma,2258,0,0,Not Admitted,UPI
V003729,PT04233,DR019,D04,2025-05-18,Neuropathy,7026,0,0,Not Admitted,Card
V003730,PT01035,DR009,D04,2025-03-06,Migraine,6679,0,0,Not Admitted,Insurance
V003731,PT03458,DR050,D07,2025-04-29,Infection,1793,0,0,Not Admitted,Insurance
V003732,PT03840,DR015,D06,2025-03-08,Tumor Screening,6433,0,0,Not Admitted,Insurance
V003733,PT04809,DR068,D03,2025-09-25,Asthma,6033,0,0,Not Admitted,Card
V003734,PT03168,DR004,D05,2024-03-21,Severe Bleeding,2758,0,0,Not Admitted,UPI
V003735,PT01359,DR046,D02,2024-12-25,Ligament Tear,394125,1,6,Normal,Cash
V003736,PT04172,DR059,D01,2024-02-02,CAD,4345,0,0,Not Admitted,Card
V003737,PT03153,DR070,D03,2024-06-02,Fever,49330,1,2,Normal,UPI
V003738,PT01111,DR011,D08,2024-11-09,Fertility,2729,0,0,Not Admitted,Insurance
V003739,PT03102,DR077,D01,2024-08-03,Arrhythmia,510,0,0,Not Admitted,UPI
V003740,PT03515,DR071,D03,2024-03-10,Fever,2798,0,0,Not Admitted,UPI
V003741,PT04006,DR075,D01,2025-11-08,Hypertension,7048,0,0,Not Admitted,UPI
V003742,PT01203,DR058,D03,2024-05-07,Viral Infection,143969,1,6,Normal,UPI
V003743,PT02989,DR078,D06,2025-06-03,Post-op Care,7107,0,0,Not Admitted,Insurance
V003744,PT00834,DR064,D02,2025-02-20,Back Pain,4971,0,0,Not Admitted,Cash
V003745,PT01255,DR021,D07,2025-02-21,Diabetes,6738,0,0,Not Admitted,UPI
V003746,PT02978,DR001,D02,2025-12-02,Arthritis,51931,1,1,Referred,UPI
V003747,PT01591,DR048,D04,2025-09-08,Neuropathy,5010,0,0,Not Admitted,Insurance
V003748,PT03637,DR024,D05,2025-02-10,Burns,302702,1,10,Normal,UPI
V003749,PT00925,DR063,D05,2024-07-31,Poisoning,7038,0,0,Not Admitted,UPI
V003750,PT04919,DR052,D06,2025-01-20,Post-op Care,1231,0,0,Not Admitted,Cash
V003751,PT03060,DR001,D02,2024-08-15,Arthritis,680696,1,3,Normal,UPI
V003752,PT03212,DR041,D07,2024-03-25,Diabetes,137321,1,3,Normal,Insurance
V003753,PT00278,DR044,D08,2024-06-02,Menstrual Disorder,6059,0,0,Not Admitted,Insurance
V003754,PT00507,DR054,D02,2025-09-26,Arthritis,6066,0,0,Not Admitted,Insurance
V003755,PT03852,DR007,D05,2024-12-15,Trauma,3733,0,0,Not Admitted,Insurance
V003756,PT04599,DR060,D04,2024-01-11,Migraine,1217,0,0,Not Admitted,Insurance
V003757,PT04505,DR072,D06,2024-06-12,Chemotherapy,1140,0,0,Not Admitted,UPI
V003758,PT02250,DR016,D06,2025-02-24,Radiotherapy,2021,0,0,Not Admitted,Cash
V003759,PT04230,DR041,D07,2024-12-09,Diabetes,7432,0,0,Not Admitted,Insurance
V003760,PT04760,DR075,D01,2024-04-08,CAD,7095,0,0,Not Admitted,Cash
V003761,PT02223,DR068,D03,2024-07-04,Asthma,6157,0,0,Not Admitted,Card
V003762,PT02832,DR075,D01,2025-02-13,Hypertension,7480,0,0,Not Admitted,Cash
V003763,PT02273,DR071,D03,2024-05-17,Viral Infection,433652,1,9,Normal,Cash
V003764,PT04817,DR039,D03,2024-12-22,Vaccination,6141,0,0,Not Admitted,Card
V003765,PT03954,DR019,D04,2024-06-29,Migraine,6302,0,0,Not Admitted,Card
V003766,PT04193,DR027,D06,2025-01-21,Tumor Screening,1131,0,0,Not Admitted,Insurance
V003767,PT00018,DR075,D01,2025-07-19,Heart Failure,4705,0,0,Not Admitted,UPI
V003768,PT01608,DR006,D02,2024-07-23,Back Pain,4123,0,0,Not Admitted,Card
V003769,PT00485,DR058,D03,2024-03-01,Vaccination,4303,0,0,Not Admitted,UPI
V003770,PT03918,DR015,D06,2025-08-05,Radiotherapy,3088,0,0,Not Admitted,UPI
V003771,PT00016,DR068,D03,2025-05-05,Asthma,5426,0,0,Not Admitted,UPI
V003772,PT00704,DR055,D02,2024-03-12,Arthritis,7988,0,0,Not Admitted,Cash
V003773,PT00585,DR045,D08,2024-02-22,Menstrual Disorder,6430,0,0,Not Admitted,UPI
V003774,PT04076,DR001,D02,2025-01-30,Ligament Tear,1981,0,0,Not Admitted,Cash
V003775,PT01328,DR039,D03,2024-10-26,Asthma,468118,1,12,Normal,Cash
V003776,PT04741,DR020,D01,2025-07-16,Arrhythmia,653,0,0,Not Admitted,Card
V003777,PT02091,DR012,D04,2025-10-14,Stroke,591946,1,9,Normal,Cash
V003778,PT00440,DR037,D02,2025-11-24,Arthritis,270943,1,8,Normal,Insurance
V003779,PT01472,DR076,D04,2025-08-25,Neuropathy,7188,0,0,Not Admitted,UPI
V003780,PT01153,DR064,D02,2024-08-03,Fracture,2979,0,0,Not Admitted,Cash
V003781,PT04813,DR011,D08,2025-11-17,Prenatal Care,6575,0,0,Not Admitted,Insurance
V003782,PT01289,DR062,D08,2025-11-21,Menstrual Disorder,2807,0,0,Not Admitted,UPI
V003783,PT03057,DR042,D01,2025-09-12,CAD,1722,0,0,Not Admitted,Insurance
V003784,PT01850,DR013,D04,2025-06-20,Epilepsy,1057,0,0,Not Admitted,UPI
V003785,PT00995,DR051,D05,2024-09-13,Poisoning,7124,0,0,Not Admitted,Card
V003786,PT02132,DR024,D05,2024-10-14,Burns,2180,0,0,Not Admitted,Insurance
V003787,PT02715,DR039,D03,2025-01-16,Vaccination,6995,0,0,Not Admitted,Insurance
V003788,PT00012,DR074,D03,2025-10-10,Viral Infection,1286,0,0,Not Admitted,Card
V003789,PT03252,DR015,D06,2024-09-06,Post-op Care,331379,1,9,Normal,UPI
V003790,PT02709,DR058,D03,2024-12-12,Viral Infection,4583,0,0,Not Admitted,Insurance
V003791,PT01060,DR040,D08,2025-03-21,Fertility,2055,0,0,Not Admitted,UPI
V003792,PT01239,DR002,D02,2024-04-24,Fracture,477869,1,10,LAMA,UPI
V003793,PT03433,DR033,D05,2024-10-18,Burns,1237,0,0,Not Admitted,Insurance
V003794,PT00942,DR015,D06,2025-11-25,Post-op Care,2854,0,0,Not Admitted,UPI
V003795,PT00951,DR075,D01,2025-10-09,CAD,3295,0,0,Not Admitted,UPI
V003796,PT00205,DR026,D05,2025-08-12,Burns,6641,0,0,Not Admitted,UPI
V003797,PT02404,DR006,D02,2025-09-23,Back Pain,572738,1,7,LAMA,Cash
V003798,PT04912,DR018,D05,2025-02-22,Severe Bleeding,1477,0,0,Not Admitted,Insurance
V003799,PT01629,DR069,D07,2025-10-28,Infection,7974,0,0,Not Admitted,Insurance
V003800,PT02239,DR034,D08,2024-12-27,PCOS,1826,0,0,Not Admitted,Card
V003801,PT03347,DR043,D06,2024-04-26,Radiotherapy,1066,0,0,Not Admitted,Card
V003802,PT04645,DR038,D04,2024-05-16,Epilepsy,3902,0,0,Not Admitted,Card
V003803,PT04232,DR028,D06,2024-05-06,Post-op Care,5018,0,0,Not Admitted,UPI
V003804,PT01885,DR062,D08,2025-05-08,Prenatal Care,3023,0,0,Not Admitted,Insurance
V003805,PT03080,DR080,D05,2024-05-25,Trauma,6540,0,0,Not Admitted,UPI
V003806,PT01786,DR027,D06,2025-03-02,Tumor Screening,3444,0,0,Not Admitted,Card
V003807,PT04898,DR059,D01,2024-07-27,Heart Failure,4043,0,0,Not Admitted,Card
V003808,PT03423,DR052,D06,2025-12-11,Tumor Screening,503,0,0,Not Admitted,Card
V003809,PT04767,DR058,D03,2024-12-14,Asthma,3751,0,0,Not Admitted,Insurance
V003810,PT00929,DR077,D01,2024-03-16,Heart Failure,213350,1,10,Normal,Cash
V003811,PT02798,DR059,D01,2024-06-17,CAD,478845,1,0,Referred,Cash
V003812,PT00391,DR012,D04,2025-07-03,Migraine,3842,0,0,Not Admitted,UPI
V003813,PT02218,DR001,D02,2025-08-18,Ligament Tear,740109,1,3,Normal,Card
V003814,PT02543,DR020,D01,2025-01-04,Hypertension,4694,0,0,Not Admitted,Card
V003815,PT00991,DR066,D08,2025-05-14,Prenatal Care,2429,0,0,Not Admitted,Card
V003816,PT04313,DR044,D08,2024-10-27,PCOS,203024,1,3,Normal,Cash
V003817,PT01506,DR038,D04,2025-03-08,Migraine,7163,0,0,Not Admitted,Card
V003818,PT00866,DR039,D03,2024-04-04,Asthma,7790,0,0,Not Admitted,Cash
V003819,PT00167,DR006,D02,2024-09-10,Back Pain,107800,1,11,Normal,Insurance
V003820,PT04710,DR052,D06,2025-10-18,Tumor Screening,4266,0,0,Not Admitted,Insurance
V003821,PT02094,DR072,D06,2025-01-21,Chemotherapy,649442,1,3,Normal,UPI
V003822,PT02139,DR069,D07,2025-06-11,Thyroid,2117,0,0,Not Admitted,UPI
V003823,PT03301,DR018,D05,2024-11-28,Poisoning,2619,0,0,Not Admitted,UPI
V003824,PT01825,DR003,D04,2024-09-11,Migraine,842,0,0,Not Admitted,Card
V003825,PT01242,DR034,D08,2024-04-11,Menstrual Disorder,7153,0,0,Not Admitted,Card
V003826,PT01031,DR039,D03,2025-01-09,Fever,1490,0,0,Not Admitted,Card
V003827,PT00423,DR059,D01,2024-01-04,CAD,170720,1,2,Normal,Insurance
V003828,PT02851,DR045,D08,2025-11-03,Fertility,3665,0,0,Not Admitted,UPI
V003829,PT01931,DR079,D04,2025-04-06,Epilepsy,753803,1,0,Normal,UPI
V003830,PT02632,DR043,D06,2024-03-24,Tumor Screening,2461,0,0,Not Admitted,Card
V003831,PT03315,DR050,D07,2024-06-18,Thyroid,510455,1,10,Normal,UPI
V003832,PT00884,DR051,D05,2025-08-14,Burns,429088,1,1,Normal,Insurance
V003833,PT02436,DR015,D06,2024-04-13,Tumor Screening,5596,0,0,Not Admitted,Insurance
V003834,PT03562,DR004,D05,2025-06-05,Severe Bleeding,3245,0,0,Not Admitted,Card
V003835,PT02572,DR050,D07,2025-07-30,Thyroid,5394,0,0,Not Admitted,UPI
V003836,PT02015,DR040,D08,2025-01-04,Prenatal Care,1814,0,0,Not Admitted,Insurance
V003837,PT01465,DR075,D01,2024-03-24,CAD,1593,0,0,Not Admitted,Insurance
V003838,PT03955,DR026,D05,2024-01-26,Poisoning,709,0,0,Not Admitted,Cash
V003839,PT01120,DR007,D05,2024-06-23,Trauma,511309,1,2,Normal,Card
V003840,PT00694,DR060,D04,2024-09-18,Stroke,341549,1,0,Normal,UPI
V003841,PT01222,DR036,D04,2024-10-22,Stroke,497565,1,11,Normal,UPI
V003842,PT00563,DR076,D04,2024-11-18,Stroke,3696,0,0,Not Admitted,UPI
V003843,PT02978,DR007,D05,2025-08-14,Poisoning,2211,0,0,Not Admitted,Card
V003844,PT04674,DR043,D06,2024-09-09,Tumor Screening,5705,0,0,Not Admitted,Insurance
V003845,PT00443,DR035,D06,2024-10-03,Radiotherapy,471454,1,4,Normal,UPI
V003846,PT03313,DR031,D03,2024-10-20,Vaccination,5074,0,0,Not Admitted,UPI
V003847,PT02972,DR080,D05,2025-10-27,Poisoning,191698,1,4,Normal,Insurance
V003848,PT03980,DR067,D07,2025-08-15,Infection,3219,0,0,Not Admitted,Insurance
V003849,PT04472,DR001,D02,2024-11-30,Fracture,4835,0,0,Not Admitted,UPI
V003850,PT02225,DR060,D04,2025-08-09,Epilepsy,3222,0,0,Not Admitted,Insurance
V003851,PT04941,DR052,D06,2025-12-24,Radiotherapy,7989,0,0,Not Admitted,Card
V003852,PT04116,DR009,D04,2025-05-09,Neuropathy,460871,1,4,Normal,Card
V003853,PT02912,DR021,D07,2025-07-15,Thyroid,944,0,0,Not Admitted,Cash
V003854,PT02969,DR025,D05,2024-11-11,Burns,4250,0,0,Not Admitted,Card
V003855,PT02782,DR011,D08,2025-11-23,PCOS,648113,1,4,Normal,Cash
V003856,PT00291,DR032,D07,2025-08-12,Diabetes,2950,0,0,Not Admitted,Insurance
V003857,PT04675,DR046,D02,2024-01-30,Back Pain,6663,0,0,Not Admitted,Insurance
V003858,PT04749,DR018,D05,2025-02-02,Burns,351255,1,5,Normal,UPI
V003859,PT04944,DR021,D07,2025-03-23,Diabetes,3038,0,0,Not Admitted,UPI
V003860,PT03684,DR032,D07,2024-02-25,Thyroid,4538,0,0,Not Admitted,Insurance
V003861,PT03411,DR007,D05,2025-01-02,Poisoning,2073,0,0,Not Admitted,Cash
V003862,PT01275,DR012,D04,2024-03-23,Stroke,1104,0,0,Not Admitted,Insurance
V003863,PT04446,DR037,D02,2024-04-30,Fracture,2276,0,0,Not Admitted,UPI
V003864,PT04580,DR013,D04,2025-07-15,Neuropathy,553728,1,0,Normal,UPI
V003865,PT03159,DR045,D08,2024-01-12,Menstrual Disorder,7563,0,0,Not Admitted,Card
V003866,PT00267,DR036,D04,2024-07-19,Neuropathy,3125,0,0,Not Admitted,Cash
V003867,PT00366,DR002,D02,2025-11-10,Back Pain,665818,1,2,Normal,Card
V003868,PT03086,DR075,D01,2025-01-03,Arrhythmia,2788,0,0,Not Admitted,Card
V003869,PT04855,DR044,D08,2025-11-03,Fertility,2532,0,0,Not Admitted,Cash
V003870,PT02755,DR034,D08,2024-07-01,Prenatal Care,1240,0,0,Not Admitted,Card
V003871,PT01676,DR007,D05,2025-08-07,Trauma,788,0,0,Not Admitted,Cash
V003872,PT04391,DR059,D01,2024-06-15,Arrhythmia,428066,1,11,Normal,Insurance
V003873,PT02984,DR044,D08,2024-08-22,Fertility,6149,0,0,Not Admitted,Card
V003874,PT03822,DR077,D01,2024-12-19,Hypertension,768261,1,8,Referred,Insurance
V003875,PT02424,DR024,D05,2024-06-12,Severe Bleeding,1635,0,0,Not Admitted,Cash
V003876,PT02107,DR069,D07,2025-05-21,Fever,7276,0,0,Not Admitted,Insurance
V003877,PT01464,DR055,D02,2024-01-17,Fracture,5674,0,0,Not Admitted,UPI
V003878,PT04310,DR051,D05,2025-09-24,Severe Bleeding,301217,1,5,Normal,UPI
V003879,PT01760,DR005,D05,2024-05-23,Severe Bleeding,3275,0,0,Not Admitted,UPI
V003880,PT01892,DR062,D08,2025-08-21,Prenatal Care,3471,0,0,Not Admitted,Cash
V003881,PT01707,DR072,D06,2025-02-23,Radiotherapy,7826,0,0,Not Admitted,Cash
V003882,PT00496,DR004,D05,2024-07-15,Trauma,5559,0,0,Not Admitted,Insurance
V003883,PT00592,DR042,D01,2024-06-21,Hypertension,7985,0,0,Not Admitted,UPI
V003884,PT01089,DR044,D08,2025-01-19,Menstrual Disorder,3759,0,0,Not Admitted,Card
V003885,PT00796,DR022,D08,2025-07-11,Fertility,1410,0,0,Not Admitted,Card
V003886,PT02077,DR063,D05,2024-06-27,Burns,539928,1,11,Normal,Card
V003887,PT03874,DR075,D01,2025-11-06,CAD,7545,0,0,Not Admitted,Insurance
V003888,PT03421,DR048,D04,2025-03-18,Neuropathy,1074,0,0,Not Admitted,Insurance
V003889,PT04870,DR068,D03,2025-01-28,Asthma,4198,0,0,Not Admitted,Insurance
V003890,PT04838,DR029,D05,2024-12-24,Poisoning,526,0,0,Not Admitted,Cash
V003891,PT01817,DR019,D04,2024-07-19,Neuropathy,880,0,0,Not Admitted,Card
V003892,PT00488,DR068,D03,2025-08-29,Asthma,4565,0,0,Not Admitted,UPI
V003893,PT03194,DR036,D04,2024-10-11,Epilepsy,7268,0,0,Not Admitted,Card
V003894,PT02771,DR067,D07,2024-09-24,Infection,7474,0,0,Not Admitted,Insurance
V003895,PT01356,DR012,D04,2024-04-10,Epilepsy,163283,1,1,LAMA,Insurance
V003896,PT01601,DR052,D06,2025-08-21,Chemotherapy,1843,0,0,Not Admitted,UPI
V003897,PT01214,DR032,D07,2024-02-03,Diabetes,2402,0,0,Not Admitted,Card
V003898,PT01353,DR006,D02,2024-03-14,Back Pain,6318,0,0,Not Admitted,Card
V003899,PT03684,DR004,D05,2025-08-12,Poisoning,3462,0,0,Not Admitted,Cash
V003900,PT00710,DR061,D02,2025-04-25,Fracture,958,0,0,Not Admitted,Cash
V003901,PT00465,DR039,D03,2024-10-11,Viral Infection,2040,0,0,Not Admitted,Card
V003902,PT02934,DR037,D02,2024-10-11,Arthritis,4095,0,0,Not Admitted,Card
V003903,PT01004,DR072,D06,2025-11-27,Tumor Screening,7572,0,0,Not Admitted,Cash
V003904,PT03732,DR065,D04,2024-01-06,Epilepsy,562438,1,5,Normal,Insurance
V003905,PT00762,DR072,D06,2025-07-30,Tumor Screening,382072,1,6,Normal,UPI
V003906,PT00932,DR029,D05,2024-06-06,Severe Bleeding,85557,1,3,Referred,Card
V003907,PT01029,DR040,D08,2024-06-12,PCOS,7181,0,0,Not Admitted,Card
V003908,PT03150,DR048,D04,2024-04-11,Epilepsy,1166,0,0,Not Admitted,Card
V003909,PT00086,DR001,D02,2025-07-14,Back Pain,2696,0,0,Not Admitted,Card
V003910,PT04960,DR047,D04,2025-06-14,Migraine,5945,0,0,Not Admitted,Cash
V003911,PT00877,DR077,D01,2025-04-22,Heart Failure,6178,0,0,Not Admitted,Insurance
V003912,PT04720,DR017,D08,2025-08-28,Menstrual Disorder,3196,0,0,Not Admitted,Cash
V003913,PT04288,DR037,D02,2024-04-17,Ligament Tear,680,0,0,Not Admitted,Insurance
V003914,PT03982,DR016,D06,2025-04-03,Chemotherapy,3959,0,0,Not Admitted,UPI
V003915,PT04033,DR078,D06,2025-03-19,Post-op Care,4025,0,0,Not Admitted,Card
V003916,PT04561,DR064,D02,2025-03-11,Fracture,2149,0,0,Not Admitted,Card
V003917,PT02449,DR031,D03,2025-11-01,Viral Infection,5513,0,0,Not Admitted,Insurance
V003918,PT03013,DR015,D06,2024-10-22,Chemotherapy,5959,0,0,Not Admitted,UPI
V003919,PT03118,DR072,D06,2024-04-01,Chemotherapy,114388,1,8,Expired,UPI
V003920,PT02625,DR013,D04,2024-10-05,Migraine,5083,0,0,Not Admitted,Card
V003921,PT00821,DR069,D07,2025-02-25,Infection,5897,0,0,Not Admitted,UPI
V003922,PT02353,DR027,D06,2024-10-24,Chemotherapy,240556,1,3,Normal,Cash
V003923,PT01802,DR069,D07,2025-08-24,Infection,1278,0,0,Not Admitted,Card
V003924,PT00539,DR022,D08,2024-01-23,Fertility,394528,1,6,Normal,Card
V003925,PT04392,DR075,D01,2024-06-27,Heart Failure,7123,0,0,Not Admitted,Cash
V003926,PT03813,DR059,D01,2024-07-26,CAD,6484,0,0,Not Admitted,Insurance
V003927,PT03462,DR007,D05,2024-01-03,Burns,6541,0,0,Not Admitted,Cash
V003928,PT03623,DR071,D03,2024-12-23,Vaccination,2163,0,0,Not Admitted,Cash
V003929,PT01485,DR056,D02,2024-01-06,Back Pain,2132,0,0,Not Admitted,UPI
V003930,PT03252,DR074,D03,2025-03-25,Fever,4042,0,0,Not Admitted,Card
V003931,PT04078,DR018,D05,2025-08-18,Poisoning,5229,0,0,Not Admitted,Insurance
V003932,PT02093,DR060,D04,2025-04-12,Stroke,4371,0,0,Not Admitted,Insurance
V003933,PT02133,DR013,D04,2024-01-05,Stroke,5117,0,0,Not Admitted,UPI
V003934,PT01221,DR075,D01,2024-10-11,Heart Failure,4498,0,0,Not Admitted,Card
V003935,PT04787,DR039,D03,2025-04-01,Fever,7955,0,0,Not Admitted,UPI
V003936,PT02207,DR076,D04,2025-04-07,Migraine,792,0,0,Not Admitted,Cash
V003937,PT04738,DR059,D01,2024-06-19,Arrhythmia,2249,0,0,Not Admitted,UPI
V003938,PT00320,DR020,D01,2025-07-28,Heart Failure,4400,0,0,Not Admitted,Card
V003939,PT02038,DR039,D03,2024-11-03,Vaccination,2823,0,0,Not Admitted,Insurance
V003940,PT00178,DR058,D03,2025-09-27,Asthma,1275,0,0,Not Admitted,UPI
V003941,PT04823,DR022,D08,2025-10-30,Prenatal Care,791,0,0,Not Admitted,Card
V003942,PT04212,DR005,D05,2024-05-30,Burns,1383,0,0,Not Admitted,Insurance
V003943,PT02473,DR036,D04,2024-10-12,Neuropathy,1357,0,0,Not Admitted,Insurance
V003944,PT02934,DR078,D06,2024-11-10,Radiotherapy,4547,0,0,Not Admitted,UPI
V003945,PT04519,DR035,D06,2025-07-21,Tumor Screening,560853,1,7,Normal,UPI
V003946,PT01401,DR033,D05,2025-07-13,Burns,2056,0,0,Not Admitted,UPI
V003947,PT03339,DR024,D05,2024-06-18,Trauma,2980,0,0,Not Admitted,UPI
V003948,PT01137,DR030,D02,2025-12-14,Ligament Tear,2897,0,0,Not Admitted,Card
V003949,PT00696,DR007,D05,2024-02-24,Severe Bleeding,4067,0,0,Not Admitted,Card
V003950,PT01286,DR035,D06,2024-01-27,Chemotherapy,135403,1,6,Normal,Insurance
V003951,PT03255,DR006,D02,2024-04-13,Fracture,4238,0,0,Not Admitted,Insurance
V003952,PT01336,DR059,D01,2025-08-21,Heart Failure,5500,0,0,Not Admitted,Cash
V003953,PT00153,DR006,D02,2025-01-20,Ligament Tear,1979,0,0,Not Admitted,Insurance
V003954,PT04846,DR032,D07,2024-07-18,Fever,66463,1,4,Normal,Cash
V003955,PT02819,DR071,D03,2025-08-22,Vaccination,534,0,0,Not Admitted,UPI
V003956,PT01011,DR080,D05,2024-05-31,Severe Bleeding,6603,0,0,Not Admitted,UPI
V003957,PT01127,DR074,D03,2024-10-10,Viral Infection,7933,0,0,Not Admitted,Cash
V003958,PT03557,DR001,D02,2025-06-21,Ligament Tear,803,0,0,Not Admitted,Card
V003959,PT02360,DR080,D05,2025-02-02,Severe Bleeding,325335,1,3,Normal,Insurance
V003960,PT02307,DR056,D02,2025-11-14,Ligament Tear,2138,0,0,Not Admitted,Cash
V003961,PT00203,DR037,D02,2024-09-17,Fracture,321958,1,1,Normal,Insurance
V003962,PT01081,DR003,D04,2025-03-23,Epilepsy,5394,0,0,Not Admitted,UPI
V003963,PT04618,DR049,D01,2024-07-15,Arrhythmia,7453,0,0,Not Admitted,Cash
V003964,PT02171,DR022,D08,2024-04-27,PCOS,6457,0,0,Not Admitted,Card
V003965,PT04661,DR022,D08,2024-02-28,Fertility,5951,0,0,Not Admitted,Cash
V003966,PT02383,DR031,D03,2024-11-18,Fever,3950,0,0,Not Admitted,Insurance
V003967,PT01336,DR024,D05,2025-05-28,Poisoning,7237,0,0,Not Admitted,Insurance
V003968,PT02522,DR026,D05,2024-08-15,Poisoning,4013,0,0,Not Admitted,UPI
V003969,PT00738,DR014,D04,2025-09-10,Migraine,7386,0,0,Not Admitted,Insurance
V003970,PT04738,DR067,D07,2024-07-31,Infection,3422,0,0,Not Admitted,UPI
V003971,PT02917,DR026,D05,2025-09-03,Severe Bleeding,4273,0,0,Not Admitted,Card
V003972,PT03615,DR041,D07,2025-11-06,Infection,3750,0,0,Not Admitted,Insurance
V003973,PT04786,DR047,D04,2024-11-05,Migraine,3719,0,0,Not Admitted,Insurance
V003974,PT00907,DR073,D04,2024-06-19,Stroke,1822,0,0,Not Admitted,Card
V003975,PT02351,DR027,D06,2024-07-23,Tumor Screening,6410,0,0,Not Admitted,Insurance
V003976,PT04209,DR018,D05,2025-02-12,Poisoning,629989,1,0,Normal,Insurance
V003977,PT04593,DR042,D01,2024-12-08,Hypertension,6761,0,0,Not Admitted,UPI
V003978,PT00470,DR043,D06,2024-03-18,Post-op Care,5261,0,0,Not Admitted,Insurance
V003979,PT03747,DR009,D04,2025-05-07,Stroke,5574,0,0,Not Admitted,Insurance
V003980,PT02094,DR016,D06,2025-04-14,Radiotherapy,6771,0,0,Not Admitted,Insurance
V003981,PT01734,DR049,D01,2025-05-24,CAD,982,0,0,Not Admitted,Card
V003982,PT00307,DR027,D06,2024-04-24,Post-op Care,2754,0,0,Not Admitted,Card
V003983,PT04596,DR070,D03,2024-06-01,Fever,5949,0,0,Not Admitted,Card
V003984,PT00793,DR049,D01,2024-07-14,Hypertension,1687,0,0,Not Admitted,Card
V003985,PT01417,DR035,D06,2025-08-11,Tumor Screening,5173,0,0,Not Admitted,Insurance
V003986,PT01776,DR045,D08,2024-04-23,Fertility,3143,0,0,Not Admitted,Insurance
V003987,PT01677,DR006,D02,2025-07-12,Ligament Tear,30302,1,10,Normal,Cash
V003988,PT00581,DR068,D03,2025-12-11,Asthma,3751,0,0,Not Admitted,Card
V003989,PT03428,DR023,D02,2025-04-26,Fracture,5860,0,0,Not Admitted,Insurance
V003990,PT03346,DR033,D05,2025-07-12,Trauma,338545,1,1,Normal,Cash
V003991,PT01418,DR021,D07,2024-04-28,Infection,45186,1,3,Normal,Card
V003992,PT04785,DR052,D06,2024-02-12,Tumor Screening,3168,0,0,Not Admitted,UPI
V003993,PT00961,DR036,D04,2024-03-31,Migraine,1743,0,0,Not Admitted,Insurance
V003994,PT03181,DR053,D03,2024-11-13,Viral Infection,3609,0,0,Not Admitted,Insurance
V003995,PT02742,DR038,D04,2025-12-12,Stroke,1141,0,0,Not Admitted,Card
V003996,PT02388,DR026,D05,2024-01-15,Trauma,1129,0,0,Not Admitted,Insurance
V003997,PT04571,DR068,D03,2024-01-10,Vaccination,5382,0,0,Not Admitted,Card
V003998,PT00506,DR011,D08,2025-01-16,PCOS,3987,0,0,Not Admitted,UPI
V003999,PT01930,DR018,D05,2025-06-12,Burns,417418,1,3,LAMA,Cash
V004000,PT00910,DR067,D07,2025-09-28,Infection,3368,0,0,Not Admitted,Insurance
V004001,PT04386,DR042,D01,2025-04-04,Heart Failure,3510,0,0,Not Admitted,Card
V004002,PT03489,DR078,D06,2024-09-24,Radiotherapy,4647,0,0,Not Admitted,UPI
V004003,PT04270,DR037,D02,2024-05-24,Back Pain,6785,0,0,Not Admitted,Insurance
V004004,PT04886,DR015,D06,2024-01-05,Radiotherapy,843,0,0,Not Admitted,UPI
V004005,PT02035,DR071,D03,2025-08-02,Vaccination,3665,0,0,Not Admitted,UPI
V004006,PT04931,DR069,D07,2025-03-28,Diabetes,6696,0,0,Not Admitted,UPI
V004007,PT04464,DR074,D03,2025-12-07,Asthma,2173,0,0,Not Admitted,Card
V004008,PT00685,DR024,D05,2025-05-16,Trauma,220403,1,10,Normal,Card
V004009,PT03645,DR019,D04,2025-09-24,Epilepsy,1820,0,0,Not Admitted,Cash
V004010,PT03129,DR001,D02,2024-12-25,Back Pain,6587,0,0,Not Admitted,Card
V004011,PT02499,DR059,D01,2024-06-28,Heart Failure,2806,0,0,Not Admitted,UPI
V004012,PT01964,DR049,D01,2025-01-28,Hypertension,2184,0,0,Not Admitted,UPI
V004013,PT02327,DR053,D03,2025-09-24,Asthma,2696,0,0,Not Admitted,Cash
V004014,PT04850,DR028,D06,2024-02-15,Tumor Screening,2263,0,0,Not Admitted,Cash
V004015,PT03460,DR032,D07,2024-01-28,Diabetes,7644,0,0,Not Admitted,Cash
V004016,PT04115,DR079,D04,2025-09-27,Epilepsy,523100,1,2,Normal,Card
V004017,PT01574,DR016,D06,2025-03-05,Chemotherapy,7544,0,0,Not Admitted,UPI
V004018,PT04892,DR041,D07,2025-01-04,Infection,5394,0,0,Not Admitted,Insurance
V004019,PT02332,DR053,D03,2025-09-12,Vaccination,3139,0,0,Not Admitted,UPI
V004020,PT00661,DR017,D08,2024-05-07,Fertility,5450,0,0,Not Admitted,Card
V004021,PT03649,DR037,D02,2024-08-20,Back Pain,6064,0,0,Not Admitted,Cash
V004022,PT02544,DR001,D02,2024-05-02,Back Pain,7568,0,0,Not Admitted,Insurance
V004023,PT01449,DR018,D05,2025-04-02,Trauma,5059,0,0,Not Admitted,Insurance
V004024,PT04195,DR067,D07,2024-04-22,Diabetes,3390,0,0,Not Admitted,Cash
V004025,PT00961,DR063,D05,2025-12-05,Burns,4122,0,0,Not Admitted,Insurance
V004026,PT04446,DR051,D05,2025-01-04,Trauma,1939,0,0,Not Admitted,Card
V004027,PT02526,DR061,D02,2024-06-14,Ligament Tear,350656,1,10,Normal,Card
V004028,PT04127,DR032,D07,2024-08-22,Fever,7481,0,0,Not Admitted,UPI
V004029,PT03713,DR020,D01,2024-11-06,Arrhythmia,2079,0,0,Not Admitted,Cash
V004030,PT01125,DR015,D06,2024-01-24,Radiotherapy,1409,0,0,Not Admitted,Cash
V004031,PT02712,DR016,D06,2025-06-10,Post-op Care,679222,1,3,Normal,UPI
V004032,PT00257,DR070,D03,2025-12-20,Asthma,2667,0,0,Not Admitted,Card
V004033,PT00520,DR066,D08,2024-06-26,Fertility,5377,0,0,Not Admitted,Card
V004034,PT03596,DR072,D06,2024-06-09,Radiotherapy,5508,0,0,Not Admitted,Insurance
V004035,PT04591,DR070,D03,2025-01-08,Vaccination,3409,0,0,Not Admitted,Card
V004036,PT04113,DR080,D05,2024-05-19,Poisoning,338731,1,0,Referred,Cash
V004037,PT01953,DR008,D02,2024-07-09,Ligament Tear,4169,0,0,Not Admitted,Card
V004038,PT01198,DR036,D04,2025-04-11,Neuropathy,255975,1,10,Normal,Insurance
V004039,PT03908,DR045,D08,2024-03-28,Fertility,3416,0,0,Not Admitted,Cash
V004040,PT03392,DR053,D03,2025-09-01,Fever,3719,0,0,Not Admitted,Insurance
V004041,PT04568,DR052,D06,2025-12-08,Post-op Care,2711,0,0,Not Admitted,Cash
V004042,PT00134,DR034,D08,2024-10-16,Prenatal Care,2439,0,0,Not Admitted,UPI
V004043,PT00442,DR032,D07,2024-09-06,Infection,5970,0,0,Not Admitted,UPI
V004044,PT02113,DR011,D08,2024-04-29,Fertility,4617,0,0,Not Admitted,Card
V004045,PT04475,DR057,D04,2024-03-09,Neuropathy,3219,0,0,Not Admitted,Cash
V004046,PT01009,DR074,D03,2025-06-03,Viral Infection,3697,0,0,Not Admitted,Cash
V004047,PT02015,DR040,D08,2024-10-06,Prenatal Care,585,0,0,Not Admitted,Insurance
V004048,PT04327,DR059,D01,2025-01-17,Arrhythmia,7088,0,0,Not Admitted,Insurance
V004049,PT04635,DR076,D04,2025-01-16,Epilepsy,734146,1,1,Normal,Insurance
V004050,PT02113,DR020,D01,2025-09-10,Heart Failure,2690,0,0,Not Admitted,UPI
V004051,PT03425,DR002,D02,2025-10-17,Arthritis,331867,1,5,Normal,Card
V004052,PT00247,DR027,D06,2024-07-05,Tumor Screening,5656,0,0,Not Admitted,UPI
V004053,PT01877,DR031,D03,2024-02-25,Fever,150084,1,8,Referred,Cash
V004054,PT02649,DR016,D06,2024-07-14,Post-op Care,698606,1,12,Normal,Cash
V004055,PT04510,DR071,D03,2024-07-29,Fever,7312,0,0,Not Admitted,Insurance
V004056,PT03141,DR045,D08,2024-03-17,PCOS,4499,0,0,Not Admitted,UPI
V004057,PT00082,DR059,D01,2025-11-04,Hypertension,3646,0,0,Not Admitted,Insurance
V004058,PT02907,DR016,D06,2024-03-02,Tumor Screening,729,0,0,Not Admitted,Insurance
V004059,PT00797,DR048,D04,2024-07-01,Epilepsy,680,0,0,Not Admitted,Card
V004060,PT04229,DR075,D01,2025-04-10,CAD,2155,0,0,Not Admitted,Cash
V004061,PT03550,DR016,D06,2024-08-18,Radiotherapy,334898,1,3,Normal,Card
V004062,PT02033,DR068,D03,2024-06-07,Fever,1046,0,0,Not Admitted,Insurance
V004063,PT03399,DR080,D05,2025-07-19,Trauma,1633,0,0,Not Admitted,Cash
V004064,PT01430,DR050,D07,2025-01-13,Diabetes,3186,0,0,Not Admitted,Cash
V004065,PT04101,DR057,D04,2025-10-27,Neuropathy,6954,0,0,Not Admitted,UPI
V004066,PT03324,DR075,D01,2025-02-23,CAD,3162,0,0,Not Admitted,Card
V004067,PT00661,DR044,D08,2024-02-22,PCOS,7693,0,0,Not Admitted,UPI
V004068,PT02000,DR067,D07,2024-12-04,Diabetes,5678,0,0,Not Admitted,Card
V004069,PT01784,DR004,D05,2025-10-25,Poisoning,5552,0,0,Not Admitted,UPI
V004070,PT04884,DR063,D05,2024-12-02,Poisoning,2551,0,0,Not Admitted,Insurance
V004071,PT03164,DR070,D03,2024-08-27,Fever,354618,1,7,Referred,Insurance
V004072,PT04159,DR058,D03,2025-07-23,Fever,1124,0,0,Not Admitted,UPI
V004073,PT00596,DR067,D07,2025-09-22,Fever,4683,0,0,Not Admitted,Insurance
V004074,PT00361,DR048,D04,2025-04-29,Migraine,1407,0,0,Not Admitted,UPI
V004075,PT02073,DR049,D01,2025-06-04,CAD,2770,0,0,Not Admitted,Card
V004076,PT00733,DR012,D04,2025-11-20,Neuropathy,170376,1,6,Normal,Card
V004077,PT01081,DR030,D02,2024-03-29,Back Pain,791730,1,4,Normal,Cash
V004078,PT03553,DR006,D02,2025-02-20,Fracture,2957,0,0,Not Admitted,Insurance
V004079,PT03452,DR049,D01,2024-01-08,Heart Failure,5760,0,0,Not Admitted,Insurance
V004080,PT01312,DR007,D05,2024-09-02,Severe Bleeding,1856,0,0,Not Admitted,Card
V004081,PT02286,DR028,D06,2025-03-15,Radiotherapy,1140,0,0,Not Admitted,Card
V004082,PT04033,DR018,D05,2025-07-03,Trauma,6407,0,0,Not Admitted,Cash
V004083,PT04977,DR011,D08,2025-03-02,Prenatal Care,5340,0,0,Not Admitted,Cash
V004084,PT00077,DR022,D08,2025-04-27,Prenatal Care,1297,0,0,Not Admitted,Card
V004085,PT04756,DR038,D04,2025-04-10,Epilepsy,7529,0,0,Not Admitted,Cash
V004086,PT00558,DR035,D06,2025-07-10,Tumor Screening,5965,0,0,Not Admitted,Card
V004087,PT01101,DR042,D01,2025-11-11,Heart Failure,525956,1,4,Normal,Insurance
V004088,PT00385,DR037,D02,2025-06-21,Arthritis,1288,0,0,Not Admitted,UPI
V004089,PT02607,DR075,D01,2024-11-27,CAD,7807,0,0,Not Admitted,UPI
V004090,PT03329,DR075,D01,2024-09-14,Heart Failure,521240,1,3,Normal,UPI
V004091,PT03215,DR045,D08,2024-09-12,Fertility,646111,1,5,Normal,UPI
V004092,PT04059,DR042,D01,2024-06-29,Heart Failure,2258,0,0,Not Admitted,Cash
V004093,PT03302,DR077,D01,2025-01-04,Arrhythmia,1449,0,0,Not Admitted,UPI
V004094,PT01486,DR074,D03,2025-09-09,Viral Infection,4779,0,0,Not Admitted,Cash
V004095,PT02176,DR007,D05,2024-06-22,Trauma,5855,0,0,Not Admitted,UPI
V004096,PT00025,DR052,D06,2025-12-03,Post-op Care,7249,0,0,Not Admitted,Card
V004097,PT00259,DR047,D04,2024-05-29,Stroke,227778,1,1,Normal,Insurance
V004098,PT04359,DR044,D08,2025-09-11,PCOS,2954,0,0,Not Admitted,UPI
V004099,PT03398,DR007,D05,2024-12-24,Poisoning,3057,0,0,Not Admitted,Card
V004100,PT00791,DR059,D01,2024-11-12,CAD,7862,0,0,Not Admitted,Cash
V004101,PT02358,DR064,D02,2025-03-10,Ligament Tear,6791,0,0,Not Admitted,Insurance
V004102,PT04803,DR011,D08,2024-02-26,PCOS,492036,1,3,Normal,UPI
V004103,PT03234,DR004,D05,2024-05-08,Trauma,476364,1,11,Normal,Insurance
V004104,PT01080,DR078,D06,2025-03-04,Chemotherapy,6665,0,0,Not Admitted,Insurance
V004105,PT01153,DR040,D08,2024-02-23,Prenatal Care,4095,0,0,Not Admitted,Cash
V004106,PT04600,DR077,D01,2025-05-03,Hypertension,6685,0,0,Not Admitted,UPI
V004107,PT03646,DR034,D08,2024-05-29,Menstrual Disorder,440544,1,9,Normal,Card
V004108,PT04336,DR041,D07,2024-03-04,Fever,76983,1,5,Normal,Card
V004109,PT00554,DR026,D05,2025-08-12,Severe Bleeding,397157,1,4,Referred,Cash
V004110,PT03325,DR002,D02,2024-05-26,Back Pain,1661,0,0,Not Admitted,UPI
V004111,PT04793,DR030,D02,2025-06-09,Fracture,5955,0,0,Not Admitted,Cash
V004112,PT03581,DR040,D08,2024-05-23,Prenatal Care,6822,0,0,Not Admitted,Card
V004113,PT02672,DR033,D05,2025-04-18,Burns,728253,1,3,Normal,UPI
V004114,PT00149,DR009,D04,2024-09-16,Migraine,2368,0,0,Not Admitted,Card
V004115,PT03203,DR013,D04,2025-01-28,Epilepsy,5758,0,0,Not Admitted,Card
V004116,PT02815,DR012,D04,2025-10-20,Stroke,562,0,0,Not Admitted,UPI
V004117,PT03511,DR050,D07,2024-06-18,Fever,2799,0,0,Not Admitted,Insurance
V004118,PT02848,DR077,D01,2024-03-06,Hypertension,630505,1,10,Normal,Insurance
V004119,PT01217,DR067,D07,2024-04-03,Diabetes,6362,0,0,Not Admitted,UPI
V004120,PT00925,DR035,D06,2024-07-16,Post-op Care,6837,0,0,Not Admitted,Card
V004121,PT02975,DR020,D01,2025-11-17,Heart Failure,616242,1,1,LAMA,UPI
V004122,PT02781,DR005,D05,2024-07-26,Trauma,1948,0,0,Not Admitted,Card
V004123,PT00799,DR039,D03,2025-11-07,Viral Infection,7668,0,0,Not Admitted,Cash
V004124,PT01275,DR005,D05,2024-03-05,Burns,1046,0,0,Not Admitted,Cash
V004125,PT03165,DR009,D04,2025-07-13,Migraine,869,0,0,Not Admitted,Cash
V004126,PT01862,DR074,D03,2025-06-01,Vaccination,4277,0,0,Not Admitted,UPI
V004127,PT00843,DR015,D06,2025-03-22,Tumor Screening,5771,0,0,Not Admitted,Card
V004128,PT02233,DR015,D06,2024-05-21,Tumor Screening,668608,1,2,Normal,UPI
V004129,PT01939,DR004,D05,2025-08-21,Trauma,2083,0,0,Not Admitted,Card
V004130,PT02379,DR035,D06,2025-01-04,Tumor Screening,369457,1,2,Normal,Cash
V004131,PT03212,DR028,D06,2024-03-13,Radiotherapy,6663,0,0,Not Admitted,Cash
V004132,PT00890,DR028,D06,2024-11-18,Post-op Care,7518,0,0,Not Admitted,Cash
V004133,PT00816,DR038,D04,2025-10-30,Epilepsy,4002,0,0,Not Admitted,Insurance
V004134,PT01145,DR008,D02,2024-05-06,Arthritis,4535,0,0,Not Admitted,UPI
V004135,PT01022,DR034,D08,2025-12-05,PCOS,6582,0,0,Not Admitted,Card
V004136,PT04232,DR031,D03,2024-06-04,Fever,138886,1,1,LAMA,Cash
V004137,PT01794,DR042,D01,2025-06-03,Arrhythmia,7750,0,0,Not Admitted,Insurance
V004138,PT04976,DR046,D02,2024-07-11,Fracture,5663,0,0,Not Admitted,UPI
V004139,PT04619,DR059,D01,2024-06-14,Arrhythmia,619183,1,12,Normal,Insurance
V004140,PT04255,DR030,D02,2024-09-29,Back Pain,5778,0,0,Not Admitted,Cash
V004141,PT04447,DR076,D04,2025-01-13,Migraine,3468,0,0,Not Admitted,UPI
V004142,PT00422,DR032,D07,2025-05-27,Infection,626500,1,6,Normal,UPI
V004143,PT04339,DR080,D05,2024-10-06,Poisoning,632803,1,3,Expired,UPI
V004144,PT03865,DR004,D05,2025-06-10,Burns,6122,0,0,Not Admitted,Cash
V004145,PT01253,DR077,D01,2025-05-11,CAD,1687,0,0,Not Admitted,Card
V004146,PT04724,DR075,D01,2024-04-02,Heart Failure,4930,0,0,Not Admitted,Cash
V004147,PT03209,DR041,D07,2024-07-13,Fever,3251,0,0,Not Admitted,UPI
V004148,PT00443,DR032,D07,2025-11-24,Fever,2737,0,0,Not Admitted,Card
V004149,PT03452,DR029,D05,2024-12-14,Poisoning,2479,0,0,Not Admitted,Cash
V004150,PT03645,DR031,D03,2025-03-02,Vaccination,3322,0,0,Not Admitted,Insurance
V004151,PT00712,DR056,D02,2025-04-30,Ligament Tear,3842,0,0,Not Admitted,Card
V004152,PT02197,DR051,D05,2025-11-06,Poisoning,4755,0,0,Not Admitted,Insurance
V004153,PT00954,DR016,D06,2025-04-26,Chemotherapy,432807,1,7,Normal,Insurance
V004154,PT04828,DR071,D03,2024-06-19,Vaccination,7826,0,0,Not Admitted,Insurance
V004155,PT01457,DR067,D07,2024-12-25,Thyroid,1922,0,0,Not Admitted,Card
V004156,PT03563,DR020,D01,2025-09-01,CAD,2256,0,0,Not Admitted,Card
V004157,PT00544,DR033,D05,2025-06-30,Severe Bleeding,6397,0,0,Not Admitted,Insurance
V004158,PT03299,DR066,D08,2024-10-18,Fertility,4114,0,0,Not Admitted,Cash
V004159,PT00098,DR069,D07,2025-10-29,Infection,5402,0,0,Not Admitted,Insurance
V004160,PT03474,DR044,D08,2024-08-27,Prenatal Care,2308,0,0,Not Admitted,Insurance
V004161,PT02055,DR034,D08,2025-04-24,Menstrual Disorder,7131,0,0,Not Admitted,Cash
V004162,PT02626,DR025,D05,2024-01-07,Severe Bleeding,939,0,0,Not Admitted,Card
V004163,PT01595,DR049,D01,2024-04-22,Arrhythmia,2192,0,0,Not Admitted,Cash
V004164,PT02366,DR054,D02,2025-04-26,Ligament Tear,6231,0,0,Not Admitted,UPI
V004165,PT02109,DR003,D04,2024-04-08,Epilepsy,2420,0,0,Not Admitted,Cash
V004166,PT02718,DR069,D07,2024-05-07,Fever,1502,0,0,Not Admitted,Card
V004167,PT00687,DR031,D03,2025-01-25,Asthma,2204,0,0,Not Admitted,UPI
V004168,PT01156,DR015,D06,2025-04-25,Tumor Screening,3930,0,0,Not Admitted,Card
V004169,PT04248,DR026,D05,2024-05-17,Trauma,124679,1,11,Normal,Cash
V004170,PT00652,DR066,D08,2024-06-17,Fertility,878,0,0,Not Admitted,Insurance
V004171,PT02099,DR005,D05,2025-08-01,Severe Bleeding,6422,0,0,Not Admitted,Insurance
V004172,PT00902,DR068,D03,2025-04-19,Fever,232965,1,5,Normal,Cash
V004173,PT04884,DR040,D08,2025-02-28,Fertility,2219,0,0,Not Admitted,UPI
V004174,PT04331,DR065,D04,2025-01-15,Migraine,4858,0,0,Not Admitted,Cash
V004175,PT03823,DR035,D06,2024-10-13,Radiotherapy,7363,0,0,Not Admitted,Card
V004176,PT03673,DR040,D08,2024-04-23,Menstrual Disorder,2015,0,0,Not Admitted,UPI
V004177,PT00608,DR014,D04,2024-05-06,Migraine,4122,0,0,Not Admitted,Cash
V004178,PT01188,DR013,D04,2025-03-10,Migraine,6100,0,0,Not Admitted,Card
V004179,PT01798,DR072,D06,2024-10-03,Radiotherapy,7305,0,0,Not Admitted,Cash
V004180,PT00844,DR040,D08,2025-04-07,Prenatal Care,2720,0,0,Not Admitted,Card
V004181,PT01236,DR032,D07,2024-03-26,Thyroid,2094,0,0,Not Admitted,Card
V004182,PT02627,DR049,D01,2025-02-12,Heart Failure,4200,0,0,Not Admitted,Card
V004183,PT00556,DR004,D05,2024-02-08,Poisoning,1728,0,0,Not Admitted,UPI
V004184,PT04681,DR052,D06,2025-04-15,Chemotherapy,1065,0,0,Not Admitted,UPI
V004185,PT04764,DR067,D07,2025-12-04,Diabetes,7239,0,0,Not Admitted,Cash
V004186,PT00263,DR062,D08,2025-07-04,PCOS,3683,0,0,Not Admitted,Insurance
V004187,PT00135,DR062,D08,2025-11-27,PCOS,7161,0,0,Not Admitted,Cash
V004188,PT03309,DR014,D04,2025-06-16,Migraine,228430,1,0,Normal,Cash
V004189,PT03101,DR010,D02,2025-09-16,Arthritis,6361,0,0,Not Admitted,UPI
V004190,PT01584,DR022,D08,2024-10-19,Fertility,3868,0,0,Not Admitted,Cash
V004191,PT04280,DR078,D06,2024-01-24,Post-op Care,4317,0,0,Not Admitted,Card
V004192,PT02350,DR042,D01,2025-01-18,CAD,4425,0,0,Not Admitted,Insurance
V004193,PT02489,DR042,D01,2024-05-10,Arrhythmia,2338,0,0,Not Admitted,UPI
V004194,PT04124,DR055,D02,2024-10-30,Back Pain,2077,0,0,Not Admitted,Insurance
V004195,PT01460,DR055,D02,2024-09-08,Ligament Tear,7594,0,0,Not Admitted,Card
V004196,PT00261,DR071,D03,2025-07-02,Vaccination,7273,0,0,Not Admitted,UPI
V004197,PT03813,DR043,D06,2025-05-18,Tumor Screening,2414,0,0,Not Admitted,Insurance
V004198,PT04673,DR031,D03,2024-06-03,Fever,363094,1,2,Normal,Insurance
V004199,PT01383,DR039,D03,2024-07-07,Fever,272135,1,7,Normal,Cash
V004200,PT03182,DR066,D08,2025-07-01,Prenatal Care,987,0,0,Not Admitted,Card
V004201,PT04689,DR042,D01,2025-09-22,CAD,1715,0,0,Not Admitted,Card
V004202,PT00061,DR015,D06,2025-01-10,Radiotherapy,213775,1,10,Normal,Cash
V004203,PT00324,DR071,D03,2024-11-02,Fever,2301,0,0,Not Admitted,Insurance
V004204,PT02289,DR020,D01,2025-06-08,Heart Failure,948,0,0,Not Admitted,Cash
V004205,PT00808,DR041,D07,2024-09-17,Infection,317452,1,12,Normal,Insurance
V004206,PT01353,DR070,D03,2024-07-05,Asthma,733268,1,1,Normal,Insurance
V004207,PT00992,DR058,D03,2024-09-07,Asthma,786262,1,11,Normal,Cash
V004208,PT04055,DR028,D06,2025-06-03,Tumor Screening,2028,0,0,Not Admitted,Card
V004209,PT00695,DR059,D01,2024-06-25,CAD,677608,1,11,Normal,Insurance
V004210,PT01163,DR002,D02,2025-09-06,Back Pain,2332,0,0,Not Admitted,Insurance
V004211,PT01468,DR078,D06,2025-09-17,Tumor Screening,5925,0,0,Not Admitted,Insurance
V004212,PT00988,DR080,D05,2025-10-30,Poisoning,7386,0,0,Not Admitted,Card
V004213,PT04402,DR064,D02,2025-10-01,Ligament Tear,5467,0,0,Not Admitted,Insurance
V004214,PT00841,DR017,D08,2025-02-20,Prenatal Care,5370,0,0,Not Admitted,Card
V004215,PT03653,DR004,D05,2024-08-02,Severe Bleeding,6159,0,0,Not Admitted,Insurance
V004216,PT04587,DR033,D05,2024-04-22,Trauma,2971,0,0,Not Admitted,Cash
V004217,PT01194,DR077,D01,2025-02-20,CAD,3616,0,0,Not Admitted,Insurance
V004218,PT04054,DR042,D01,2025-09-22,Arrhythmia,6279,0,0,Not Admitted,UPI
V004219,PT03733,DR027,D06,2024-05-28,Radiotherapy,5496,0,0,Not Admitted,Card
V004220,PT02874,DR071,D03,2024-02-22,Vaccination,3602,0,0,Not Admitted,UPI
V004221,PT01167,DR037,D02,2025-03-11,Fracture,7819,0,0,Not Admitted,Card
V004222,PT04723,DR029,D05,2025-12-23,Trauma,395067,1,3,Normal,Cash
V004223,PT04779,DR076,D04,2025-10-26,Epilepsy,6826,0,0,Not Admitted,Insurance
V004224,PT03485,DR066,D08,2025-11-14,Menstrual Disorder,5055,0,0,Not Admitted,UPI
V004225,PT01118,DR069,D07,2024-04-28,Fever,6329,0,0,Not Admitted,Cash
V004226,PT00757,DR052,D06,2024-10-22,Radiotherapy,452952,1,0,Referred,Card
V004227,PT01065,DR027,D06,2025-12-03,Post-op Care,714172,1,5,Normal,Card
V004228,PT02380,DR023,D02,2025-09-29,Ligament Tear,607,0,0,Not Admitted,Cash
V004229,PT03560,DR040,D08,2025-07-16,Prenatal Care,388090,1,7,Normal,UPI
V004230,PT04616,DR046,D02,2025-05-10,Arthritis,449652,1,1,Normal,Cash
V004231,PT01573,DR048,D04,2024-10-04,Epilepsy,2345,0,0,Not Admitted,Cash
V004232,PT03717,DR075,D01,2025-09-18,Heart Failure,5426,0,0,Not Admitted,Cash
V004233,PT04124,DR057,D04,2024-04-30,Stroke,82376,1,11,Normal,Insurance
V004234,PT02116,DR035,D06,2025-02-13,Chemotherapy,2049,0,0,Not Admitted,Insurance
V004235,PT02987,DR016,D06,2025-07-04,Post-op Care,3420,0,0,Not Admitted,UPI
V004236,PT02057,DR024,D05,2025-12-16,Poisoning,784,0,0,Not Admitted,Card
V004237,PT02993,DR068,D03,2025-12-03,Vaccination,365728,1,5,LAMA,Insurance
V004238,PT03709,DR068,D03,2025-06-22,Fever,7104,0,0,Not Admitted,Card
V004239,PT04697,DR025,D05,2024-05-14,Burns,1652,0,0,Not Admitted,UPI
V004240,PT01799,DR004,D05,2024-06-08,Severe Bleeding,6573,0,0,Not Admitted,Card
V004241,PT04354,DR052,D06,2025-10-24,Tumor Screening,4116,0,0,Not Admitted,Card
V004242,PT00521,DR001,D02,2025-03-20,Arthritis,4647,0,0,Not Admitted,Card
V004243,PT04843,DR068,D03,2024-12-22,Fever,558426,1,1,Normal,Cash
V004244,PT03022,DR030,D02,2024-03-26,Ligament Tear,3524,0,0,Not Admitted,Cash
V004245,PT01584,DR032,D07,2024-08-15,Thyroid,742190,1,10,Normal,Insurance
V004246,PT03756,DR055,D02,2024-12-22,Back Pain,604,0,0,Not Admitted,Card
V004247,PT03195,DR072,D06,2025-02-17,Chemotherapy,2667,0,0,Not Admitted,Cash
V004248,PT04133,DR028,D06,2025-09-25,Radiotherapy,6153,0,0,Not Admitted,UPI
V004249,PT00832,DR071,D03,2025-01-12,Viral Infection,2646,0,0,Not Admitted,Insurance
V004250,PT02585,DR050,D07,2025-01-07,Infection,6654,0,0,Not Admitted,UPI
V004251,PT02930,DR025,D05,2024-01-14,Burns,3636,0,0,Not Admitted,UPI
V004252,PT03349,DR037,D02,2025-04-03,Ligament Tear,628063,1,0,Normal,Cash
V004253,PT01857,DR068,D03,2024-10-14,Viral Infection,1764,0,0,Not Admitted,Card
V004254,PT02586,DR012,D04,2025-03-09,Stroke,4622,0,0,Not Admitted,Card
V004255,PT04903,DR041,D07,2024-07-09,Diabetes,4568,0,0,Not Admitted,UPI
V004256,PT01768,DR034,D08,2025-10-07,Menstrual Disorder,6536,0,0,Not Admitted,Cash
V004257,PT03139,DR069,D07,2024-02-27,Infection,531078,1,7,Normal,Cash
V004258,PT02970,DR024,D05,2024-12-08,Trauma,479004,1,5,Normal,Insurance
V004259,PT02471,DR067,D07,2024-04-21,Thyroid,3629,0,0,Not Admitted,UPI
V004260,PT03702,DR050,D07,2024-01-07,Thyroid,7510,0,0,Not Admitted,Card
V004261,PT01661,DR069,D07,2024-01-27,Infection,7680,0,0,Not Admitted,Cash
V004262,PT01464,DR007,D05,2024-05-13,Severe Bleeding,3815,0,0,Not Admitted,UPI
V004263,PT03742,DR008,D02,2025-09-28,Arthritis,1214,0,0,Not Admitted,UPI
V004264,PT01898,DR067,D07,2024-12-10,Infection,4244,0,0,Not Admitted,Insurance
V004265,PT01301,DR050,D07,2025-11-27,Fever,4502,0,0,Not Admitted,UPI
V004266,PT03656,DR071,D03,2025-11-13,Vaccination,6336,0,0,Not Admitted,Insurance
V004267,PT03847,DR063,D05,2025-04-15,Severe Bleeding,3388,0,0,Not Admitted,Insurance
V004268,PT00902,DR069,D07,2024-09-18,Diabetes,444140,1,2,Normal,Cash
V004269,PT02780,DR076,D04,2024-09-18,Epilepsy,7172,0,0,Not Admitted,Cash
V004270,PT03527,DR024,D05,2025-12-06,Trauma,4230,0,0,Not Admitted,Cash
V004271,PT04738,DR067,D07,2024-04-08,Fever,711,0,0,Not Admitted,Card
V004272,PT04255,DR011,D08,2025-06-09,PCOS,2168,0,0,Not Admitted,UPI
V004273,PT03226,DR059,D01,2024-08-14,Hypertension,3373,0,0,Not Admitted,UPI
V004274,PT00330,DR075,D01,2024-12-14,Arrhythmia,5803,0,0,Not Admitted,Card
V004275,PT03255,DR054,D02,2025-09-05,Ligament Tear,971,0,0,Not Admitted,UPI
V004276,PT04686,DR039,D03,2024-11-10,Vaccination,3913,0,0,Not Admitted,Insurance
V004277,PT04325,DR059,D01,2024-07-17,Heart Failure,405890,1,8,Normal,Insurance
V004278,PT03185,DR005,D05,2024-02-26,Poisoning,1300,0,0,Not Admitted,UPI
V004279,PT00030,DR050,D07,2025-10-13,Fever,2148,0,0,Not Admitted,Cash
V004280,PT03436,DR016,D06,2024-10-17,Radiotherapy,5197,0,0,Not Admitted,Insurance
V004281,PT03920,DR024,D05,2025-06-11,Trauma,3076,0,0,Not Admitted,UPI
V004282,PT00439,DR027,D06,2025-06-26,Tumor Screening,6906,0,0,Not Admitted,Card
V004283,PT04915,DR014,D04,2025-05-28,Stroke,4911,0,0,Not Admitted,UPI
V004284,PT02202,DR057,D04,2024-12-12,Epilepsy,6121,0,0,Not Admitted,Insurance
V004285,PT00510,DR016,D06,2025-03-24,Radiotherapy,5841,0,0,Not Admitted,Card
V004286,PT03648,DR053,D03,2025-02-09,Vaccination,742575,1,4,Normal,Card
V004287,PT02939,DR021,D07,2025-03-10,Diabetes,885,0,0,Not Admitted,Cash
V004288,PT04796,DR030,D02,2025-02-25,Ligament Tear,5556,0,0,Not Admitted,Cash
V004289,PT04587,DR064,D02,2025-04-16,Arthritis,7644,0,0,Not Admitted,Card
V004290,PT02732,DR050,D07,2025-07-18,Infection,5178,0,0,Not Admitted,Insurance
V004291,PT01986,DR049,D01,2024-04-27,Hypertension,7393,0,0,Not Admitted,Cash
V004292,PT02636,DR030,D02,2025-03-14,Arthritis,792247,1,2,Normal,Cash
V004293,PT01418,DR004,D05,2024-07-18,Severe Bleeding,1224,0,0,Not Admitted,Card
V004294,PT04382,DR045,D08,2024-11-13,Prenatal Care,2295,0,0,Not Admitted,Insurance
V004295,PT01091,DR069,D07,2025-05-31,Infection,6779,0,0,Not Admitted,UPI
V004296,PT02537,DR077,D01,2024-05-25,CAD,3788,0,0,Not Admitted,Card
V004297,PT03263,DR009,D04,2024-05-02,Migraine,4353,0,0,Not Admitted,UPI
V004298,PT04499,DR075,D01,2024-01-16,Heart Failure,833,0,0,Not Admitted,UPI
V004299,PT04802,DR034,D08,2024-11-09,Fertility,7124,0,0,Not Admitted,Card
V004300,PT00926,DR043,D06,2025-11-01,Chemotherapy,3829,0,0,Not Admitted,UPI
V004301,PT00665,DR003,D04,2024-09-08,Neuropathy,6061,0,0,Not Admitted,Insurance
V004302,PT00177,DR038,D04,2025-12-02,Stroke,229162,1,1,Referred,UPI
V004303,PT00322,DR039,D03,2025-03-13,Viral Infection,2374,0,0,Not Admitted,UPI
V004304,PT02227,DR042,D01,2024-07-21,Arrhythmia,6435,0,0,Not Admitted,Insurance
V004305,PT04320,DR069,D07,2024-05-29,Thyroid,6483,0,0,Not Admitted,Insurance
V004306,PT00817,DR063,D05,2024-05-19,Poisoning,7166,0,0,Not Admitted,Insurance
V004307,PT01311,DR021,D07,2025-06-22,Diabetes,5290,0,0,Not Admitted,Insurance
V004308,PT02836,DR033,D05,2024-09-09,Severe Bleeding,5008,0,0,Not Admitted,UPI
V004309,PT03101,DR079,D04,2024-07-17,Epilepsy,3667,0,0,Not Admitted,UPI
V004310,PT04000,DR032,D07,2025-06-27,Fever,57610,1,3,Normal,Cash
V004311,PT02202,DR034,D08,2025-05-20,Menstrual Disorder,7454,0,0,Not Admitted,Card
V004312,PT03695,DR020,D01,2025-06-21,Arrhythmia,3547,0,0,Not Admitted,Card
V004313,PT04572,DR018,D05,2024-12-11,Poisoning,1841,0,0,Not Admitted,Card
V004314,PT04763,DR040,D08,2025-10-05,Prenatal Care,884,0,0,Not Admitted,Cash
V004315,PT04838,DR077,D01,2024-12-22,Heart Failure,7397,0,0,Not Admitted,Card
V004316,PT00406,DR003,D04,2024-01-07,Neuropathy,7237,0,0,Not Admitted,UPI
V004317,PT04833,DR078,D06,2024-08-13,Radiotherapy,5903,0,0,Not Admitted,Card
V004318,PT00074,DR021,D07,2025-04-07,Infection,6918,0,0,Not Admitted,Card
V004319,PT03369,DR070,D03,2025-05-05,Asthma,661536,1,8,Normal,Card
V004320,PT03008,DR036,D04,2025-11-29,Migraine,7995,0,0,Not Admitted,UPI
V004321,PT03173,DR079,D04,2024-09-14,Migraine,6142,0,0,Not Admitted,Insurance
V004322,PT02540,DR024,D05,2025-03-30,Trauma,3323,0,0,Not Admitted,Card
V004323,PT04755,DR039,D03,2025-08-22,Asthma,304801,1,8,Normal,Insurance
V004324,PT04151,DR034,D08,2024-09-22,PCOS,1292,0,0,Not Admitted,Insurance
V004325,PT04265,DR059,D01,2024-12-20,Heart Failure,3685,0,0,Not Admitted,Card
V004326,PT00679,DR050,D07,2024-03-08,Thyroid,7427,0,0,Not Admitted,Card
V004327,PT04520,DR062,D08,2024-03-05,Menstrual Disorder,7875,0,0,Not Admitted,Card
V004328,PT01063,DR030,D02,2024-01-31,Ligament Tear,2089,0,0,Not Admitted,Cash
V004329,PT02787,DR080,D05,2025-03-09,Trauma,1976,0,0,Not Admitted,UPI
V004330,PT04520,DR050,D07,2024-12-11,Thyroid,4436,0,0,Not Admitted,UPI
V004331,PT00231,DR032,D07,2025-04-16,Infection,7371,0,0,Not Admitted,Cash
V004332,PT02635,DR046,D02,2024-04-23,Arthritis,2771,0,0,Not Admitted,UPI
V004333,PT04735,DR046,D02,2025-01-01,Ligament Tear,5507,0,0,Not Admitted,Card
V004334,PT04900,DR051,D05,2025-12-06,Poisoning,1043,0,0,Not Admitted,UPI
V004335,PT04368,DR009,D04,2025-12-08,Neuropathy,177980,1,11,Normal,Cash
V004336,PT01347,DR034,D08,2024-04-22,Menstrual Disorder,41807,1,9,Normal,Insurance
V004337,PT04021,DR007,D05,2025-04-01,Burns,1747,0,0,Not Admitted,Cash
V004338,PT04427,DR080,D05,2024-07-13,Severe Bleeding,3085,0,0,Not Admitted,Insurance
V004339,PT03656,DR002,D02,2025-03-12,Ligament Tear,674176,1,9,Normal,Insurance
V004340,PT03816,DR064,D02,2024-10-01,Ligament Tear,4117,0,0,Not Admitted,Insurance
V004341,PT00414,DR067,D07,2024-07-26,Diabetes,579045,1,5,Normal,Cash
V004342,PT04248,DR017,D08,2025-06-07,Prenatal Care,1265,0,0,Not Admitted,Cash
V004343,PT01070,DR073,D04,2025-12-03,Epilepsy,800,0,0,Not Admitted,Insurance
V004344,PT01740,DR060,D04,2024-12-06,Neuropathy,2810,0,0,Not Admitted,Card
V004345,PT00012,DR049,D01,2025-06-05,CAD,1803,0,0,Not Admitted,Card
V004346,PT02778,DR026,D05,2025-09-23,Severe Bleeding,520347,1,7,Normal,Cash
V004347,PT02806,DR069,D07,2025-02-22,Fever,3054,0,0,Not Admitted,Cash
V004348,PT01638,DR058,D03,2025-11-19,Fever,7559,0,0,Not Admitted,UPI
V004349,PT02483,DR009,D04,2024-07-11,Neuropathy,5896,0,0,Not Admitted,Insurance
V004350,PT01195,DR004,D05,2024-11-13,Trauma,6790,0,0,Not Admitted,Card
V004351,PT01047,DR039,D03,2025-04-23,Fever,5183,0,0,Not Admitted,Card
V004352,PT02262,DR066,D08,2025-11-15,Fertility,6273,0,0,Not Admitted,Cash
V004353,PT02566,DR032,D07,2024-03-22,Fever,6968,0,0,Not Admitted,UPI
V004354,PT02343,DR059,D01,2024-02-06,Heart Failure,195497,1,0,Expired,Card
V004355,PT01241,DR070,D03,2024-03-08,Asthma,7639,0,0,Not Admitted,UPI
V004356,PT01256,DR053,D03,2024-09-15,Viral Infection,3898,0,0,Not Admitted,Insurance
V004357,PT03397,DR069,D07,2025-03-04,Thyroid,3507,0,0,Not Admitted,UPI
V004358,PT03604,DR011,D08,2024-02-25,Menstrual Disorder,893,0,0,Not Admitted,Insurance
V004359,PT02991,DR059,D01,2025-08-02,CAD,6364,0,0,Not Admitted,Card
V004360,PT03712,DR047,D04,2025-06-03,Stroke,3307,0,0,Not Admitted,Cash
V004361,PT00588,DR066,D08,2024-04-05,Menstrual Disorder,5800,0,0,Not Admitted,Card
V004362,PT00663,DR067,D07,2025-09-24,Infection,603032,1,1,Normal,Card
V004363,PT03518,DR006,D02,2025-01-03,Fracture,4829,0,0,Not Admitted,Cash
V004364,PT03793,DR012,D04,2025-04-22,Migraine,4624,0,0,Not Admitted,Card
V004365,PT01449,DR017,D08,2024-03-21,Menstrual Disorder,7291,0,0,Not Admitted,Insurance
V004366,PT00574,DR075,D01,2024-01-20,Heart Failure,6290,0,0,Not Admitted,Card
V004367,PT02779,DR075,D01,2025-03-20,Heart Failure,4726,0,0,Not Admitted,Insurance
V004368,PT04440,DR059,D01,2024-07-17,Hypertension,7780,0,0,Not Admitted,Insurance
V004369,PT01162,DR029,D05,2025-03-09,Trauma,942,0,0,Not Admitted,Card
V004370,PT03470,DR053,D03,2024-08-10,Asthma,4154,0,0,Not Admitted,Cash
V004371,PT03226,DR055,D02,2024-10-08,Fracture,1692,0,0,Not Admitted,Insurance
V004372,PT01056,DR052,D06,2025-02-20,Radiotherapy,5614,0,0,Not Admitted,UPI
V004373,PT01902,DR068,D03,2024-08-27,Fever,1269,0,0,Not Admitted,Cash
V004374,PT01878,DR001,D02,2024-09-14,Ligament Tear,4081,0,0,Not Admitted,Cash
V004375,PT04514,DR021,D07,2024-05-14,Fever,1164,0,0,Not Admitted,Cash
V004376,PT02988,DR054,D02,2025-08-25,Back Pain,2073,0,0,Not Admitted,Insurance
V004377,PT03509,DR038,D04,2024-12-23,Stroke,6017,0,0,Not Admitted,UPI
V004378,PT02714,DR063,D05,2025-04-02,Burns,2933,0,0,Not Admitted,Insurance
V004379,PT00987,DR062,D08,2025-06-30,PCOS,625656,1,3,Normal,Cash
V004380,PT03748,DR070,D03,2025-10-20,Asthma,6263,0,0,Not Admitted,Card
V004381,PT03052,DR023,D02,2024-07-27,Ligament Tear,905,0,0,Not Admitted,Card
V004382,PT02436,DR029,D05,2024-01-28,Poisoning,6145,0,0,Not Admitted,Card
V004383,PT03449,DR015,D06,2024-07-15,Chemotherapy,2150,0,0,Not Admitted,UPI
V004384,PT00961,DR049,D01,2024-06-10,CAD,5283,0,0,Not Admitted,Insurance
V004385,PT04514,DR059,D01,2025-12-07,Hypertension,4366,0,0,Not Admitted,UPI
V004386,PT00085,DR011,D08,2024-12-30,Menstrual Disorder,7997,0,0,Not Admitted,Card
V004387,PT04066,DR043,D06,2024-11-07,Tumor Screening,1644,0,0,Not Admitted,Cash
V004388,PT03249,DR044,D08,2024-08-07,PCOS,7895,0,0,Not Admitted,Cash
V004389,PT03902,DR017,D08,2024-05-30,Fertility,5164,0,0,Not Admitted,Cash
V004390,PT02377,DR058,D03,2025-01-21,Vaccination,1098,0,0,Not Admitted,UPI
V004391,PT04186,DR070,D03,2024-02-17,Asthma,392725,1,1,Normal,Card
V004392,PT04718,DR049,D01,2024-05-17,Hypertension,4661,0,0,Not Admitted,Cash
V004393,PT00628,DR034,D08,2024-01-23,Fertility,787,0,0,Not Admitted,UPI
V004394,PT01068,DR026,D05,2025-07-21,Severe Bleeding,5060,0,0,Not Admitted,Cash
V004395,PT00568,DR011,D08,2025-01-24,Fertility,3757,0,0,Not Admitted,Card
V004396,PT02459,DR079,D04,2024-04-24,Migraine,2912,0,0,Not Admitted,Card
V004397,PT02732,DR075,D01,2024-12-01,CAD,138430,1,11,Normal,Insurance
V004398,PT01321,DR050,D07,2024-03-03,Thyroid,3939,0,0,Not Admitted,Insurance
V004399,PT04909,DR021,D07,2024-03-18,Fever,91024,1,5,Normal,Insurance
V004400,PT03957,DR035,D06,2024-09-07,Chemotherapy,4278,0,0,Not Admitted,Insurance
V004401,PT01739,DR005,D05,2025-04-29,Poisoning,5880,0,0,Not Admitted,Insurance
V004402,PT02450,DR028,D06,2024-10-24,Chemotherapy,3949,0,0,Not Admitted,Cash
V004403,PT03784,DR031,D03,2025-06-16,Viral Infection,7416,0,0,Not Admitted,Insurance
V004404,PT01125,DR066,D08,2024-09-15,Menstrual Disorder,5017,0,0,Not Admitted,UPI
V004405,PT01533,DR028,D06,2025-05-16,Post-op Care,7241,0,0,Not Admitted,Insurance
V004406,PT03878,DR066,D08,2024-12-15,Fertility,7299,0,0,Not Admitted,UPI
V004407,PT01611,DR064,D02,2025-01-23,Back Pain,1321,0,0,Not Admitted,Insurance
V004408,PT00179,DR059,D01,2025-09-26,Arrhythmia,1844,0,0,Not Admitted,Card
V004409,PT01409,DR067,D07,2024-07-01,Infection,541823,1,10,LAMA,Cash
V004410,PT00675,DR069,D07,2024-03-27,Thyroid,6344,0,0,Not Admitted,Insurance
V004411,PT03304,DR058,D03,2025-05-30,Asthma,5388,0,0,Not Admitted,Insurance
V004412,PT04581,DR031,D03,2025-03-22,Asthma,7326,0,0,Not Admitted,Cash
V004413,PT02584,DR055,D02,2024-12-20,Arthritis,481758,1,2,Normal,Insurance
V004414,PT03836,DR066,D08,2025-04-18,PCOS,391706,1,10,Normal,Cash
V004415,PT01804,DR032,D07,2025-06-27,Fever,371192,1,3,Normal,Cash
V004416,PT00877,DR032,D07,2024-02-19,Fever,595647,1,10,Referred,Cash
V004417,PT00627,DR077,D01,2025-05-06,Hypertension,7256,0,0,Not Admitted,Cash
V004418,PT03403,DR070,D03,2024-03-30,Asthma,745389,1,10,LAMA,Insurance
V004419,PT01463,DR020,D01,2024-03-20,CAD,378739,1,12,Normal,Insurance
V004420,PT04979,DR077,D01,2025-08-26,Hypertension,1047,0,0,Not Admitted,UPI
V004421,PT01011,DR002,D02,2024-11-25,Back Pain,5642,0,0,Not Admitted,Insurance
V004422,PT01357,DR027,D06,2024-01-24,Tumor Screening,1378,0,0,Not Admitted,Card
V004423,PT00492,DR075,D01,2024-03-18,Heart Failure,377605,1,2,Normal,UPI
V004424,PT04569,DR020,D01,2024-07-18,Heart Failure,2517,0,0,Not Admitted,UPI
V004425,PT00881,DR054,D02,2024-10-18,Arthritis,4537,0,0,Not Admitted,Insurance
V004426,PT02096,DR059,D01,2024-10-09,CAD,1501,0,0,Not Admitted,Insurance
V004427,PT04637,DR044,D08,2024-11-21,Prenatal Care,845,0,0,Not Admitted,Cash
V004428,PT00536,DR007,D05,2025-07-06,Poisoning,5383,0,0,Not Admitted,UPI
V004429,PT03875,DR015,D06,2024-08-21,Radiotherapy,2967,0,0,Not Admitted,Card
V004430,PT02766,DR031,D03,2024-08-23,Vaccination,4403,0,0,Not Admitted,Insurance
V004431,PT03090,DR040,D08,2025-07-17,Menstrual Disorder,2068,0,0,Not Admitted,Insurance
V004432,PT04468,DR043,D06,2025-06-24,Chemotherapy,1322,0,0,Not Admitted,Card
V004433,PT02957,DR062,D08,2025-05-01,Menstrual Disorder,503233,1,0,Normal,UPI
V004434,PT00277,DR068,D03,2025-04-17,Viral Infection,138436,1,12,Normal,Insurance
V004435,PT04603,DR065,D04,2024-01-22,Epilepsy,2417,0,0,Not Admitted,Cash
V004436,PT00174,DR001,D02,2024-11-25,Ligament Tear,4893,0,0,Not Admitted,UPI
V004437,PT00006,DR021,D07,2024-04-29,Infection,5455,0,0,Not Admitted,Card
V004438,PT00498,DR076,D04,2024-09-23,Epilepsy,3077,0,0,Not Admitted,Card
V004439,PT04840,DR010,D02,2024-09-21,Back Pain,2441,0,0,Not Admitted,Card
V004440,PT01775,DR067,D07,2025-09-08,Diabetes,464176,1,6,Referred,Insurance
V004441,PT02289,DR056,D02,2024-08-21,Arthritis,2045,0,0,Not Admitted,Card
V004442,PT01305,DR037,D02,2024-11-22,Arthritis,5200,0,0,Not Admitted,UPI
V004443,PT04370,DR045,D08,2025-11-25,PCOS,3527,0,0,Not Admitted,Insurance
V004444,PT01987,DR069,D07,2024-01-24,Fever,152218,1,3,Normal,UPI
V004445,PT04297,DR055,D02,2025-07-07,Ligament Tear,5955,0,0,Not Admitted,Cash
V004446,PT01154,DR057,D04,2024-02-29,Neuropathy,4366,0,0,Not Admitted,Card
V004447,PT03397,DR042,D01,2024-02-23,Hypertension,7513,0,0,Not Admitted,Card
V004448,PT03148,DR077,D01,2025-08-22,CAD,3844,0,0,Not Admitted,UPI
V004449,PT04235,DR075,D01,2024-12-08,Hypertension,3910,0,0,Not Admitted,Insurance
V004450,PT04142,DR074,D03,2025-01-07,Asthma,7558,0,0,Not Admitted,Cash
V004451,PT00091,DR040,D08,2025-10-15,Prenatal Care,4120,0,0,Not Admitted,Insurance
V004452,PT00854,DR059,D01,2024-06-26,Hypertension,3861,0,0,Not Admitted,UPI
V004453,PT01877,DR031,D03,2024-07-14,Viral Infection,6736,0,0,Not Admitted,Insurance
V004454,PT00460,DR016,D06,2024-08-17,Radiotherapy,6727,0,0,Not Admitted,Cash
V004455,PT03671,DR015,D06,2024-05-07,Post-op Care,2811,0,0,Not Admitted,Card
V004456,PT03685,DR035,D06,2024-11-21,Chemotherapy,290515,1,3,Normal,UPI
V004457,PT01788,DR064,D02,2024-12-18,Back Pain,924,0,0,Not Admitted,UPI
V004458,PT03967,DR010,D02,2024-11-27,Fracture,587,0,0,Not Admitted,Cash
V004459,PT01173,DR031,D03,2025-03-22,Fever,1170,0,0,Not Admitted,Cash
V004460,PT01422,DR001,D02,2024-11-22,Ligament Tear,7513,0,0,Not Admitted,UPI
V004461,PT04034,DR041,D07,2025-12-02,Thyroid,6334,0,0,Not Admitted,UPI
V004462,PT03010,DR001,D02,2025-06-01,Ligament Tear,1652,0,0,Not Admitted,Insurance
V004463,PT04217,DR050,D07,2025-09-01,Infection,3307,0,0,Not Admitted,Card
V004464,PT00902,DR031,D03,2025-11-05,Vaccination,1387,0,0,Not Admitted,Insurance
V004465,PT03757,DR017,D08,2025-06-08,PCOS,3203,0,0,Not Admitted,Insurance
V004466,PT00905,DR079,D04,2025-12-10,Neuropathy,6391,0,0,Not Admitted,UPI
V004467,PT04179,DR028,D06,2025-06-03,Chemotherapy,4807,0,0,Not Admitted,UPI
V004468,PT01084,DR041,D07,2024-01-23,Infection,1133,0,0,Not Admitted,Card
V004469,PT01604,DR075,D01,2025-04-06,CAD,5199,0,0,Not Admitted,Insurance
V004470,PT04481,DR034,D08,2025-07-02,Fertility,91132,1,6,Normal,Card
V004471,PT04240,DR033,D05,2024-07-31,Burns,7761,0,0,Not Admitted,Card
V004472,PT04188,DR072,D06,2025-08-30,Chemotherapy,962,0,0,Not Admitted,UPI
V004473,PT02024,DR023,D02,2025-05-15,Ligament Tear,3595,0,0,Not Admitted,UPI
V004474,PT03475,DR075,D01,2024-07-18,Hypertension,4915,0,0,Not Admitted,Cash
V004475,PT03218,DR070,D03,2024-03-03,Asthma,610434,1,11,Referred,Cash
V004476,PT04794,DR022,D08,2024-01-04,Menstrual Disorder,653830,1,2,Normal,UPI
V004477,PT00739,DR058,D03,2024-05-16,Viral Infection,3838,0,0,Not Admitted,Card
V004478,PT00792,DR034,D08,2025-04-30,Menstrual Disorder,857,0,0,Not Admitted,Insurance
V004479,PT02139,DR049,D01,2025-10-01,Heart Failure,1578,0,0,Not Admitted,Cash
V004480,PT04465,DR006,D02,2024-05-06,Ligament Tear,1370,0,0,Not Admitted,UPI
V004481,PT00077,DR052,D06,2024-05-17,Post-op Care,1457,0,0,Not Admitted,Card
V004482,PT03420,DR041,D07,2025-03-09,Infection,3427,0,0,Not Admitted,Card
V004483,PT00510,DR042,D01,2024-10-17,Hypertension,5780,0,0,Not Admitted,UPI
V004484,PT02453,DR025,D05,2025-08-20,Burns,3975,0,0,Not Admitted,UPI
V004485,PT04983,DR066,D08,2024-03-16,PCOS,343940,1,1,Normal,UPI
V004486,PT02882,DR050,D07,2025-10-17,Fever,3133,0,0,Not Admitted,Cash
V004487,PT00681,DR008,D02,2025-11-25,Fracture,6197,0,0,Not Admitted,UPI
V004488,PT04110,DR019,D04,2025-08-28,Migraine,1882,0,0,Not Admitted,UPI
V004489,PT00134,DR050,D07,2025-05-12,Diabetes,6843,0,0,Not Admitted,Insurance
V004490,PT01864,DR008,D02,2024-08-08,Fracture,7164,0,0,Not Admitted,UPI
V004491,PT04984,DR041,D07,2025-06-15,Thyroid,7210,0,0,Not Admitted,Cash
V004492,PT02287,DR040,D08,2025-07-27,Menstrual Disorder,4442,0,0,Not Admitted,UPI
V004493,PT00937,DR057,D04,2024-06-22,Epilepsy,4199,0,0,Not Admitted,Card
V004494,PT02073,DR029,D05,2025-08-02,Severe Bleeding,4924,0,0,Not Admitted,Cash
V004495,PT01426,DR066,D08,2025-12-04,Fertility,1065,0,0,Not Admitted,Insurance
V004496,PT04834,DR040,D08,2025-05-26,Menstrual Disorder,644379,1,1,Normal,Cash
V004497,PT04039,DR009,D04,2025-08-19,Stroke,2728,0,0,Not Admitted,Insurance
V004498,PT02222,DR029,D05,2024-06-20,Poisoning,3139,0,0,Not Admitted,Insurance
V004499,PT04552,DR031,D03,2024-02-20,Fever,431466,1,3,Normal,UPI
V004500,PT03587,DR071,D03,2024-10-03,Viral Infection,699578,1,9,Normal,Card
V004501,PT00829,DR079,D04,2024-05-10,Stroke,5231,0,0,Not Admitted,Card
V004502,PT04783,DR077,D01,2025-01-06,CAD,1459,0,0,Not Admitted,Card
V004503,PT00945,DR039,D03,2024-10-09,Vaccination,6092,0,0,Not Admitted,Insurance
V004504,PT00148,DR073,D04,2024-10-03,Migraine,6252,0,0,Not Admitted,Insurance
V004505,PT01955,DR067,D07,2025-09-08,Thyroid,4517,0,0,Not Admitted,Insurance
V004506,PT00037,DR077,D01,2025-12-08,Heart Failure,7459,0,0,Not Admitted,UPI
V004507,PT01047,DR053,D03,2024-03-13,Fever,5095,0,0,Not Admitted,UPI
V004508,PT02310,DR030,D02,2025-02-13,Fracture,3315,0,0,Not Admitted,Card
V004509,PT01397,DR035,D06,2025-09-21,Post-op Care,394081,1,1,Normal,Insurance
V004510,PT04851,DR055,D02,2025-04-10,Fracture,2899,0,0,Not Admitted,Cash
V004511,PT01240,DR072,D06,2025-04-05,Tumor Screening,1266,0,0,Not Admitted,UPI
V004512,PT01586,DR075,D01,2024-03-18,CAD,2463,0,0,Not Admitted,UPI
V004513,PT01019,DR053,D03,2025-11-08,Asthma,5367,0,0,Not Admitted,Cash
V004514,PT00371,DR001,D02,2024-03-23,Ligament Tear,2777,0,0,Not Admitted,UPI
V004515,PT04396,DR080,D05,2024-08-16,Severe Bleeding,1847,0,0,Not Admitted,Card
V004516,PT00340,DR036,D04,2024-06-20,Neuropathy,3649,0,0,Not Admitted,Card
V004517,PT01193,DR041,D07,2025-04-30,Thyroid,2740,0,0,Not Admitted,UPI
V004518,PT01223,DR058,D03,2024-05-21,Vaccination,532121,1,6,Normal,Cash
V004519,PT01777,DR007,D05,2024-08-29,Trauma,749671,1,6,Normal,UPI
V004520,PT01755,DR035,D06,2025-01-19,Tumor Screening,583302,1,10,Normal,Insurance
V004521,PT04224,DR017,D08,2024-08-12,Prenatal Care,796341,1,12,Normal,Cash
V004522,PT03583,DR018,D05,2025-11-06,Burns,658683,1,1,Normal,UPI
V004523,PT00256,DR028,D06,2024-06-13,Radiotherapy,186189,1,11,Normal,Card
V004524,PT01889,DR059,D01,2024-01-28,Arrhythmia,5505,0,0,Not Admitted,UPI
V004525,PT02864,DR044,D08,2025-06-30,Prenatal Care,2757,0,0,Not Admitted,Card
V004526,PT04919,DR063,D05,2024-10-17,Poisoning,1654,0,0,Not Admitted,UPI
V004527,PT01894,DR036,D04,2025-05-15,Stroke,201524,1,8,LAMA,Card
V004528,PT03666,DR038,D04,2024-07-26,Epilepsy,3546,0,0,Not Admitted,UPI
V004529,PT00626,DR016,D06,2024-04-04,Radiotherapy,7882,0,0,Not Admitted,UPI
V004530,PT03124,DR052,D06,2024-08-08,Tumor Screening,393170,1,6,Normal,Card
V004531,PT03923,DR017,D08,2024-02-05,Prenatal Care,7226,0,0,Not Admitted,Card
V004532,PT01856,DR008,D02,2025-10-29,Arthritis,6965,0,0,Not Admitted,Card
V004533,PT00141,DR021,D07,2024-06-19,Thyroid,3258,0,0,Not Admitted,Cash
V004534,PT01989,DR035,D06,2025-07-18,Chemotherapy,6291,0,0,Not Admitted,Insurance
V004535,PT01050,DR006,D02,2024-08-26,Arthritis,693,0,0,Not Admitted,Insurance
V004536,PT01033,DR055,D02,2025-04-11,Arthritis,7463,0,0,Not Admitted,UPI
V004537,PT01888,DR020,D01,2025-02-10,Heart Failure,3950,0,0,Not Admitted,UPI
V004538,PT02326,DR075,D01,2025-10-01,Heart Failure,7108,0,0,Not Admitted,UPI
V004539,PT03517,DR013,D04,2025-09-01,Neuropathy,3062,0,0,Not Admitted,Cash
V004540,PT00148,DR027,D06,2025-08-10,Chemotherapy,1207,0,0,Not Admitted,Card
V004541,PT04658,DR038,D04,2025-06-22,Epilepsy,616,0,0,Not Admitted,Cash
V004542,PT02375,DR066,D08,2025-01-12,Menstrual Disorder,5469,0,0,Not Admitted,UPI
V004543,PT00670,DR038,D04,2025-12-04,Migraine,6208,0,0,Not Admitted,Insurance
V004544,PT01943,DR067,D07,2024-11-26,Diabetes,1906,0,0,Not Admitted,UPI
V004545,PT02533,DR055,D02,2024-04-10,Ligament Tear,3614,0,0,Not Admitted,Insurance
V004546,PT02066,DR030,D02,2024-12-13,Ligament Tear,337682,1,11,Normal,Cash
V004547,PT03870,DR014,D04,2025-09-28,Epilepsy,5373,0,0,Not Admitted,UPI
V004548,PT03731,DR020,D01,2024-02-23,Hypertension,2808,0,0,Not Admitted,Cash
V004549,PT04328,DR068,D03,2024-06-13,Fever,7276,0,0,Not Admitted,Cash
V004550,PT03765,DR008,D02,2024-07-25,Back Pain,5576,0,0,Not Admitted,Insurance
V004551,PT01319,DR075,D01,2025-01-08,Arrhythmia,1326,0,0,Not Admitted,Insurance
V004552,PT01021,DR026,D05,2024-10-05,Burns,471372,1,2,Normal,Insurance
V004553,PT04577,DR075,D01,2025-11-10,Heart Failure,1714,0,0,Not Admitted,Cash
V004554,PT00798,DR070,D03,2024-03-11,Fever,71120,1,11,Normal,Insurance
V004555,PT04217,DR041,D07,2024-02-18,Infection,7117,0,0,Not Admitted,UPI
V004556,PT00276,DR075,D01,2024-10-15,Arrhythmia,6231,0,0,Not Admitted,UPI
V004557,PT01975,DR017,D08,2025-11-20,Menstrual Disorder,5994,0,0,Not Admitted,Insurance
V004558,PT00629,DR075,D01,2025-09-09,CAD,2147,0,0,Not Admitted,Card
V004559,PT01953,DR053,D03,2024-05-17,Viral Infection,3179,0,0,Not Admitted,UPI
V004560,PT01464,DR055,D02,2024-09-21,Ligament Tear,6853,0,0,Not Admitted,Card
V004561,PT01870,DR042,D01,2025-05-08,Arrhythmia,2106,0,0,Not Admitted,UPI
V004562,PT02529,DR035,D06,2024-02-10,Tumor Screening,7932,0,0,Not Admitted,Cash
V004563,PT04761,DR064,D02,2025-05-22,Back Pain,6619,0,0,Not Admitted,Cash
V004564,PT00670,DR050,D07,2024-01-10,Fever,3762,0,0,Not Admitted,UPI
V004565,PT03811,DR032,D07,2024-08-16,Infection,2139,0,0,Not Admitted,Cash
V004566,PT01975,DR052,D06,2025-05-07,Tumor Screening,4847,0,0,Not Admitted,Cash
V004567,PT01735,DR061,D02,2025-03-30,Fracture,7236,0,0,Not Admitted,Insurance
V004568,PT04257,DR042,D01,2024-05-27,Heart Failure,5048,0,0,Not Admitted,Cash
V004569,PT03518,DR014,D04,2024-08-25,Epilepsy,4839,0,0,Not Admitted,Cash
V004570,PT02390,DR007,D05,2024-05-25,Burns,7252,0,0,Not Admitted,Cash
V004571,PT02251,DR032,D07,2024-11-05,Thyroid,696791,1,1,Normal,Insurance
V004572,PT03588,DR072,D06,2025-01-25,Tumor Screening,6684,0,0,Not Admitted,UPI
V004573,PT01018,DR059,D01,2025-02-17,Arrhythmia,404512,1,10,Normal,Card
V004574,PT04396,DR058,D03,2024-05-07,Asthma,677161,1,4,Normal,Insurance
V004575,PT03194,DR073,D04,2025-12-22,Neuropathy,303977,1,9,LAMA,Insurance
V004576,PT04583,DR070,D03,2025-02-05,Viral Infection,2891,0,0,Not Admitted,Insurance
V004577,PT03499,DR002,D02,2025-04-01,Ligament Tear,5934,0,0,Not Admitted,Cash
V004578,PT04520,DR025,D05,2025-05-18,Severe Bleeding,5760,0,0,Not Admitted,UPI
V004579,PT01292,DR050,D07,2025-03-11,Infection,5116,0,0,Not Admitted,Card
V004580,PT03727,DR077,D01,2024-07-06,Arrhythmia,4375,0,0,Not Admitted,Card
V004581,PT04463,DR032,D07,2025-09-21,Thyroid,6359,0,0,Not Admitted,Card
V004582,PT02416,DR029,D05,2024-11-16,Burns,2912,0,0,Not Admitted,Cash
V004583,PT02025,DR049,D01,2024-02-18,Heart Failure,566571,1,7,Referred,Cash
V004584,PT00379,DR010,D02,2024-08-28,Back Pain,1916,0,0,Not Admitted,UPI
V004585,PT00545,DR072,D06,2024-08-20,Tumor Screening,1797,0,0,Not Admitted,Insurance
V004586,PT04689,DR078,D06,2025-05-01,Post-op Care,506632,1,12,Normal,Insurance
V004587,PT00316,DR049,D01,2024-05-28,Hypertension,2075,0,0,Not Admitted,Cash
V004588,PT04625,DR003,D04,2024-02-19,Neuropathy,4298,0,0,Not Admitted,Insurance
V004589,PT01599,DR006,D02,2024-05-13,Back Pain,7721,0,0,Not Admitted,Cash
V004590,PT02774,DR004,D05,2024-03-04,Poisoning,3535,0,0,Not Admitted,UPI
V004591,PT01638,DR039,D03,2025-05-12,Fever,432880,1,1,Normal,Card
V004592,PT03187,DR029,D05,2024-10-09,Trauma,4038,0,0,Not Admitted,UPI
V004593,PT00270,DR063,D05,2025-12-23,Burns,5713,0,0,Not Admitted,UPI
V004594,PT03288,DR043,D06,2024-03-05,Chemotherapy,1584,0,0,Not Admitted,Card
V004595,PT00530,DR040,D08,2024-07-20,Fertility,1845,0,0,Not Admitted,Insurance
V004596,PT04331,DR072,D06,2024-05-27,Post-op Care,4092,0,0,Not Admitted,Insurance
V004597,PT02834,DR020,D01,2024-01-07,CAD,2720,0,0,Not Admitted,UPI
V004598,PT01696,DR013,D04,2024-12-14,Neuropathy,2467,0,0,Not Admitted,Cash
V004599,PT01755,DR073,D04,2024-11-27,Stroke,5847,0,0,Not Admitted,Insurance
V004600,PT01061,DR069,D07,2024-06-07,Infection,88835,1,7,Normal,UPI
V004601,PT03241,DR059,D01,2025-04-01,Arrhythmia,7875,0,0,Not Admitted,Insurance
V004602,PT00134,DR076,D04,2024-04-02,Neuropathy,4066,0,0,Not Admitted,Insurance
V004603,PT02758,DR025,D05,2025-01-28,Trauma,863,0,0,Not Admitted,Cash
V004604,PT02198,DR054,D02,2025-08-20,Arthritis,2742,0,0,Not Admitted,Insurance
V004605,PT04583,DR050,D07,2024-03-28,Fever,2029,0,0,Not Admitted,Cash
V004606,PT03650,DR041,D07,2025-11-02,Thyroid,379334,1,5,Referred,Insurance
V004607,PT00313,DR026,D05,2024-12-19,Trauma,4770,0,0,Not Admitted,UPI
V004608,PT04769,DR077,D01,2024-08-25,CAD,608,0,0,Not Admitted,Insurance
V004609,PT02011,DR032,D07,2024-03-21,Diabetes,1510,0,0,Not Admitted,Cash
V004610,PT00255,DR041,D07,2024-07-24,Diabetes,4875,0,0,Not Admitted,Cash
V004611,PT02273,DR047,D04,2024-07-01,Neuropathy,2611,0,0,Not Admitted,Card
V004612,PT00786,DR061,D02,2025-02-18,Back Pain,3906,0,0,Not Admitted,Card
V004613,PT00896,DR070,D03,2025-10-12,Fever,3185,0,0,Not Admitted,UPI
V004614,PT03988,DR040,D08,2024-11-04,Prenatal Care,5661,0,0,Not Admitted,Insurance
V004615,PT00135,DR066,D08,2025-10-31,Prenatal Care,3970,0,0,Not Admitted,Insurance
V004616,PT00252,DR053,D03,2024-12-18,Fever,3718,0,0,Not Admitted,Cash
V004617,PT02557,DR074,D03,2024-09-28,Viral Infection,1048,0,0,Not Admitted,Insurance
V004618,PT02698,DR021,D07,2025-05-14,Infection,7183,0,0,Not Admitted,Insurance
V004619,PT03652,DR077,D01,2024-07-05,Heart Failure,5583,0,0,Not Admitted,UPI
V004620,PT04562,DR026,D05,2025-10-22,Poisoning,6149,0,0,Not Admitted,Insurance
V004621,PT02543,DR030,D02,2025-02-17,Fracture,1660,0,0,Not Admitted,UPI
V004622,PT01153,DR070,D03,2024-12-06,Vaccination,1026,0,0,Not Admitted,Insurance
V004623,PT03130,DR021,D07,2024-05-18,Fever,1933,0,0,Not Admitted,Card
V004624,PT02352,DR071,D03,2024-06-04,Vaccination,4588,0,0,Not Admitted,UPI
V004625,PT02246,DR078,D06,2024-05-05,Chemotherapy,5472,0,0,Not Admitted,Insurance
V004626,PT02758,DR063,D05,2024-09-29,Burns,7939,0,0,Not Admitted,Insurance
V004627,PT01123,DR075,D01,2025-10-15,Heart Failure,7159,0,0,Not Admitted,Insurance
V004628,PT00895,DR022,D08,2024-04-14,Prenatal Care,1597,0,0,Not Admitted,Insurance
V004629,PT04780,DR028,D06,2025-06-18,Tumor Screening,1052,0,0,Not Admitted,UPI
V004630,PT01816,DR068,D03,2025-01-19,Asthma,1243,0,0,Not Admitted,Card
V004631,PT04185,DR032,D07,2024-01-29,Fever,6394,0,0,Not Admitted,Card
V004632,PT02807,DR053,D03,2024-04-21,Asthma,4957,0,0,Not Admitted,Cash
V004633,PT01518,DR058,D03,2025-09-22,Fever,3048,0,0,Not Admitted,Insurance
V004634,PT04768,DR056,D02,2025-01-06,Back Pain,4457,0,0,Not Admitted,UPI
V004635,PT01425,DR020,D01,2024-09-20,Arrhythmia,1140,0,0,Not Admitted,UPI
V004636,PT02540,DR042,D01,2024-11-17,CAD,7643,0,0,Not Admitted,Cash
V004637,PT04894,DR063,D05,2024-12-21,Trauma,1565,0,0,Not Admitted,Cash
V004638,PT00629,DR011,D08,2025-12-13,Fertility,2153,0,0,Not Admitted,UPI
V004639,PT03696,DR026,D05,2025-08-08,Poisoning,4821,0,0,Not Admitted,Card
V004640,PT01367,DR031,D03,2025-03-28,Fever,5291,0,0,Not Admitted,Insurance
V004641,PT04903,DR066,D08,2024-03-03,Menstrual Disorder,5718,0,0,Not Admitted,Cash
V004642,PT00943,DR071,D03,2025-08-07,Fever,113493,1,4,Normal,Insurance
V004643,PT03804,DR008,D02,2025-03-01,Fracture,7720,0,0,Not Admitted,Cash
V004644,PT00263,DR037,D02,2025-08-11,Back Pain,5627,0,0,Not Admitted,UPI
V004645,PT03435,DR070,D03,2024-03-16,Fever,4029,0,0,Not Admitted,Insurance
V004646,PT02291,DR015,D06,2025-03-11,Tumor Screening,2411,0,0,Not Admitted,Insurance
V004647,PT03376,DR039,D03,2025-03-21,Viral Infection,1176,0,0,Not Admitted,UPI
V004648,PT04639,DR070,D03,2025-04-13,Asthma,6031,0,0,Not Admitted,Card
V004649,PT00603,DR073,D04,2025-11-26,Neuropathy,128551,1,10,Normal,Insurance
V004650,PT03032,DR051,D05,2024-06-25,Trauma,4653,0,0,Not Admitted,Cash
V004651,PT02249,DR014,D04,2024-02-22,Epilepsy,6038,0,0,Not Admitted,Cash
V004652,PT00836,DR026,D05,2025-02-26,Severe Bleeding,3785,0,0,Not Admitted,UPI
V004653,PT00406,DR002,D02,2024-04-29,Ligament Tear,797,0,0,Not Admitted,Insurance
V004654,PT03630,DR071,D03,2024-03-02,Viral Infection,2391,0,0,Not Admitted,UPI
V004655,PT00945,DR043,D06,2025-01-02,Post-op Care,7801,0,0,Not Admitted,Card
V004656,PT00567,DR034,D08,2024-06-18,PCOS,2673,0,0,Not Admitted,UPI
V004657,PT01885,DR072,D06,2024-03-14,Post-op Care,6057,0,0,Not Admitted,Cash
V004658,PT01568,DR044,D08,2024-06-23,Prenatal Care,3762,0,0,Not Admitted,Cash
V004659,PT00382,DR001,D02,2024-06-09,Back Pain,1108,0,0,Not Admitted,Insurance
V004660,PT02240,DR071,D03,2025-10-01,Asthma,6459,0,0,Not Admitted,Insurance
V004661,PT04259,DR003,D04,2025-12-01,Stroke,372161,1,0,Normal,Insurance
V004662,PT02798,DR077,D01,2025-08-27,CAD,782818,1,0,Normal,UPI
V004663,PT04274,DR035,D06,2025-09-15,Post-op Care,2349,0,0,Not Admitted,Card
V004664,PT00930,DR073,D04,2024-11-29,Neuropathy,4979,0,0,Not Admitted,UPI
V004665,PT01561,DR074,D03,2024-07-15,Fever,574,0,0,Not Admitted,Cash
V004666,PT00294,DR067,D07,2024-07-20,Thyroid,4419,0,0,Not Admitted,Insurance
V004667,PT03731,DR072,D06,2024-03-06,Chemotherapy,6486,0,0,Not Admitted,Cash
V004668,PT02382,DR048,D04,2025-03-13,Neuropathy,1022,0,0,Not Admitted,UPI
V004669,PT01820,DR005,D05,2024-12-29,Severe Bleeding,3371,0,0,Not Admitted,Insurance
V004670,PT04990,DR077,D01,2024-05-19,Heart Failure,5076,0,0,Not Admitted,UPI
V004671,PT02240,DR033,D05,2024-07-06,Severe Bleeding,1080,0,0,Not Admitted,Insurance
V004672,PT03322,DR070,D03,2025-01-16,Fever,6064,0,0,Not Admitted,Cash
V004673,PT00080,DR017,D08,2025-08-04,Menstrual Disorder,2560,0,0,Not Admitted,Card
V004674,PT01407,DR050,D07,2025-03-03,Thyroid,5232,0,0,Not Admitted,Cash
V004675,PT04340,DR028,D06,2024-09-19,Radiotherapy,7643,0,0,Not Admitted,Cash
V004676,PT00266,DR033,D05,2024-01-30,Burns,2042,0,0,Not Admitted,Insurance
V004677,PT03605,DR039,D03,2024-06-14,Vaccination,2093,0,0,Not Admitted,Card
V004678,PT02446,DR020,D01,2024-04-19,Arrhythmia,629349,1,10,Normal,Cash
V004679,PT00996,DR059,D01,2024-03-04,CAD,831,0,0,Not Admitted,UPI
V004680,PT01434,DR033,D05,2025-09-30,Trauma,5147,0,0,Not Admitted,Cash
V004681,PT00050,DR071,D03,2024-10-29,Fever,1416,0,0,Not Admitted,UPI
V004682,PT00524,DR020,D01,2025-11-30,CAD,5602,0,0,Not Admitted,UPI
V004683,PT03394,DR014,D04,2024-11-01,Neuropathy,4295,0,0,Not Admitted,UPI
V004684,PT00017,DR080,D05,2025-02-02,Burns,7986,0,0,Not Admitted,UPI
V004685,PT04544,DR053,D03,2024-04-30,Viral Infection,7407,0,0,Not Admitted,Insurance
V004686,PT00456,DR071,D03,2025-05-10,Fever,6350,0,0,Not Admitted,Card
V004687,PT02997,DR069,D07,2024-10-24,Diabetes,345664,1,7,Normal,UPI
V004688,PT00796,DR012,D04,2025-11-23,Neuropathy,2080,0,0,Not Admitted,Insurance
V004689,PT04601,DR065,D04,2025-01-09,Stroke,3068,0,0,Not Admitted,UPI
V004690,PT01839,DR005,D05,2024-11-23,Poisoning,3058,0,0,Not Admitted,Cash
V004691,PT00638,DR058,D03,2025-07-03,Vaccination,434966,1,11,Normal,Cash
V004692,PT00281,DR048,D04,2024-08-29,Stroke,5601,0,0,Not Admitted,UPI
V004693,PT03622,DR049,D01,2025-06-13,Heart Failure,6094,0,0,Not Admitted,Insurance
V004694,PT00891,DR066,D08,2024-05-16,Prenatal Care,6709,0,0,Not Admitted,UPI
V004695,PT00182,DR066,D08,2024-04-14,Menstrual Disorder,5455,0,0,Not Admitted,Card
V004696,PT03701,DR056,D02,2024-11-22,Arthritis,4515,0,0,Not Admitted,Insurance
V004697,PT02635,DR056,D02,2025-01-02,Arthritis,4541,0,0,Not Admitted,Insurance
V004698,PT03487,DR017,D08,2025-10-11,PCOS,6706,0,0,Not Admitted,Cash
V004699,PT02048,DR053,D03,2024-02-06,Viral Infection,7391,0,0,Not Admitted,Cash
V004700,PT04764,DR076,D04,2025-01-31,Migraine,703389,1,8,Normal,Insurance
V004701,PT03445,DR030,D02,2024-03-25,Ligament Tear,2376,0,0,Not Admitted,Insurance
V004702,PT03536,DR067,D07,2025-04-13,Infection,5331,0,0,Not Admitted,UPI
V004703,PT02219,DR002,D02,2025-01-24,Ligament Tear,129180,1,6,Normal,Cash
V004704,PT00446,DR050,D07,2025-11-10,Infection,836,0,0,Not Admitted,Cash
V004705,PT00600,DR053,D03,2024-04-23,Asthma,4203,0,0,Not Admitted,Insurance
V004706,PT00156,DR052,D06,2024-05-06,Post-op Care,7787,0,0,Not Admitted,Cash
V004707,PT02071,DR022,D08,2024-08-12,Menstrual Disorder,243225,1,6,Normal,Card
V004708,PT00756,DR074,D03,2025-03-17,Viral Infection,6520,0,0,Not Admitted,Card
V004709,PT00926,DR042,D01,2024-11-27,CAD,5827,0,0,Not Admitted,Insurance
V004710,PT03850,DR021,D07,2024-04-18,Infection,291038,1,6,Normal,Card
V004711,PT04980,DR022,D08,2025-05-10,Fertility,581930,1,11,Normal,UPI
V004712,PT04616,DR055,D02,2024-05-28,Arthritis,2260,0,0,Not Admitted,Insurance
V004713,PT03446,DR040,D08,2025-11-12,Menstrual Disorder,4608,0,0,Not Admitted,Cash
V004714,PT03202,DR002,D02,2024-11-19,Arthritis,771417,1,11,Expired,Insurance
V004715,PT02583,DR071,D03,2025-06-24,Viral Infection,4490,0,0,Not Admitted,Card
V004716,PT03506,DR076,D04,2025-09-13,Stroke,4521,0,0,Not Admitted,Cash
V004717,PT03569,DR071,D03,2025-03-07,Vaccination,1826,0,0,Not Admitted,UPI
V004718,PT02788,DR022,D08,2024-08-04,PCOS,241959,1,4,Normal,Card
V004719,PT03327,DR014,D04,2024-10-16,Migraine,764038,1,7,Normal,UPI
V004720,PT03558,DR021,D07,2025-03-22,Thyroid,4774,0,0,Not Admitted,Card
V004721,PT00653,DR069,D07,2024-09-13,Fever,2379,0,0,Not Admitted,Insurance
V004722,PT01258,DR067,D07,2025-02-15,Fever,6432,0,0,Not Admitted,UPI
V004723,PT02906,DR071,D03,2025-09-22,Fever,2157,0,0,Not Admitted,Insurance
V004724,PT04543,DR020,D01,2024-03-18,Hypertension,3795,0,0,Not Admitted,Insurance
V004725,PT00011,DR032,D07,2025-10-03,Thyroid,6124,0,0,Not Admitted,UPI
V004726,PT01858,DR079,D04,2025-11-29,Neuropathy,1905,0,0,Not Admitted,Card
V004727,PT01262,DR042,D01,2024-12-09,CAD,2216,0,0,Not Admitted,UPI
V004728,PT03188,DR077,D01,2024-06-11,CAD,7855,0,0,Not Admitted,Cash
V004729,PT02752,DR051,D05,2024-02-26,Burns,4202,0,0,Not Admitted,Card
V004730,PT01182,DR028,D06,2025-06-21,Chemotherapy,7031,0,0,Not Admitted,Insurance
V004731,PT02690,DR045,D08,2025-10-15,Prenatal Care,6641,0,0,Not Admitted,Card
V004732,PT03054,DR075,D01,2024-01-23,CAD,1368,0,0,Not Admitted,UPI
V004733,PT00186,DR066,D08,2025-09-17,PCOS,2850,0,0,Not Admitted,UPI
V004734,PT00139,DR029,D05,2024-04-11,Poisoning,7835,0,0,Not Admitted,Card
V004735,PT02029,DR022,D08,2025-02-28,Menstrual Disorder,5628,0,0,Not Admitted,Insurance
V004736,PT01362,DR024,D05,2025-07-22,Severe Bleeding,3044,0,0,Not Admitted,Insurance
V004737,PT02649,DR005,D05,2024-07-19,Poisoning,6598,0,0,Not Admitted,Insurance
V004738,PT03499,DR069,D07,2024-02-21,Diabetes,189158,1,2,LAMA,Card
V004739,PT03076,DR032,D07,2025-05-19,Diabetes,3940,0,0,Not Admitted,Card
V004740,PT03798,DR012,D04,2024-10-11,Migraine,7790,0,0,Not Admitted,Card
V004741,PT04575,DR059,D01,2025-07-04,Heart Failure,3453,0,0,Not Admitted,Insurance
V004742,PT00631,DR051,D05,2025-02-21,Trauma,6168,0,0,Not Admitted,Cash
V004743,PT02255,DR021,D07,2025-07-05,Thyroid,4423,0,0,Not Admitted,Cash
V004744,PT02054,DR068,D03,2025-06-04,Viral Infection,596,0,0,Not Admitted,Card
V004745,PT00522,DR034,D08,2024-03-13,Fertility,5901,0,0,Not Admitted,Insurance
V004746,PT04266,DR080,D05,2024-02-07,Severe Bleeding,1651,0,0,Not Admitted,Cash
V004747,PT02308,DR027,D06,2025-12-18,Post-op Care,1327,0,0,Not Admitted,UPI
V004748,PT00682,DR077,D01,2025-08-23,Hypertension,5379,0,0,Not Admitted,Cash
V004749,PT02745,DR008,D02,2024-06-03,Back Pain,2377,0,0,Not Admitted,Cash
V004750,PT01457,DR063,D05,2024-05-02,Severe Bleeding,452734,1,6,Normal,Card
V004751,PT00029,DR069,D07,2025-02-26,Fever,7402,0,0,Not Admitted,Cash
V004752,PT01079,DR015,D06,2024-11-07,Chemotherapy,697259,1,1,Normal,Insurance
V004753,PT02084,DR053,D03,2025-01-19,Vaccination,3526,0,0,Not Admitted,UPI
V004754,PT00425,DR040,D08,2025-11-17,Fertility,1029,0,0,Not Admitted,Card
V004755,PT03538,DR031,D03,2025-06-17,Viral Infection,2877,0,0,Not Admitted,Insurance
V004756,PT00227,DR025,D05,2025-10-01,Burns,3618,0,0,Not Admitted,Insurance
V004757,PT00769,DR028,D06,2024-10-27,Post-op Care,2765,0,0,Not Admitted,UPI
V004758,PT00637,DR068,D03,2025-07-26,Asthma,249038,1,2,Normal,UPI
V004759,PT04984,DR057,D04,2025-03-01,Migraine,1935,0,0,Not Admitted,Card
V004760,PT01510,DR026,D05,2025-07-11,Severe Bleeding,3197,0,0,Not Admitted,Card
V004761,PT01143,DR066,D08,2024-02-08,Fertility,3862,0,0,Not Admitted,Card
V004762,PT00267,DR080,D05,2024-07-16,Burns,5593,0,0,Not Admitted,Insurance
V004763,PT02017,DR054,D02,2025-03-12,Ligament Tear,216652,1,9,Normal,UPI
V004764,PT00838,DR001,D02,2024-07-18,Back Pain,6995,0,0,Not Admitted,Insurance
V004765,PT01231,DR003,D04,2025-05-22,Stroke,1516,0,0,Not Admitted,UPI
V004766,PT02687,DR050,D07,2024-02-07,Infection,519442,1,11,Referred,Card
V004767,PT02327,DR072,D06,2024-12-04,Radiotherapy,5212,0,0,Not Admitted,UPI
V004768,PT02311,DR025,D05,2025-02-22,Trauma,6534,0,0,Not Admitted,UPI
V004769,PT02755,DR016,D06,2025-09-26,Chemotherapy,5247,0,0,Not Admitted,Insurance
V004770,PT03082,DR015,D06,2025-09-02,Chemotherapy,3434,0,0,Not Admitted,Cash
V004771,PT01098,DR070,D03,2025-02-03,Viral Infection,6760,0,0,Not Admitted,Insurance
V004772,PT03835,DR020,D01,2024-08-26,Hypertension,563917,1,3,Normal,Insurance
V004773,PT03441,DR074,D03,2024-10-09,Viral Infection,3931,0,0,Not Admitted,Insurance
V004774,PT00544,DR021,D07,2024-10-27,Fever,683051,1,8,Normal,Cash
V004775,PT00946,DR041,D07,2025-05-22,Thyroid,398343,1,4,Normal,UPI
V004776,PT04698,DR020,D01,2024-07-26,CAD,6996,0,0,Not Admitted,UPI
V004777,PT00335,DR023,D02,2025-11-10,Back Pain,546263,1,3,Referred,Cash
V004778,PT03996,DR048,D04,2025-10-25,Epilepsy,2501,0,0,Not Admitted,UPI
V004779,PT04576,DR043,D06,2024-03-01,Post-op Care,7870,0,0,Not Admitted,Cash
V004780,PT04771,DR058,D03,2025-06-03,Asthma,3578,0,0,Not Admitted,Card
V004781,PT03429,DR010,D02,2024-03-06,Arthritis,3416,0,0,Not Admitted,Insurance
V004782,PT02432,DR032,D07,2024-12-28,Infection,7397,0,0,Not Admitted,Cash
V004783,PT03488,DR049,D01,2024-12-19,Heart Failure,5169,0,0,Not Admitted,Insurance
V004784,PT01158,DR025,D05,2025-06-07,Burns,508245,1,8,Normal,Cash
V004785,PT01271,DR047,D04,2024-02-07,Stroke,744979,1,12,Referred,Insurance
V004786,PT01573,DR030,D02,2025-04-30,Back Pain,3383,0,0,Not Admitted,UPI
V004787,PT00541,DR013,D04,2024-04-25,Epilepsy,1784,0,0,Not Admitted,Card
V004788,PT03551,DR058,D03,2024-04-14,Asthma,7211,0,0,Not Admitted,UPI
V004789,PT01558,DR075,D01,2025-08-14,Hypertension,4350,0,0,Not Admitted,Card
V004790,PT01971,DR078,D06,2024-04-12,Chemotherapy,7034,0,0,Not Admitted,UPI
V004791,PT01153,DR032,D07,2024-07-18,Thyroid,1322,0,0,Not Admitted,Insurance
V004792,PT02562,DR034,D08,2024-12-30,Menstrual Disorder,2971,0,0,Not Admitted,UPI
V004793,PT01120,DR044,D08,2024-02-06,Fertility,1774,0,0,Not Admitted,UPI
V004794,PT00234,DR036,D04,2025-06-04,Migraine,4060,0,0,Not Admitted,Insurance
V004795,PT02170,DR053,D03,2024-03-06,Fever,2956,0,0,Not Admitted,Cash
V004796,PT02006,DR006,D02,2024-11-15,Back Pain,964,0,0,Not Admitted,UPI
V004797,PT01500,DR007,D05,2024-04-15,Severe Bleeding,2557,0,0,Not Admitted,Card
V004798,PT01502,DR015,D06,2025-08-04,Post-op Care,107595,1,2,Normal,Card
V004799,PT04983,DR064,D02,2025-11-17,Ligament Tear,201552,1,10,Normal,UPI
V004800,PT01577,DR013,D04,2024-05-14,Epilepsy,3147,0,0,Not Admitted,Cash
V004801,PT02208,DR056,D02,2025-10-04,Fracture,7529,0,0,Not Admitted,Insurance
V004802,PT03465,DR075,D01,2025-08-16,Arrhythmia,6518,0,0,Not Admitted,UPI
V004803,PT00712,DR075,D01,2024-03-08,Hypertension,3511,0,0,Not Admitted,Card
V004804,PT00495,DR044,D08,2024-10-16,Prenatal Care,1008,0,0,Not Admitted,Card
V004805,PT01339,DR073,D04,2025-10-19,Stroke,163216,1,10,Normal,Cash
V004806,PT02525,DR060,D04,2024-06-08,Epilepsy,5696,0,0,Not Admitted,Insurance
V004807,PT03944,DR073,D04,2025-05-30,Stroke,2995,0,0,Not Admitted,Card
V004808,PT02615,DR028,D06,2024-07-06,Radiotherapy,1739,0,0,Not Admitted,UPI
V004809,PT03369,DR062,D08,2025-10-23,PCOS,1791,0,0,Not Admitted,Insurance
V004810,PT02818,DR021,D07,2024-10-21,Diabetes,6724,0,0,Not Admitted,Card
V004811,PT03194,DR015,D06,2024-10-20,Post-op Care,1600,0,0,Not Admitted,Card
V004812,PT02909,DR043,D06,2024-08-22,Tumor Screening,7817,0,0,Not Admitted,Card
V004813,PT02194,DR037,D02,2025-10-13,Fracture,2300,0,0,Not Admitted,UPI
V004814,PT04546,DR025,D05,2024-10-07,Poisoning,6935,0,0,Not Admitted,Cash
V004815,PT00448,DR061,D02,2024-05-06,Fracture,2327,0,0,Not Admitted,Cash
V004816,PT03497,DR039,D03,2024-03-24,Fever,7504,0,0,Not Admitted,UPI
V004817,PT04708,DR050,D07,2024-05-22,Fever,6723,0,0,Not Admitted,Cash
V004818,PT00772,DR006,D02,2025-10-16,Arthritis,259101,1,12,Normal,Cash
V004819,PT04477,DR046,D02,2024-01-02,Ligament Tear,2821,0,0,Not Admitted,UPI
V004820,PT02245,DR061,D02,2024-01-10,Back Pain,803,0,0,Not Admitted,Cash
V004821,PT03364,DR049,D01,2024-02-28,Heart Failure,3851,0,0,Not Admitted,Insurance
V004822,PT01197,DR028,D06,2024-08-01,Post-op Care,1775,0,0,Not Admitted,Cash
V004823,PT02864,DR047,D04,2025-01-29,Neuropathy,5194,0,0,Not Admitted,Card
V004824,PT02972,DR041,D07,2025-01-03,Diabetes,623,0,0,Not Admitted,Card
V004825,PT03796,DR075,D01,2025-04-23,Arrhythmia,3516,0,0,Not Admitted,Insurance
V004826,PT03940,DR050,D07,2024-07-08,Fever,7617,0,0,Not Admitted,Cash
V004827,PT00326,DR067,D07,2025-09-12,Diabetes,165629,1,2,Normal,UPI
V004828,PT00275,DR050,D07,2024-05-29,Diabetes,3285,0,0,Not Admitted,Insurance
V004829,PT04505,DR010,D02,2024-05-18,Fracture,7490,0,0,Not Admitted,Insurance
V004830,PT01194,DR062,D08,2025-01-09,PCOS,1567,0,0,Not Admitted,Cash
V004831,PT00519,DR029,D05,2025-06-08,Burns,7726,0,0,Not Admitted,Card
V004832,PT02238,DR011,D08,2025-06-01,Menstrual Disorder,2181,0,0,Not Admitted,Card
V004833,PT03312,DR076,D04,2025-07-07,Neuropathy,6183,0,0,Not Admitted,UPI
V004834,PT01555,DR059,D01,2025-11-23,Heart Failure,7785,0,0,Not Admitted,UPI
V004835,PT03349,DR062,D08,2024-05-24,Prenatal Care,2162,0,0,Not Admitted,Insurance
V004836,PT00271,DR005,D05,2025-12-01,Poisoning,7266,0,0,Not Admitted,Cash
V004837,PT01614,DR047,D04,2024-12-10,Stroke,1928,0,0,Not Admitted,UPI
V004838,PT01244,DR059,D01,2025-07-09,Hypertension,4061,0,0,Not Admitted,Cash
V004839,PT00600,DR035,D06,2025-11-23,Tumor Screening,3030,0,0,Not Admitted,UPI
V004840,PT04671,DR040,D08,2025-03-26,Fertility,3275,0,0,Not Admitted,Insurance
V004841,PT04753,DR009,D04,2025-01-23,Migraine,4937,0,0,Not Admitted,Cash
V004842,PT02396,DR039,D03,2024-01-21,Viral Infection,2835,0,0,Not Admitted,UPI
V004843,PT01886,DR016,D06,2024-12-29,Tumor Screening,7339,0,0,Not Admitted,Cash
V004844,PT01577,DR015,D06,2024-11-25,Chemotherapy,58882,1,5,Normal,UPI
V004845,PT01430,DR079,D04,2025-05-02,Migraine,5924,0,0,Not Admitted,UPI
V004846,PT00931,DR077,D01,2024-07-22,Arrhythmia,1591,0,0,Not Admitted,Card
V004847,PT01029,DR060,D04,2025-10-06,Migraine,2114,0,0,Not Admitted,UPI
V004848,PT02392,DR066,D08,2024-10-04,Menstrual Disorder,684,0,0,Not Admitted,Cash
V004849,PT02594,DR003,D04,2025-02-05,Migraine,490094,1,8,Normal,Insurance
V004850,PT04187,DR033,D05,2025-04-20,Trauma,4877,0,0,Not Admitted,Insurance
V004851,PT01905,DR021,D07,2025-11-20,Thyroid,1089,0,0,Not Admitted,Insurance
V004852,PT00128,DR029,D05,2024-06-16,Severe Bleeding,2142,0,0,Not Admitted,Card
V004853,PT03093,DR041,D07,2025-07-15,Diabetes,4912,0,0,Not Admitted,UPI
V004854,PT00811,DR006,D02,2024-03-03,Ligament Tear,4993,0,0,Not Admitted,UPI
V004855,PT03478,DR044,D08,2025-09-07,Prenatal Care,4359,0,0,Not Admitted,Card
V004856,PT01188,DR074,D03,2024-08-13,Fever,3853,0,0,Not Admitted,Insurance
V004857,PT02975,DR026,D05,2025-10-01,Trauma,577125,1,10,Normal,Cash
V004858,PT03289,DR079,D04,2024-07-30,Stroke,1400,0,0,Not Admitted,Cash
V004859,PT02514,DR077,D01,2024-02-05,Arrhythmia,7218,0,0,Not Admitted,UPI
V004860,PT02931,DR020,D01,2025-11-08,CAD,1475,0,0,Not Admitted,Cash
V004861,PT04911,DR020,D01,2025-05-15,CAD,1705,0,0,Not Admitted,Insurance
V004862,PT00166,DR060,D04,2024-12-25,Stroke,5743,0,0,Not Admitted,UPI
V004863,PT01272,DR059,D01,2025-07-20,Arrhythmia,7269,0,0,Not Admitted,Cash
V004864,PT04072,DR020,D01,2024-07-29,Arrhythmia,686990,1,8,Normal,UPI
V004865,PT03300,DR005,D05,2024-05-31,Poisoning,6884,0,0,Not Admitted,Cash
V004866,PT01360,DR028,D06,2025-10-23,Chemotherapy,7418,0,0,Not Admitted,Cash
V004867,PT01632,DR001,D02,2025-12-02,Fracture,7266,0,0,Not Admitted,Cash
V004868,PT02392,DR015,D06,2025-02-16,Chemotherapy,1215,0,0,Not Admitted,Cash
V004869,PT00121,DR061,D02,2024-12-24,Fracture,4668,0,0,Not Admitted,Card
V004870,PT03824,DR059,D01,2024-06-13,Heart Failure,1090,0,0,Not Admitted,Insurance
V004871,PT01082,DR058,D03,2025-12-08,Asthma,2510,0,0,Not Admitted,Card
V004872,PT00699,DR072,D06,2024-09-19,Radiotherapy,731822,1,2,Normal,Insurance
V004873,PT03893,DR050,D07,2024-06-30,Thyroid,1811,0,0,Not Admitted,Card
V004874,PT03475,DR032,D07,2024-12-12,Fever,4413,0,0,Not Admitted,Insurance
V004875,PT01140,DR005,D05,2024-05-03,Poisoning,950,0,0,Not Admitted,Card
V004876,PT00986,DR039,D03,2024-03-25,Viral Infection,5833,0,0,Not Admitted,Card
V004877,PT02635,DR023,D02,2024-02-17,Ligament Tear,2819,0,0,Not Admitted,Cash
V004878,PT00527,DR077,D01,2024-01-26,CAD,6697,0,0,Not Admitted,Cash
V004879,PT04887,DR024,D05,2024-09-16,Severe Bleeding,1293,0,0,Not Admitted,UPI
V004880,PT01247,DR028,D06,2024-09-10,Chemotherapy,5616,0,0,Not Admitted,UPI
V004881,PT01998,DR065,D04,2024-07-06,Stroke,6667,0,0,Not Admitted,UPI
V004882,PT02443,DR022,D08,2024-01-26,Fertility,2168,0,0,Not Admitted,Card
V004883,PT04371,DR064,D02,2025-05-23,Back Pain,554910,1,3,Normal,Cash
V004884,PT02164,DR046,D02,2025-01-17,Back Pain,1603,0,0,Not Admitted,Cash
V004885,PT00837,DR059,D01,2025-06-01,Arrhythmia,607,0,0,Not Admitted,Insurance
V004886,PT01486,DR020,D01,2024-11-12,Hypertension,1348,0,0,Not Admitted,Cash
V004887,PT00970,DR021,D07,2024-05-05,Fever,475765,1,10,Normal,Cash
V004888,PT04868,DR050,D07,2025-04-27,Infection,7546,0,0,Not Admitted,UPI
V004889,PT03570,DR042,D01,2024-07-17,Arrhythmia,1358,0,0,Not Admitted,Cash
V004890,PT02556,DR051,D05,2025-07-10,Poisoning,4118,0,0,Not Admitted,Insurance
V004891,PT04023,DR072,D06,2025-03-26,Post-op Care,1183,0,0,Not Admitted,Insurance
V004892,PT01931,DR027,D06,2024-12-08,Post-op Care,2570,0,0,Not Admitted,Cash
V004893,PT04376,DR063,D05,2025-02-05,Burns,1375,0,0,Not Admitted,Insurance
V004894,PT04805,DR028,D06,2025-06-29,Post-op Care,515,0,0,Not Admitted,Cash
V004895,PT01227,DR050,D07,2024-07-26,Fever,5407,0,0,Not Admitted,Cash
V004896,PT00913,DR049,D01,2024-10-16,CAD,663,0,0,Not Admitted,Cash
V004897,PT00553,DR055,D02,2025-04-06,Fracture,915,0,0,Not Admitted,UPI
V004898,PT03910,DR013,D04,2024-07-29,Stroke,2832,0,0,Not Admitted,Card
V004899,PT03896,DR058,D03,2024-12-15,Viral Infection,6785,0,0,Not Admitted,Insurance
V004900,PT01445,DR013,D04,2024-04-15,Neuropathy,6870,0,0,Not Admitted,Card
V004901,PT00680,DR051,D05,2024-02-08,Poisoning,2374,0,0,Not Admitted,Insurance
V004902,PT03232,DR078,D06,2025-10-04,Radiotherapy,2762,0,0,Not Admitted,UPI
V004903,PT00763,DR044,D08,2024-12-13,Menstrual Disorder,997,0,0,Not Admitted,Card
V004904,PT03013,DR070,D03,2025-11-12,Viral Infection,71488,1,10,Normal,Cash
V004905,PT04497,DR075,D01,2024-02-18,Arrhythmia,3899,0,0,Not Admitted,Insurance
V004906,PT04463,DR032,D07,2024-10-06,Diabetes,7396,0,0,Not Admitted,Insurance
V004907,PT00649,DR006,D02,2025-07-06,Ligament Tear,4201,0,0,Not Admitted,Card
V004908,PT00018,DR051,D05,2024-03-19,Poisoning,2308,0,0,Not Admitted,Insurance
V004909,PT03643,DR058,D03,2025-12-20,Fever,7093,0,0,Not Admitted,UPI
V004910,PT01025,DR041,D07,2024-07-01,Diabetes,550797,1,6,LAMA,Card
V004911,PT02130,DR044,D08,2024-01-13,Menstrual Disorder,4354,0,0,Not Admitted,Insurance
V004912,PT01271,DR044,D08,2024-03-07,PCOS,5340,0,0,Not Admitted,Cash
V004913,PT03639,DR041,D07,2025-11-23,Thyroid,3224,0,0,Not Admitted,UPI
V004914,PT00064,DR021,D07,2025-11-11,Fever,1832,0,0,Not Admitted,Card
V004915,PT00399,DR069,D07,2024-11-24,Thyroid,2497,0,0,Not Admitted,Card
V004916,PT04879,DR042,D01,2025-05-08,CAD,2131,0,0,Not Admitted,UPI
V004917,PT02962,DR058,D03,2025-11-08,Fever,4394,0,0,Not Admitted,Cash
V004918,PT01370,DR028,D06,2025-09-26,Radiotherapy,2843,0,0,Not Admitted,Card
V004919,PT01233,DR033,D05,2025-07-21,Burns,2522,0,0,Not Admitted,Insurance
V004920,PT04302,DR002,D02,2025-04-27,Arthritis,540433,1,6,Normal,Insurance
V004921,PT01729,DR067,D07,2025-06-18,Diabetes,4952,0,0,Not Admitted,Card
V004922,PT04090,DR080,D05,2024-07-14,Poisoning,6827,0,0,Not Admitted,Insurance
V004923,PT04156,DR068,D03,2025-07-26,Asthma,6708,0,0,Not Admitted,Insurance
V004924,PT00054,DR035,D06,2025-07-19,Post-op Care,6914,0,0,Not Admitted,Insurance
V004925,PT01064,DR038,D04,2024-04-26,Neuropathy,2295,0,0,Not Admitted,Cash
V004926,PT03394,DR027,D06,2024-04-14,Tumor Screening,924,0,0,Not Admitted,Cash
V004927,PT04641,DR038,D04,2024-11-08,Epilepsy,7537,0,0,Not Admitted,Cash
V004928,PT01883,DR057,D04,2024-07-20,Neuropathy,2175,0,0,Not Admitted,Insurance
V004929,PT04127,DR016,D06,2025-07-16,Tumor Screening,626104,1,10,Normal,Insurance
V004930,PT03364,DR072,D06,2025-09-21,Tumor Screening,3303,0,0,Not Admitted,Card
V004931,PT00429,DR021,D07,2024-11-04,Infection,238571,1,2,Normal,UPI
V004932,PT02407,DR007,D05,2025-04-19,Severe Bleeding,92805,1,12,Normal,Insurance
V004933,PT01155,DR051,D05,2025-11-15,Trauma,5446,0,0,Not Admitted,Card
V004934,PT03731,DR029,D05,2025-03-29,Burns,5706,0,0,Not Admitted,Cash
V004935,PT01997,DR020,D01,2024-09-17,Hypertension,1429,0,0,Not Admitted,Cash
V004936,PT00889,DR017,D08,2025-03-16,Fertility,5350,0,0,Not Admitted,UPI
V004937,PT03669,DR034,D08,2024-01-22,Menstrual Disorder,5247,0,0,Not Admitted,Insurance
V004938,PT01869,DR059,D01,2025-05-31,Heart Failure,103004,1,2,Normal,Cash
V004939,PT04620,DR015,D06,2025-01-11,Tumor Screening,1088,0,0,Not Admitted,Cash
V004940,PT04153,DR071,D03,2024-05-11,Asthma,761486,1,1,Normal,Insurance
V004941,PT02528,DR021,D07,2025-03-19,Infection,618,0,0,Not Admitted,Card
V004942,PT04567,DR044,D08,2024-06-12,Prenatal Care,3867,0,0,Not Admitted,Card
V004943,PT04167,DR016,D06,2025-12-15,Post-op Care,5141,0,0,Not Admitted,Insurance
V004944,PT02980,DR028,D06,2024-07-23,Tumor Screening,576,0,0,Not Admitted,Card
V004945,PT04422,DR017,D08,2024-10-19,PCOS,840,0,0,Not Admitted,Insurance
V004946,PT02901,DR045,D08,2025-09-29,PCOS,2714,0,0,Not Admitted,Card
V004947,PT03846,DR055,D02,2024-08-17,Fracture,7364,0,0,Not Admitted,Cash
V004948,PT02041,DR069,D07,2025-04-10,Thyroid,7427,0,0,Not Admitted,Cash
V004949,PT04508,DR021,D07,2024-05-14,Fever,4110,0,0,Not Admitted,Cash
V004950,PT01923,DR062,D08,2024-04-10,PCOS,4207,0,0,Not Admitted,Cash
V004951,PT03833,DR039,D03,2025-02-27,Viral Infection,1414,0,0,Not Admitted,UPI
V004952,PT04306,DR002,D02,2024-07-16,Arthritis,3278,0,0,Not Admitted,UPI
V004953,PT02628,DR001,D02,2024-01-30,Arthritis,2941,0,0,Not Admitted,Cash
V004954,PT02546,DR027,D06,2025-04-09,Radiotherapy,3501,0,0,Not Admitted,Insurance
V004955,PT03236,DR002,D02,2025-12-22,Back Pain,4378,0,0,Not Admitted,Card
V004956,PT04662,DR029,D05,2024-10-30,Severe Bleeding,642686,1,5,Normal,Card
V004957,PT03976,DR012,D04,2024-03-25,Stroke,1832,0,0,Not Admitted,Insurance
V004958,PT02794,DR020,D01,2025-11-25,Heart Failure,3375,0,0,Not Admitted,UPI
V004959,PT03470,DR078,D06,2024-08-30,Chemotherapy,56748,1,10,Normal,Card
V004960,PT02368,DR053,D03,2024-07-12,Asthma,53237,1,4,Normal,Card
V004961,PT02591,DR011,D08,2024-01-10,Fertility,4604,0,0,Not Admitted,Insurance
V004962,PT00164,DR038,D04,2025-02-17,Epilepsy,3254,0,0,Not Admitted,Cash
V004963,PT01187,DR020,D01,2024-01-23,Heart Failure,3146,0,0,Not Admitted,Cash
V004964,PT03073,DR068,D03,2025-01-27,Vaccination,5917,0,0,Not Admitted,Cash
V004965,PT04621,DR037,D02,2024-01-21,Arthritis,58273,1,1,Normal,Card
V004966,PT03852,DR073,D04,2025-10-07,Migraine,5775,0,0,Not Admitted,Cash
V004967,PT04742,DR075,D01,2025-06-17,Arrhythmia,4244,0,0,Not Admitted,UPI
V004968,PT02067,DR003,D04,2024-09-13,Stroke,5171,0,0,Not Admitted,UPI
V004969,PT03665,DR025,D05,2024-05-24,Trauma,1477,0,0,Not Admitted,Insurance
V004970,PT02850,DR001,D02,2025-04-22,Back Pain,4198,0,0,Not Admitted,Cash
V004971,PT03750,DR008,D02,2025-03-04,Fracture,3430,0,0,Not Admitted,UPI
V004972,PT00055,DR021,D07,2024-11-14,Infection,5088,0,0,Not Admitted,Cash
V004973,PT04343,DR077,D01,2024-01-20,Hypertension,7573,0,0,Not Admitted,Insurance
V004974,PT02775,DR044,D08,2024-02-28,Menstrual Disorder,3825,0,0,Not Admitted,Card
V004975,PT00089,DR018,D05,2024-02-08,Poisoning,7739,0,0,Not Admitted,UPI
V004976,PT02516,DR039,D03,2024-03-10,Asthma,721,0,0,Not Admitted,Insurance
V004977,PT02335,DR026,D05,2025-07-24,Severe Bleeding,47965,1,12,Normal,UPI
V004978,PT00817,DR060,D04,2025-07-17,Stroke,1875,0,0,Not Admitted,UPI
V004979,PT04128,DR014,D04,2024-10-30,Neuropathy,3946,0,0,Not Admitted,Card
V004980,PT02308,DR074,D03,2024-09-06,Vaccination,6779,0,0,Not Admitted,Card
V004981,PT03668,DR060,D04,2025-12-21,Epilepsy,371198,1,10,Normal,Cash
V004982,PT02069,DR016,D06,2024-02-01,Tumor Screening,6191,0,0,Not Admitted,Cash
V004983,PT02059,DR042,D01,2025-04-27,CAD,7641,0,0,Not Admitted,Cash
V004984,PT01121,DR022,D08,2025-08-05,Prenatal Care,224788,1,12,Normal,Cash
V004985,PT01882,DR014,D04,2025-11-25,Migraine,5884,0,0,Not Admitted,Cash
V004986,PT00475,DR044,D08,2024-03-01,Menstrual Disorder,748,0,0,Not Admitted,Cash
V004987,PT04295,DR049,D01,2025-03-09,Hypertension,749,0,0,Not Admitted,Insurance
V004988,PT03785,DR049,D01,2025-01-30,Heart Failure,4382,0,0,Not Admitted,Cash
V004989,PT03968,DR074,D03,2024-09-05,Asthma,5944,0,0,Not Admitted,Cash
V004990,PT03861,DR032,D07,2024-10-29,Thyroid,777152,1,7,Normal,Insurance
V004991,PT00736,DR029,D05,2025-12-22,Severe Bleeding,5431,0,0,Not Admitted,Card
V004992,PT04385,DR071,D03,2024-08-05,Fever,6712,0,0,Not Admitted,Insurance
V004993,PT02453,DR023,D02,2025-06-19,Fracture,527597,1,8,Normal,Cash
V004994,PT00080,DR011,D08,2024-11-23,Menstrual Disorder,7547,0,0,Not Admitted,Card
V004995,PT01312,DR046,D02,2024-02-04,Arthritis,435394,1,3,Normal,Insurance
V004996,PT03863,DR055,D02,2025-02-05,Arthritis,4520,0,0,Not Admitted,Insurance
V004997,PT01835,DR073,D04,2025-07-19,Migraine,5990,0,0,Not Admitted,Card
V004998,PT00618,DR059,D01,2024-09-06,CAD,4190,0,0,Not Admitted,UPI
V004999,PT00247,DR039,D03,2025-08-27,Fever,5421,0,0,Not Admitted,Insurance
V005000,PT00093,DR023,D02,2025-07-09,Back Pain,2724,0,0,Not Admitted,UPI
V005001,PT01807,DR033,D05,2024-10-20,Trauma,7715,0,0,Not Admitted,Insurance
V005002,PT02383,DR011,D08,2024-04-09,Fertility,4461,0,0,Not Admitted,UPI
V005003,PT03961,DR058,D03,2024-09-06,Asthma,276111,1,5,Normal,Cash
V005004,PT01237,DR077,D01,2025-12-10,Heart Failure,3787,0,0,Not Admitted,Insurance
V005005,PT04943,DR034,D08,2024-06-19,Menstrual Disorder,7204,0,0,Not Admitted,Insurance
V005006,PT00830,DR078,D06,2025-05-27,Radiotherapy,6261,0,0,Not Admitted,UPI
V005007,PT01751,DR068,D03,2025-01-13,Vaccination,3694,0,0,Not Admitted,UPI
V005008,PT00470,DR051,D05,2024-07-09,Poisoning,643949,1,3,Normal,Cash
V005009,PT01816,DR024,D05,2024-05-25,Burns,3852,0,0,Not Admitted,Card
V005010,PT00150,DR025,D05,2025-07-28,Poisoning,1413,0,0,Not Admitted,Card
V005011,PT00575,DR028,D06,2025-11-02,Post-op Care,589,0,0,Not Admitted,UPI
V005012,PT03556,DR045,D08,2024-06-22,Menstrual Disorder,3096,0,0,Not Admitted,Insurance
V005013,PT01019,DR011,D08,2024-07-18,Menstrual Disorder,7315,0,0,Not Admitted,UPI
V005014,PT02652,DR064,D02,2025-04-14,Ligament Tear,3380,0,0,Not Admitted,Insurance
V005015,PT01653,DR039,D03,2025-03-13,Asthma,1593,0,0,Not Admitted,Card
V005016,PT01243,DR021,D07,2025-11-28,Diabetes,877,0,0,Not Admitted,UPI
V005017,PT03729,DR041,D07,2025-01-01,Infection,3733,0,0,Not Admitted,Insurance
V005018,PT02221,DR076,D04,2024-11-02,Epilepsy,6178,0,0,Not Admitted,UPI
V005019,PT02030,DR050,D07,2024-06-21,Infection,3841,0,0,Not Admitted,UPI
V005020,PT02138,DR023,D02,2024-07-05,Fracture,7376,0,0,Not Admitted,UPI
V005021,PT02069,DR044,D08,2025-02-23,Fertility,967,0,0,Not Admitted,Insurance
V005022,PT00697,DR069,D07,2025-10-20,Thyroid,7298,0,0,Not Admitted,Insurance
V005023,PT01454,DR054,D02,2024-12-21,Ligament Tear,3312,0,0,Not Admitted,Cash
V005024,PT01178,DR040,D08,2025-11-15,PCOS,3819,0,0,Not Admitted,Insurance
V005025,PT01631,DR033,D05,2025-03-19,Burns,7882,0,0,Not Admitted,Cash
V005026,PT01285,DR052,D06,2024-02-25,Post-op Care,723655,1,7,Normal,Insurance
V005027,PT04962,DR029,D05,2024-04-01,Trauma,2080,0,0,Not Admitted,Card
V005028,PT00548,DR002,D02,2024-11-02,Arthritis,629,0,0,Not Admitted,Insurance
V005029,PT03423,DR067,D07,2025-05-20,Diabetes,7667,0,0,Not Admitted,Card
V005030,PT03406,DR039,D03,2025-11-23,Vaccination,4302,0,0,Not Admitted,Insurance
V005031,PT03914,DR028,D06,2024-12-16,Tumor Screening,5285,0,0,Not Admitted,Card
V005032,PT00509,DR049,D01,2024-01-04,Hypertension,7284,0,0,Not Admitted,Cash
V005033,PT03379,DR037,D02,2024-06-20,Ligament Tear,3966,0,0,Not Admitted,UPI
V005034,PT02895,DR008,D02,2025-09-20,Ligament Tear,2872,0,0,Not Admitted,Cash
V005035,PT03596,DR048,D04,2025-04-11,Migraine,874,0,0,Not Admitted,UPI
V005036,PT03848,DR050,D07,2024-01-26,Fever,827,0,0,Not Admitted,UPI
V005037,PT03355,DR047,D04,2025-10-22,Stroke,5234,0,0,Not Admitted,Insurance
V005038,PT04660,DR033,D05,2024-11-12,Poisoning,533168,1,7,Normal,Cash
V005039,PT01344,DR044,D08,2024-05-23,PCOS,377151,1,9,Normal,Insurance
V005040,PT00462,DR011,D08,2025-01-01,Menstrual Disorder,4584,0,0,Not Admitted,Card
V005041,PT00813,DR022,D08,2024-12-28,Menstrual Disorder,854,0,0,Not Admitted,Insurance
V005042,PT00987,DR045,D08,2024-02-03,Prenatal Care,7709,0,0,Not Admitted,Cash
V005043,PT00847,DR041,D07,2024-03-16,Diabetes,86253,1,0,Normal,Cash
V005044,PT00307,DR066,D08,2025-07-23,Fertility,458398,1,12,Normal,Cash
V005045,PT04461,DR024,D05,2024-03-28,Severe Bleeding,1649,0,0,Not Admitted,Insurance
V005046,PT00238,DR080,D05,2024-09-26,Severe Bleeding,5582,0,0,Not Admitted,Card
V005047,PT01621,DR044,D08,2025-08-16,Prenatal Care,598703,1,2,Normal,Card
V005048,PT03074,DR014,D04,2025-06-25,Stroke,3180,0,0,Not Admitted,Card
V005049,PT04547,DR030,D02,2025-09-14,Ligament Tear,7902,0,0,Not Admitted,Cash
V005050,PT04247,DR030,D02,2025-07-10,Arthritis,4292,0,0,Not Admitted,Card
V005051,PT03722,DR069,D07,2025-06-08,Infection,7763,0,0,Not Admitted,Cash
V005052,PT04379,DR066,D08,2025-12-05,Fertility,3637,0,0,Not Admitted,Insurance
V005053,PT02858,DR027,D06,2025-12-05,Post-op Care,4075,0,0,Not Admitted,Insurance
V005054,PT03900,DR067,D07,2024-08-11,Thyroid,4806,0,0,Not Admitted,UPI
V005055,PT00761,DR033,D05,2025-06-17,Poisoning,151972,1,0,Normal,Cash
V005056,PT00414,DR041,D07,2024-11-07,Diabetes,183531,1,0,Normal,Card
V005057,PT04366,DR028,D06,2025-10-13,Chemotherapy,6198,0,0,Not Admitted,Card
V005058,PT04415,DR053,D03,2025-01-20,Viral Infection,2501,0,0,Not Admitted,UPI
V005059,PT03260,DR032,D07,2024-01-17,Infection,795,0,0,Not Admitted,Card
V005060,PT01375,DR059,D01,2025-09-25,Heart Failure,795167,1,10,LAMA,Insurance
V005061,PT00493,DR059,D01,2025-09-15,Heart Failure,6259,0,0,Not Admitted,Cash
V005062,PT01968,DR071,D03,2024-09-07,Viral Infection,544080,1,3,Normal,Card
V005063,PT00978,DR020,D01,2024-03-24,Heart Failure,2253,0,0,Not Admitted,Insurance
V005064,PT03803,DR053,D03,2024-01-24,Asthma,7637,0,0,Not Admitted,Cash
V005065,PT02420,DR055,D02,2025-02-07,Fracture,4501,0,0,Not Admitted,Insurance
V005066,PT01835,DR047,D04,2025-07-14,Neuropathy,2487,0,0,Not Admitted,Insurance
V005067,PT03577,DR027,D06,2025-07-05,Tumor Screening,2880,0,0,Not Admitted,Cash
V005068,PT02112,DR053,D03,2025-01-27,Viral Infection,1639,0,0,Not Admitted,UPI
V005069,PT01079,DR069,D07,2024-08-16,Infection,2771,0,0,Not Admitted,UPI
V005070,PT01214,DR067,D07,2024-07-27,Fever,1928,0,0,Not Admitted,Insurance
V005071,PT03360,DR020,D01,2024-07-08,Heart Failure,951,0,0,Not Admitted,Cash
V005072,PT02040,DR030,D02,2024-10-19,Arthritis,753899,1,10,Normal,Cash
V005073,PT02292,DR076,D04,2024-07-25,Epilepsy,3312,0,0,Not Admitted,Card
V005074,PT01976,DR061,D02,2025-12-05,Back Pain,1792,0,0,Not Admitted,Card
V005075,PT00621,DR034,D08,2024-06-03,Menstrual Disorder,4243,0,0,Not Admitted,Cash
V005076,PT00132,DR031,D03,2025-11-29,Viral Infection,7197,0,0,Not Admitted,Cash
V005077,PT02389,DR008,D02,2024-09-02,Ligament Tear,3058,0,0,Not Admitted,Insurance
V005078,PT04736,DR023,D02,2024-12-02,Arthritis,2315,0,0,Not Admitted,Cash
V005079,PT00321,DR003,D04,2025-12-09,Neuropathy,408343,1,10,Normal,Insurance
V005080,PT03175,DR024,D05,2025-10-29,Burns,5713,0,0,Not Admitted,Card
V005081,PT00469,DR059,D01,2024-09-09,Hypertension,6764,0,0,Not Admitted,UPI
V005082,PT03346,DR046,D02,2025-10-30,Arthritis,2826,0,0,Not Admitted,Insurance
V005083,PT03241,DR021,D07,2025-10-04,Infection,3340,0,0,Not Admitted,Cash
V005084,PT01137,DR030,D02,2025-11-19,Back Pain,4366,0,0,Not Admitted,UPI
V005085,PT04420,DR074,D03,2024-08-04,Fever,4056,0,0,Not Admitted,UPI
V005086,PT01626,DR071,D03,2025-05-07,Vaccination,5746,0,0,Not Admitted,UPI
V005087,PT02454,DR022,D08,2025-12-25,PCOS,794058,1,7,Normal,Insurance
V005088,PT01634,DR079,D04,2024-04-21,Stroke,7740,0,0,Not Admitted,Card
V005089,PT03366,DR065,D04,2024-11-04,Migraine,375468,1,10,Normal,UPI
V005090,PT03691,DR057,D04,2025-01-02,Stroke,3744,0,0,Not Admitted,UPI
V005091,PT01990,DR015,D06,2024-06-29,Chemotherapy,3565,0,0,Not Admitted,Cash
V005092,PT03563,DR069,D07,2024-05-01,Thyroid,687361,1,0,Referred,Card
V005093,PT04620,DR056,D02,2024-01-03,Fracture,7863,0,0,Not Admitted,Card
V005094,PT03239,DR049,D01,2024-02-17,Heart Failure,1889,0,0,Not Admitted,UPI
V005095,PT00078,DR070,D03,2025-04-05,Vaccination,166219,1,7,Normal,Card
V005096,PT01291,DR018,D05,2024-03-21,Severe Bleeding,6489,0,0,Not Admitted,UPI
V005097,PT01222,DR063,D05,2024-07-08,Severe Bleeding,2818,0,0,Not Admitted,Card
V005098,PT04029,DR061,D02,2025-10-01,Back Pain,5534,0,0,Not Admitted,Card
V005099,PT03067,DR050,D07,2024-11-29,Thyroid,473936,1,8,Normal,Insurance
V005100,PT04593,DR069,D07,2024-01-31,Diabetes,5767,0,0,Not Admitted,Card
V005101,PT04046,DR022,D08,2025-07-25,Fertility,1361,0,0,Not Admitted,UPI
V005102,PT04513,DR014,D04,2025-12-09,Stroke,4752,0,0,Not Admitted,Insurance
V005103,PT01246,DR070,D03,2024-08-07,Fever,725124,1,3,Normal,Insurance
V005104,PT01325,DR071,D03,2025-08-11,Fever,2874,0,0,Not Admitted,Insurance
V005105,PT03090,DR062,D08,2025-07-10,PCOS,304171,1,5,Normal,UPI
V005106,PT00552,DR028,D06,2025-10-27,Chemotherapy,431738,1,6,Normal,Cash
V005107,PT01506,DR030,D02,2025-04-15,Fracture,4059,0,0,Not Admitted,UPI
V005108,PT01147,DR032,D07,2025-09-18,Thyroid,6694,0,0,Not Admitted,Cash
V005109,PT02553,DR065,D04,2025-06-26,Epilepsy,2994,0,0,Not Admitted,Insurance
V005110,PT04866,DR056,D02,2025-04-16,Back Pain,2973,0,0,Not Admitted,Card
V005111,PT00086,DR040,D08,2024-03-09,Prenatal Care,4113,0,0,Not Admitted,Card
V005112,PT03164,DR005,D05,2025-10-27,Poisoning,2076,0,0,Not Admitted,Card
V005113,PT01878,DR027,D06,2024-03-14,Radiotherapy,1106,0,0,Not Admitted,Insurance
V005114,PT00326,DR010,D02,2025-12-17,Ligament Tear,7118,0,0,Not Admitted,Insurance
V005115,PT03987,DR027,D06,2025-02-06,Chemotherapy,978,0,0,Not Admitted,UPI
V005116,PT03449,DR049,D01,2025-04-22,CAD,1079,0,0,Not Admitted,Insurance
V005117,PT02359,DR041,D07,2024-10-21,Thyroid,607992,1,0,Normal,Cash
V005118,PT02143,DR053,D03,2025-05-08,Asthma,5595,0,0,Not Admitted,Insurance
V005119,PT02325,DR061,D02,2025-03-08,Ligament Tear,7115,0,0,Not Admitted,UPI
V005120,PT01269,DR070,D03,2025-11-17,Asthma,7014,0,0,Not Admitted,Card
V005121,PT00890,DR034,D08,2024-11-03,Fertility,5594,0,0,Not Admitted,Cash
V005122,PT02095,DR044,D08,2024-12-26,PCOS,2331,0,0,Not Admitted,Cash
V005123,PT03255,DR047,D04,2025-07-15,Neuropathy,1415,0,0,Not Admitted,UPI
V005124,PT04947,DR022,D08,2024-12-18,PCOS,6647,0,0,Not Admitted,Card
V005125,PT02702,DR062,D08,2025-02-20,Menstrual Disorder,1615,0,0,Not Admitted,UPI
V005126,PT03427,DR028,D06,2025-10-09,Tumor Screening,322091,1,1,Normal,UPI
V005127,PT00101,DR071,D03,2024-04-16,Viral Infection,7189,0,0,Not Admitted,Cash
V005128,PT01501,DR029,D05,2025-12-25,Poisoning,4310,0,0,Not Admitted,Cash
V005129,PT04912,DR051,D05,2024-12-29,Severe Bleeding,3693,0,0,Not Admitted,UPI
V005130,PT01658,DR028,D06,2024-03-09,Radiotherapy,737247,1,4,Normal,Cash
V005131,PT04036,DR021,D07,2024-01-31,Thyroid,2725,0,0,Not Admitted,Card
V005132,PT02119,DR040,D08,2025-05-22,Prenatal Care,5213,0,0,Not Admitted,Card
V005133,PT00317,DR072,D06,2025-12-14,Chemotherapy,2657,0,0,Not Admitted,UPI
V005134,PT01167,DR026,D05,2024-03-27,Poisoning,1344,0,0,Not Admitted,Card
V005135,PT01108,DR075,D01,2024-11-29,Arrhythmia,3465,0,0,Not Admitted,Cash
V005136,PT03979,DR058,D03,2024-05-18,Viral Infection,5308,0,0,Not Admitted,Insurance
V005137,PT02764,DR028,D06,2025-04-10,Post-op Care,2785,0,0,Not Admitted,Cash
V005138,PT02111,DR067,D07,2024-04-04,Fever,4339,0,0,Not Admitted,Cash
V005139,PT04863,DR005,D05,2024-12-19,Burns,4161,0,0,Not Admitted,Insurance
V005140,PT00456,DR052,D06,2024-11-17,Post-op Care,916,0,0,Not Admitted,UPI
V005141,PT01059,DR003,D04,2024-01-05,Neuropathy,5848,0,0,Not Admitted,Card
V005142,PT02122,DR021,D07,2025-10-25,Infection,7521,0,0,Not Admitted,UPI
V005143,PT00698,DR069,D07,2024-05-30,Diabetes,4131,0,0,Not Admitted,Cash
V005144,PT04656,DR071,D03,2025-02-24,Fever,6496,0,0,Not Admitted,UPI
V005145,PT03605,DR074,D03,2025-01-17,Vaccination,881,0,0,Not Admitted,Card
V005146,PT02285,DR008,D02,2025-03-01,Arthritis,586,0,0,Not Admitted,Cash
V005147,PT00927,DR061,D02,2024-05-18,Ligament Tear,2285,0,0,Not Admitted,UPI
V005148,PT03944,DR066,D08,2024-10-30,PCOS,6052,0,0,Not Admitted,Card
V005149,PT02212,DR014,D04,2025-05-04,Neuropathy,1811,0,0,Not Admitted,UPI
V005150,PT03132,DR043,D06,2025-05-28,Tumor Screening,704,0,0,Not Admitted,Insurance
V005151,PT00881,DR052,D06,2025-07-13,Tumor Screening,254793,1,11,Referred,UPI
V005152,PT04549,DR059,D01,2025-01-17,CAD,5004,0,0,Not Admitted,Card
V005153,PT01772,DR019,D04,2025-12-19,Neuropathy,5784,0,0,Not Admitted,Card
V005154,PT01136,DR078,D06,2025-01-20,Radiotherapy,1676,0,0,Not Admitted,Insurance
V005155,PT01531,DR022,D08,2024-03-30,Prenatal Care,4994,0,0,Not Admitted,Insurance
V005156,PT03933,DR029,D05,2024-02-27,Poisoning,5158,0,0,Not Admitted,Card
V005157,PT04212,DR048,D04,2024-08-04,Stroke,3425,0,0,Not Admitted,Card
V005158,PT04301,DR005,D05,2025-08-18,Severe Bleeding,541818,1,8,Normal,Cash
V005159,PT03338,DR079,D04,2025-12-07,Migraine,5514,0,0,Not Admitted,UPI
V005160,PT01996,DR025,D05,2025-04-07,Burns,7775,0,0,Not Admitted,UPI
V005161,PT04180,DR032,D07,2024-09-09,Diabetes,7915,0,0,Not Admitted,Cash
V005162,PT03736,DR062,D08,2024-01-10,Menstrual Disorder,4588,0,0,Not Admitted,Cash
V005163,PT04143,DR049,D01,2025-06-29,Arrhythmia,5243,0,0,Not Admitted,Insurance
V005164,PT04417,DR017,D08,2025-03-24,PCOS,483465,1,2,Normal,Card
V005165,PT00157,DR021,D07,2024-08-24,Diabetes,1658,0,0,Not Admitted,Card
V005166,PT04804,DR005,D05,2025-01-19,Poisoning,796849,1,1,Normal,Cash
V005167,PT04833,DR041,D07,2025-11-24,Fever,5936,0,0,Not Admitted,Insurance
V005168,PT02614,DR063,D05,2025-08-10,Severe Bleeding,6487,0,0,Not Admitted,Insurance
V005169,PT01451,DR001,D02,2025-06-28,Fracture,7385,0,0,Not Admitted,Cash
V005170,PT04473,DR003,D04,2024-04-04,Stroke,1331,0,0,Not Admitted,UPI
V005171,PT00920,DR046,D02,2024-06-08,Arthritis,1005,0,0,Not Admitted,Card
V005172,PT01840,DR003,D04,2024-11-28,Neuropathy,6921,0,0,Not Admitted,Insurance
V005173,PT01545,DR067,D07,2024-11-23,Infection,7718,0,0,Not Admitted,Insurance
V005174,PT02961,DR030,D02,2025-03-02,Back Pain,7471,0,0,Not Admitted,Cash
V005175,PT00057,DR070,D03,2025-11-30,Vaccination,2860,0,0,Not Admitted,Cash
V005176,PT00822,DR041,D07,2024-01-01,Infection,4649,0,0,Not Admitted,Card
V005177,PT01292,DR020,D01,2025-09-07,CAD,6105,0,0,Not Admitted,UPI
V005178,PT01221,DR022,D08,2024-07-05,Menstrual Disorder,1565,0,0,Not Admitted,Cash
V005179,PT03416,DR005,D05,2025-02-26,Poisoning,2729,0,0,Not Admitted,UPI
V005180,PT03638,DR065,D04,2024-05-23,Stroke,707,0,0,Not Admitted,UPI
V005181,PT00816,DR066,D08,2025-10-31,Prenatal Care,605,0,0,Not Admitted,Card
V005182,PT03160,DR044,D08,2025-11-15,Menstrual Disorder,7960,0,0,Not Admitted,Cash
V005183,PT01195,DR035,D06,2025-08-08,Post-op Care,1216,0,0,Not Admitted,Insurance
V005184,PT01267,DR004,D05,2025-11-18,Poisoning,6239,0,0,Not Admitted,Card
V005185,PT03720,DR021,D07,2024-06-27,Thyroid,6738,0,0,Not Admitted,Insurance
V005186,PT02384,DR038,D04,2025-10-14,Migraine,7103,0,0,Not Admitted,UPI
V005187,PT04285,DR006,D02,2024-03-02,Back Pain,5766,0,0,Not Admitted,UPI
V005188,PT00215,DR077,D01,2025-08-28,Hypertension,7670,0,0,Not Admitted,UPI
V005189,PT01188,DR027,D06,2024-02-26,Post-op Care,3253,0,0,Not Admitted,Insurance
V005190,PT02493,DR066,D08,2025-06-02,Menstrual Disorder,495452,1,6,Normal,Cash
V005191,PT03530,DR075,D01,2025-12-24,Heart Failure,2161,0,0,Not Admitted,Card
V005192,PT03581,DR039,D03,2025-03-10,Asthma,2235,0,0,Not Admitted,Insurance
V005193,PT03747,DR019,D04,2024-11-20,Neuropathy,3480,0,0,Not Admitted,UPI
V005194,PT04131,DR068,D03,2025-07-17,Fever,5883,0,0,Not Admitted,Insurance
V005195,PT00302,DR007,D05,2025-04-20,Burns,4672,0,0,Not Admitted,UPI
V005196,PT00571,DR066,D08,2024-02-29,Fertility,3835,0,0,Not Admitted,UPI
V005197,PT02282,DR017,D08,2025-11-25,Menstrual Disorder,7717,0,0,Not Admitted,Insurance
V005198,PT04801,DR063,D05,2025-03-06,Trauma,188714,1,10,Referred,UPI
V005199,PT03670,DR003,D04,2024-05-28,Stroke,666224,1,0,Normal,Insurance
V005200,PT03556,DR079,D04,2024-10-31,Migraine,5126,0,0,Not Admitted,Cash
V005201,PT03532,DR041,D07,2025-01-31,Fever,5609,0,0,Not Admitted,Cash
V005202,PT01418,DR062,D08,2025-02-01,Prenatal Care,2485,0,0,Not Admitted,Card
V005203,PT03625,DR055,D02,2024-10-31,Arthritis,5554,0,0,Not Admitted,Card
V005204,PT01573,DR042,D01,2024-12-17,Hypertension,5009,0,0,Not Admitted,UPI
V005205,PT02871,DR020,D01,2024-04-15,Heart Failure,1416,0,0,Not Admitted,Insurance
V005206,PT04143,DR039,D03,2025-05-14,Asthma,341073,1,2,Normal,Insurance
V005207,PT03679,DR063,D05,2024-07-18,Poisoning,3524,0,0,Not Admitted,UPI
V005208,PT04392,DR021,D07,2024-09-10,Thyroid,645,0,0,Not Admitted,Cash
V005209,PT04268,DR022,D08,2024-12-05,Fertility,6307,0,0,Not Admitted,UPI
V005210,PT01524,DR022,D08,2025-01-12,Menstrual Disorder,5444,0,0,Not Admitted,UPI
V005211,PT03076,DR059,D01,2024-03-26,Arrhythmia,2588,0,0,Not Admitted,Card
V005212,PT02016,DR072,D06,2025-05-10,Post-op Care,2183,0,0,Not Admitted,Insurance
V005213,PT03800,DR001,D02,2025-09-07,Fracture,7604,0,0,Not Admitted,UPI
V005214,PT00406,DR008,D02,2025-03-02,Fracture,4331,0,0,Not Admitted,UPI
V005215,PT01251,DR067,D07,2024-03-10,Diabetes,2858,0,0,Not Admitted,Insurance
V005216,PT04456,DR041,D07,2025-08-17,Thyroid,2468,0,0,Not Admitted,Card
V005217,PT02281,DR035,D06,2024-10-31,Post-op Care,170013,1,10,Normal,UPI
V005218,PT04773,DR027,D06,2024-07-26,Post-op Care,5661,0,0,Not Admitted,Insurance
V005219,PT01376,DR008,D02,2024-10-16,Arthritis,7844,0,0,Not Admitted,UPI
V005220,PT03363,DR070,D03,2025-01-10,Viral Infection,4872,0,0,Not Admitted,Insurance
V005221,PT02759,DR067,D07,2025-03-03,Infection,392152,1,1,Referred,UPI
V005222,PT02984,DR043,D06,2024-04-06,Radiotherapy,369705,1,0,Normal,Insurance
V005223,PT03469,DR077,D01,2025-03-01,Hypertension,3412,0,0,Not Admitted,UPI
V005224,PT03575,DR011,D08,2025-11-05,Prenatal Care,2038,0,0,Not Admitted,Insurance
V005225,PT03483,DR018,D05,2024-08-06,Trauma,7908,0,0,Not Admitted,Cash
V005226,PT00935,DR011,D08,2025-06-26,Menstrual Disorder,643474,1,3,Normal,UPI
V005227,PT00816,DR045,D08,2024-06-21,Prenatal Care,5222,0,0,Not Admitted,Cash
V005228,PT02708,DR020,D01,2025-12-05,Hypertension,4039,0,0,Not Admitted,UPI
V005229,PT00834,DR049,D01,2024-02-01,Heart Failure,2008,0,0,Not Admitted,Cash
V005230,PT01702,DR043,D06,2025-04-28,Chemotherapy,667,0,0,Not Admitted,UPI
V005231,PT00431,DR055,D02,2025-05-11,Arthritis,581,0,0,Not Admitted,Card
V005232,PT04453,DR072,D06,2025-11-07,Chemotherapy,6640,0,0,Not Admitted,Insurance
V005233,PT04963,DR049,D01,2025-10-30,Arrhythmia,5328,0,0,Not Admitted,Cash
V005234,PT01655,DR036,D04,2024-05-14,Epilepsy,7706,0,0,Not Admitted,Card
V005235,PT00687,DR053,D03,2025-12-03,Asthma,5783,0,0,Not Admitted,Card
V005236,PT00136,DR036,D04,2024-01-08,Stroke,288106,1,8,Normal,Insurance
V005237,PT04749,DR003,D04,2024-05-18,Neuropathy,799661,1,7,Referred,UPI
V005238,PT04957,DR063,D05,2024-11-01,Burns,597,0,0,Not Admitted,Insurance
V005239,PT04558,DR001,D02,2024-02-01,Ligament Tear,7949,0,0,Not Admitted,UPI
V005240,PT01689,DR032,D07,2025-01-24,Thyroid,3281,0,0,Not Admitted,Card
V005241,PT02435,DR038,D04,2024-09-05,Neuropathy,4697,0,0,Not Admitted,UPI
V005242,PT01621,DR077,D01,2024-03-12,Hypertension,2131,0,0,Not Admitted,UPI
V005243,PT02673,DR001,D02,2024-07-28,Ligament Tear,6279,0,0,Not Admitted,UPI
V005244,PT00923,DR059,D01,2024-11-16,CAD,132254,1,3,Normal,UPI
V005245,PT01925,DR026,D05,2024-12-28,Severe Bleeding,5621,0,0,Not Admitted,Cash
V005246,PT00031,DR027,D06,2024-09-03,Radiotherapy,484009,1,4,Normal,Cash
V005247,PT03689,DR053,D03,2024-05-11,Asthma,7671,0,0,Not Admitted,UPI
V005248,PT00116,DR020,D01,2024-05-13,CAD,6603,0,0,Not Admitted,UPI
V005249,PT01528,DR028,D06,2024-03-24,Chemotherapy,530,0,0,Not Admitted,Card
V005250,PT03425,DR059,D01,2025-08-11,Heart Failure,3383,0,0,Not Admitted,Card
V005251,PT04293,DR069,D07,2024-10-08,Thyroid,5467,0,0,Not Admitted,Insurance
V005252,PT01319,DR022,D08,2024-03-06,Prenatal Care,2320,0,0,Not Admitted,Card
V005253,PT04464,DR024,D05,2024-06-26,Trauma,2236,0,0,Not Admitted,Cash
V005254,PT00503,DR009,D04,2024-05-10,Stroke,69111,1,3,Normal,Cash
V005255,PT01629,DR015,D06,2025-01-19,Radiotherapy,655195,1,0,Normal,UPI
V005256,PT01255,DR031,D03,2024-01-28,Viral Infection,402819,1,12,Normal,Cash
V005257,PT04190,DR052,D06,2024-12-31,Radiotherapy,1186,0,0,Not Admitted,Insurance
V005258,PT01981,DR067,D07,2025-12-24,Fever,308580,1,10,Normal,Card
V005259,PT01868,DR060,D04,2025-05-20,Migraine,3371,0,0,Not Admitted,UPI
V005260,PT04807,DR074,D03,2025-05-14,Fever,786,0,0,Not Admitted,UPI
V005261,PT02001,DR076,D04,2025-10-11,Stroke,4251,0,0,Not Admitted,UPI
V005262,PT04737,DR017,D08,2024-09-21,Prenatal Care,2396,0,0,Not Admitted,Card
V005263,PT03220,DR068,D03,2024-01-09,Viral Infection,3469,0,0,Not Admitted,Insurance
V005264,PT01922,DR051,D05,2024-09-11,Trauma,136587,1,4,Normal,UPI
V005265,PT01656,DR080,D05,2024-06-14,Poisoning,2473,0,0,Not Admitted,UPI
V005266,PT01536,DR046,D02,2025-06-10,Back Pain,7772,0,0,Not Admitted,Card
V005267,PT01817,DR075,D01,2025-07-03,CAD,3871,0,0,Not Admitted,Insurance
V005268,PT00566,DR053,D03,2025-11-05,Vaccination,1717,0,0,Not Admitted,Insurance
V005269,PT04541,DR077,D01,2024-10-20,Heart Failure,2686,0,0,Not Admitted,Card
V005270,PT04427,DR037,D02,2025-01-11,Ligament Tear,2643,0,0,Not Admitted,Insurance
V005271,PT01958,DR060,D04,2024-05-18,Neuropathy,622,0,0,Not Admitted,Insurance
V005272,PT02172,DR004,D05,2024-06-17,Poisoning,5560,0,0,Not Admitted,Cash
V005273,PT03487,DR046,D02,2025-02-25,Fracture,7917,0,0,Not Admitted,Insurance
V005274,PT03147,DR014,D04,2024-12-16,Stroke,6109,0,0,Not Admitted,Cash
V005275,PT02733,DR025,D05,2025-12-02,Burns,4012,0,0,Not Admitted,UPI
V005276,PT01877,DR023,D02,2025-01-08,Ligament Tear,1551,0,0,Not Admitted,Card
V005277,PT04876,DR055,D02,2025-05-06,Back Pain,507484,1,4,Normal,Insurance
V005278,PT00808,DR072,D06,2025-08-15,Tumor Screening,3595,0,0,Not Admitted,Cash
V005279,PT04100,DR035,D06,2024-08-19,Post-op Care,6286,0,0,Not Admitted,Card
V005280,PT00039,DR017,D08,2025-11-28,Menstrual Disorder,352254,1,11,Normal,UPI
V005281,PT00448,DR020,D01,2024-06-06,Heart Failure,5724,0,0,Not Admitted,UPI
V005282,PT01593,DR006,D02,2024-04-20,Fracture,181845,1,4,LAMA,UPI
V005283,PT04302,DR049,D01,2024-03-04,Hypertension,2831,0,0,Not Admitted,Card
V005284,PT00604,DR069,D07,2025-12-04,Thyroid,2647,0,0,Not Admitted,Insurance
V005285,PT04904,DR071,D03,2024-10-10,Asthma,1683,0,0,Not Admitted,Insurance
V005286,PT00982,DR050,D07,2025-09-27,Diabetes,796400,1,12,Normal,Card
V005287,PT04237,DR053,D03,2025-12-05,Viral Infection,494919,1,6,Normal,UPI
V005288,PT03039,DR040,D08,2024-11-26,Menstrual Disorder,3874,0,0,Not Admitted,UPI
V005289,PT04832,DR076,D04,2025-04-05,Epilepsy,3236,0,0,Not Admitted,Insurance
V005290,PT01073,DR010,D02,2025-06-18,Ligament Tear,6195,0,0,Not Admitted,Insurance
V005291,PT03919,DR066,D08,2024-01-19,PCOS,2283,0,0,Not Admitted,UPI
V005292,PT01735,DR007,D05,2025-03-31,Severe Bleeding,786392,1,6,Normal,Insurance
V005293,PT02528,DR009,D04,2025-03-02,Stroke,448317,1,10,Normal,UPI
V005294,PT04413,DR053,D03,2024-02-17,Asthma,6008,0,0,Not Admitted,Insurance
V005295,PT03348,DR022,D08,2024-11-10,Fertility,6316,0,0,Not Admitted,Card
V005296,PT02815,DR054,D02,2025-10-18,Arthritis,2791,0,0,Not Admitted,Insurance
V005297,PT00688,DR068,D03,2024-09-02,Fever,2839,0,0,Not Admitted,Cash
V005298,PT02091,DR061,D02,2024-12-25,Back Pain,7464,0,0,Not Admitted,Card
V005299,PT01215,DR023,D02,2024-09-14,Arthritis,4938,0,0,Not Admitted,Insurance
V005300,PT04950,DR075,D01,2025-06-23,Heart Failure,6009,0,0,Not Admitted,Cash
V005301,PT00614,DR049,D01,2024-12-23,CAD,756880,1,3,Normal,Cash
V005302,PT02023,DR060,D04,2024-10-16,Stroke,4736,0,0,Not Admitted,Cash
V005303,PT00609,DR040,D08,2024-03-03,Menstrual Disorder,4451,0,0,Not Admitted,UPI
V005304,PT00382,DR032,D07,2024-10-25,Fever,546620,1,6,Normal,Cash
V005305,PT03765,DR063,D05,2024-06-26,Poisoning,1069,0,0,Not Admitted,UPI
V005306,PT00487,DR031,D03,2025-12-07,Fever,4251,0,0,Not Admitted,Card
V005307,PT00197,DR039,D03,2024-10-21,Viral Infection,609,0,0,Not Admitted,Cash
V005308,PT04408,DR040,D08,2024-05-03,Prenatal Care,5112,0,0,Not Admitted,Insurance
V005309,PT00745,DR070,D03,2025-03-31,Vaccination,2108,0,0,Not Admitted,Cash
V005310,PT03869,DR046,D02,2024-04-04,Ligament Tear,1505,0,0,Not Admitted,UPI
V005311,PT00742,DR070,D03,2024-12-19,Viral Infection,6194,0,0,Not Admitted,UPI
V005312,PT03162,DR057,D04,2025-03-08,Neuropathy,2733,0,0,Not Admitted,Insurance
V005313,PT03397,DR007,D05,2024-11-27,Severe Bleeding,543,0,0,Not Admitted,Card
V005314,PT02535,DR019,D04,2025-01-30,Neuropathy,7218,0,0,Not Admitted,Insurance
V005315,PT01653,DR045,D08,2024-03-19,Prenatal Care,7179,0,0,Not Admitted,Cash
V005316,PT01996,DR016,D06,2024-10-22,Chemotherapy,2404,0,0,Not Admitted,Insurance
V005317,PT02343,DR070,D03,2025-12-04,Fever,4078,0,0,Not Admitted,Card
V005318,PT04680,DR011,D08,2025-06-25,PCOS,7848,0,0,Not Admitted,Card
V005319,PT00328,DR034,D08,2025-09-13,Prenatal Care,2458,0,0,Not Admitted,Cash
V005320,PT04206,DR044,D08,2025-08-24,Menstrual Disorder,1081,0,0,Not Admitted,Insurance
V005321,PT03512,DR068,D03,2025-09-22,Viral Infection,928,0,0,Not Admitted,Card
V005322,PT02624,DR059,D01,2025-09-03,Hypertension,6250,0,0,Not Admitted,UPI
V005323,PT01258,DR050,D07,2025-10-26,Infection,644330,1,0,Normal,Card
V005324,PT04002,DR024,D05,2024-06-07,Burns,3347,0,0,Not Admitted,Insurance
V005325,PT02377,DR016,D06,2024-04-19,Tumor Screening,2932,0,0,Not Admitted,Cash
V005326,PT02011,DR070,D03,2024-11-19,Asthma,6388,0,0,Not Admitted,Card
V005327,PT04386,DR031,D03,2025-02-05,Asthma,2509,0,0,Not Admitted,UPI
V005328,PT01711,DR046,D02,2025-05-22,Fracture,2813,0,0,Not Admitted,Insurance
V005329,PT02582,DR075,D01,2024-01-11,Hypertension,521,0,0,Not Admitted,Card
V005330,PT00039,DR077,D01,2025-04-17,Hypertension,2590,0,0,Not Admitted,Card
V005331,PT00487,DR050,D07,2025-06-02,Infection,5383,0,0,Not Admitted,Cash
V005332,PT01489,DR009,D04,2025-07-23,Migraine,659339,1,1,Normal,Insurance
V005333,PT03129,DR046,D02,2024-10-12,Arthritis,1458,0,0,Not Admitted,Card
V005334,PT01581,DR075,D01,2025-08-10,CAD,4291,0,0,Not Admitted,Cash
V005335,PT03453,DR069,D07,2024-09-20,Fever,5651,0,0,Not Admitted,Insurance
V005336,PT01917,DR075,D01,2025-09-19,Arrhythmia,7840,0,0,Not Admitted,Cash
V005337,PT01964,DR070,D03,2025-11-30,Asthma,1996,0,0,Not Admitted,Cash
V005338,PT03810,DR011,D08,2024-11-20,Menstrual Disorder,1613,0,0,Not Admitted,Card
V005339,PT04385,DR074,D03,2025-10-15,Fever,4953,0,0,Not Admitted,Cash
V005340,PT03616,DR059,D01,2025-02-23,CAD,7590,0,0,Not Admitted,UPI
V005341,PT01555,DR011,D08,2025-04-21,Menstrual Disorder,1506,0,0,Not Admitted,Card
V005342,PT03210,DR073,D04,2025-09-09,Migraine,822,0,0,Not Admitted,Cash
V005343,PT03600,DR068,D03,2025-09-24,Viral Infection,3398,0,0,Not Admitted,Cash
V005344,PT00538,DR067,D07,2025-04-21,Fever,4035,0,0,Not Admitted,UPI
V005345,PT02448,DR015,D06,2024-01-09,Chemotherapy,785046,1,8,Normal,Insurance
V005346,PT00052,DR001,D02,2024-12-28,Fracture,3393,0,0,Not Admitted,Card
V005347,PT04439,DR057,D04,2025-01-14,Epilepsy,6132,0,0,Not Admitted,Card
V005348,PT00519,DR074,D03,2024-12-04,Fever,2756,0,0,Not Admitted,Card
V005349,PT04274,DR036,D04,2025-04-07,Migraine,6841,0,0,Not Admitted,Cash
V005350,PT03150,DR043,D06,2025-05-04,Chemotherapy,6237,0,0,Not Admitted,Cash
V005351,PT04860,DR028,D06,2024-06-02,Post-op Care,6729,0,0,Not Admitted,UPI
V005352,PT04692,DR075,D01,2024-09-23,Arrhythmia,3187,0,0,Not Admitted,Insurance
V005353,PT01981,DR051,D05,2025-11-28,Trauma,1064,0,0,Not Admitted,Card
V005354,PT01528,DR010,D02,2025-12-24,Back Pain,2432,0,0,Not Admitted,Card
V005355,PT01500,DR043,D06,2025-05-23,Radiotherapy,3055,0,0,Not Admitted,Card
V005356,PT04774,DR023,D02,2024-06-10,Ligament Tear,6715,0,0,Not Admitted,Cash
V005357,PT03566,DR014,D04,2025-10-07,Migraine,903,0,0,Not Admitted,UPI
V005358,PT03745,DR028,D06,2024-05-18,Chemotherapy,767620,1,0,Normal,Insurance
V005359,PT03781,DR001,D02,2024-07-26,Back Pain,7452,0,0,Not Admitted,Card
V005360,PT02288,DR018,D05,2024-03-27,Burns,1716,0,0,Not Admitted,Insurance
V005361,PT02670,DR074,D03,2024-12-13,Vaccination,7709,0,0,Not Admitted,Cash
V005362,PT03266,DR003,D04,2025-09-12,Stroke,5740,0,0,Not Admitted,Card
V005363,PT03070,DR016,D06,2024-02-15,Post-op Care,195091,1,10,Normal,Cash
V005364,PT02610,DR052,D06,2024-08-10,Tumor Screening,5376,0,0,Not Admitted,Insurance
V005365,PT02026,DR045,D08,2024-06-14,Menstrual Disorder,1004,0,0,Not Admitted,UPI
V005366,PT00394,DR013,D04,2025-04-30,Stroke,7860,0,0,Not Admitted,Card
V005367,PT02318,DR039,D03,2025-04-28,Asthma,4334,0,0,Not Admitted,Insurance
V005368,PT01230,DR051,D05,2024-10-08,Trauma,3427,0,0,Not Admitted,Insurance
V005369,PT02803,DR025,D05,2024-10-23,Trauma,206113,1,0,Referred,UPI
V005370,PT01735,DR031,D03,2024-11-27,Asthma,1396,0,0,Not Admitted,Cash
V005371,PT02015,DR070,D03,2024-02-01,Viral Infection,6723,0,0,Not Admitted,Card
V005372,PT02071,DR020,D01,2025-01-09,Arrhythmia,6122,0,0,Not Admitted,Insurance
V005373,PT02959,DR069,D07,2024-10-11,Infection,4949,0,0,Not Admitted,Insurance
V005374,PT04092,DR021,D07,2024-02-02,Diabetes,2121,0,0,Not Admitted,UPI
V005375,PT01071,DR016,D06,2025-06-01,Chemotherapy,673,0,0,Not Admitted,Card
V005376,PT01685,DR032,D07,2024-11-26,Fever,5119,0,0,Not Admitted,Cash
V005377,PT01398,DR077,D01,2025-02-04,Hypertension,3391,0,0,Not Admitted,Card
V005378,PT03952,DR075,D01,2024-03-22,Hypertension,4085,0,0,Not Admitted,UPI
V005379,PT00260,DR015,D06,2024-01-22,Tumor Screening,4318,0,0,Not Admitted,UPI
V005380,PT03700,DR074,D03,2024-05-23,Fever,1122,0,0,Not Admitted,Card
V005381,PT01458,DR008,D02,2025-04-21,Fracture,5416,0,0,Not Admitted,Cash
V005382,PT00147,DR050,D07,2024-01-18,Thyroid,4471,0,0,Not Admitted,Insurance
V005383,PT03115,DR041,D07,2025-03-19,Infection,676656,1,5,Normal,Cash
V005384,PT02665,DR019,D04,2024-03-13,Stroke,6492,0,0,Not Admitted,Cash
V005385,PT00070,DR002,D02,2025-06-11,Ligament Tear,6976,0,0,Not Admitted,UPI
V005386,PT02817,DR039,D03,2025-11-30,Vaccination,2700,0,0,Not Admitted,UPI
V005387,PT02144,DR021,D07,2024-03-25,Fever,2496,0,0,Not Admitted,Card
V005388,PT00364,DR022,D08,2025-06-17,Prenatal Care,3102,0,0,Not Admitted,UPI
V005389,PT04609,DR005,D05,2024-09-04,Trauma,7520,0,0,Not Admitted,UPI
V005390,PT00195,DR052,D06,2024-10-11,Tumor Screening,4923,0,0,Not Admitted,Cash
V005391,PT04053,DR075,D01,2025-08-14,Arrhythmia,6541,0,0,Not Admitted,Card
V005392,PT04875,DR032,D07,2024-03-01,Thyroid,997,0,0,Not Admitted,Cash
V005393,PT01522,DR014,D04,2024-01-23,Neuropathy,603486,1,12,Normal,Cash
V005394,PT02051,DR051,D05,2024-12-10,Trauma,2192,0,0,Not Admitted,UPI
V005395,PT01831,DR027,D06,2025-04-02,Radiotherapy,7382,0,0,Not Admitted,UPI
V005396,PT01274,DR021,D07,2024-03-28,Diabetes,5005,0,0,Not Admitted,Insurance
V005397,PT01051,DR041,D07,2024-06-26,Fever,734610,1,5,Normal,Card
V005398,PT04989,DR010,D02,2024-09-05,Ligament Tear,210876,1,9,Normal,UPI
V005399,PT03891,DR004,D05,2025-10-20,Severe Bleeding,635,0,0,Not Admitted,Cash
V005400,PT02944,DR025,D05,2024-12-11,Trauma,3416,0,0,Not Admitted,Cash
V005401,PT00844,DR044,D08,2024-09-19,Menstrual Disorder,627351,1,1,Normal,Card
V005402,PT02644,DR024,D05,2024-04-27,Trauma,2555,0,0,Not Admitted,Insurance
V005403,PT01201,DR067,D07,2024-11-25,Infection,4809,0,0,Not Admitted,Cash
V005404,PT03503,DR026,D05,2024-02-27,Severe Bleeding,7047,0,0,Not Admitted,Insurance
V005405,PT00471,DR064,D02,2025-06-24,Ligament Tear,7650,0,0,Not Admitted,Insurance
V005406,PT03405,DR017,D08,2024-10-02,Prenatal Care,609,0,0,Not Admitted,Insurance
V005407,PT03029,DR071,D03,2024-02-03,Fever,3560,0,0,Not Admitted,UPI
V005408,PT03011,DR022,D08,2024-11-20,Menstrual Disorder,2100,0,0,Not Admitted,Card
V005409,PT00237,DR029,D05,2024-11-04,Poisoning,7898,0,0,Not Admitted,UPI
V005410,PT02594,DR043,D06,2024-11-09,Chemotherapy,7032,0,0,Not Admitted,Cash
V005411,PT02519,DR022,D08,2025-05-17,Prenatal Care,7565,0,0,Not Admitted,Card
V005412,PT00936,DR042,D01,2025-05-24,Arrhythmia,1799,0,0,Not Admitted,Insurance
V005413,PT00091,DR013,D04,2025-04-25,Neuropathy,599,0,0,Not Admitted,Card
V005414,PT01074,DR016,D06,2024-07-10,Radiotherapy,2500,0,0,Not Admitted,Card
V005415,PT00824,DR074,D03,2025-10-14,Vaccination,6664,0,0,Not Admitted,Cash
V005416,PT03961,DR016,D06,2024-08-12,Radiotherapy,622,0,0,Not Admitted,Card
V005417,PT02707,DR021,D07,2025-03-17,Diabetes,780449,1,0,Normal,Insurance
V005418,PT04663,DR036,D04,2024-08-11,Migraine,2524,0,0,Not Admitted,UPI
V005419,PT00432,DR077,D01,2024-12-30,Arrhythmia,6490,0,0,Not Admitted,UPI
V005420,PT03380,DR019,D04,2024-03-31,Neuropathy,543406,1,10,Referred,UPI
V005421,PT03086,DR016,D06,2025-06-28,Chemotherapy,131246,1,3,Normal,Cash
V005422,PT04758,DR049,D01,2025-11-18,Heart Failure,7143,0,0,Not Admitted,Cash
V005423,PT02903,DR041,D07,2024-08-04,Thyroid,562,0,0,Not Admitted,UPI
V005424,PT04261,DR028,D06,2025-01-16,Post-op Care,682065,1,12,Expired,Cash
V005425,PT04485,DR039,D03,2025-09-15,Fever,6252,0,0,Not Admitted,Cash
V005426,PT03849,DR077,D01,2025-09-15,Hypertension,4336,0,0,Not Admitted,Insurance
V005427,PT03994,DR037,D02,2025-08-12,Arthritis,7359,0,0,Not Admitted,Insurance
V005428,PT02700,DR066,D08,2025-08-27,Menstrual Disorder,4749,0,0,Not Admitted,UPI
V005429,PT02318,DR069,D07,2025-03-23,Infection,543028,1,1,Normal,Insurance
V005430,PT03943,DR043,D06,2025-01-21,Tumor Screening,2255,0,0,Not Admitted,Cash
V005431,PT00116,DR005,D05,2025-06-29,Trauma,560306,1,2,LAMA,Card
V005432,PT03666,DR028,D06,2025-05-29,Tumor Screening,3095,0,0,Not Admitted,Card
V005433,PT02496,DR039,D03,2025-02-03,Viral Infection,1385,0,0,Not Admitted,Cash
V005434,PT04083,DR010,D02,2024-02-12,Back Pain,1672,0,0,Not Admitted,Insurance
V005435,PT01729,DR005,D05,2024-12-30,Poisoning,2792,0,0,Not Admitted,Cash
V005436,PT02615,DR020,D01,2024-08-31,Arrhythmia,3959,0,0,Not Admitted,Cash
V005437,PT01836,DR018,D05,2025-04-06,Burns,3820,0,0,Not Admitted,UPI
V005438,PT02858,DR020,D01,2025-11-01,Hypertension,5407,0,0,Not Admitted,Insurance
V005439,PT01512,DR014,D04,2025-11-30,Migraine,6063,0,0,Not Admitted,Cash
V005440,PT02844,DR017,D08,2025-03-19,Fertility,188620,1,8,Normal,UPI
V005441,PT01769,DR005,D05,2024-07-04,Poisoning,561914,1,1,LAMA,Cash
V005442,PT01637,DR068,D03,2025-09-30,Viral Infection,715,0,0,Not Admitted,Insurance
V005443,PT04382,DR044,D08,2024-04-30,Prenatal Care,2693,0,0,Not Admitted,Card
V005444,PT02185,DR013,D04,2025-02-15,Neuropathy,714455,1,12,Normal,Cash
V005445,PT04854,DR037,D02,2025-05-05,Back Pain,1604,0,0,Not Admitted,UPI
V005446,PT03197,DR033,D05,2024-06-15,Poisoning,5867,0,0,Not Admitted,Card
V005447,PT02885,DR055,D02,2025-08-27,Ligament Tear,753862,1,1,Normal,UPI
V005448,PT00410,DR031,D03,2025-04-06,Vaccination,1816,0,0,Not Admitted,Cash
V005449,PT00870,DR002,D02,2025-02-05,Fracture,143549,1,2,Normal,Card
V005450,PT03846,DR042,D01,2024-10-23,Heart Failure,4957,0,0,Not Admitted,UPI
V005451,PT03793,DR080,D05,2025-06-06,Trauma,790773,1,2,Normal,Insurance
V005452,PT00461,DR017,D08,2024-09-04,Menstrual Disorder,6791,0,0,Not Admitted,UPI
V005453,PT00536,DR009,D04,2024-05-07,Epilepsy,4714,0,0,Not Admitted,UPI
V005454,PT04016,DR040,D08,2024-04-24,Menstrual Disorder,4057,0,0,Not Admitted,Insurance
V005455,PT02184,DR067,D07,2025-01-28,Fever,3818,0,0,Not Admitted,Card
V005456,PT01116,DR024,D05,2025-10-08,Poisoning,5953,0,0,Not Admitted,Card
V005457,PT02901,DR042,D01,2024-10-06,Heart Failure,2887,0,0,Not Admitted,UPI
V005458,PT04043,DR026,D05,2024-11-19,Poisoning,216133,1,6,Normal,UPI
V005459,PT02211,DR012,D04,2024-04-21,Stroke,3088,0,0,Not Admitted,UPI
V005460,PT00896,DR073,D04,2024-07-05,Neuropathy,595054,1,2,Normal,Insurance
V005461,PT04833,DR050,D07,2024-08-07,Thyroid,3913,0,0,Not Admitted,UPI
V005462,PT04544,DR006,D02,2024-01-02,Ligament Tear,4635,0,0,Not Admitted,UPI
V005463,PT02946,DR019,D04,2024-11-05,Stroke,246009,1,4,Normal,UPI
V005464,PT01718,DR059,D01,2024-01-17,CAD,1172,0,0,Not Admitted,Cash
V005465,PT04152,DR022,D08,2024-06-29,Menstrual Disorder,1461,0,0,Not Admitted,Insurance
V005466,PT04109,DR037,D02,2025-10-04,Back Pain,6457,0,0,Not Admitted,Card
V005467,PT00957,DR053,D03,2025-02-26,Vaccination,520381,1,10,Normal,UPI
V005468,PT01508,DR031,D03,2025-04-28,Asthma,2475,0,0,Not Admitted,Insurance
V005469,PT04536,DR067,D07,2024-04-07,Diabetes,485849,1,10,Normal,Cash
V005470,PT01591,DR034,D08,2024-10-17,Prenatal Care,1882,0,0,Not Admitted,Card
V005471,PT03062,DR071,D03,2024-09-02,Vaccination,6083,0,0,Not Admitted,Cash
V005472,PT00511,DR076,D04,2025-11-12,Epilepsy,3705,0,0,Not Admitted,Card
V005473,PT02678,DR023,D02,2025-02-06,Fracture,3095,0,0,Not Admitted,UPI
V005474,PT00421,DR061,D02,2024-07-17,Ligament Tear,6666,0,0,Not Admitted,Card
V005475,PT00056,DR040,D08,2025-10-23,Prenatal Care,7497,0,0,Not Admitted,Cash
V005476,PT03067,DR033,D05,2024-05-20,Poisoning,3722,0,0,Not Admitted,Cash
V005477,PT00758,DR076,D04,2024-09-07,Epilepsy,4406,0,0,Not Admitted,UPI
V005478,PT02215,DR015,D06,2024-07-15,Tumor Screening,5335,0,0,Not Admitted,Card
V005479,PT03710,DR022,D08,2025-04-20,Menstrual Disorder,5534,0,0,Not Admitted,Insurance
V005480,PT00004,DR031,D03,2025-05-24,Fever,2932,0,0,Not Admitted,Card
V005481,PT01933,DR050,D07,2024-09-19,Fever,527442,1,7,Normal,Card
V005482,PT03200,DR040,D08,2024-12-17,PCOS,149963,1,5,Referred,Insurance
V005483,PT01384,DR061,D02,2024-04-23,Fracture,4802,0,0,Not Admitted,Card
V005484,PT00687,DR080,D05,2025-10-07,Poisoning,1594,0,0,Not Admitted,Insurance
V005485,PT02550,DR071,D03,2024-04-25,Vaccination,5223,0,0,Not Admitted,Cash
V005486,PT04385,DR047,D04,2024-09-10,Neuropathy,5163,0,0,Not Admitted,Cash
V005487,PT03826,DR062,D08,2025-03-06,Prenatal Care,1329,0,0,Not Admitted,Insurance
V005488,PT01611,DR050,D07,2025-09-28,Thyroid,2375,0,0,Not Admitted,Insurance
V005489,PT04942,DR061,D02,2025-09-05,Ligament Tear,2362,0,0,Not Admitted,UPI
V005490,PT02055,DR052,D06,2024-03-05,Radiotherapy,3842,0,0,Not Admitted,Cash
V005491,PT02791,DR032,D07,2025-12-16,Thyroid,3056,0,0,Not Admitted,Insurance
V005492,PT02614,DR075,D01,2025-08-19,Hypertension,225789,1,7,Normal,Card
V005493,PT00478,DR075,D01,2024-10-29,Heart Failure,7138,0,0,Not Admitted,Cash
V005494,PT00393,DR020,D01,2025-03-24,CAD,3943,0,0,Not Admitted,UPI
V005495,PT03581,DR066,D08,2025-12-23,Menstrual Disorder,6962,0,0,Not Admitted,Card
V005496,PT02784,DR067,D07,2024-10-03,Diabetes,3064,0,0,Not Admitted,Cash
V005497,PT02615,DR048,D04,2024-09-16,Neuropathy,5151,0,0,Not Admitted,UPI
V005498,PT02249,DR059,D01,2024-01-06,Heart Failure,472421,1,0,Normal,Insurance
V005499,PT03432,DR022,D08,2025-11-12,Fertility,5132,0,0,Not Admitted,UPI
V005500,PT01001,DR007,D05,2024-05-10,Burns,2961,0,0,Not Admitted,Cash
V005501,PT01976,DR029,D05,2024-08-31,Severe Bleeding,691,0,0,Not Admitted,Card
V005502,PT03068,DR074,D03,2025-02-05,Viral Infection,4699,0,0,Not Admitted,Card
V005503,PT02154,DR065,D04,2025-09-03,Migraine,227973,1,10,Normal,Cash
V005504,PT00723,DR065,D04,2024-05-10,Neuropathy,7189,0,0,Not Admitted,Cash
V005505,PT01219,DR025,D05,2025-06-20,Severe Bleeding,189019,1,1,Normal,Card
V005506,PT01711,DR022,D08,2024-11-08,Fertility,6918,0,0,Not Admitted,Card
V005507,PT04209,DR021,D07,2025-10-11,Diabetes,664765,1,6,Normal,Insurance
V005508,PT03208,DR015,D06,2024-12-25,Chemotherapy,6840,0,0,Not Admitted,Cash
V005509,PT01758,DR041,D07,2024-02-24,Thyroid,634688,1,7,Normal,Insurance
V005510,PT01679,DR067,D07,2024-04-10,Infection,1981,0,0,Not Admitted,Cash
V005511,PT02458,DR075,D01,2025-04-11,Hypertension,2463,0,0,Not Admitted,UPI
V005512,PT01996,DR027,D06,2025-04-06,Chemotherapy,598,0,0,Not Admitted,Insurance
V005513,PT01822,DR053,D03,2024-06-16,Fever,4487,0,0,Not Admitted,Insurance
V005514,PT02526,DR028,D06,2025-09-19,Tumor Screening,6708,0,0,Not Admitted,Insurance
V005515,PT00078,DR031,D03,2024-09-23,Viral Infection,2549,0,0,Not Admitted,Card
V005516,PT02333,DR020,D01,2024-11-03,Hypertension,7610,0,0,Not Admitted,Insurance
V005517,PT00412,DR052,D06,2025-06-25,Radiotherapy,3935,0,0,Not Admitted,Cash
V005518,PT01655,DR004,D05,2024-02-10,Trauma,7779,0,0,Not Admitted,Insurance
V005519,PT01534,DR072,D06,2025-04-18,Tumor Screening,2187,0,0,Not Admitted,Insurance
V005520,PT03984,DR039,D03,2024-08-20,Fever,3850,0,0,Not Admitted,UPI
V005521,PT04510,DR039,D03,2025-09-04,Viral Infection,6519,0,0,Not Admitted,UPI
V005522,PT02415,DR027,D06,2024-11-11,Chemotherapy,2852,0,0,Not Admitted,Cash
V005523,PT00808,DR057,D04,2024-12-18,Stroke,5956,0,0,Not Admitted,UPI
V005524,PT04062,DR049,D01,2024-05-24,Arrhythmia,2965,0,0,Not Admitted,UPI
V005525,PT02869,DR044,D08,2025-08-04,Prenatal Care,607611,1,7,Normal,Cash
V005526,PT04762,DR062,D08,2024-02-25,Fertility,6320,0,0,Not Admitted,UPI
V005527,PT03752,DR075,D01,2025-07-26,CAD,1320,0,0,Not Admitted,UPI
V005528,PT01767,DR045,D08,2025-09-24,PCOS,5545,0,0,Not Admitted,Cash
V005529,PT04029,DR007,D05,2025-09-01,Poisoning,7136,0,0,Not Admitted,Insurance
V005530,PT00994,DR031,D03,2024-02-22,Vaccination,1838,0,0,Not Admitted,Card
V005531,PT04333,DR055,D02,2024-05-01,Back Pain,3919,0,0,Not Admitted,Insurance
V005532,PT00602,DR036,D04,2025-06-30,Stroke,2497,0,0,Not Admitted,UPI
V005533,PT01112,DR036,D04,2025-12-02,Epilepsy,5208,0,0,Not Admitted,Card
V005534,PT00916,DR031,D03,2024-10-12,Viral Infection,6625,0,0,Not Admitted,Card
V005535,PT00862,DR064,D02,2025-04-20,Back Pain,7362,0,0,Not Admitted,Insurance
V005536,PT02248,DR009,D04,2025-10-27,Migraine,461775,1,12,Normal,Insurance
V005537,PT00946,DR013,D04,2025-09-20,Neuropathy,1560,0,0,Not Admitted,Insurance
V005538,PT02491,DR069,D07,2025-09-19,Fever,143045,1,3,Normal,Insurance
V005539,PT00523,DR046,D02,2024-06-22,Back Pain,331296,1,2,Normal,Insurance
V005540,PT02390,DR055,D02,2025-11-15,Ligament Tear,6492,0,0,Not Admitted,Insurance
V005541,PT02705,DR052,D06,2024-01-19,Tumor Screening,4550,0,0,Not Admitted,Insurance
V005542,PT02771,DR008,D02,2025-10-24,Arthritis,1130,0,0,Not Admitted,Cash
V005543,PT01100,DR014,D04,2024-04-06,Stroke,5452,0,0,Not Admitted,Cash
V005544,PT02272,DR079,D04,2025-01-10,Neuropathy,2484,0,0,Not Admitted,Cash
V005545,PT04868,DR069,D07,2024-06-19,Infection,1353,0,0,Not Admitted,Cash
V005546,PT03623,DR064,D02,2025-03-06,Arthritis,4135,0,0,Not Admitted,Cash
V005547,PT02065,DR020,D01,2025-07-11,Arrhythmia,6032,0,0,Not Admitted,Cash
V005548,PT01353,DR069,D07,2024-10-20,Fever,601,0,0,Not Admitted,Card
V005549,PT03128,DR063,D05,2024-01-10,Poisoning,7889,0,0,Not Admitted,UPI
V005550,PT03967,DR069,D07,2025-01-09,Infection,1695,0,0,Not Admitted,UPI
V005551,PT03142,DR043,D06,2024-08-12,Radiotherapy,243045,1,1,Normal,UPI
V005552,PT00256,DR005,D05,2024-09-21,Burns,34626,1,9,Normal,Card
V005553,PT00103,DR042,D01,2024-08-11,Arrhythmia,2580,0,0,Not Admitted,Insurance
V005554,PT02535,DR058,D03,2024-05-21,Asthma,6907,0,0,Not Admitted,UPI
V005555,PT00192,DR051,D05,2024-11-03,Severe Bleeding,2141,0,0,Not Admitted,Insurance
V005556,PT02351,DR067,D07,2025-03-12,Fever,6639,0,0,Not Admitted,Card
V005557,PT03343,DR049,D01,2025-02-04,CAD,3050,0,0,Not Admitted,Insurance
V005558,PT01900,DR015,D06,2025-04-19,Radiotherapy,758157,1,10,Normal,Cash
V005559,PT04394,DR047,D04,2024-10-11,Stroke,7969,0,0,Not Admitted,Card
V005560,PT02541,DR027,D06,2024-12-01,Chemotherapy,4393,0,0,Not Admitted,Cash
V005561,PT00247,DR020,D01,2024-07-19,CAD,2695,0,0,Not Admitted,Insurance
V005562,PT04346,DR054,D02,2024-01-04,Back Pain,4050,0,0,Not Admitted,UPI
V005563,PT04991,DR045,D08,2025-09-03,Menstrual Disorder,299935,1,11,Normal,Cash
V005564,PT04288,DR053,D03,2024-04-27,Viral Infection,7302,0,0,Not Admitted,UPI
V005565,PT02404,DR066,D08,2025-08-20,PCOS,7388,0,0,Not Admitted,Card
V005566,PT01054,DR069,D07,2024-07-11,Infection,1525,0,0,Not Admitted,Cash
V005567,PT02951,DR056,D02,2024-11-19,Ligament Tear,64951,1,10,Expired,Card
V005568,PT00293,DR002,D02,2024-11-16,Fracture,694,0,0,Not Admitted,Card
V005569,PT02140,DR025,D05,2024-11-11,Trauma,1971,0,0,Not Admitted,UPI
V005570,PT00311,DR009,D04,2025-05-03,Epilepsy,4686,0,0,Not Admitted,Cash
V005571,PT00423,DR059,D01,2025-11-30,Heart Failure,7476,0,0,Not Admitted,UPI
V005572,PT01229,DR055,D02,2025-05-05,Arthritis,7031,0,0,Not Admitted,Cash
V005573,PT02956,DR072,D06,2025-11-12,Chemotherapy,416177,1,11,Normal,Cash
V005574,PT00303,DR039,D03,2024-07-07,Asthma,3791,0,0,Not Admitted,UPI
V005575,PT00495,DR016,D06,2024-10-20,Radiotherapy,205207,1,9,Normal,Cash
V005576,PT03426,DR012,D04,2024-11-14,Migraine,6390,0,0,Not Admitted,Card
V005577,PT03592,DR078,D06,2025-02-19,Post-op Care,1676,0,0,Not Admitted,Card
V005578,PT04849,DR040,D08,2024-07-20,PCOS,723291,1,11,Normal,UPI
V005579,PT01687,DR011,D08,2024-03-22,Menstrual Disorder,2414,0,0,Not Admitted,Cash
V005580,PT04277,DR008,D02,2024-09-05,Fracture,1421,0,0,Not Admitted,Cash
V005581,PT03580,DR040,D08,2024-09-25,PCOS,152503,1,12,Normal,UPI
V005582,PT02953,DR063,D05,2024-09-04,Trauma,6737,0,0,Not Admitted,UPI
V005583,PT03063,DR021,D07,2025-11-22,Thyroid,1180,0,0,Not Admitted,Cash
V005584,PT04983,DR046,D02,2025-06-07,Back Pain,3290,0,0,Not Admitted,Cash
V005585,PT03894,DR030,D02,2025-08-11,Back Pain,1191,0,0,Not Admitted,Cash
V005586,PT02868,DR041,D07,2024-03-31,Fever,4994,0,0,Not Admitted,Insurance
V005587,PT03032,DR057,D04,2024-03-04,Epilepsy,2318,0,0,Not Admitted,Card
V005588,PT02659,DR052,D06,2024-07-19,Radiotherapy,590,0,0,Not Admitted,Insurance
V005589,PT01147,DR020,D01,2025-10-13,CAD,7462,0,0,Not Admitted,Cash
V005590,PT03397,DR074,D03,2025-01-06,Asthma,5563,0,0,Not Admitted,Insurance
V005591,PT00700,DR034,D08,2024-03-29,Prenatal Care,134568,1,11,Normal,Insurance
V005592,PT02907,DR048,D04,2024-05-19,Stroke,291890,1,10,Normal,UPI
V005593,PT02745,DR026,D05,2024-11-22,Severe Bleeding,6248,0,0,Not Admitted,Insurance
V005594,PT00818,DR053,D03,2025-02-03,Vaccination,7727,0,0,Not Admitted,Insurance
V005595,PT02575,DR067,D07,2024-08-13,Diabetes,2555,0,0,Not Admitted,UPI
V005596,PT03996,DR053,D03,2024-06-20,Asthma,7973,0,0,Not Admitted,Card
V005597,PT04822,DR026,D05,2024-08-11,Trauma,5392,0,0,Not Admitted,Insurance
V005598,PT02867,DR017,D08,2025-08-19,Prenatal Care,533,0,0,Not Admitted,Card
V005599,PT03035,DR042,D01,2025-04-15,Hypertension,462264,1,0,Normal,Card
V005600,PT01269,DR015,D06,2025-11-07,Radiotherapy,685748,1,5,Normal,Cash
V005601,PT02254,DR057,D04,2025-10-31,Epilepsy,1735,0,0,Not Admitted,Insurance
V005602,PT04362,DR001,D02,2024-11-22,Arthritis,6370,0,0,Not Admitted,Insurance
V005603,PT02570,DR050,D07,2024-09-26,Infection,1500,0,0,Not Admitted,UPI
V005604,PT03279,DR047,D04,2025-11-23,Neuropathy,6306,0,0,Not Admitted,Cash
V005605,PT00089,DR021,D07,2024-07-24,Infection,4669,0,0,Not Admitted,Cash
V005606,PT00444,DR021,D07,2025-01-21,Diabetes,7313,0,0,Not Admitted,Card
V005607,PT02359,DR051,D05,2025-04-01,Burns,6557,0,0,Not Admitted,Card
V005608,PT04425,DR005,D05,2024-05-25,Burns,7384,0,0,Not Admitted,Cash
V005609,PT03239,DR039,D03,2024-12-11,Asthma,3575,0,0,Not Admitted,UPI
V005610,PT01960,DR071,D03,2025-03-25,Asthma,147911,1,7,Normal,Insurance
V005611,PT00608,DR050,D07,2025-03-14,Infection,269968,1,2,Normal,Insurance
V005612,PT00082,DR056,D02,2025-12-29,Fracture,2923,0,0,Not Admitted,Cash
V005613,PT03999,DR005,D05,2024-04-09,Severe Bleeding,533,0,0,Not Admitted,Cash
V005614,PT03103,DR040,D08,2025-05-03,PCOS,4757,0,0,Not Admitted,Insurance
V005615,PT01241,DR004,D05,2025-04-21,Poisoning,7251,0,0,Not Admitted,UPI
V005616,PT02981,DR069,D07,2024-10-31,Infection,2044,0,0,Not Admitted,Card
V005617,PT01218,DR014,D04,2024-01-15,Migraine,7017,0,0,Not Admitted,UPI
V005618,PT01624,DR005,D05,2024-04-30,Poisoning,2559,0,0,Not Admitted,UPI
V005619,PT00330,DR075,D01,2025-10-23,CAD,6664,0,0,Not Admitted,Cash
V005620,PT03071,DR058,D03,2024-03-07,Asthma,6425,0,0,Not Admitted,Cash
V005621,PT00135,DR074,D03,2024-10-08,Vaccination,695595,1,12,Normal,Cash
V005622,PT01987,DR014,D04,2024-09-28,Neuropathy,1647,0,0,Not Admitted,Card
V005623,PT00211,DR053,D03,2025-06-06,Vaccination,7784,0,0,Not Admitted,Insurance
V005624,PT01696,DR019,D04,2024-08-03,Neuropathy,51459,1,7,Normal,Insurance
V005625,PT02114,DR032,D07,2024-11-30,Fever,3682,0,0,Not Admitted,Card
V005626,PT01934,DR016,D06,2024-03-05,Post-op Care,453128,1,9,Normal,Insurance
V005627,PT03699,DR052,D06,2025-06-04,Chemotherapy,5528,0,0,Not Admitted,Insurance
V005628,PT04080,DR029,D05,2025-01-19,Poisoning,689,0,0,Not Admitted,Cash
V005629,PT01933,DR064,D02,2025-07-14,Back Pain,7777,0,0,Not Admitted,UPI
V005630,PT02112,DR011,D08,2025-01-05,Fertility,5374,0,0,Not Admitted,Card
V005631,PT02030,DR036,D04,2024-07-16,Epilepsy,6065,0,0,Not Admitted,Card
V005632,PT02491,DR042,D01,2025-02-06,CAD,7577,0,0,Not Admitted,Cash
V005633,PT00733,DR077,D01,2024-06-13,CAD,4587,0,0,Not Admitted,Cash
V005634,PT02058,DR040,D08,2025-07-10,Menstrual Disorder,426011,1,12,Normal,UPI
V005635,PT04896,DR022,D08,2025-07-14,Menstrual Disorder,4720,0,0,Not Admitted,UPI
V005636,PT00846,DR078,D06,2024-11-19,Chemotherapy,129941,1,7,Normal,UPI
V005637,PT04070,DR020,D01,2025-02-08,Arrhythmia,7047,0,0,Not Admitted,Card
V005638,PT02739,DR035,D06,2024-11-11,Tumor Screening,1351,0,0,Not Admitted,Insurance
V005639,PT02507,DR025,D05,2024-06-29,Severe Bleeding,1122,0,0,Not Admitted,Insurance
V005640,PT02908,DR033,D05,2024-05-07,Burns,1773,0,0,Not Admitted,Insurance
V005641,PT00995,DR051,D05,2025-12-29,Trauma,144371,1,10,Normal,Insurance
V005642,PT02499,DR025,D05,2024-11-11,Trauma,3937,0,0,Not Admitted,Insurance
V005643,PT01856,DR023,D02,2024-02-05,Ligament Tear,6236,0,0,Not Admitted,Card
V005644,PT01560,DR010,D02,2025-08-15,Arthritis,3767,0,0,Not Admitted,Card
V005645,PT04048,DR052,D06,2024-11-22,Radiotherapy,2878,0,0,Not Admitted,Cash
V005646,PT04087,DR027,D06,2025-07-01,Tumor Screening,5326,0,0,Not Admitted,Cash
V005647,PT00178,DR020,D01,2025-01-14,Hypertension,432089,1,10,Expired,UPI
V005648,PT04049,DR026,D05,2025-11-21,Severe Bleeding,4254,0,0,Not Admitted,Insurance
V005649,PT03601,DR074,D03,2024-02-18,Viral Infection,289689,1,7,Normal,Card
V005650,PT04887,DR034,D08,2025-09-29,PCOS,1349,0,0,Not Admitted,UPI
V005651,PT01346,DR041,D07,2025-03-31,Fever,3779,0,0,Not Admitted,Cash
V005652,PT03259,DR027,D06,2024-07-02,Radiotherapy,615939,1,9,Referred,Insurance
V005653,PT04968,DR034,D08,2025-10-14,Menstrual Disorder,3285,0,0,Not Admitted,UPI
V005654,PT00638,DR070,D03,2025-05-04,Fever,2274,0,0,Not Admitted,UPI
V005655,PT04296,DR068,D03,2024-01-24,Asthma,7495,0,0,Not Admitted,UPI
V005656,PT00425,DR062,D08,2025-11-16,Fertility,5714,0,0,Not Admitted,Card
V005657,PT00846,DR027,D06,2024-09-09,Tumor Screening,1194,0,0,Not Admitted,Cash
V005658,PT04450,DR041,D07,2024-11-02,Diabetes,5798,0,0,Not Admitted,Insurance
V005659,PT00051,DR050,D07,2025-08-10,Diabetes,6398,0,0,Not Admitted,Card
V005660,PT00133,DR034,D08,2024-11-10,Fertility,772478,1,5,Normal,Insurance
V005661,PT02275,DR064,D02,2025-02-23,Ligament Tear,75489,1,5,Normal,UPI
V005662,PT03842,DR056,D02,2024-05-15,Arthritis,5053,0,0,Not Admitted,Cash
V005663,PT02075,DR027,D06,2025-05-15,Tumor Screening,4054,0,0,Not Admitted,UPI
V005664,PT02562,DR035,D06,2024-08-05,Chemotherapy,5578,0,0,Not Admitted,UPI
V005665,PT00789,DR030,D02,2025-05-23,Back Pain,7700,0,0,Not Admitted,UPI
V005666,PT02755,DR017,D08,2024-10-16,Menstrual Disorder,1474,0,0,Not Admitted,UPI
V005667,PT01669,DR049,D01,2024-01-18,CAD,2827,0,0,Not Admitted,Cash
V005668,PT03658,DR052,D06,2024-04-18,Post-op Care,65037,1,6,Normal,Card
V005669,PT01551,DR035,D06,2024-08-15,Post-op Care,697594,1,10,Normal,Cash
V005670,PT00697,DR022,D08,2024-10-09,PCOS,6565,0,0,Not Admitted,Insurance
V005671,PT04307,DR009,D04,2024-07-24,Epilepsy,2474,0,0,Not Admitted,Insurance
V005672,PT01548,DR059,D01,2025-07-07,CAD,6813,0,0,Not Admitted,Card
V005673,PT01323,DR030,D02,2024-06-27,Fracture,701,0,0,Not Admitted,UPI
V005674,PT04278,DR051,D05,2024-12-16,Severe Bleeding,1103,0,0,Not Admitted,Card
V005675,PT04381,DR074,D03,2024-01-31,Vaccination,4891,0,0,Not Admitted,Cash
V005676,PT01598,DR059,D01,2024-06-13,Arrhythmia,3356,0,0,Not Admitted,Card
V005677,PT02352,DR078,D06,2024-06-01,Radiotherapy,594430,1,5,Normal,Insurance
V005678,PT00515,DR070,D03,2024-12-27,Fever,440545,1,7,Normal,UPI
V005679,PT02366,DR040,D08,2024-06-04,Prenatal Care,6733,0,0,Not Admitted,Insurance
V005680,PT04120,DR028,D06,2025-12-04,Chemotherapy,247495,1,1,Normal,Card
V005681,PT03777,DR030,D02,2024-09-23,Back Pain,2880,0,0,Not Admitted,Card
V005682,PT02449,DR080,D05,2025-07-03,Poisoning,7764,0,0,Not Admitted,UPI
V005683,PT02325,DR067,D07,2024-07-01,Diabetes,771339,1,9,Referred,UPI
V005684,PT04889,DR079,D04,2025-04-11,Stroke,143861,1,10,Normal,Insurance
V005685,PT00686,DR062,D08,2024-09-22,Menstrual Disorder,2985,0,0,Not Admitted,Cash
V005686,PT04535,DR070,D03,2025-01-03,Vaccination,3363,0,0,Not Admitted,Insurance
V005687,PT00761,DR001,D02,2025-07-09,Fracture,5509,0,0,Not Admitted,Insurance
V005688,PT00837,DR075,D01,2024-06-23,Hypertension,606,0,0,Not Admitted,Insurance
V005689,PT04562,DR034,D08,2024-08-26,Fertility,5095,0,0,Not Admitted,Card
V005690,PT00008,DR059,D01,2024-08-05,Heart Failure,6045,0,0,Not Admitted,UPI
V005691,PT04874,DR037,D02,2025-06-29,Ligament Tear,1941,0,0,Not Admitted,Insurance
V005692,PT04128,DR019,D04,2024-09-23,Epilepsy,4966,0,0,Not Admitted,Insurance
V005693,PT04830,DR068,D03,2024-09-13,Viral Infection,5990,0,0,Not Admitted,Cash
V005694,PT04029,DR066,D08,2024-10-24,Fertility,4517,0,0,Not Admitted,Cash
V005695,PT02249,DR049,D01,2024-11-12,Arrhythmia,1354,0,0,Not Admitted,Cash
V005696,PT00299,DR039,D03,2024-07-20,Fever,2270,0,0,Not Admitted,Cash
V005697,PT03255,DR050,D07,2025-10-13,Diabetes,1619,0,0,Not Admitted,Cash
V005698,PT02358,DR036,D04,2024-12-17,Migraine,5392,0,0,Not Admitted,UPI
V005699,PT01130,DR054,D02,2024-10-16,Back Pain,3679,0,0,Not Admitted,UPI
V005700,PT04357,DR068,D03,2024-09-10,Asthma,1079,0,0,Not Admitted,Card
V005701,PT04216,DR033,D05,2025-12-24,Trauma,2948,0,0,Not Admitted,Cash
V005702,PT00809,DR052,D06,2025-02-05,Tumor Screening,4503,0,0,Not Admitted,Insurance
V005703,PT03539,DR054,D02,2025-04-28,Fracture,4965,0,0,Not Admitted,UPI
V005704,PT01193,DR028,D06,2024-09-23,Chemotherapy,84267,1,5,Normal,Card
V005705,PT00901,DR064,D02,2024-11-01,Ligament Tear,4215,0,0,Not Admitted,Card
V005706,PT02519,DR058,D03,2024-03-24,Fever,3103,0,0,Not Admitted,Card
V005707,PT02138,DR064,D02,2024-07-14,Arthritis,6312,0,0,Not Admitted,UPI
V005708,PT04480,DR031,D03,2024-06-06,Fever,6387,0,0,Not Admitted,UPI
V005709,PT04907,DR017,D08,2025-07-08,Fertility,5493,0,0,Not Admitted,Cash
V005710,PT04814,DR071,D03,2024-04-30,Viral Infection,4052,0,0,Not Admitted,Insurance
V005711,PT04304,DR073,D04,2025-06-28,Epilepsy,4522,0,0,Not Admitted,Cash
V005712,PT03246,DR021,D07,2024-10-08,Fever,6409,0,0,Not Admitted,Card
V005713,PT00106,DR042,D01,2024-03-09,Hypertension,3264,0,0,Not Admitted,Card
V005714,PT03327,DR020,D01,2025-09-30,Heart Failure,590178,1,10,LAMA,Insurance
V005715,PT00167,DR018,D05,2024-01-23,Severe Bleeding,4201,0,0,Not Admitted,Card
V005716,PT03960,DR040,D08,2024-01-22,Menstrual Disorder,230374,1,2,Normal,Card
V005717,PT03668,DR041,D07,2024-06-04,Fever,702840,1,5,Normal,Cash
V005718,PT04451,DR056,D02,2025-07-31,Arthritis,6553,0,0,Not Admitted,Cash
V005719,PT04154,DR035,D06,2025-08-07,Chemotherapy,3717,0,0,Not Admitted,UPI
V005720,PT03960,DR049,D01,2025-03-28,Arrhythmia,409081,1,9,Normal,UPI
V005721,PT01576,DR010,D02,2024-09-15,Fracture,7654,0,0,Not Admitted,Cash
V005722,PT01650,DR017,D08,2024-11-22,Menstrual Disorder,4121,0,0,Not Admitted,Insurance
V005723,PT01494,DR059,D01,2024-05-07,Heart Failure,519,0,0,Not Admitted,Insurance
V005724,PT04205,DR070,D03,2025-02-28,Fever,680037,1,4,Normal,Insurance
V005725,PT04584,DR020,D01,2024-08-22,Arrhythmia,2943,0,0,Not Admitted,Insurance
V005726,PT04704,DR042,D01,2024-09-05,CAD,2221,0,0,Not Admitted,Insurance
V005727,PT03551,DR044,D08,2024-11-13,PCOS,1261,0,0,Not Admitted,Insurance
V005728,PT04626,DR061,D02,2025-01-04,Ligament Tear,6859,0,0,Not Admitted,Insurance
V005729,PT04279,DR057,D04,2025-01-31,Neuropathy,5955,0,0,Not Admitted,Cash
V005730,PT01970,DR045,D08,2025-09-13,Prenatal Care,439095,1,8,Normal,Cash
V005731,PT04037,DR005,D05,2025-06-18,Burns,672919,1,12,Normal,Insurance
V005732,PT04414,DR035,D06,2025-06-11,Tumor Screening,908,0,0,Not Admitted,Cash
V005733,PT00777,DR080,D05,2025-11-12,Trauma,1811,0,0,Not Admitted,Cash
V005734,PT00359,DR070,D03,2025-08-24,Vaccination,520921,1,5,Referred,Card
V005735,PT02937,DR048,D04,2024-08-02,Epilepsy,647979,1,2,Normal,Card
V005736,PT00489,DR029,D05,2025-12-26,Burns,1924,0,0,Not Admitted,Insurance
V005737,PT04492,DR075,D01,2024-12-04,Hypertension,7369,0,0,Not Admitted,Card
V005738,PT03780,DR042,D01,2025-07-07,Hypertension,3820,0,0,Not Admitted,Cash
V005739,PT00359,DR076,D04,2025-02-15,Epilepsy,1318,0,0,Not Admitted,Cash
V005740,PT01740,DR043,D06,2024-03-05,Radiotherapy,2864,0,0,Not Admitted,UPI
V005741,PT00050,DR040,D08,2025-08-29,Fertility,2857,0,0,Not Admitted,UPI
V005742,PT01601,DR061,D02,2025-03-31,Back Pain,3857,0,0,Not Admitted,UPI
V005743,PT02672,DR020,D01,2024-05-03,Hypertension,6385,0,0,Not Admitted,Cash
V005744,PT04851,DR059,D01,2024-01-06,CAD,790,0,0,Not Admitted,Insurance
V005745,PT01220,DR058,D03,2025-10-22,Asthma,3588,0,0,Not Admitted,UPI
V005746,PT04863,DR037,D02,2025-07-10,Back Pain,4097,0,0,Not Admitted,UPI
V005747,PT04347,DR069,D07,2024-10-21,Diabetes,4328,0,0,Not Admitted,Card
V005748,PT02520,DR059,D01,2025-04-08,Hypertension,5750,0,0,Not Admitted,Card
V005749,PT01994,DR028,D06,2024-06-09,Chemotherapy,6897,0,0,Not Admitted,Card
V005750,PT00848,DR020,D01,2024-04-17,Hypertension,82965,1,2,Normal,Card
V005751,PT00686,DR019,D04,2024-10-13,Stroke,175814,1,5,Referred,Card
V005752,PT04950,DR046,D02,2024-04-15,Fracture,764788,1,8,Normal,Insurance
V005753,PT03242,DR021,D07,2025-02-20,Diabetes,3301,0,0,Not Admitted,Card
V005754,PT02870,DR042,D01,2024-01-25,Hypertension,2968,0,0,Not Admitted,UPI
V005755,PT00719,DR059,D01,2025-02-16,Arrhythmia,7112,0,0,Not Admitted,Card
V005756,PT04917,DR063,D05,2025-05-18,Severe Bleeding,2560,0,0,Not Admitted,Card
V005757,PT04965,DR074,D03,2024-05-22,Vaccination,5912,0,0,Not Admitted,UPI
V005758,PT03237,DR048,D04,2025-08-05,Migraine,500611,1,0,Normal,UPI
V005759,PT00598,DR043,D06,2025-11-26,Chemotherapy,6631,0,0,Not Admitted,Cash
V005760,PT02754,DR035,D06,2024-02-23,Post-op Care,2505,0,0,Not Admitted,Insurance
V005761,PT00215,DR041,D07,2025-03-30,Thyroid,2323,0,0,Not Admitted,Card
V005762,PT04741,DR078,D06,2025-01-31,Tumor Screening,5780,0,0,Not Admitted,Insurance
V005763,PT01714,DR032,D07,2024-09-06,Thyroid,6702,0,0,Not Admitted,Card
V005764,PT00944,DR042,D01,2025-07-03,CAD,1235,0,0,Not Admitted,UPI
V005765,PT01169,DR026,D05,2025-06-08,Trauma,3641,0,0,Not Admitted,Card
V005766,PT02733,DR058,D03,2024-01-26,Viral Infection,556,0,0,Not Admitted,Cash
V005767,PT03070,DR030,D02,2025-08-13,Back Pain,3788,0,0,Not Admitted,Cash
V005768,PT04309,DR074,D03,2025-01-15,Fever,1789,0,0,Not Admitted,UPI
V005769,PT04401,DR002,D02,2025-12-16,Ligament Tear,6995,0,0,Not Admitted,Cash
V005770,PT02552,DR001,D02,2024-01-23,Ligament Tear,780548,1,0,Normal,Cash
V005771,PT02041,DR021,D07,2024-12-06,Fever,846,0,0,Not Admitted,Insurance
V005772,PT04291,DR035,D06,2025-04-12,Radiotherapy,3095,0,0,Not Admitted,Cash
V005773,PT01034,DR031,D03,2024-01-20,Viral Infection,3412,0,0,Not Admitted,UPI
V005774,PT01473,DR044,D08,2024-10-26,Menstrual Disorder,895,0,0,Not Admitted,UPI
V005775,PT03179,DR009,D04,2025-05-01,Migraine,1235,0,0,Not Admitted,UPI
V005776,PT04033,DR074,D03,2025-03-28,Vaccination,3552,0,0,Not Admitted,UPI
V005777,PT02956,DR007,D05,2025-07-23,Trauma,4778,0,0,Not Admitted,Cash
V005778,PT01207,DR050,D07,2024-03-29,Diabetes,4097,0,0,Not Admitted,Insurance
V005779,PT04927,DR050,D07,2024-12-13,Diabetes,6790,0,0,Not Admitted,UPI
V005780,PT03777,DR071,D03,2025-06-19,Fever,799443,1,4,Normal,Insurance
V005781,PT04883,DR007,D05,2024-06-21,Severe Bleeding,4687,0,0,Not Admitted,Card
V005782,PT04962,DR041,D07,2025-03-26,Thyroid,1497,0,0,Not Admitted,Card
V005783,PT03573,DR006,D02,2025-10-02,Fracture,4392,0,0,Not Admitted,UPI
V005784,PT03979,DR050,D07,2025-04-18,Diabetes,3446,0,0,Not Admitted,Card
V005785,PT02958,DR078,D06,2024-12-10,Tumor Screening,4029,0,0,Not Admitted,Cash
V005786,PT04870,DR023,D02,2024-10-02,Fracture,5371,0,0,Not Admitted,Cash
V005787,PT02974,DR058,D03,2024-04-15,Asthma,1367,0,0,Not Admitted,Insurance
V005788,PT03020,DR035,D06,2025-11-11,Post-op Care,6775,0,0,Not Admitted,Cash
V005789,PT04092,DR013,D04,2025-11-15,Migraine,3983,0,0,Not Admitted,Insurance
V005790,PT03820,DR044,D08,2024-10-18,Menstrual Disorder,684306,1,1,Normal,UPI
V005791,PT02986,DR022,D08,2024-04-13,Menstrual Disorder,5873,0,0,Not Admitted,Card
V005792,PT03084,DR020,D01,2025-09-20,CAD,4735,0,0,Not Admitted,Cash
V005793,PT04758,DR060,D04,2024-10-07,Epilepsy,5951,0,0,Not Admitted,Insurance
V005794,PT02933,DR077,D01,2024-10-31,Hypertension,4919,0,0,Not Admitted,Insurance
V005795,PT04878,DR075,D01,2025-03-15,Heart Failure,717978,1,0,Normal,UPI
V005796,PT03510,DR057,D04,2024-10-10,Migraine,3141,0,0,Not Admitted,UPI
V005797,PT03224,DR038,D04,2024-10-26,Epilepsy,5038,0,0,Not Admitted,Card
V005798,PT03625,DR046,D02,2024-07-23,Ligament Tear,634,0,0,Not Admitted,UPI
V005799,PT00423,DR020,D01,2024-08-22,Arrhythmia,7222,0,0,Not Admitted,Card
V005800,PT00463,DR030,D02,2024-04-24,Ligament Tear,5673,0,0,Not Admitted,Insurance
V005801,PT03614,DR050,D07,2025-06-24,Fever,526816,1,11,Normal,UPI
V005802,PT04075,DR040,D08,2024-01-21,Fertility,7692,0,0,Not Admitted,Cash
V005803,PT00299,DR020,D01,2024-12-18,Hypertension,39721,1,0,Normal,Cash
V005804,PT00966,DR021,D07,2024-01-05,Diabetes,1009,0,0,Not Admitted,Insurance
V005805,PT04970,DR021,D07,2025-07-02,Fever,6643,0,0,Not Admitted,Insurance
V005806,PT03389,DR018,D05,2024-06-16,Severe Bleeding,6527,0,0,Not Admitted,Card
V005807,PT02173,DR015,D06,2025-02-14,Chemotherapy,5699,0,0,Not Admitted,UPI
V005808,PT00126,DR007,D05,2024-05-30,Burns,1530,0,0,Not Admitted,Insurance
V005809,PT01067,DR003,D04,2025-10-01,Epilepsy,6916,0,0,Not Admitted,UPI
V005810,PT04652,DR032,D07,2024-09-25,Diabetes,3315,0,0,Not Admitted,Cash
V005811,PT03849,DR015,D06,2025-03-06,Radiotherapy,6141,0,0,Not Admitted,Insurance
V005812,PT02547,DR016,D06,2025-04-09,Post-op Care,3007,0,0,Not Admitted,UPI
V005813,PT04619,DR067,D07,2024-06-04,Thyroid,791994,1,11,Normal,Card
V005814,PT00802,DR062,D08,2025-10-23,PCOS,471729,1,10,Normal,UPI
V005815,PT00525,DR068,D03,2025-11-19,Viral Infection,4881,0,0,Not Admitted,Insurance
V005816,PT02421,DR043,D06,2024-12-02,Chemotherapy,5701,0,0,Not Admitted,UPI
V005817,PT00770,DR059,D01,2024-01-13,Hypertension,7548,0,0,Not Admitted,Cash
V005818,PT01396,DR073,D04,2025-04-13,Migraine,1345,0,0,Not Admitted,Insurance
V005819,PT02779,DR057,D04,2024-05-02,Stroke,5503,0,0,Not Admitted,UPI
V005820,PT00708,DR077,D01,2024-04-02,Hypertension,3999,0,0,Not Admitted,Card
V005821,PT01125,DR025,D05,2024-06-22,Burns,3161,0,0,Not Admitted,Cash
V005822,PT03180,DR044,D08,2024-01-15,PCOS,735,0,0,Not Admitted,Card
V005823,PT04968,DR007,D05,2024-10-08,Poisoning,617007,1,0,Normal,Cash
V005824,PT04745,DR061,D02,2025-10-22,Back Pain,7523,0,0,Not Admitted,UPI
V005825,PT01121,DR057,D04,2024-01-12,Neuropathy,4416,0,0,Not Admitted,Insurance
V005826,PT02473,DR012,D04,2024-07-17,Epilepsy,2497,0,0,Not Admitted,Insurance
V005827,PT04852,DR058,D03,2025-02-01,Viral Infection,2857,0,0,Not Admitted,Card
V005828,PT03666,DR025,D05,2024-09-21,Severe Bleeding,599,0,0,Not Admitted,Card
V005829,PT01976,DR063,D05,2025-01-05,Burns,1776,0,0,Not Admitted,Card
V005830,PT02501,DR042,D01,2025-08-01,CAD,538835,1,0,Expired,Cash
V005831,PT02890,DR067,D07,2025-05-24,Diabetes,4111,0,0,Not Admitted,UPI
V005832,PT04542,DR021,D07,2025-06-21,Infection,5211,0,0,Not Admitted,Insurance
V005833,PT03580,DR027,D06,2024-05-04,Chemotherapy,3013,0,0,Not Admitted,Cash
V005834,PT02934,DR079,D04,2025-10-04,Stroke,2671,0,0,Not Admitted,Cash
V005835,PT04302,DR057,D04,2025-01-28,Neuropathy,1728,0,0,Not Admitted,Card
V005836,PT03051,DR037,D02,2024-04-18,Back Pain,7408,0,0,Not Admitted,Card
V005837,PT04309,DR011,D08,2024-08-16,Menstrual Disorder,4970,0,0,Not Admitted,Card
V005838,PT01010,DR049,D01,2025-12-10,CAD,1289,0,0,Not Admitted,Cash
V005839,PT00696,DR004,D05,2025-04-18,Severe Bleeding,6625,0,0,Not Admitted,Insurance
V005840,PT01095,DR077,D01,2024-07-22,Arrhythmia,387513,1,0,Normal,Insurance
V005841,PT02289,DR040,D08,2025-10-12,PCOS,165128,1,6,Normal,UPI
V005842,PT00342,DR014,D04,2025-03-10,Migraine,6379,0,0,Not Admitted,Card
V005843,PT04130,DR016,D06,2025-10-22,Radiotherapy,7104,0,0,Not Admitted,Card
V005844,PT00255,DR021,D07,2025-10-06,Diabetes,522401,1,11,Normal,Insurance
V005845,PT03969,DR014,D04,2025-06-10,Stroke,1428,0,0,Not Admitted,Cash
V005846,PT04415,DR067,D07,2024-01-03,Infection,3959,0,0,Not Admitted,Card
V005847,PT01986,DR005,D05,2025-07-12,Poisoning,5495,0,0,Not Admitted,UPI
V005848,PT03342,DR019,D04,2024-07-21,Stroke,738,0,0,Not Admitted,Card
V005849,PT01777,DR049,D01,2025-04-19,Heart Failure,2828,0,0,Not Admitted,Card
V005850,PT04008,DR069,D07,2025-08-07,Diabetes,4617,0,0,Not Admitted,Card
V005851,PT01335,DR048,D04,2024-10-23,Epilepsy,47630,1,0,Normal,Insurance
V005852,PT02336,DR043,D06,2024-02-12,Radiotherapy,6322,0,0,Not Admitted,Insurance
V005853,PT04982,DR019,D04,2025-04-07,Epilepsy,601,0,0,Not Admitted,UPI
V005854,PT00557,DR074,D03,2024-12-17,Asthma,3988,0,0,Not Admitted,Card
V005855,PT04458,DR055,D02,2025-01-10,Fracture,4785,0,0,Not Admitted,Cash
V005856,PT01170,DR039,D03,2025-12-04,Fever,951,0,0,Not Admitted,Cash
V005857,PT01270,DR032,D07,2025-10-28,Diabetes,248486,1,9,Normal,UPI
V005858,PT01316,DR007,D05,2025-11-24,Poisoning,1277,0,0,Not Admitted,UPI
V005859,PT03693,DR067,D07,2025-10-28,Fever,7543,0,0,Not Admitted,UPI
V005860,PT02365,DR069,D07,2024-01-08,Infection,2880,0,0,Not Admitted,Cash
V005861,PT03037,DR077,D01,2025-04-09,Hypertension,272465,1,7,Normal,Cash
V005862,PT00727,DR073,D04,2024-09-09,Epilepsy,152600,1,8,Normal,Insurance
V005863,PT01350,DR052,D06,2024-10-02,Chemotherapy,716599,1,1,Referred,Card
V005864,PT03291,DR062,D08,2024-10-04,Fertility,3739,0,0,Not Admitted,Card
V005865,PT02567,DR069,D07,2024-11-29,Thyroid,4197,0,0,Not Admitted,Insurance
V005866,PT04107,DR007,D05,2024-08-25,Poisoning,2767,0,0,Not Admitted,Card
V005867,PT02953,DR049,D01,2025-07-02,Hypertension,1149,0,0,Not Admitted,Card
V005868,PT00070,DR040,D08,2025-12-08,Fertility,7552,0,0,Not Admitted,UPI
V005869,PT02461,DR027,D06,2024-08-08,Radiotherapy,3293,0,0,Not Admitted,Cash
V005870,PT00024,DR042,D01,2025-10-31,Arrhythmia,3950,0,0,Not Admitted,UPI
V005871,PT03475,DR080,D05,2025-07-28,Severe Bleeding,652927,1,5,Normal,UPI
V005872,PT00818,DR076,D04,2024-07-31,Stroke,793,0,0,Not Admitted,UPI
V005873,PT01641,DR001,D02,2024-03-28,Ligament Tear,483930,1,9,Normal,UPI
V005874,PT02988,DR069,D07,2025-10-21,Thyroid,2496,0,0,Not Admitted,Insurance
V005875,PT03630,DR027,D06,2025-04-20,Chemotherapy,5888,0,0,Not Admitted,Insurance
V005876,PT01929,DR033,D05,2025-06-16,Burns,5709,0,0,Not Admitted,Card
V005877,PT04786,DR028,D06,2024-05-03,Chemotherapy,738,0,0,Not Admitted,Card
V005878,PT04431,DR021,D07,2025-03-09,Fever,4647,0,0,Not Admitted,Card
V005879,PT04037,DR077,D01,2025-06-25,Heart Failure,164560,1,11,Normal,Insurance
V005880,PT03565,DR059,D01,2024-03-23,Hypertension,3495,0,0,Not Admitted,Cash
V005881,PT03034,DR023,D02,2024-03-07,Back Pain,601120,1,8,Normal,Cash
V005882,PT00853,DR048,D04,2025-06-14,Epilepsy,50232,1,2,Normal,UPI
V005883,PT02718,DR067,D07,2024-10-09,Infection,1213,0,0,Not Admitted,Insurance
V005884,PT03630,DR077,D01,2024-04-26,Arrhythmia,5202,0,0,Not Admitted,Insurance
V005885,PT01538,DR017,D08,2025-11-10,Prenatal Care,2741,0,0,Not Admitted,Insurance
V005886,PT04621,DR036,D04,2025-05-31,Epilepsy,558,0,0,Not Admitted,Insurance
V005887,PT01849,DR049,D01,2025-02-24,Hypertension,4447,0,0,Not Admitted,Card
V005888,PT01283,DR017,D08,2024-05-05,Menstrual Disorder,4118,0,0,Not Admitted,UPI
V005889,PT01458,DR041,D07,2024-10-22,Fever,437732,1,12,Normal,Cash
V005890,PT04376,DR080,D05,2025-01-03,Severe Bleeding,1640,0,0,Not Admitted,Insurance
V005891,PT00875,DR065,D04,2025-05-21,Epilepsy,479889,1,9,Normal,Cash
V005892,PT04536,DR017,D08,2025-11-16,Prenatal Care,3005,0,0,Not Admitted,Insurance
V005893,PT02268,DR071,D03,2025-05-24,Asthma,446435,1,10,Normal,UPI
V005894,PT01148,DR050,D07,2024-03-10,Fever,3449,0,0,Not Admitted,Cash
V005895,PT01609,DR057,D04,2025-11-30,Epilepsy,3043,0,0,Not Admitted,Card
V005896,PT02615,DR022,D08,2025-05-08,Prenatal Care,1474,0,0,Not Admitted,UPI
V005897,PT01769,DR049,D01,2025-05-16,Heart Failure,5137,0,0,Not Admitted,Cash
V005898,PT00919,DR045,D08,2025-07-19,Menstrual Disorder,5407,0,0,Not Admitted,UPI
V005899,PT02121,DR043,D06,2025-08-07,Tumor Screening,2968,0,0,Not Admitted,Insurance
V005900,PT02155,DR013,D04,2024-07-02,Migraine,1721,0,0,Not Admitted,Card
V005901,PT04623,DR039,D03,2025-05-15,Vaccination,4640,0,0,Not Admitted,Card
V005902,PT03952,DR032,D07,2024-11-24,Diabetes,7087,0,0,Not Admitted,UPI
V005903,PT04807,DR058,D03,2024-01-24,Viral Infection,4658,0,0,Not Admitted,Card
V005904,PT04302,DR031,D03,2024-09-29,Fever,333726,1,5,Normal,Insurance
V005905,PT01035,DR041,D07,2025-05-19,Infection,448101,1,8,Normal,Cash
V005906,PT04735,DR019,D04,2024-08-08,Migraine,753,0,0,Not Admitted,UPI
V005907,PT04924,DR019,D04,2024-08-24,Stroke,5072,0,0,Not Admitted,Card
V005908,PT04066,DR022,D08,2024-01-26,Menstrual Disorder,6051,0,0,Not Admitted,Insurance
V005909,PT02949,DR074,D03,2024-12-27,Fever,7056,0,0,Not Admitted,UPI
V005910,PT03326,DR038,D04,2024-05-05,Epilepsy,2471,0,0,Not Admitted,UPI
V005911,PT00955,DR067,D07,2025-11-02,Diabetes,3716,0,0,Not Admitted,Card
V005912,PT04792,DR036,D04,2025-09-20,Stroke,1809,0,0,Not Admitted,Cash
V005913,PT03900,DR067,D07,2025-08-20,Infection,143198,1,5,LAMA,Cash
V005914,PT03016,DR059,D01,2024-02-22,Hypertension,5652,0,0,Not Admitted,Card
V005915,PT04749,DR063,D05,2024-03-24,Severe Bleeding,4992,0,0,Not Admitted,UPI
V005916,PT04393,DR080,D05,2025-06-17,Severe Bleeding,362725,1,8,Normal,Cash
V005917,PT00149,DR056,D02,2025-07-13,Arthritis,5996,0,0,Not Admitted,Cash
V005918,PT01266,DR001,D02,2024-11-30,Arthritis,7162,0,0,Not Admitted,Cash
V005919,PT01514,DR032,D07,2024-04-12,Infection,6256,0,0,Not Admitted,UPI
V005920,PT00128,DR051,D05,2025-04-28,Trauma,1025,0,0,Not Admitted,Cash
V005921,PT00782,DR020,D01,2024-10-28,Hypertension,3829,0,0,Not Admitted,Cash
V005922,PT00510,DR013,D04,2025-03-15,Epilepsy,4419,0,0,Not Admitted,Card
V005923,PT03546,DR069,D07,2025-04-28,Thyroid,197265,1,6,Normal,Insurance
V005924,PT04305,DR031,D03,2025-11-17,Viral Infection,5533,0,0,Not Admitted,Cash
V005925,PT04630,DR071,D03,2025-10-19,Asthma,5111,0,0,Not Admitted,UPI
V005926,PT03741,DR041,D07,2024-07-01,Fever,2165,0,0,Not Admitted,Insurance
V005927,PT03621,DR070,D03,2025-07-12,Fever,5879,0,0,Not Admitted,UPI
V005928,PT04369,DR022,D08,2024-08-06,Fertility,878,0,0,Not Admitted,Cash
V005929,PT00780,DR075,D01,2024-10-07,Arrhythmia,680,0,0,Not Admitted,Cash
V005930,PT04178,DR033,D05,2025-08-12,Severe Bleeding,2790,0,0,Not Admitted,Cash
V005931,PT01773,DR025,D05,2024-04-11,Burns,5749,0,0,Not Admitted,UPI
V005932,PT04820,DR011,D08,2024-05-30,Prenatal Care,706691,1,10,Normal,UPI
V005933,PT01418,DR019,D04,2024-10-10,Stroke,4331,0,0,Not Admitted,Insurance
V005934,PT00863,DR043,D06,2025-07-04,Chemotherapy,5878,0,0,Not Admitted,Insurance
V005935,PT01043,DR011,D08,2024-10-17,Menstrual Disorder,1585,0,0,Not Admitted,UPI
V005936,PT04377,DR067,D07,2025-05-07,Thyroid,2455,0,0,Not Admitted,Card
V005937,PT00506,DR064,D02,2025-01-16,Arthritis,706362,1,5,Normal,Insurance
V005938,PT00865,DR023,D02,2025-02-07,Ligament Tear,3517,0,0,Not Admitted,Insurance
V005939,PT02306,DR034,D08,2024-09-26,PCOS,2489,0,0,Not Admitted,UPI
V005940,PT04307,DR069,D07,2025-10-02,Infection,5593,0,0,Not Admitted,Card
V005941,PT01969,DR041,D07,2024-12-09,Fever,2280,0,0,Not Admitted,Insurance
V005942,PT00838,DR025,D05,2025-01-27,Trauma,6258,0,0,Not Admitted,Cash
V005943,PT02019,DR011,D08,2025-02-19,Menstrual Disorder,775,0,0,Not Admitted,UPI
V005944,PT01656,DR052,D06,2025-12-11,Post-op Care,5483,0,0,Not Admitted,Cash
V005945,PT02128,DR070,D03,2024-06-26,Fever,5481,0,0,Not Admitted,UPI
V005946,PT02030,DR067,D07,2024-08-29,Thyroid,2290,0,0,Not Admitted,UPI
V005947,PT03574,DR002,D02,2024-06-27,Arthritis,804,0,0,Not Admitted,Cash
V005948,PT00978,DR066,D08,2025-11-13,Prenatal Care,3747,0,0,Not Admitted,UPI
V005949,PT03151,DR077,D01,2025-10-18,Hypertension,461456,1,7,Normal,Cash
V005950,PT03994,DR063,D05,2025-10-27,Poisoning,430404,1,5,Normal,Cash
V005951,PT02422,DR022,D08,2024-10-07,Menstrual Disorder,567594,1,10,Normal,Insurance
V005952,PT02503,DR066,D08,2025-11-16,Fertility,449217,1,7,LAMA,UPI
V005953,PT04361,DR054,D02,2024-09-26,Ligament Tear,2764,0,0,Not Admitted,Cash
V005954,PT04899,DR021,D07,2024-03-26,Thyroid,7844,0,0,Not Admitted,UPI
V005955,PT04325,DR075,D01,2024-03-01,CAD,1382,0,0,Not Admitted,Cash
V005956,PT01932,DR010,D02,2025-02-07,Back Pain,291990,1,12,Normal,Insurance
V005957,PT01103,DR020,D01,2024-06-24,Arrhythmia,620123,1,1,Normal,Cash
V005958,PT00015,DR074,D03,2025-06-24,Asthma,4256,0,0,Not Admitted,Cash
V005959,PT01818,DR069,D07,2024-09-07,Diabetes,7993,0,0,Not Admitted,Insurance
V005960,PT02645,DR042,D01,2024-06-05,Arrhythmia,4946,0,0,Not Admitted,Insurance
V005961,PT02217,DR039,D03,2024-10-01,Asthma,166808,1,6,Normal,Card
V005962,PT03713,DR069,D07,2024-02-14,Diabetes,292817,1,4,Normal,Insurance
V005963,PT03286,DR031,D03,2025-08-29,Asthma,516123,1,11,Normal,Card
V005964,PT01392,DR052,D06,2024-02-17,Radiotherapy,634,0,0,Not Admitted,Cash
V005965,PT02715,DR034,D08,2025-07-18,Menstrual Disorder,199050,1,10,Normal,Cash
V005966,PT00429,DR017,D08,2024-10-23,Menstrual Disorder,2683,0,0,Not Admitted,Cash
V005967,PT04394,DR041,D07,2025-07-09,Fever,7986,0,0,Not Admitted,UPI
V005968,PT01857,DR005,D05,2024-07-22,Severe Bleeding,377886,1,0,Normal,Card
V005969,PT04987,DR009,D04,2025-06-28,Stroke,4180,0,0,Not Admitted,UPI
V005970,PT04576,DR043,D06,2024-11-07,Radiotherapy,2658,0,0,Not Admitted,Card
V005971,PT03572,DR030,D02,2024-08-10,Arthritis,2411,0,0,Not Admitted,Insurance
V005972,PT00264,DR069,D07,2024-07-06,Diabetes,2329,0,0,Not Admitted,Insurance
V005973,PT02145,DR040,D08,2024-08-10,PCOS,6270,0,0,Not Admitted,Card
V005974,PT01193,DR031,D03,2024-01-16,Asthma,2795,0,0,Not Admitted,Card
V005975,PT04183,DR031,D03,2025-02-27,Asthma,4746,0,0,Not Admitted,UPI
V005976,PT03144,DR032,D07,2024-04-26,Infection,6246,0,0,Not Admitted,Card
V005977,PT01300,DR080,D05,2024-02-12,Burns,39201,1,2,Referred,UPI
V005978,PT00015,DR041,D07,2025-08-22,Diabetes,4409,0,0,Not Admitted,UPI
V005979,PT01905,DR075,D01,2025-12-29,Hypertension,742997,1,3,Normal,Insurance
V005980,PT00098,DR020,D01,2024-01-09,Arrhythmia,5313,0,0,Not Admitted,Insurance
V005981,PT01379,DR020,D01,2025-07-26,Arrhythmia,616250,1,9,Normal,Insurance
V005982,PT00861,DR057,D04,2025-07-10,Neuropathy,4691,0,0,Not Admitted,Insurance
V005983,PT03007,DR024,D05,2024-04-17,Burns,3985,0,0,Not Admitted,Insurance
V005984,PT02909,DR055,D02,2025-02-07,Arthritis,653498,1,4,Referred,Card
V005985,PT00732,DR057,D04,2025-06-06,Neuropathy,5260,0,0,Not Admitted,Card
V005986,PT04498,DR058,D03,2024-06-28,Fever,3445,0,0,Not Admitted,Cash
V005987,PT02557,DR047,D04,2025-04-25,Neuropathy,375364,1,5,Normal,UPI
V005988,PT03211,DR065,D04,2024-07-04,Stroke,2886,0,0,Not Admitted,Insurance
V005989,PT02187,DR007,D05,2025-05-11,Poisoning,4683,0,0,Not Admitted,Cash
V005990,PT00803,DR020,D01,2025-09-21,CAD,264687,1,1,LAMA,UPI
V005991,PT03529,DR059,D01,2025-09-09,Hypertension,6541,0,0,Not Admitted,Insurance
V005992,PT01765,DR025,D05,2024-09-07,Trauma,675922,1,4,Normal,Insurance
V005993,PT02867,DR072,D06,2024-09-30,Radiotherapy,2306,0,0,Not Admitted,Card
V005994,PT02051,DR006,D02,2024-12-30,Fracture,276235,1,8,Normal,Insurance
V005995,PT01975,DR015,D06,2024-03-26,Post-op Care,6511,0,0,Not Admitted,Card
V005996,PT02832,DR057,D04,2025-04-20,Migraine,6383,0,0,Not Admitted,UPI
V005997,PT02476,DR039,D03,2025-07-19,Viral Infection,5006,0,0,Not Admitted,Insurance
V005998,PT00943,DR069,D07,2024-05-10,Diabetes,3677,0,0,Not Admitted,Cash
V005999,PT00971,DR067,D07,2024-05-25,Thyroid,5935,0,0,Not Admitted,Insurance
V006000,PT01877,DR022,D08,2025-11-17,Fertility,5127,0,0,Not Admitted,Card
V006001,PT02621,DR024,D05,2024-09-29,Trauma,3244,0,0,Not Admitted,UPI
V006002,PT00170,DR003,D04,2025-12-03,Stroke,495123,1,8,Referred,UPI
V006003,PT00352,DR068,D03,2025-03-15,Viral Infection,1276,0,0,Not Admitted,Card
V006004,PT04926,DR066,D08,2025-03-04,Menstrual Disorder,4537,0,0,Not Admitted,UPI
V006005,PT01898,DR058,D03,2025-06-17,Vaccination,2287,0,0,Not Admitted,Card
V006006,PT04674,DR071,D03,2024-11-23,Fever,3013,0,0,Not Admitted,Cash
V006007,PT04563,DR015,D06,2024-06-19,Tumor Screening,7722,0,0,Not Admitted,Cash
V006008,PT01764,DR002,D02,2024-12-01,Back Pain,7076,0,0,Not Admitted,Cash
V006009,PT02480,DR056,D02,2024-08-05,Arthritis,1046,0,0,Not Admitted,Card
V006010,PT04969,DR022,D08,2024-12-12,PCOS,96700,1,4,Referred,UPI
V006011,PT02017,DR039,D03,2024-03-21,Viral Infection,6839,0,0,Not Admitted,Card
V006012,PT01527,DR043,D06,2025-04-07,Tumor Screening,2970,0,0,Not Admitted,UPI
V006013,PT00843,DR021,D07,2024-01-04,Thyroid,3785,0,0,Not Admitted,UPI
V006014,PT02760,DR042,D01,2025-07-05,Heart Failure,342305,1,0,Normal,UPI
V006015,PT04346,DR023,D02,2025-10-22,Back Pain,840,0,0,Not Admitted,Card
V006016,PT00123,DR030,D02,2024-04-04,Fracture,234138,1,10,Normal,Card
V006017,PT03812,DR004,D05,2025-05-04,Severe Bleeding,593276,1,5,Normal,UPI
V006018,PT04800,DR010,D02,2024-07-29,Fracture,7948,0,0,Not Admitted,Cash
V006019,PT03532,DR011,D08,2024-03-19,Menstrual Disorder,434141,1,3,Normal,Cash
V006020,PT02879,DR040,D08,2025-09-26,Prenatal Care,6735,0,0,Not Admitted,Card
V006021,PT04849,DR067,D07,2024-03-03,Thyroid,3155,0,0,Not Admitted,Insurance
V006022,PT03884,DR043,D06,2024-06-30,Tumor Screening,1977,0,0,Not Admitted,Insurance
V006023,PT01616,DR077,D01,2024-04-14,Hypertension,3258,0,0,Not Admitted,UPI
V006024,PT01345,DR018,D05,2024-10-12,Trauma,3623,0,0,Not Admitted,Insurance
V006025,PT01397,DR020,D01,2024-09-11,CAD,710707,1,4,Normal,Cash
V006026,PT04381,DR038,D04,2024-11-16,Neuropathy,567776,1,9,Normal,Card
V006027,PT03341,DR067,D07,2024-07-21,Infection,4558,0,0,Not Admitted,Card
V006028,PT04877,DR005,D05,2024-10-07,Burns,147815,1,12,Normal,Insurance
V006029,PT04445,DR067,D07,2024-05-31,Fever,4593,0,0,Not Admitted,Card
V006030,PT00119,DR031,D03,2025-02-26,Asthma,1737,0,0,Not Admitted,Cash
V006031,PT02536,DR042,D01,2024-06-12,Hypertension,3239,0,0,Not Admitted,Card
V006032,PT01167,DR005,D05,2025-12-18,Trauma,145523,1,3,Normal,UPI
V006033,PT02300,DR042,D01,2024-03-28,CAD,6027,0,0,Not Admitted,Cash
V006034,PT04014,DR032,D07,2024-01-08,Thyroid,3901,0,0,Not Admitted,Cash
V006035,PT01530,DR031,D03,2025-09-02,Asthma,291689,1,1,Referred,Card
V006036,PT03088,DR078,D06,2024-11-09,Tumor Screening,270447,1,3,Normal,UPI
V006037,PT03214,DR061,D02,2024-10-13,Arthritis,726,0,0,Not Admitted,UPI
V006038,PT00222,DR015,D06,2025-02-10,Radiotherapy,661,0,0,Not Admitted,Cash
V006039,PT03681,DR045,D08,2024-11-23,Menstrual Disorder,7097,0,0,Not Admitted,Insurance
V006040,PT01582,DR047,D04,2024-09-29,Stroke,2392,0,0,Not Admitted,Card
V006041,PT02523,DR019,D04,2024-01-22,Neuropathy,1238,0,0,Not Admitted,UPI
V006042,PT02921,DR068,D03,2024-01-12,Asthma,5443,0,0,Not Admitted,Insurance
V006043,PT00729,DR005,D05,2025-08-05,Severe Bleeding,1461,0,0,Not Admitted,Cash
V006044,PT00737,DR051,D05,2024-05-30,Severe Bleeding,5757,0,0,Not Admitted,UPI
V006045,PT04366,DR071,D03,2024-09-04,Viral Infection,6597,0,0,Not Admitted,Cash
V006046,PT01169,DR072,D06,2024-04-01,Post-op Care,4406,0,0,Not Admitted,UPI
V006047,PT04203,DR049,D01,2024-12-29,Hypertension,7619,0,0,Not Admitted,Cash
V006048,PT03358,DR054,D02,2024-01-16,Back Pain,3037,0,0,Not Admitted,Card
V006049,PT04113,DR019,D04,2024-02-28,Epilepsy,5372,0,0,Not Admitted,Insurance
V006050,PT03840,DR066,D08,2025-10-23,Prenatal Care,1688,0,0,Not Admitted,Insurance
V006051,PT04981,DR001,D02,2025-10-19,Back Pain,122643,1,6,Normal,UPI
V006052,PT00214,DR070,D03,2025-09-12,Vaccination,1667,0,0,Not Admitted,Cash
V006053,PT00837,DR042,D01,2024-07-24,CAD,539958,1,11,Normal,Card
V006054,PT00164,DR003,D04,2024-08-11,Epilepsy,4644,0,0,Not Admitted,Insurance
V006055,PT04615,DR048,D04,2025-03-23,Epilepsy,7199,0,0,Not Admitted,UPI
V006056,PT04393,DR007,D05,2024-05-12,Poisoning,305280,1,2,Normal,Insurance
V006057,PT01468,DR007,D05,2024-11-23,Severe Bleeding,5281,0,0,Not Admitted,UPI
V006058,PT03893,DR031,D03,2024-12-30,Vaccination,6739,0,0,Not Admitted,UPI
V006059,PT04871,DR070,D03,2024-04-28,Viral Infection,7164,0,0,Not Admitted,Insurance
V006060,PT04999,DR072,D06,2024-08-19,Radiotherapy,120688,1,4,Normal,Insurance
V006061,PT00412,DR050,D07,2024-09-10,Thyroid,5586,0,0,Not Admitted,Insurance
V006062,PT03830,DR042,D01,2025-10-01,CAD,1005,0,0,Not Admitted,Cash
V006063,PT00202,DR011,D08,2024-08-10,Prenatal Care,6867,0,0,Not Admitted,Cash
V006064,PT04770,DR057,D04,2024-04-01,Stroke,5970,0,0,Not Admitted,Insurance
V006065,PT03217,DR026,D05,2025-12-08,Burns,7587,0,0,Not Admitted,UPI
V006066,PT04773,DR013,D04,2025-08-20,Migraine,74202,1,8,Normal,Insurance
V006067,PT04844,DR044,D08,2024-08-27,Prenatal Care,4752,0,0,Not Admitted,Insurance
V006068,PT01679,DR024,D05,2025-10-20,Severe Bleeding,6166,0,0,Not Admitted,UPI
V006069,PT03988,DR049,D01,2025-04-07,Hypertension,4224,0,0,Not Admitted,Card
V006070,PT03241,DR078,D06,2024-01-19,Tumor Screening,6322,0,0,Not Admitted,UPI
V006071,PT04691,DR020,D01,2024-10-28,Heart Failure,6215,0,0,Not Admitted,Insurance
V006072,PT03642,DR055,D02,2025-10-07,Back Pain,5221,0,0,Not Admitted,UPI
V006073,PT01534,DR002,D02,2025-08-15,Fracture,2547,0,0,Not Admitted,Insurance
V006074,PT03084,DR045,D08,2024-02-26,Fertility,3688,0,0,Not Admitted,Insurance
V006075,PT04635,DR018,D05,2025-11-18,Severe Bleeding,5982,0,0,Not Admitted,Cash
V006076,PT02027,DR069,D07,2025-09-02,Fever,2351,0,0,Not Admitted,Card
V006077,PT00473,DR031,D03,2025-08-26,Vaccination,5672,0,0,Not Admitted,Card
V006078,PT00892,DR024,D05,2024-12-04,Poisoning,1598,0,0,Not Admitted,Cash
V006079,PT00938,DR046,D02,2025-12-06,Ligament Tear,3359,0,0,Not Admitted,Card
V006080,PT01143,DR075,D01,2024-07-21,CAD,868,0,0,Not Admitted,Insurance
V006081,PT01529,DR050,D07,2025-06-02,Diabetes,2238,0,0,Not Admitted,Cash
V006082,PT02183,DR037,D02,2024-01-19,Back Pain,562934,1,10,Normal,Insurance
V006083,PT04821,DR078,D06,2025-01-14,Radiotherapy,140122,1,10,Normal,UPI
V006084,PT00660,DR074,D03,2024-08-06,Fever,4888,0,0,Not Admitted,Cash
V006085,PT00727,DR032,D07,2024-01-18,Infection,4022,0,0,Not Admitted,Card
V006086,PT03229,DR053,D03,2024-02-21,Fever,3225,0,0,Not Admitted,Insurance
V006087,PT02279,DR011,D08,2024-06-07,Fertility,5182,0,0,Not Admitted,Insurance
V006088,PT03124,DR074,D03,2025-01-29,Asthma,6688,0,0,Not Admitted,Card
V006089,PT00318,DR020,D01,2025-06-02,CAD,3856,0,0,Not Admitted,Cash
V006090,PT01829,DR068,D03,2025-08-19,Viral Infection,703,0,0,Not Admitted,Cash
V006091,PT03186,DR015,D06,2025-01-18,Chemotherapy,4391,0,0,Not Admitted,UPI
V006092,PT03432,DR066,D08,2025-02-06,PCOS,7775,0,0,Not Admitted,Insurance
V006093,PT02005,DR035,D06,2024-07-10,Tumor Screening,424498,1,8,Normal,UPI
V006094,PT03517,DR018,D05,2024-04-17,Poisoning,6687,0,0,Not Admitted,Cash
V006095,PT00297,DR005,D05,2025-11-27,Trauma,5516,0,0,Not Admitted,Cash
V006096,PT04713,DR049,D01,2024-07-01,CAD,2146,0,0,Not Admitted,Cash
V006097,PT02750,DR049,D01,2025-03-30,Hypertension,1059,0,0,Not Admitted,UPI
V006098,PT01401,DR074,D03,2024-02-28,Vaccination,1618,0,0,Not Admitted,Insurance
V006099,PT03048,DR031,D03,2025-03-05,Fever,4301,0,0,Not Admitted,Insurance
V006100,PT04322,DR069,D07,2025-04-13,Diabetes,575982,1,3,LAMA,Insurance
V006101,PT01625,DR067,D07,2025-07-30,Diabetes,6844,0,0,Not Admitted,Cash
V006102,PT03624,DR022,D08,2025-06-04,Prenatal Care,6112,0,0,Not Admitted,Cash
V006103,PT00785,DR028,D06,2024-07-05,Chemotherapy,3414,0,0,Not Admitted,UPI
V006104,PT01471,DR058,D03,2025-06-01,Fever,692,0,0,Not Admitted,UPI
V006105,PT02391,DR044,D08,2024-01-17,Prenatal Care,2201,0,0,Not Admitted,Card
V006106,PT04129,DR054,D02,2025-02-21,Arthritis,1961,0,0,Not Admitted,UPI
V006107,PT04471,DR061,D02,2024-02-11,Back Pain,2674,0,0,Not Admitted,Insurance
V006108,PT04577,DR002,D02,2024-03-18,Fracture,5541,0,0,Not Admitted,UPI
V006109,PT00964,DR032,D07,2025-12-02,Fever,6363,0,0,Not Admitted,Insurance
V006110,PT00880,DR005,D05,2025-05-10,Poisoning,63850,1,3,Normal,Card
V006111,PT02787,DR075,D01,2025-12-03,Arrhythmia,2112,0,0,Not Admitted,UPI
V006112,PT02690,DR049,D01,2024-03-03,Heart Failure,821,0,0,Not Admitted,Cash
V006113,PT04028,DR059,D01,2025-09-27,Arrhythmia,6482,0,0,Not Admitted,Insurance
V006114,PT00912,DR050,D07,2025-08-22,Diabetes,987,0,0,Not Admitted,UPI
V006115,PT01194,DR069,D07,2024-06-29,Thyroid,6508,0,0,Not Admitted,UPI
V006116,PT03289,DR051,D05,2025-01-14,Poisoning,6682,0,0,Not Admitted,UPI
V006117,PT03299,DR053,D03,2025-02-09,Fever,6306,0,0,Not Admitted,Insurance
V006118,PT04394,DR063,D05,2024-05-01,Poisoning,5053,0,0,Not Admitted,Cash
V006119,PT01762,DR059,D01,2024-08-30,Hypertension,723,0,0,Not Admitted,UPI
V006120,PT00495,DR032,D07,2024-02-10,Thyroid,373605,1,8,Normal,Card
V006121,PT00610,DR062,D08,2024-03-23,Menstrual Disorder,232832,1,6,Normal,UPI
V006122,PT00985,DR031,D03,2024-09-12,Fever,6014,0,0,Not Admitted,Card
V006123,PT00251,DR016,D06,2025-08-14,Chemotherapy,2543,0,0,Not Admitted,Cash
V006124,PT01641,DR049,D01,2025-05-26,Hypertension,3577,0,0,Not Admitted,Insurance
V006125,PT03789,DR061,D02,2024-01-22,Fracture,1601,0,0,Not Admitted,Cash
V006126,PT01413,DR052,D06,2025-10-24,Post-op Care,6885,0,0,Not Admitted,Insurance
V006127,PT03171,DR016,D06,2025-06-28,Radiotherapy,7906,0,0,Not Admitted,Cash
V006128,PT04462,DR022,D08,2024-07-13,Fertility,7046,0,0,Not Admitted,Card
V006129,PT04299,DR003,D04,2024-11-01,Stroke,1668,0,0,Not Admitted,Card
V006130,PT01730,DR045,D08,2025-01-24,PCOS,5920,0,0,Not Admitted,Cash
V006131,PT02777,DR003,D04,2025-08-12,Migraine,292137,1,11,Normal,Card
V006132,PT03655,DR015,D06,2024-06-29,Post-op Care,4711,0,0,Not Admitted,Insurance
V006133,PT03929,DR032,D07,2025-12-13,Thyroid,7491,0,0,Not Admitted,Cash
V006134,PT01410,DR075,D01,2024-12-19,Arrhythmia,4332,0,0,Not Admitted,Cash
V006135,PT01900,DR002,D02,2024-06-30,Ligament Tear,2823,0,0,Not Admitted,UPI
V006136,PT03364,DR078,D06,2025-10-20,Chemotherapy,994,0,0,Not Admitted,Card
V006137,PT00445,DR064,D02,2025-12-01,Fracture,202584,1,6,Normal,Insurance
V006138,PT04419,DR068,D03,2024-05-28,Asthma,3410,0,0,Not Admitted,UPI
V006139,PT02337,DR058,D03,2024-08-30,Vaccination,4718,0,0,Not Admitted,UPI
V006140,PT00863,DR042,D01,2025-12-20,Hypertension,619882,1,5,Normal,UPI
V006141,PT00869,DR010,D02,2024-08-08,Back Pain,1987,0,0,Not Admitted,Insurance
V006142,PT01004,DR015,D06,2025-04-26,Tumor Screening,168814,1,9,Normal,UPI
V006143,PT00979,DR020,D01,2024-12-17,Arrhythmia,3812,0,0,Not Admitted,Insurance
V006144,PT03380,DR063,D05,2024-10-24,Severe Bleeding,6594,0,0,Not Admitted,Insurance
V006145,PT00108,DR025,D05,2025-08-09,Burns,2917,0,0,Not Admitted,Insurance
V006146,PT00827,DR064,D02,2024-08-24,Ligament Tear,4599,0,0,Not Admitted,Card
V006147,PT02969,DR027,D06,2025-04-10,Tumor Screening,6259,0,0,Not Admitted,Cash
V006148,PT04773,DR043,D06,2025-01-14,Post-op Care,1528,0,0,Not Admitted,Card
V006149,PT00562,DR020,D01,2024-12-24,Arrhythmia,2796,0,0,Not Admitted,Insurance
V006150,PT00086,DR022,D08,2025-10-20,Fertility,3002,0,0,Not Admitted,Cash
V006151,PT03692,DR019,D04,2024-10-23,Stroke,5388,0,0,Not Admitted,Card
V006152,PT03038,DR080,D05,2025-07-20,Poisoning,7008,0,0,Not Admitted,Card
V006153,PT03070,DR044,D08,2024-07-10,Fertility,4754,0,0,Not Admitted,Insurance
V006154,PT03782,DR042,D01,2024-06-07,Hypertension,5486,0,0,Not Admitted,UPI
V006155,PT00650,DR066,D08,2025-07-05,Menstrual Disorder,3602,0,0,Not Admitted,Cash
V006156,PT00436,DR035,D06,2025-09-30,Post-op Care,163967,1,0,Expired,Cash
V006157,PT00141,DR005,D05,2024-04-27,Burns,783013,1,2,Normal,Cash
V006158,PT03187,DR042,D01,2024-04-22,Arrhythmia,1636,0,0,Not Admitted,Cash
V006159,PT03414,DR067,D07,2025-06-11,Infection,3990,0,0,Not Admitted,UPI
V006160,PT04196,DR017,D08,2024-07-24,Fertility,6522,0,0,Not Admitted,Card
V006161,PT01379,DR012,D04,2025-08-08,Migraine,1998,0,0,Not Admitted,Insurance
V006162,PT02595,DR026,D05,2024-07-16,Severe Bleeding,765,0,0,Not Admitted,Insurance
V006163,PT02086,DR024,D05,2024-08-31,Poisoning,6225,0,0,Not Admitted,UPI
V006164,PT03361,DR029,D05,2024-11-05,Trauma,44660,1,1,Normal,Insurance
V006165,PT01402,DR052,D06,2024-08-01,Chemotherapy,2378,0,0,Not Admitted,Insurance
V006166,PT00271,DR035,D06,2024-04-06,Post-op Care,1340,0,0,Not Admitted,Insurance
V006167,PT03283,DR018,D05,2024-10-10,Poisoning,6725,0,0,Not Admitted,Cash
V006168,PT02104,DR074,D03,2025-06-13,Fever,3021,0,0,Not Admitted,Insurance
V006169,PT04150,DR015,D06,2025-10-11,Radiotherapy,3171,0,0,Not Admitted,Card
V006170,PT04934,DR080,D05,2024-04-22,Trauma,4688,0,0,Not Admitted,Cash
V006171,PT04635,DR022,D08,2024-12-31,Menstrual Disorder,720483,1,0,Normal,Cash
V006172,PT03413,DR077,D01,2025-11-29,CAD,692,0,0,Not Admitted,UPI
V006173,PT03651,DR051,D05,2025-05-30,Trauma,6844,0,0,Not Admitted,Insurance
V006174,PT01973,DR038,D04,2025-11-23,Migraine,7702,0,0,Not Admitted,UPI
V006175,PT01761,DR015,D06,2025-10-18,Chemotherapy,6856,0,0,Not Admitted,Insurance
V006176,PT04823,DR070,D03,2024-04-01,Vaccination,2821,0,0,Not Admitted,UPI
V006177,PT01512,DR064,D02,2025-07-05,Fracture,94226,1,4,Normal,UPI
V006178,PT03406,DR002,D02,2025-02-01,Back Pain,2243,0,0,Not Admitted,Insurance
V006179,PT00053,DR032,D07,2025-05-26,Infection,534366,1,6,Normal,Insurance
V006180,PT01988,DR053,D03,2025-05-01,Viral Infection,4443,0,0,Not Admitted,UPI
V006181,PT02821,DR027,D06,2025-10-20,Chemotherapy,994,0,0,Not Admitted,Card
V006182,PT01915,DR002,D02,2025-02-23,Ligament Tear,7034,0,0,Not Admitted,Card
V006183,PT03104,DR072,D06,2024-05-09,Post-op Care,4253,0,0,Not Admitted,UPI
V006184,PT01006,DR020,D01,2024-11-25,CAD,7773,0,0,Not Admitted,UPI
V006185,PT02932,DR032,D07,2025-09-02,Fever,7965,0,0,Not Admitted,Card
V006186,PT02491,DR042,D01,2025-10-15,CAD,1684,0,0,Not Admitted,UPI
V006187,PT03655,DR050,D07,2025-11-08,Infection,5170,0,0,Not Admitted,UPI
V006188,PT00976,DR059,D01,2024-02-22,Arrhythmia,4622,0,0,Not Admitted,Insurance
V006189,PT03474,DR024,D05,2024-04-27,Severe Bleeding,5335,0,0,Not Admitted,Insurance
V006190,PT01727,DR033,D05,2025-08-02,Severe Bleeding,849,0,0,Not Admitted,Cash
V006191,PT03028,DR025,D05,2024-04-07,Trauma,106184,1,1,Normal,UPI
V006192,PT03869,DR075,D01,2024-03-12,Hypertension,6130,0,0,Not Admitted,Card
V006193,PT03089,DR020,D01,2025-05-31,CAD,3337,0,0,Not Admitted,Card
V006194,PT01052,DR036,D04,2024-06-04,Migraine,188386,1,3,Normal,Cash
V006195,PT01910,DR028,D06,2024-10-04,Post-op Care,115820,1,5,Normal,Card
V006196,PT00912,DR051,D05,2025-05-12,Trauma,167146,1,7,Normal,Card
V006197,PT02357,DR045,D08,2024-08-25,Prenatal Care,3138,0,0,Not Admitted,Insurance
V006198,PT02182,DR050,D07,2025-03-19,Infection,460009,1,11,Normal,Card
V006199,PT04604,DR038,D04,2024-10-23,Neuropathy,5757,0,0,Not Admitted,Card
V006200,PT02692,DR072,D06,2024-10-30,Tumor Screening,1378,0,0,Not Admitted,Insurance
V006201,PT03460,DR077,D01,2024-11-17,Arrhythmia,1712,0,0,Not Admitted,UPI
V006202,PT03597,DR014,D04,2025-02-18,Migraine,103855,1,3,Normal,Insurance
V006203,PT04538,DR042,D01,2025-09-21,Arrhythmia,4591,0,0,Not Admitted,Cash
V006204,PT04595,DR058,D03,2025-06-30,Viral Infection,7251,0,0,Not Admitted,Card
V006205,PT00456,DR052,D06,2024-04-29,Chemotherapy,760079,1,11,Normal,Card
V006206,PT03402,DR006,D02,2024-08-09,Arthritis,1850,0,0,Not Admitted,Cash
V006207,PT02249,DR069,D07,2024-12-13,Diabetes,7189,0,0,Not Admitted,UPI
V006208,PT04464,DR042,D01,2024-12-05,CAD,603393,1,0,Referred,Cash
V006209,PT01580,DR067,D07,2025-11-25,Fever,6538,0,0,Not Admitted,Card
V006210,PT00310,DR054,D02,2024-12-29,Back Pain,7681,0,0,Not Admitted,Card
V006211,PT00662,DR062,D08,2024-03-20,PCOS,5376,0,0,Not Admitted,Insurance
V006212,PT02929,DR066,D08,2025-02-05,Fertility,2582,0,0,Not Admitted,Insurance
V006213,PT00224,DR021,D07,2024-04-17,Infection,931,0,0,Not Admitted,Cash
V006214,PT03451,DR032,D07,2024-11-17,Fever,96496,1,2,Normal,UPI
V006215,PT02720,DR054,D02,2024-09-02,Ligament Tear,1994,0,0,Not Admitted,Card
V006216,PT01407,DR032,D07,2025-07-10,Fever,6386,0,0,Not Admitted,Card
V006217,PT02006,DR009,D04,2024-11-25,Migraine,2638,0,0,Not Admitted,Insurance
V006218,PT01905,DR026,D05,2024-07-01,Severe Bleeding,7984,0,0,Not Admitted,Cash
V006219,PT01952,DR039,D03,2024-11-29,Fever,3402,0,0,Not Admitted,Insurance
V006220,PT02626,DR018,D05,2025-10-24,Trauma,2884,0,0,Not Admitted,Insurance
V006221,PT03676,DR049,D01,2024-02-07,Hypertension,339298,1,9,Normal,UPI
V006222,PT04625,DR041,D07,2025-09-03,Diabetes,391649,1,1,Normal,Card
V006223,PT04167,DR041,D07,2025-08-17,Infection,1728,0,0,Not Admitted,UPI
V006224,PT01402,DR061,D02,2024-05-27,Arthritis,4507,0,0,Not Admitted,Card
V006225,PT01648,DR064,D02,2025-09-11,Ligament Tear,4909,0,0,Not Admitted,Cash
V006226,PT03690,DR065,D04,2024-08-04,Epilepsy,718135,1,5,Normal,Card
V006227,PT01261,DR027,D06,2024-05-14,Chemotherapy,6217,0,0,Not Admitted,UPI
V006228,PT00226,DR021,D07,2024-04-11,Infection,5959,0,0,Not Admitted,Insurance
V006229,PT00557,DR074,D03,2025-06-30,Vaccination,754515,1,5,Normal,Card
V006230,PT04616,DR073,D04,2024-08-14,Migraine,1252,0,0,Not Admitted,Cash
V006231,PT03250,DR035,D06,2024-11-05,Tumor Screening,703660,1,2,Normal,UPI
V006232,PT01707,DR042,D01,2025-10-09,CAD,7889,0,0,Not Admitted,Insurance
V006233,PT04715,DR020,D01,2025-06-07,CAD,583,0,0,Not Admitted,Card
V006234,PT02028,DR045,D08,2025-12-01,Prenatal Care,481661,1,5,Normal,Cash
V006235,PT01562,DR039,D03,2024-12-02,Viral Infection,365353,1,3,Normal,Card
V006236,PT04684,DR024,D05,2025-06-15,Burns,999,0,0,Not Admitted,Insurance
V006237,PT01283,DR004,D05,2024-10-29,Severe Bleeding,6331,0,0,Not Admitted,Card
V006238,PT04794,DR074,D03,2024-11-11,Viral Infection,5704,0,0,Not Admitted,Cash
V006239,PT01332,DR017,D08,2024-07-15,PCOS,7892,0,0,Not Admitted,Insurance
V006240,PT04843,DR042,D01,2025-06-06,Arrhythmia,5940,0,0,Not Admitted,Insurance
V006241,PT03756,DR022,D08,2024-10-08,Fertility,6774,0,0,Not Admitted,Insurance
V006242,PT01003,DR057,D04,2024-05-19,Neuropathy,3238,0,0,Not Admitted,Card
V006243,PT01555,DR050,D07,2025-10-17,Infection,2440,0,0,Not Admitted,UPI
V006244,PT03600,DR037,D02,2024-02-19,Arthritis,6983,0,0,Not Admitted,UPI
V006245,PT01244,DR041,D07,2025-10-07,Infection,2425,0,0,Not Admitted,UPI
V006246,PT00143,DR042,D01,2025-01-11,Hypertension,3363,0,0,Not Admitted,Insurance
V006247,PT01792,DR030,D02,2025-09-04,Back Pain,565878,1,0,Normal,Cash
V006248,PT01215,DR035,D06,2024-03-07,Chemotherapy,5725,0,0,Not Admitted,Card
V006249,PT03720,DR035,D06,2025-10-26,Radiotherapy,3574,0,0,Not Admitted,UPI
V006250,PT01079,DR019,D04,2024-10-19,Stroke,1961,0,0,Not Admitted,Cash
V006251,PT01517,DR062,D08,2024-06-23,PCOS,565,0,0,Not Admitted,Cash
V006252,PT04484,DR068,D03,2024-05-08,Vaccination,2981,0,0,Not Admitted,Insurance
V006253,PT02367,DR049,D01,2024-01-13,Arrhythmia,2957,0,0,Not Admitted,UPI
V006254,PT00585,DR074,D03,2024-06-22,Asthma,4598,0,0,Not Admitted,Cash
V006255,PT02150,DR062,D08,2024-06-29,PCOS,2117,0,0,Not Admitted,UPI
V006256,PT01964,DR074,D03,2025-11-30,Vaccination,330761,1,8,Expired,Cash
V006257,PT04567,DR068,D03,2024-12-10,Vaccination,7035,0,0,Not Admitted,Cash
V006258,PT04878,DR066,D08,2024-12-23,Fertility,3517,0,0,Not Admitted,UPI
V006259,PT01949,DR021,D07,2025-10-08,Thyroid,1371,0,0,Not Admitted,Insurance
V006260,PT04983,DR017,D08,2024-04-05,PCOS,382088,1,2,Normal,Cash
V006261,PT02266,DR064,D02,2025-06-01,Back Pain,6598,0,0,Not Admitted,UPI
V006262,PT03141,DR063,D05,2025-08-17,Severe Bleeding,7728,0,0,Not Admitted,Card
V006263,PT00230,DR050,D07,2025-12-15,Diabetes,5941,0,0,Not Admitted,UPI
V006264,PT01948,DR031,D03,2024-10-13,Vaccination,1151,0,0,Not Admitted,UPI
V006265,PT04275,DR064,D02,2024-05-24,Arthritis,2896,0,0,Not Admitted,Card
V006266,PT02446,DR017,D08,2025-09-05,Fertility,5618,0,0,Not Admitted,Card
V006267,PT02619,DR018,D05,2024-06-18,Poisoning,5261,0,0,Not Admitted,UPI
V006268,PT02424,DR020,D01,2025-01-11,CAD,2726,0,0,Not Admitted,Card
V006269,PT00097,DR022,D08,2024-11-10,Prenatal Care,3293,0,0,Not Admitted,Cash
V006270,PT04606,DR074,D03,2025-09-02,Vaccination,5924,0,0,Not Admitted,UPI
V006271,PT00045,DR064,D02,2024-03-17,Back Pain,3380,0,0,Not Admitted,Insurance
V006272,PT04958,DR051,D05,2025-09-01,Severe Bleeding,472525,1,8,Normal,Card
V006273,PT02476,DR066,D08,2024-10-12,Prenatal Care,990,0,0,Not Admitted,UPI
V006274,PT04079,DR077,D01,2025-06-21,Arrhythmia,3587,0,0,Not Admitted,Cash
V006275,PT01076,DR074,D03,2024-09-18,Asthma,3041,0,0,Not Admitted,Card
V006276,PT01346,DR066,D08,2025-05-31,Fertility,1898,0,0,Not Admitted,Insurance
V006277,PT02444,DR028,D06,2024-12-11,Radiotherapy,698272,1,6,Normal,Cash
V006278,PT02233,DR028,D06,2025-12-07,Radiotherapy,782,0,0,Not Admitted,Insurance
V006279,PT04050,DR023,D02,2025-02-18,Ligament Tear,271578,1,2,Normal,UPI
V006280,PT04255,DR070,D03,2025-08-08,Vaccination,3698,0,0,Not Admitted,Card
V006281,PT02639,DR062,D08,2025-02-24,Fertility,642,0,0,Not Admitted,Card
V006282,PT04661,DR017,D08,2025-01-04,PCOS,7191,0,0,Not Admitted,Insurance
V006283,PT02933,DR007,D05,2024-02-11,Poisoning,3888,0,0,Not Admitted,Insurance
V006284,PT01617,DR009,D04,2025-01-04,Epilepsy,4974,0,0,Not Admitted,UPI
V006285,PT01113,DR050,D07,2025-07-11,Thyroid,293248,1,0,Normal,Card
V006286,PT01872,DR033,D05,2024-05-08,Trauma,4461,0,0,Not Admitted,Card
V006287,PT03369,DR067,D07,2024-06-06,Thyroid,2542,0,0,Not Admitted,Card
V006288,PT02478,DR027,D06,2024-02-04,Chemotherapy,2462,0,0,Not Admitted,Cash
V006289,PT02511,DR003,D04,2024-11-28,Migraine,2765,0,0,Not Admitted,Card
V006290,PT00265,DR066,D08,2025-12-26,Menstrual Disorder,165436,1,0,Referred,Insurance
V006291,PT00723,DR053,D03,2024-01-04,Fever,299181,1,1,LAMA,UPI
V006292,PT01118,DR077,D01,2024-10-25,Heart Failure,502,0,0,Not Admitted,Cash
V006293,PT00862,DR078,D06,2024-02-15,Chemotherapy,1517,0,0,Not Admitted,Card
V006294,PT04230,DR027,D06,2024-06-16,Post-op Care,1644,0,0,Not Admitted,UPI
V006295,PT03062,DR075,D01,2024-05-10,Hypertension,1558,0,0,Not Admitted,Cash
V006296,PT02059,DR011,D08,2025-08-17,Menstrual Disorder,537,0,0,Not Admitted,Cash
V006297,PT00114,DR017,D08,2024-04-22,PCOS,6879,0,0,Not Admitted,Insurance
V006298,PT02866,DR042,D01,2025-06-11,CAD,5277,0,0,Not Admitted,Card
V006299,PT00919,DR063,D05,2024-02-09,Burns,3485,0,0,Not Admitted,Cash
V006300,PT02450,DR029,D05,2024-11-19,Poisoning,5121,0,0,Not Admitted,UPI
V006301,PT03320,DR039,D03,2025-01-30,Fever,1182,0,0,Not Admitted,UPI
V006302,PT03568,DR026,D05,2025-02-02,Burns,2009,0,0,Not Admitted,Cash
V006303,PT03766,DR030,D02,2025-06-09,Ligament Tear,4624,0,0,Not Admitted,Cash
V006304,PT02611,DR005,D05,2025-01-14,Poisoning,4647,0,0,Not Admitted,UPI
V006305,PT02813,DR050,D07,2024-07-05,Infection,2326,0,0,Not Admitted,Card
V006306,PT01418,DR024,D05,2025-12-09,Poisoning,3203,0,0,Not Admitted,Insurance
V006307,PT01615,DR028,D06,2024-09-29,Post-op Care,4886,0,0,Not Admitted,Insurance
V006308,PT01460,DR063,D05,2024-07-01,Poisoning,520111,1,11,Normal,Insurance
V006309,PT02449,DR047,D04,2024-06-10,Epilepsy,3220,0,0,Not Admitted,Insurance
V006310,PT01420,DR068,D03,2025-05-11,Fever,7920,0,0,Not Admitted,Cash
V006311,PT04855,DR053,D03,2024-01-07,Vaccination,4830,0,0,Not Admitted,Insurance
V006312,PT01228,DR045,D08,2025-09-16,Fertility,5815,0,0,Not Admitted,UPI
V006313,PT03827,DR030,D02,2025-11-25,Ligament Tear,5819,0,0,Not Admitted,Cash
V006314,PT04408,DR025,D05,2025-10-02,Poisoning,1584,0,0,Not Admitted,Cash
V006315,PT00211,DR016,D06,2025-06-09,Chemotherapy,186884,1,11,Normal,Cash
V006316,PT04667,DR045,D08,2025-09-11,Fertility,3519,0,0,Not Admitted,Card
V006317,PT04516,DR031,D03,2024-03-20,Viral Infection,4515,0,0,Not Admitted,Insurance
V006318,PT01738,DR031,D03,2025-05-27,Vaccination,620796,1,0,Normal,Insurance
V006319,PT04092,DR069,D07,2024-11-15,Fever,3584,0,0,Not Admitted,Insurance
V006320,PT00449,DR074,D03,2024-03-25,Asthma,7089,0,0,Not Admitted,Cash
V006321,PT01091,DR025,D05,2024-01-02,Severe Bleeding,731979,1,7,Normal,Cash
V006322,PT01780,DR001,D02,2024-02-16,Back Pain,5282,0,0,Not Admitted,UPI
V006323,PT00743,DR042,D01,2025-06-07,Arrhythmia,7295,0,0,Not Admitted,Card
V006324,PT00738,DR013,D04,2025-08-28,Epilepsy,7529,0,0,Not Admitted,UPI
V006325,PT00678,DR074,D03,2025-04-23,Asthma,2388,0,0,Not Admitted,Card
V006326,PT00948,DR021,D07,2024-03-12,Diabetes,7507,0,0,Not Admitted,Card
V006327,PT02955,DR041,D07,2025-10-25,Thyroid,5636,0,0,Not Admitted,Insurance
V006328,PT04046,DR045,D08,2025-07-17,Fertility,388669,1,8,Normal,Insurance
V006329,PT03499,DR041,D07,2024-07-07,Fever,7882,0,0,Not Admitted,Insurance
V006330,PT01781,DR031,D03,2025-12-15,Asthma,5201,0,0,Not Admitted,Card
V006331,PT01032,DR078,D06,2025-12-10,Tumor Screening,1294,0,0,Not Admitted,UPI
V006332,PT04634,DR020,D01,2025-11-07,Heart Failure,4433,0,0,Not Admitted,Card
V006333,PT03901,DR063,D05,2024-06-08,Burns,1180,0,0,Not Admitted,Insurance
V006334,PT00806,DR074,D03,2025-05-20,Viral Infection,1914,0,0,Not Admitted,UPI
V006335,PT03180,DR070,D03,2025-07-06,Asthma,6784,0,0,Not Admitted,Insurance
V006336,PT03057,DR049,D01,2025-10-03,Arrhythmia,2211,0,0,Not Admitted,Cash
V006337,PT00924,DR067,D07,2025-03-07,Infection,544195,1,3,LAMA,Cash
V006338,PT00579,DR057,D04,2025-08-25,Migraine,1709,0,0,Not Admitted,Card
V006339,PT02773,DR016,D06,2024-07-09,Radiotherapy,140732,1,12,LAMA,Card
V006340,PT03966,DR061,D02,2025-07-11,Back Pain,844,0,0,Not Admitted,UPI
V006341,PT04570,DR039,D03,2024-06-16,Fever,906,0,0,Not Admitted,UPI
V006342,PT00342,DR020,D01,2025-06-13,CAD,897,0,0,Not Admitted,Cash
V006343,PT00258,DR008,D02,2024-04-13,Arthritis,1553,0,0,Not Admitted,UPI
V006344,PT04041,DR049,D01,2025-07-30,Arrhythmia,2357,0,0,Not Admitted,UPI
V006345,PT01084,DR061,D02,2024-06-21,Fracture,4190,0,0,Not Admitted,Insurance
V006346,PT02394,DR045,D08,2025-09-10,Fertility,7362,0,0,Not Admitted,UPI
V006347,PT01771,DR020,D01,2025-10-16,Hypertension,1780,0,0,Not Admitted,Cash
V006348,PT02197,DR045,D08,2025-08-18,Prenatal Care,2716,0,0,Not Admitted,Insurance
V006349,PT04953,DR049,D01,2025-05-20,Hypertension,7712,0,0,Not Admitted,Cash
V006350,PT01451,DR079,D04,2024-12-04,Stroke,992,0,0,Not Admitted,Cash
V006351,PT00279,DR049,D01,2024-11-12,Heart Failure,4838,0,0,Not Admitted,Card
V006352,PT00030,DR020,D01,2024-04-19,CAD,2295,0,0,Not Admitted,Insurance
V006353,PT02828,DR002,D02,2025-10-03,Ligament Tear,727,0,0,Not Admitted,Cash
V006354,PT01619,DR023,D02,2024-02-28,Arthritis,3134,0,0,Not Admitted,Card
V006355,PT03924,DR070,D03,2024-09-09,Asthma,6785,0,0,Not Admitted,Card
V006356,PT02541,DR007,D05,2025-09-13,Burns,432536,1,10,Normal,Insurance
V006357,PT04155,DR051,D05,2025-06-12,Severe Bleeding,1437,0,0,Not Admitted,Card
V006358,PT03606,DR032,D07,2024-11-26,Thyroid,2583,0,0,Not Admitted,Cash
V006359,PT03848,DR075,D01,2024-03-26,Hypertension,1962,0,0,Not Admitted,Cash
V006360,PT02626,DR004,D05,2024-07-03,Trauma,1040,0,0,Not Admitted,UPI
V006361,PT01188,DR061,D02,2025-03-06,Arthritis,2193,0,0,Not Admitted,Insurance
V006362,PT01716,DR011,D08,2024-04-24,Menstrual Disorder,361966,1,6,Normal,Card
V006363,PT00299,DR017,D08,2024-02-28,Menstrual Disorder,6537,0,0,Not Admitted,Card
V006364,PT03628,DR065,D04,2025-11-05,Stroke,6777,0,0,Not Admitted,UPI
V006365,PT02249,DR001,D02,2025-11-18,Back Pain,6791,0,0,Not Admitted,Card
V006366,PT00214,DR031,D03,2025-06-29,Vaccination,1885,0,0,Not Admitted,Card
V006367,PT04904,DR029,D05,2024-03-24,Poisoning,162493,1,8,Normal,UPI
V006368,PT01874,DR034,D08,2025-02-05,Menstrual Disorder,2541,0,0,Not Admitted,Insurance
V006369,PT01420,DR076,D04,2024-06-10,Stroke,1196,0,0,Not Admitted,Card
V006370,PT00828,DR030,D02,2025-12-05,Back Pain,3520,0,0,Not Admitted,Cash
V006371,PT00564,DR045,D08,2025-04-23,PCOS,5520,0,0,Not Admitted,Insurance
V006372,PT03424,DR021,D07,2025-08-25,Thyroid,5213,0,0,Not Admitted,UPI
V006373,PT04126,DR007,D05,2025-02-09,Severe Bleeding,5625,0,0,Not Admitted,Insurance
V006374,PT01225,DR011,D08,2025-11-06,Fertility,6461,0,0,Not Admitted,UPI
V006375,PT04362,DR028,D06,2025-04-28,Post-op Care,318385,1,12,Referred,UPI
V006376,PT03988,DR030,D02,2024-11-21,Fracture,2078,0,0,Not Admitted,Cash
V006377,PT04142,DR002,D02,2025-05-13,Back Pain,7126,0,0,Not Admitted,UPI
V006378,PT04435,DR022,D08,2024-09-15,PCOS,1492,0,0,Not Admitted,UPI
V006379,PT01825,DR068,D03,2024-12-23,Viral Infection,4223,0,0,Not Admitted,UPI
V006380,PT04604,DR035,D06,2024-07-14,Post-op Care,7038,0,0,Not Admitted,Insurance
V006381,PT02773,DR069,D07,2025-10-30,Infection,7783,0,0,Not Admitted,UPI
V006382,PT03012,DR049,D01,2025-09-13,CAD,4336,0,0,Not Admitted,Insurance
V006383,PT02138,DR027,D06,2025-04-10,Chemotherapy,5926,0,0,Not Admitted,Cash
V006384,PT03586,DR073,D04,2024-10-08,Stroke,92663,1,8,Expired,Cash
V006385,PT02272,DR019,D04,2025-11-21,Stroke,7506,0,0,Not Admitted,Cash
V006386,PT04564,DR030,D02,2024-08-16,Arthritis,6323,0,0,Not Admitted,UPI
V006387,PT04726,DR034,D08,2024-08-11,Menstrual Disorder,84213,1,9,Referred,Card
V006388,PT02132,DR034,D08,2024-12-31,PCOS,2975,0,0,Not Admitted,Cash
V006389,PT02314,DR049,D01,2024-04-11,Hypertension,5565,0,0,Not Admitted,Insurance
V006390,PT00610,DR044,D08,2025-04-09,Prenatal Care,4508,0,0,Not Admitted,Card
V006391,PT03056,DR018,D05,2025-08-02,Poisoning,942,0,0,Not Admitted,UPI
V006392,PT03415,DR053,D03,2024-09-01,Fever,4118,0,0,Not Admitted,UPI
V006393,PT04115,DR057,D04,2025-03-31,Migraine,3627,0,0,Not Admitted,UPI
V006394,PT00549,DR025,D05,2025-02-27,Burns,7153,0,0,Not Admitted,UPI
V006395,PT03223,DR070,D03,2024-10-22,Vaccination,3620,0,0,Not Admitted,Card
V006396,PT04909,DR032,D07,2024-10-15,Infection,6122,0,0,Not Admitted,Insurance
V006397,PT03355,DR045,D08,2024-01-05,Fertility,3754,0,0,Not Admitted,Insurance
V006398,PT01120,DR035,D06,2025-11-28,Post-op Care,136783,1,11,Normal,Cash
V006399,PT00213,DR077,D01,2024-12-04,CAD,774241,1,6,LAMA,Insurance
V006400,PT03542,DR054,D02,2025-04-06,Fracture,3763,0,0,Not Admitted,Cash
V006401,PT00190,DR027,D06,2024-10-30,Chemotherapy,6271,0,0,Not Admitted,Insurance
V006402,PT02565,DR061,D02,2024-09-28,Fracture,3074,0,0,Not Admitted,Insurance
V006403,PT04926,DR069,D07,2025-05-16,Diabetes,2400,0,0,Not Admitted,UPI
V006404,PT03340,DR042,D01,2024-10-26,Arrhythmia,3116,0,0,Not Admitted,Cash
V006405,PT01807,DR022,D08,2025-04-26,Prenatal Care,643137,1,6,Normal,UPI
V006406,PT04460,DR072,D06,2024-05-20,Post-op Care,7606,0,0,Not Admitted,Card
V006407,PT04071,DR074,D03,2025-02-19,Viral Infection,5381,0,0,Not Admitted,Card
V006408,PT00741,DR039,D03,2024-12-10,Fever,4271,0,0,Not Admitted,UPI
V006409,PT04562,DR007,D05,2025-12-29,Poisoning,5159,0,0,Not Admitted,UPI
V006410,PT02565,DR009,D04,2024-11-13,Epilepsy,5848,0,0,Not Admitted,Card
V006411,PT04981,DR009,D04,2025-04-20,Epilepsy,5111,0,0,Not Admitted,Card
V006412,PT00085,DR016,D06,2025-12-22,Tumor Screening,148120,1,1,Normal,UPI
V006413,PT02519,DR074,D03,2025-01-19,Fever,3376,0,0,Not Admitted,Insurance
V006414,PT03081,DR065,D04,2025-05-20,Stroke,7627,0,0,Not Admitted,UPI
V006415,PT04342,DR028,D06,2025-12-03,Chemotherapy,5820,0,0,Not Admitted,UPI
V006416,PT01813,DR077,D01,2024-07-14,Heart Failure,6548,0,0,Not Admitted,Insurance
V006417,PT04060,DR031,D03,2025-10-02,Vaccination,5597,0,0,Not Admitted,UPI
V006418,PT04057,DR035,D06,2024-04-07,Post-op Care,3935,0,0,Not Admitted,Insurance
V006419,PT00782,DR059,D01,2024-06-05,Heart Failure,2548,0,0,Not Admitted,Insurance
V006420,PT02209,DR062,D08,2024-09-01,Fertility,870,0,0,Not Admitted,Cash
V006421,PT01517,DR078,D06,2025-01-06,Post-op Care,1358,0,0,Not Admitted,Cash
V006422,PT03703,DR080,D05,2024-02-20,Burns,5045,0,0,Not Admitted,Cash
V006423,PT02547,DR062,D08,2025-10-15,Prenatal Care,3596,0,0,Not Admitted,Insurance
V006424,PT00669,DR045,D08,2024-02-04,Fertility,5189,0,0,Not Admitted,Insurance
V006425,PT01234,DR062,D08,2025-12-19,Prenatal Care,7136,0,0,Not Admitted,Card
V006426,PT01171,DR011,D08,2025-08-24,PCOS,7702,0,0,Not Admitted,Card
V006427,PT01784,DR059,D01,2024-02-01,CAD,5988,0,0,Not Admitted,Card
V006428,PT02285,DR041,D07,2024-01-02,Infection,3263,0,0,Not Admitted,Card
V006429,PT03413,DR068,D03,2024-06-26,Viral Infection,569,0,0,Not Admitted,Cash
V006430,PT01793,DR007,D05,2025-03-30,Severe Bleeding,637542,1,10,Referred,Card
V006431,PT03248,DR039,D03,2025-08-10,Vaccination,5198,0,0,Not Admitted,UPI
V006432,PT00924,DR075,D01,2025-06-04,CAD,4951,0,0,Not Admitted,Cash
V006433,PT04831,DR041,D07,2024-09-30,Fever,6059,0,0,Not Admitted,Insurance
V006434,PT02442,DR071,D03,2025-01-14,Viral Infection,1637,0,0,Not Admitted,Cash
V006435,PT04412,DR048,D04,2024-02-04,Epilepsy,3281,0,0,Not Admitted,Insurance
V006436,PT03569,DR026,D05,2024-07-15,Poisoning,288881,1,9,Normal,Card
V006437,PT04750,DR045,D08,2025-11-19,Menstrual Disorder,132030,1,4,Normal,Insurance
V006438,PT01014,DR032,D07,2025-09-02,Fever,4361,0,0,Not Admitted,Insurance
V006439,PT02623,DR042,D01,2024-06-07,Heart Failure,4850,0,0,Not Admitted,UPI
V006440,PT03412,DR070,D03,2024-09-30,Fever,7380,0,0,Not Admitted,Cash
V006441,PT00991,DR078,D06,2025-12-28,Post-op Care,160730,1,1,Normal,Cash
V006442,PT01191,DR008,D02,2024-09-10,Fracture,4135,0,0,Not Admitted,UPI
V006443,PT00375,DR061,D02,2024-07-28,Fracture,52280,1,10,Normal,Card
V006444,PT02906,DR004,D05,2024-01-05,Severe Bleeding,2570,0,0,Not Admitted,Cash
V006445,PT03758,DR076,D04,2024-09-17,Migraine,3512,0,0,Not Admitted,Cash
V006446,PT01435,DR032,D07,2025-11-17,Thyroid,992,0,0,Not Admitted,UPI
V006447,PT00040,DR035,D06,2025-03-10,Radiotherapy,6597,0,0,Not Admitted,Card
V006448,PT04311,DR067,D07,2024-03-22,Fever,1716,0,0,Not Admitted,Cash
V006449,PT03894,DR079,D04,2025-07-30,Epilepsy,2083,0,0,Not Admitted,Cash
V006450,PT02813,DR002,D02,2024-03-16,Fracture,5045,0,0,Not Admitted,UPI
V006451,PT00148,DR035,D06,2025-10-31,Post-op Care,1856,0,0,Not Admitted,UPI
V006452,PT01025,DR061,D02,2025-07-15,Back Pain,104300,1,12,Normal,Cash
V006453,PT00524,DR035,D06,2024-02-11,Radiotherapy,1956,0,0,Not Admitted,Card
V006454,PT01766,DR016,D06,2025-11-07,Post-op Care,7745,0,0,Not Admitted,Card
V006455,PT00641,DR021,D07,2025-07-22,Fever,2761,0,0,Not Admitted,Card
V006456,PT01632,DR054,D02,2025-03-05,Back Pain,3069,0,0,Not Admitted,Cash
V006457,PT01108,DR010,D02,2025-07-02,Fracture,742228,1,11,Normal,Card
V006458,PT00439,DR059,D01,2025-04-05,Hypertension,4591,0,0,Not Admitted,UPI
V006459,PT01364,DR019,D04,2024-01-23,Stroke,5568,0,0,Not Admitted,Cash
V006460,PT00963,DR070,D03,2024-05-03,Fever,1631,0,0,Not Admitted,Cash
V006461,PT01001,DR076,D04,2024-10-02,Epilepsy,7677,0,0,Not Admitted,Insurance
V006462,PT03668,DR012,D04,2024-05-08,Stroke,3212,0,0,Not Admitted,UPI
V006463,PT02509,DR017,D08,2025-09-06,Prenatal Care,449216,1,5,Normal,UPI
V006464,PT03929,DR017,D08,2024-08-18,Menstrual Disorder,43280,1,3,Normal,UPI
V006465,PT02277,DR049,D01,2024-07-27,CAD,6865,0,0,Not Admitted,UPI
V006466,PT01760,DR021,D07,2025-11-11,Infection,6046,0,0,Not Admitted,Card
V006467,PT04996,DR006,D02,2025-12-20,Fracture,6337,0,0,Not Admitted,Cash
V006468,PT04033,DR031,D03,2024-06-30,Vaccination,6634,0,0,Not Admitted,Insurance
V006469,PT00943,DR049,D01,2024-12-26,Heart Failure,488831,1,12,Normal,UPI
V006470,PT04239,DR009,D04,2025-01-28,Epilepsy,4025,0,0,Not Admitted,Insurance
V006471,PT01682,DR049,D01,2025-08-15,Heart Failure,6854,0,0,Not Admitted,Cash
V006472,PT01729,DR042,D01,2024-10-10,CAD,4532,0,0,Not Admitted,UPI
V006473,PT02922,DR069,D07,2024-07-22,Diabetes,748175,1,6,Normal,Cash
V006474,PT02547,DR053,D03,2024-07-27,Fever,2707,0,0,Not Admitted,Card
V006475,PT03512,DR015,D06,2025-07-08,Chemotherapy,6106,0,0,Not Admitted,Card
V006476,PT00889,DR032,D07,2025-11-07,Fever,5613,0,0,Not Admitted,Cash
V006477,PT01128,DR075,D01,2025-05-21,Heart Failure,6519,0,0,Not Admitted,Cash
V006478,PT01201,DR066,D08,2024-12-22,Fertility,273956,1,4,Normal,Card
V006479,PT02678,DR072,D06,2025-11-23,Chemotherapy,1643,0,0,Not Admitted,UPI
V006480,PT02837,DR016,D06,2025-06-08,Post-op Care,1768,0,0,Not Admitted,Insurance
V006481,PT04476,DR069,D07,2025-03-23,Infection,1891,0,0,Not Admitted,Card
V006482,PT02681,DR028,D06,2024-04-03,Tumor Screening,5853,0,0,Not Admitted,Card
V006483,PT04300,DR043,D06,2024-07-26,Radiotherapy,2198,0,0,Not Admitted,Cash
V006484,PT00656,DR001,D02,2024-10-27,Fracture,1131,0,0,Not Admitted,Card
V006485,PT01401,DR028,D06,2025-09-01,Tumor Screening,2013,0,0,Not Admitted,Card
V006486,PT01346,DR046,D02,2024-09-08,Ligament Tear,754631,1,2,Normal,Cash
V006487,PT02271,DR041,D07,2024-11-21,Infection,368528,1,5,Normal,UPI
V006488,PT04038,DR042,D01,2024-08-19,Heart Failure,1503,0,0,Not Admitted,UPI
V006489,PT02776,DR029,D05,2024-03-06,Severe Bleeding,5881,0,0,Not Admitted,Insurance
V006490,PT00790,DR022,D08,2025-04-04,Fertility,5266,0,0,Not Admitted,Insurance
V006491,PT01593,DR059,D01,2024-07-13,Heart Failure,424611,1,8,Normal,Insurance
V006492,PT04612,DR021,D07,2025-08-01,Infection,725,0,0,Not Admitted,Cash
V006493,PT01780,DR067,D07,2025-03-03,Fever,4382,0,0,Not Admitted,Cash
V006494,PT01751,DR003,D04,2024-07-29,Neuropathy,1287,0,0,Not Admitted,Cash
V006495,PT01785,DR022,D08,2024-03-13,Prenatal Care,2272,0,0,Not Admitted,UPI
V006496,PT03444,DR042,D01,2024-04-04,Arrhythmia,6907,0,0,Not Admitted,UPI
V006497,PT00389,DR067,D07,2024-07-02,Thyroid,1816,0,0,Not Admitted,UPI
V006498,PT02459,DR020,D01,2024-02-08,Hypertension,189140,1,9,Normal,Card
V006499,PT04266,DR033,D05,2025-10-23,Severe Bleeding,7588,0,0,Not Admitted,Cash
V006500,PT00669,DR029,D05,2025-07-12,Burns,2112,0,0,Not Admitted,Card
V006501,PT03071,DR007,D05,2025-11-30,Poisoning,1423,0,0,Not Admitted,Insurance
V006502,PT02531,DR003,D04,2024-04-08,Neuropathy,3563,0,0,Not Admitted,UPI
V006503,PT01957,DR056,D02,2025-04-27,Arthritis,4714,0,0,Not Admitted,UPI
V006504,PT01715,DR041,D07,2025-10-01,Fever,4709,0,0,Not Admitted,Card
V006505,PT02905,DR043,D06,2025-01-26,Post-op Care,1765,0,0,Not Admitted,Cash
V006506,PT03202,DR021,D07,2024-11-19,Thyroid,3072,0,0,Not Admitted,Card
V006507,PT00881,DR071,D03,2024-07-13,Asthma,3121,0,0,Not Admitted,Insurance
V006508,PT04444,DR038,D04,2025-12-21,Migraine,3909,0,0,Not Admitted,Insurance
V006509,PT01956,DR068,D03,2025-08-31,Vaccination,66288,1,8,Normal,Cash
V006510,PT03809,DR016,D06,2025-09-21,Chemotherapy,440033,1,11,Normal,Card
V006511,PT00928,DR074,D03,2025-01-08,Viral Infection,1989,0,0,Not Admitted,Insurance
V006512,PT01432,DR075,D01,2025-06-01,Hypertension,2090,0,0,Not Admitted,Insurance
V006513,PT03774,DR054,D02,2024-04-22,Arthritis,5757,0,0,Not Admitted,Card
V006514,PT01919,DR049,D01,2025-01-11,Arrhythmia,4530,0,0,Not Admitted,Card
V006515,PT00475,DR067,D07,2024-12-29,Diabetes,6005,0,0,Not Admitted,Card
V006516,PT02723,DR031,D03,2024-10-01,Vaccination,7033,0,0,Not Admitted,Cash
V006517,PT01944,DR008,D02,2025-03-17,Fracture,4465,0,0,Not Admitted,Card
V006518,PT01084,DR027,D06,2025-04-10,Tumor Screening,1092,0,0,Not Admitted,Card
V006519,PT01171,DR014,D04,2025-05-21,Epilepsy,4778,0,0,Not Admitted,Card
V006520,PT03662,DR002,D02,2024-03-04,Arthritis,634,0,0,Not Admitted,Insurance
V006521,PT04758,DR002,D02,2025-10-03,Arthritis,2317,0,0,Not Admitted,Insurance
V006522,PT02277,DR040,D08,2024-12-22,Menstrual Disorder,3625,0,0,Not Admitted,Cash
V006523,PT00270,DR074,D03,2024-05-29,Asthma,2040,0,0,Not Admitted,Card
V006524,PT00322,DR068,D03,2024-07-14,Asthma,123439,1,9,Normal,Insurance
V006525,PT01652,DR050,D07,2025-08-01,Fever,3836,0,0,Not Admitted,Cash
V006526,PT00963,DR056,D02,2025-11-09,Ligament Tear,6746,0,0,Not Admitted,Card
V006527,PT04276,DR053,D03,2025-07-29,Viral Infection,287524,1,4,Normal,UPI
V006528,PT02606,DR044,D08,2024-04-07,Prenatal Care,4214,0,0,Not Admitted,Card
V006529,PT00553,DR002,D02,2024-09-05,Fracture,3523,0,0,Not Admitted,Cash
V006530,PT04812,DR077,D01,2024-02-09,CAD,608684,1,11,Normal,Insurance
V006531,PT01125,DR010,D02,2024-09-16,Arthritis,2951,0,0,Not Admitted,Card
V006532,PT02960,DR064,D02,2024-12-11,Fracture,2083,0,0,Not Admitted,Card
V006533,PT01600,DR067,D07,2025-01-20,Fever,4113,0,0,Not Admitted,UPI
V006534,PT04623,DR016,D06,2025-03-21,Post-op Care,1491,0,0,Not Admitted,Insurance
V006535,PT00345,DR039,D03,2025-09-13,Fever,2926,0,0,Not Admitted,Cash
V006536,PT00920,DR062,D08,2024-05-20,Fertility,6114,0,0,Not Admitted,Card
V006537,PT02000,DR075,D01,2024-06-04,Heart Failure,2122,0,0,Not Admitted,Insurance
V006538,PT01480,DR062,D08,2024-09-25,Fertility,3886,0,0,Not Admitted,Card
V006539,PT01611,DR022,D08,2025-04-30,Menstrual Disorder,5030,0,0,Not Admitted,Insurance
V006540,PT03637,DR032,D07,2025-04-08,Diabetes,6285,0,0,Not Admitted,UPI
V006541,PT01391,DR015,D06,2025-03-18,Radiotherapy,4199,0,0,Not Admitted,Insurance
V006542,PT00525,DR025,D05,2024-11-18,Poisoning,403814,1,6,Normal,Cash
V006543,PT01536,DR017,D08,2024-08-25,Fertility,937,0,0,Not Admitted,Card
V006544,PT04870,DR053,D03,2024-04-12,Fever,5551,0,0,Not Admitted,Cash
V006545,PT02402,DR040,D08,2024-05-20,PCOS,236136,1,2,Normal,Cash
V006546,PT01288,DR049,D01,2025-03-25,Arrhythmia,62230,1,2,Normal,Insurance
V006547,PT01207,DR049,D01,2025-04-25,Arrhythmia,7093,0,0,Not Admitted,Card
V006548,PT01621,DR063,D05,2024-09-20,Poisoning,1331,0,0,Not Admitted,UPI
V006549,PT02931,DR025,D05,2025-10-09,Severe Bleeding,957,0,0,Not Admitted,Card
V006550,PT02696,DR042,D01,2024-02-16,Arrhythmia,7595,0,0,Not Admitted,Card
V006551,PT01632,DR018,D05,2025-09-22,Burns,7015,0,0,Not Admitted,Cash
V006552,PT01499,DR061,D02,2024-12-23,Arthritis,4743,0,0,Not Admitted,Cash
V006553,PT03403,DR013,D04,2024-06-04,Migraine,4639,0,0,Not Admitted,UPI
V006554,PT00445,DR031,D03,2025-02-09,Vaccination,3666,0,0,Not Admitted,UPI
V006555,PT04540,DR040,D08,2024-05-09,Prenatal Care,2330,0,0,Not Admitted,UPI
V006556,PT02145,DR075,D01,2024-11-10,Arrhythmia,541793,1,12,Normal,Insurance
V006557,PT03016,DR038,D04,2025-06-09,Epilepsy,7743,0,0,Not Admitted,UPI
V006558,PT01931,DR076,D04,2024-03-22,Neuropathy,5759,0,0,Not Admitted,Insurance
V006559,PT03617,DR014,D04,2025-07-23,Epilepsy,4193,0,0,Not Admitted,UPI
V006560,PT00221,DR059,D01,2024-07-28,Heart Failure,7540,0,0,Not Admitted,Cash
V006561,PT03137,DR072,D06,2025-08-14,Chemotherapy,6920,0,0,Not Admitted,Insurance
V006562,PT02709,DR031,D03,2024-08-13,Viral Infection,6793,0,0,Not Admitted,Insurance
V006563,PT00849,DR059,D01,2024-11-24,Arrhythmia,7606,0,0,Not Admitted,Cash
V006564,PT00852,DR039,D03,2025-08-13,Asthma,1791,0,0,Not Admitted,UPI
V006565,PT02275,DR005,D05,2024-10-04,Burns,2370,0,0,Not Admitted,Insurance
V006566,PT03291,DR031,D03,2025-09-06,Viral Infection,597843,1,12,Expired,Cash
V006567,PT01690,DR078,D06,2024-08-07,Chemotherapy,7418,0,0,Not Admitted,Insurance
V006568,PT03852,DR029,D05,2025-06-10,Severe Bleeding,4591,0,0,Not Admitted,Insurance
V006569,PT04797,DR008,D02,2024-01-31,Fracture,6074,0,0,Not Admitted,Cash
V006570,PT03260,DR053,D03,2024-01-11,Viral Infection,5638,0,0,Not Admitted,Card
V006571,PT01234,DR066,D08,2024-08-06,Fertility,480754,1,9,Normal,Insurance
V006572,PT00753,DR021,D07,2025-09-19,Diabetes,58012,1,8,Referred,Cash
V006573,PT00333,DR069,D07,2025-03-18,Thyroid,4894,0,0,Not Admitted,Cash
V006574,PT03690,DR034,D08,2024-08-23,Menstrual Disorder,5377,0,0,Not Admitted,Insurance
V006575,PT02658,DR072,D06,2025-06-17,Radiotherapy,3825,0,0,Not Admitted,Card
V006576,PT03860,DR028,D06,2025-06-08,Tumor Screening,4930,0,0,Not Admitted,Cash
V006577,PT01823,DR078,D06,2025-05-02,Tumor Screening,2384,0,0,Not Admitted,UPI
V006578,PT02076,DR053,D03,2024-07-13,Fever,6713,0,0,Not Admitted,Cash
V006579,PT04110,DR056,D02,2024-03-22,Ligament Tear,6481,0,0,Not Admitted,UPI
V006580,PT04948,DR071,D03,2024-04-25,Viral Infection,411853,1,3,Normal,UPI
V006581,PT01374,DR058,D03,2024-02-04,Viral Infection,5903,0,0,Not Admitted,Card
V006582,PT04830,DR070,D03,2025-06-08,Asthma,3753,0,0,Not Admitted,Card
V006583,PT04296,DR020,D01,2024-03-03,Hypertension,266299,1,11,Normal,Insurance
V006584,PT01712,DR058,D03,2024-09-20,Vaccination,3804,0,0,Not Admitted,Insurance
V006585,PT04718,DR053,D03,2025-08-08,Vaccination,5303,0,0,Not Admitted,UPI
V006586,PT04971,DR007,D05,2024-02-17,Burns,7051,0,0,Not Admitted,Insurance
V006587,PT04356,DR047,D04,2024-06-04,Migraine,3860,0,0,Not Admitted,Insurance
V006588,PT01798,DR049,D01,2024-11-22,Arrhythmia,628855,1,6,Normal,Cash
V006589,PT04668,DR042,D01,2024-08-26,CAD,7279,0,0,Not Admitted,Insurance
V006590,PT00411,DR008,D02,2024-07-13,Arthritis,5855,0,0,Not Admitted,Card
V006591,PT00776,DR053,D03,2024-06-22,Vaccination,6245,0,0,Not Admitted,Card
V006592,PT00125,DR048,D04,2024-05-08,Neuropathy,3279,0,0,Not Admitted,Card
V006593,PT03452,DR067,D07,2025-12-17,Thyroid,3454,0,0,Not Admitted,Insurance
V006594,PT02604,DR038,D04,2024-07-18,Epilepsy,2791,0,0,Not Admitted,Insurance
V006595,PT04846,DR072,D06,2025-05-04,Tumor Screening,4337,0,0,Not Admitted,Card
V006596,PT01667,DR032,D07,2024-10-28,Diabetes,4388,0,0,Not Admitted,Cash
V006597,PT00495,DR069,D07,2024-02-26,Diabetes,1914,0,0,Not Admitted,UPI
V006598,PT00075,DR010,D02,2024-04-02,Ligament Tear,783924,1,12,Normal,UPI
V006599,PT01550,DR050,D07,2024-12-24,Thyroid,239906,1,8,Referred,Card
V006600,PT00359,DR054,D02,2025-10-27,Back Pain,5317,0,0,Not Admitted,UPI
V006601,PT00915,DR071,D03,2025-05-10,Fever,4438,0,0,Not Admitted,Card
V006602,PT01851,DR074,D03,2024-02-25,Viral Infection,2569,0,0,Not Admitted,Card
V006603,PT04173,DR010,D02,2025-11-18,Ligament Tear,4520,0,0,Not Admitted,Cash
V006604,PT02782,DR078,D06,2024-04-30,Chemotherapy,483775,1,8,Normal,UPI
V006605,PT04030,DR064,D02,2024-03-09,Ligament Tear,2628,0,0,Not Admitted,UPI
V006606,PT03829,DR072,D06,2024-08-09,Post-op Care,1709,0,0,Not Admitted,Insurance
V006607,PT00689,DR041,D07,2025-01-23,Thyroid,3375,0,0,Not Admitted,Card
V006608,PT01221,DR059,D01,2024-09-10,Arrhythmia,5013,0,0,Not Admitted,Cash
V006609,PT03326,DR033,D05,2025-04-09,Severe Bleeding,3863,0,0,Not Admitted,Insurance
V006610,PT00826,DR068,D03,2025-07-24,Vaccination,3855,0,0,Not Admitted,Card
V006611,PT00920,DR072,D06,2024-10-06,Chemotherapy,7566,0,0,Not Admitted,Card
V006612,PT04322,DR027,D06,2025-08-18,Radiotherapy,5188,0,0,Not Admitted,Insurance
V006613,PT03130,DR027,D06,2025-03-26,Post-op Care,351423,1,5,Normal,Card
V006614,PT02685,DR041,D07,2025-03-25,Fever,4650,0,0,Not Admitted,Card
V006615,PT04778,DR018,D05,2024-08-13,Poisoning,2798,0,0,Not Admitted,UPI
V006616,PT03520,DR033,D05,2025-05-10,Severe Bleeding,6588,0,0,Not Admitted,Cash
V006617,PT02997,DR029,D05,2025-08-18,Severe Bleeding,156624,1,9,Normal,UPI
V006618,PT00242,DR071,D03,2025-07-28,Vaccination,5060,0,0,Not Admitted,Cash
V006619,PT04303,DR073,D04,2024-12-10,Migraine,7079,0,0,Not Admitted,Cash
V006620,PT04587,DR067,D07,2024-09-21,Infection,7168,0,0,Not Admitted,Insurance
V006621,PT03732,DR065,D04,2025-12-28,Neuropathy,7050,0,0,Not Admitted,UPI
V006622,PT00195,DR006,D02,2025-04-13,Fracture,5654,0,0,Not Admitted,Cash
V006623,PT00408,DR001,D02,2025-09-24,Fracture,1819,0,0,Not Admitted,Insurance
V006624,PT02313,DR024,D05,2024-11-19,Severe Bleeding,172009,1,12,Normal,Card
V006625,PT01048,DR042,D01,2024-01-28,Arrhythmia,4332,0,0,Not Admitted,Card
V006626,PT00437,DR044,D08,2024-06-14,Fertility,2338,0,0,Not Admitted,UPI
V006627,PT04410,DR021,D07,2025-12-03,Fever,3111,0,0,Not Admitted,Cash
V006628,PT04118,DR048,D04,2024-02-29,Stroke,744797,1,7,Normal,Card
V006629,PT03205,DR015,D06,2024-12-15,Radiotherapy,1687,0,0,Not Admitted,Insurance
V006630,PT00031,DR017,D08,2025-01-14,Menstrual Disorder,6257,0,0,Not Admitted,Insurance
V006631,PT02450,DR075,D01,2025-06-01,Heart Failure,659016,1,4,Normal,Insurance
V006632,PT04283,DR078,D06,2024-03-30,Tumor Screening,4735,0,0,Not Admitted,Cash
V006633,PT01516,DR015,D06,2025-06-02,Chemotherapy,7778,0,0,Not Admitted,Cash
V006634,PT00596,DR040,D08,2024-06-16,Prenatal Care,5775,0,0,Not Admitted,Insurance
V006635,PT03304,DR041,D07,2025-06-10,Fever,6784,0,0,Not Admitted,UPI
V006636,PT02695,DR060,D04,2024-04-20,Epilepsy,1224,0,0,Not Admitted,Cash
V006637,PT03893,DR062,D08,2024-09-28,Menstrual Disorder,3868,0,0,Not Admitted,Insurance
V006638,PT03103,DR075,D01,2024-06-26,Arrhythmia,7440,0,0,Not Admitted,Cash
V006639,PT04654,DR062,D08,2025-06-27,Prenatal Care,4982,0,0,Not Admitted,Insurance
V006640,PT00442,DR044,D08,2025-10-14,Menstrual Disorder,1788,0,0,Not Admitted,Cash
V006641,PT03163,DR008,D02,2025-05-21,Fracture,4917,0,0,Not Admitted,Cash
V006642,PT01542,DR017,D08,2025-04-13,Fertility,7020,0,0,Not Admitted,Insurance
V006643,PT00048,DR068,D03,2024-10-20,Viral Infection,7135,0,0,Not Admitted,Cash
V006644,PT00160,DR041,D07,2025-03-01,Thyroid,4543,0,0,Not Admitted,Insurance
V006645,PT02051,DR006,D02,2025-06-12,Back Pain,3971,0,0,Not Admitted,Cash
V006646,PT01002,DR054,D02,2025-02-07,Back Pain,1948,0,0,Not Admitted,UPI
V006647,PT00080,DR076,D04,2024-11-09,Migraine,6698,0,0,Not Admitted,Card
V006648,PT04446,DR021,D07,2024-01-25,Infection,2439,0,0,Not Admitted,Cash
V006649,PT03159,DR033,D05,2024-02-06,Burns,7620,0,0,Not Admitted,Cash
V006650,PT03258,DR004,D05,2025-06-04,Poisoning,1215,0,0,Not Admitted,UPI
V006651,PT01739,DR064,D02,2025-10-20,Fracture,7626,0,0,Not Admitted,Card
V006652,PT00309,DR001,D02,2025-08-24,Ligament Tear,2317,0,0,Not Admitted,UPI
V006653,PT02284,DR033,D05,2025-02-25,Poisoning,1587,0,0,Not Admitted,Cash
V006654,PT02536,DR025,D05,2025-07-08,Trauma,1163,0,0,Not Admitted,Insurance
V006655,PT04871,DR069,D07,2024-11-13,Diabetes,2953,0,0,Not Admitted,Card
V006656,PT00843,DR032,D07,2025-08-25,Thyroid,605,0,0,Not Admitted,Card
V006657,PT00106,DR069,D07,2024-09-26,Thyroid,4767,0,0,Not Admitted,Card
V006658,PT04212,DR074,D03,2024-06-06,Asthma,2968,0,0,Not Admitted,Card
V006659,PT04155,DR019,D04,2024-05-25,Stroke,5843,0,0,Not Admitted,Card
V006660,PT02261,DR015,D06,2025-10-22,Chemotherapy,6737,0,0,Not Admitted,UPI
V006661,PT03883,DR051,D05,2024-02-23,Trauma,439396,1,10,Normal,Insurance
V006662,PT00884,DR064,D02,2024-06-03,Fracture,100160,1,10,Normal,Cash
V006663,PT02301,DR039,D03,2025-12-08,Vaccination,440239,1,5,Referred,Insurance
V006664,PT03921,DR009,D04,2025-08-18,Neuropathy,578,0,0,Not Admitted,Card
V006665,PT00545,DR053,D03,2024-06-26,Vaccination,462788,1,12,Normal,UPI
V006666,PT00500,DR072,D06,2024-06-19,Tumor Screening,4468,0,0,Not Admitted,Cash
V006667,PT03724,DR027,D06,2025-09-28,Tumor Screening,2729,0,0,Not Admitted,Card
V006668,PT01088,DR001,D02,2024-05-14,Fracture,7524,0,0,Not Admitted,UPI
V006669,PT04665,DR015,D06,2025-12-17,Chemotherapy,5268,0,0,Not Admitted,UPI
V006670,PT03010,DR077,D01,2024-04-16,Arrhythmia,531,0,0,Not Admitted,Card
V006671,PT00985,DR044,D08,2024-03-27,Fertility,2616,0,0,Not Admitted,Insurance
V006672,PT02519,DR009,D04,2025-02-01,Stroke,6413,0,0,Not Admitted,Cash
V006673,PT04319,DR032,D07,2024-01-27,Infection,709614,1,2,Normal,Insurance
V006674,PT01075,DR045,D08,2025-03-12,Fertility,39713,1,10,Normal,Card
V006675,PT03065,DR041,D07,2025-07-16,Infection,5340,0,0,Not Admitted,Cash
V006676,PT00549,DR030,D02,2024-02-03,Arthritis,656626,1,6,Normal,UPI
V006677,PT04448,DR062,D08,2024-02-12,PCOS,2387,0,0,Not Admitted,Cash
V006678,PT00387,DR016,D06,2024-01-07,Tumor Screening,769,0,0,Not Admitted,UPI
V006679,PT00100,DR042,D01,2024-11-13,CAD,844,0,0,Not Admitted,Insurance
V006680,PT03356,DR021,D07,2024-02-19,Diabetes,1659,0,0,Not Admitted,Cash
V006681,PT04666,DR025,D05,2024-09-24,Severe Bleeding,3025,0,0,Not Admitted,UPI
V006682,PT00353,DR050,D07,2025-06-02,Thyroid,536100,1,3,Normal,Card
V006683,PT04240,DR067,D07,2024-07-05,Infection,5289,0,0,Not Admitted,UPI
V006684,PT02737,DR021,D07,2024-05-14,Thyroid,7366,0,0,Not Admitted,UPI
V006685,PT00065,DR066,D08,2024-05-23,PCOS,3683,0,0,Not Admitted,Cash
V006686,PT00671,DR078,D06,2024-06-24,Radiotherapy,5360,0,0,Not Admitted,UPI
V006687,PT03932,DR031,D03,2025-10-29,Viral Infection,6293,0,0,Not Admitted,Cash
V006688,PT01527,DR034,D08,2024-09-17,PCOS,4914,0,0,Not Admitted,Insurance
V006689,PT04648,DR013,D04,2024-03-22,Neuropathy,7675,0,0,Not Admitted,Cash
V006690,PT02848,DR036,D04,2024-03-04,Epilepsy,6360,0,0,Not Admitted,Cash
V006691,PT03092,DR035,D06,2024-04-17,Tumor Screening,5280,0,0,Not Admitted,UPI
V006692,PT04941,DR024,D05,2025-10-06,Trauma,6576,0,0,Not Admitted,UPI
V006693,PT04998,DR023,D02,2024-11-07,Arthritis,5899,0,0,Not Admitted,Insurance
V006694,PT02183,DR021,D07,2024-04-28,Infection,1880,0,0,Not Admitted,Card
V006695,PT01585,DR012,D04,2025-08-13,Neuropathy,1692,0,0,Not Admitted,Cash
V006696,PT02374,DR057,D04,2024-07-25,Epilepsy,2270,0,0,Not Admitted,UPI
V006697,PT00628,DR063,D05,2025-06-29,Severe Bleeding,4551,0,0,Not Admitted,Insurance
V006698,PT00118,DR028,D06,2024-07-11,Post-op Care,2344,0,0,Not Admitted,Cash
V006699,PT03167,DR007,D05,2024-03-07,Poisoning,7519,0,0,Not Admitted,Insurance
V006700,PT02277,DR022,D08,2024-02-04,Prenatal Care,1125,0,0,Not Admitted,UPI
V006701,PT01921,DR043,D06,2025-01-07,Radiotherapy,3813,0,0,Not Admitted,Card
V006702,PT02035,DR059,D01,2024-12-06,Hypertension,1172,0,0,Not Admitted,Cash
V006703,PT02704,DR074,D03,2024-09-21,Vaccination,6247,0,0,Not Admitted,Insurance
V006704,PT04656,DR016,D06,2025-08-19,Post-op Care,6149,0,0,Not Admitted,Card
V006705,PT00869,DR074,D03,2024-12-15,Fever,450180,1,6,Normal,Cash
V006706,PT00698,DR066,D08,2024-04-25,Menstrual Disorder,1384,0,0,Not Admitted,Card
V006707,PT04609,DR021,D07,2024-09-03,Fever,3935,0,0,Not Admitted,UPI
V006708,PT01055,DR067,D07,2025-10-21,Diabetes,149961,1,1,Normal,UPI
V006709,PT00838,DR080,D05,2025-03-03,Burns,3143,0,0,Not Admitted,UPI
V006710,PT03501,DR056,D02,2024-05-16,Arthritis,2816,0,0,Not Admitted,Insurance
V006711,PT01574,DR001,D02,2025-08-11,Arthritis,652841,1,3,Normal,UPI
V006712,PT01880,DR015,D06,2025-06-16,Radiotherapy,5099,0,0,Not Admitted,Insurance
V006713,PT03415,DR051,D05,2025-01-30,Trauma,5033,0,0,Not Admitted,Card
V006714,PT00715,DR052,D06,2025-08-18,Post-op Care,7642,0,0,Not Admitted,Insurance
V006715,PT01404,DR004,D05,2025-08-06,Burns,96074,1,8,Normal,Insurance
V006716,PT01641,DR071,D03,2025-12-02,Viral Infection,7193,0,0,Not Admitted,Card
V006717,PT03138,DR041,D07,2025-04-27,Infection,5313,0,0,Not Admitted,Card
V006718,PT01260,DR053,D03,2024-02-02,Vaccination,5038,0,0,Not Admitted,UPI
V006719,PT03455,DR043,D06,2024-01-08,Tumor Screening,2853,0,0,Not Admitted,UPI
V006720,PT04951,DR066,D08,2024-02-04,PCOS,733132,1,6,Normal,Card
V006721,PT02930,DR033,D05,2025-09-22,Trauma,3821,0,0,Not Admitted,Card
V006722,PT03108,DR001,D02,2024-10-14,Ligament Tear,4812,0,0,Not Admitted,Card
V006723,PT02250,DR070,D03,2024-12-29,Asthma,5767,0,0,Not Admitted,Insurance
V006724,PT02207,DR009,D04,2024-02-11,Stroke,2632,0,0,Not Admitted,Insurance
V006725,PT01337,DR002,D02,2024-11-21,Back Pain,1780,0,0,Not Admitted,Card
V006726,PT00036,DR079,D04,2025-12-10,Stroke,2227,0,0,Not Admitted,Card
V006727,PT02188,DR011,D08,2024-10-21,Fertility,2037,0,0,Not Admitted,Insurance
V006728,PT00388,DR042,D01,2025-11-15,CAD,5163,0,0,Not Admitted,Card
V006729,PT03748,DR022,D08,2024-07-13,Fertility,5263,0,0,Not Admitted,Insurance
V006730,PT02417,DR051,D05,2025-02-07,Poisoning,3909,0,0,Not Admitted,Cash
V006731,PT01507,DR074,D03,2024-12-31,Viral Infection,299390,1,4,Normal,Insurance
V006732,PT01285,DR061,D02,2025-12-17,Ligament Tear,6556,0,0,Not Admitted,Cash
V006733,PT03561,DR052,D06,2025-06-13,Chemotherapy,3786,0,0,Not Admitted,Card
V006734,PT00263,DR028,D06,2024-05-30,Tumor Screening,2329,0,0,Not Admitted,Card
V006735,PT00202,DR041,D07,2025-07-18,Infection,2192,0,0,Not Admitted,Insurance
V006736,PT02851,DR077,D01,2024-02-23,Arrhythmia,3573,0,0,Not Admitted,UPI
V006737,PT04133,DR062,D08,2024-07-23,PCOS,3885,0,0,Not Admitted,UPI
V006738,PT00897,DR010,D02,2024-05-20,Back Pain,2725,0,0,Not Admitted,Cash
V006739,PT01390,DR078,D06,2024-08-24,Post-op Care,651,0,0,Not Admitted,UPI
V006740,PT04055,DR075,D01,2025-07-23,Heart Failure,3090,0,0,Not Admitted,UPI
V006741,PT02385,DR073,D04,2025-01-17,Epilepsy,6924,0,0,Not Admitted,Cash
V006742,PT02876,DR029,D05,2024-06-27,Poisoning,2387,0,0,Not Admitted,Card
V006743,PT03342,DR041,D07,2024-06-08,Infection,7816,0,0,Not Admitted,Cash
V006744,PT02918,DR022,D08,2024-08-19,Menstrual Disorder,3149,0,0,Not Admitted,Insurance
V006745,PT03198,DR059,D01,2024-03-22,Heart Failure,5266,0,0,Not Admitted,UPI
V006746,PT01634,DR011,D08,2025-12-27,Fertility,3854,0,0,Not Admitted,UPI
V006747,PT03759,DR072,D06,2025-08-10,Post-op Care,685012,1,12,Normal,UPI
V006748,PT03674,DR032,D07,2025-07-28,Fever,208423,1,0,Normal,Insurance
V006749,PT01103,DR057,D04,2025-04-21,Epilepsy,103795,1,6,Normal,Card
V006750,PT01069,DR034,D08,2025-09-25,Fertility,7994,0,0,Not Admitted,Card
V006751,PT04932,DR075,D01,2024-07-04,Hypertension,1487,0,0,Not Admitted,Insurance
V006752,PT03599,DR050,D07,2024-10-20,Infection,5617,0,0,Not Admitted,Card
V006753,PT04865,DR007,D05,2025-04-10,Severe Bleeding,2848,0,0,Not Admitted,Insurance
V006754,PT01934,DR052,D06,2024-02-09,Radiotherapy,4452,0,0,Not Admitted,Cash
V006755,PT03927,DR056,D02,2025-09-14,Ligament Tear,6398,0,0,Not Admitted,UPI
V006756,PT04720,DR061,D02,2024-01-31,Ligament Tear,7402,0,0,Not Admitted,Card
V006757,PT04560,DR034,D08,2025-09-08,Prenatal Care,1545,0,0,Not Admitted,Cash
V006758,PT01438,DR062,D08,2025-07-10,Fertility,734881,1,7,Normal,UPI
V006759,PT02827,DR020,D01,2025-10-15,Hypertension,3046,0,0,Not Admitted,Cash
V006760,PT03394,DR062,D08,2025-09-22,Prenatal Care,7788,0,0,Not Admitted,Insurance
V006761,PT04126,DR069,D07,2024-03-17,Fever,1338,0,0,Not Admitted,Insurance
V006762,PT02880,DR023,D02,2024-01-24,Arthritis,7437,0,0,Not Admitted,Cash
V006763,PT03630,DR017,D08,2025-06-10,Prenatal Care,1674,0,0,Not Admitted,Insurance
V006764,PT04449,DR072,D06,2025-11-05,Radiotherapy,3027,0,0,Not Admitted,UPI
V006765,PT04856,DR029,D05,2024-04-21,Severe Bleeding,4398,0,0,Not Admitted,Insurance
V006766,PT02784,DR069,D07,2025-07-15,Infection,1528,0,0,Not Admitted,UPI
V006767,PT02507,DR045,D08,2024-06-18,PCOS,2114,0,0,Not Admitted,Insurance
V006768,PT00693,DR011,D08,2025-06-07,Menstrual Disorder,4404,0,0,Not Admitted,Cash
V006769,PT00898,DR020,D01,2024-07-30,Heart Failure,2616,0,0,Not Admitted,Card
V006770,PT04684,DR034,D08,2024-10-03,Menstrual Disorder,5116,0,0,Not Admitted,UPI
V006771,PT02030,DR033,D05,2025-07-01,Severe Bleeding,6680,0,0,Not Admitted,Cash
V006772,PT03368,DR033,D05,2025-02-03,Severe Bleeding,1240,0,0,Not Admitted,Card
V006773,PT01340,DR072,D06,2024-03-09,Radiotherapy,1196,0,0,Not Admitted,UPI
V006774,PT04390,DR012,D04,2024-03-22,Stroke,7020,0,0,Not Admitted,Card
V006775,PT00774,DR077,D01,2024-10-12,Heart Failure,5741,0,0,Not Admitted,Cash
V006776,PT03169,DR008,D02,2025-12-28,Fracture,6055,0,0,Not Admitted,Card
V006777,PT04242,DR016,D06,2024-03-28,Tumor Screening,6208,0,0,Not Admitted,Cash
V006778,PT04076,DR075,D01,2025-05-28,Hypertension,6623,0,0,Not Admitted,Insurance
V006779,PT02160,DR046,D02,2025-12-19,Ligament Tear,1674,0,0,Not Admitted,Cash
V006780,PT03355,DR029,D05,2024-08-28,Trauma,7414,0,0,Not Admitted,Card
V006781,PT01931,DR054,D02,2025-02-08,Fracture,1533,0,0,Not Admitted,Insurance
V006782,PT03200,DR079,D04,2025-12-25,Neuropathy,5514,0,0,Not Admitted,UPI
V006783,PT02538,DR058,D03,2024-10-08,Viral Infection,1524,0,0,Not Admitted,UPI
V006784,PT01981,DR062,D08,2024-12-10,Fertility,465663,1,11,Normal,UPI
V006785,PT01587,DR003,D04,2024-07-26,Neuropathy,1114,0,0,Not Admitted,Card
V006786,PT01875,DR070,D03,2024-10-25,Vaccination,7402,0,0,Not Admitted,Cash
V006787,PT00978,DR075,D01,2025-04-11,Arrhythmia,7237,0,0,Not Admitted,UPI
V006788,PT03988,DR064,D02,2025-01-21,Back Pain,3065,0,0,Not Admitted,Card
V006789,PT00965,DR036,D04,2025-08-04,Neuropathy,2875,0,0,Not Admitted,Card
V006790,PT02131,DR073,D04,2024-05-05,Stroke,2048,0,0,Not Admitted,Cash
V006791,PT00408,DR017,D08,2025-06-08,PCOS,4127,0,0,Not Admitted,Cash
V006792,PT00755,DR004,D05,2025-05-16,Trauma,7366,0,0,Not Admitted,Cash
V006793,PT00663,DR019,D04,2025-10-25,Stroke,1184,0,0,Not Admitted,UPI
V006794,PT01417,DR062,D08,2025-10-23,Fertility,3281,0,0,Not Admitted,UPI
V006795,PT04165,DR032,D07,2025-01-26,Thyroid,1729,0,0,Not Admitted,Cash
V006796,PT04444,DR034,D08,2025-03-22,Menstrual Disorder,4688,0,0,Not Admitted,Insurance
V006797,PT03965,DR013,D04,2024-02-07,Neuropathy,3949,0,0,Not Admitted,Cash
V006798,PT04623,DR047,D04,2025-12-10,Neuropathy,5040,0,0,Not Admitted,Cash
V006799,PT02147,DR060,D04,2025-07-29,Neuropathy,6580,0,0,Not Admitted,Card
V006800,PT04501,DR039,D03,2025-03-30,Vaccination,2617,0,0,Not Admitted,UPI
V006801,PT00793,DR021,D07,2024-04-06,Infection,7333,0,0,Not Admitted,Cash
V006802,PT01043,DR041,D07,2025-06-01,Diabetes,5572,0,0,Not Admitted,Card
V006803,PT02808,DR077,D01,2025-08-24,Arrhythmia,1382,0,0,Not Admitted,Card
V006804,PT03063,DR067,D07,2024-08-30,Thyroid,184934,1,12,Normal,Card
V006805,PT01174,DR058,D03,2024-03-06,Vaccination,987,0,0,Not Admitted,Insurance
V006806,PT00387,DR051,D05,2024-01-23,Poisoning,5567,0,0,Not Admitted,UPI
V006807,PT01263,DR057,D04,2024-03-29,Migraine,5933,0,0,Not Admitted,UPI
V006808,PT04956,DR042,D01,2025-08-24,CAD,4615,0,0,Not Admitted,UPI
V006809,PT02859,DR072,D06,2025-08-12,Tumor Screening,5637,0,0,Not Admitted,Insurance
V006810,PT02894,DR008,D02,2025-11-09,Ligament Tear,4675,0,0,Not Admitted,UPI
V006811,PT03532,DR024,D05,2024-12-11,Severe Bleeding,2239,0,0,Not Admitted,Insurance
V006812,PT00037,DR005,D05,2025-09-07,Poisoning,723000,1,6,Normal,Insurance
V006813,PT00396,DR042,D01,2024-03-24,Hypertension,7712,0,0,Not Admitted,Insurance
V006814,PT03216,DR075,D01,2025-03-31,Arrhythmia,3585,0,0,Not Admitted,Insurance
V006815,PT01606,DR053,D03,2024-01-05,Fever,5426,0,0,Not Admitted,Cash
V006816,PT02850,DR023,D02,2024-06-30,Arthritis,5090,0,0,Not Admitted,Cash
V006817,PT01774,DR049,D01,2024-05-12,Hypertension,6917,0,0,Not Admitted,Cash
V006818,PT02762,DR057,D04,2024-09-08,Stroke,4943,0,0,Not Admitted,UPI
V006819,PT00446,DR032,D07,2025-05-04,Diabetes,6475,0,0,Not Admitted,Cash
V006820,PT00468,DR015,D06,2025-08-14,Post-op Care,512,0,0,Not Admitted,Insurance
V006821,PT01180,DR077,D01,2024-10-13,Arrhythmia,3442,0,0,Not Admitted,Card
V006822,PT02942,DR006,D02,2025-10-21,Ligament Tear,3932,0,0,Not Admitted,Cash
V006823,PT00837,DR073,D04,2024-11-20,Migraine,5251,0,0,Not Admitted,Card
V006824,PT02852,DR020,D01,2025-07-30,Hypertension,453482,1,8,Normal,UPI
V006825,PT00010,DR077,D01,2024-04-06,Heart Failure,2761,0,0,Not Admitted,Insurance
V006826,PT03829,DR071,D03,2025-08-31,Viral Infection,5744,0,0,Not Admitted,Card
V006827,PT04029,DR071,D03,2024-09-29,Vaccination,2961,0,0,Not Admitted,UPI
V006828,PT04430,DR061,D02,2025-08-21,Back Pain,506073,1,2,Referred,Cash
V006829,PT04466,DR046,D02,2025-11-18,Arthritis,3336,0,0,Not Admitted,Insurance
V006830,PT00007,DR045,D08,2025-02-18,PCOS,531088,1,2,Normal,Cash
V006831,PT01122,DR032,D07,2025-02-09,Fever,150714,1,12,Normal,Cash
V006832,PT01346,DR061,D02,2024-09-28,Fracture,1771,0,0,Not Admitted,Cash
V006833,PT02195,DR016,D06,2025-06-09,Post-op Care,2934,0,0,Not Admitted,Cash
V006834,PT04323,DR080,D05,2024-01-17,Poisoning,2031,0,0,Not Admitted,Cash
V006835,PT02887,DR019,D04,2024-12-23,Migraine,1163,0,0,Not Admitted,UPI
V006836,PT04277,DR049,D01,2024-06-09,CAD,1854,0,0,Not Admitted,Cash
V006837,PT01751,DR019,D04,2024-10-23,Stroke,6299,0,0,Not Admitted,Insurance
V006838,PT00271,DR002,D02,2024-03-17,Back Pain,4443,0,0,Not Admitted,Insurance
V006839,PT04658,DR045,D08,2024-05-31,PCOS,7843,0,0,Not Admitted,Cash
V006840,PT00346,DR037,D02,2025-08-28,Fracture,6188,0,0,Not Admitted,UPI
V006841,PT03492,DR074,D03,2024-08-28,Vaccination,3332,0,0,Not Admitted,Insurance
V006842,PT03569,DR074,D03,2024-08-10,Fever,1122,0,0,Not Admitted,Card
V006843,PT03571,DR065,D04,2024-02-04,Stroke,60017,1,1,Normal,UPI
V006844,PT02004,DR022,D08,2024-08-27,Fertility,4705,0,0,Not Admitted,UPI
V006845,PT01027,DR026,D05,2025-12-08,Poisoning,1523,0,0,Not Admitted,UPI
V006846,PT01801,DR019,D04,2024-01-29,Neuropathy,4643,0,0,Not Admitted,Cash
V006847,PT03540,DR048,D04,2024-08-13,Neuropathy,272277,1,7,Normal,Cash
V006848,PT04511,DR012,D04,2024-11-20,Epilepsy,3733,0,0,Not Admitted,UPI
V006849,PT02618,DR078,D06,2025-11-01,Post-op Care,5597,0,0,Not Admitted,UPI
V006850,PT00437,DR075,D01,2025-01-25,Heart Failure,3597,0,0,Not Admitted,UPI
V006851,PT03435,DR028,D06,2024-01-27,Post-op Care,7737,0,0,Not Admitted,UPI
V006852,PT00372,DR039,D03,2024-08-19,Vaccination,1123,0,0,Not Admitted,UPI
V006853,PT03029,DR052,D06,2025-07-02,Tumor Screening,5460,0,0,Not Admitted,UPI
V006854,PT01579,DR077,D01,2024-08-11,Arrhythmia,7786,0,0,Not Admitted,Insurance
V006855,PT04521,DR039,D03,2024-12-13,Vaccination,4438,0,0,Not Admitted,UPI
V006856,PT02288,DR063,D05,2025-02-17,Poisoning,1458,0,0,Not Admitted,UPI
V006857,PT01231,DR034,D08,2024-11-12,Prenatal Care,5842,0,0,Not Admitted,UPI
V006858,PT00333,DR035,D06,2025-02-15,Chemotherapy,5579,0,0,Not Admitted,Cash
V006859,PT02491,DR080,D05,2024-09-24,Severe Bleeding,1534,0,0,Not Admitted,Insurance
V006860,PT04345,DR067,D07,2025-10-28,Infection,2756,0,0,Not Admitted,Card
V006861,PT04153,DR036,D04,2025-08-01,Epilepsy,7705,0,0,Not Admitted,Insurance
V006862,PT04248,DR070,D03,2024-03-08,Fever,2943,0,0,Not Admitted,Insurance
V006863,PT04798,DR050,D07,2024-04-17,Infection,5242,0,0,Not Admitted,Cash
V006864,PT03341,DR080,D05,2025-11-05,Poisoning,690,0,0,Not Admitted,Insurance
V006865,PT01157,DR053,D03,2024-11-13,Asthma,5851,0,0,Not Admitted,UPI
V006866,PT04681,DR019,D04,2024-01-22,Migraine,4155,0,0,Not Admitted,Cash
V006867,PT04196,DR060,D04,2025-11-23,Migraine,6608,0,0,Not Admitted,Card
V006868,PT00270,DR060,D04,2024-06-14,Neuropathy,4380,0,0,Not Admitted,Card
V006869,PT04386,DR020,D01,2024-08-03,Hypertension,7944,0,0,Not Admitted,UPI
V006870,PT03343,DR070,D03,2024-11-11,Viral Infection,4002,0,0,Not Admitted,Insurance
V006871,PT03595,DR035,D06,2024-07-24,Post-op Care,3412,0,0,Not Admitted,Card
V006872,PT04572,DR035,D06,2024-03-19,Tumor Screening,627286,1,10,Normal,Card
V006873,PT01753,DR007,D05,2024-12-08,Severe Bleeding,1614,0,0,Not Admitted,Insurance
V006874,PT04256,DR045,D08,2025-08-06,Prenatal Care,138676,1,11,Normal,Card
V006875,PT01185,DR062,D08,2024-03-17,Menstrual Disorder,621,0,0,Not Admitted,Cash
V006876,PT02787,DR040,D08,2024-05-22,Fertility,406575,1,2,Normal,UPI
V006877,PT04262,DR058,D03,2025-03-17,Vaccination,353333,1,2,Referred,Card
V006878,PT01770,DR001,D02,2025-04-08,Ligament Tear,1814,0,0,Not Admitted,UPI
V006879,PT02313,DR010,D02,2025-11-29,Ligament Tear,645621,1,10,Expired,Card
V006880,PT01100,DR028,D06,2024-04-04,Radiotherapy,4369,0,0,Not Admitted,Card
V006881,PT04469,DR053,D03,2025-11-21,Asthma,2156,0,0,Not Admitted,Card
V006882,PT01624,DR050,D07,2024-12-15,Infection,3618,0,0,Not Admitted,UPI
V006883,PT02579,DR068,D03,2025-06-24,Asthma,5745,0,0,Not Admitted,Cash
V006884,PT04359,DR017,D08,2024-09-08,Prenatal Care,7558,0,0,Not Admitted,Card
V006885,PT03490,DR077,D01,2025-05-28,CAD,4522,0,0,Not Admitted,UPI
V006886,PT02148,DR071,D03,2025-05-09,Viral Infection,1571,0,0,Not Admitted,Cash
V006887,PT00918,DR052,D06,2025-11-14,Radiotherapy,1986,0,0,Not Admitted,Cash
V006888,PT00674,DR047,D04,2025-05-20,Stroke,3827,0,0,Not Admitted,Cash
V006889,PT03844,DR071,D03,2025-02-05,Vaccination,2285,0,0,Not Admitted,Cash
V006890,PT02177,DR063,D05,2024-02-25,Trauma,5442,0,0,Not Admitted,Insurance
V006891,PT00169,DR058,D03,2024-06-15,Vaccination,4215,0,0,Not Admitted,Card
V006892,PT02529,DR019,D04,2024-03-30,Stroke,3778,0,0,Not Admitted,Cash
V006893,PT02170,DR023,D02,2025-04-10,Back Pain,5572,0,0,Not Admitted,UPI
V006894,PT00796,DR017,D08,2024-08-08,PCOS,6562,0,0,Not Admitted,Cash
V006895,PT00253,DR001,D02,2025-08-09,Ligament Tear,2034,0,0,Not Admitted,Insurance
V006896,PT04411,DR042,D01,2024-05-20,Heart Failure,1398,0,0,Not Admitted,Cash
V006897,PT04026,DR049,D01,2025-08-17,CAD,3620,0,0,Not Admitted,Insurance
V006898,PT00586,DR022,D08,2025-01-10,Fertility,453184,1,12,Referred,Cash
V006899,PT04055,DR018,D05,2025-05-19,Trauma,449840,1,1,Normal,UPI
V006900,PT02517,DR026,D05,2024-12-14,Severe Bleeding,114259,1,7,Normal,Insurance
V006901,PT04680,DR030,D02,2025-04-10,Ligament Tear,6465,0,0,Not Admitted,Cash
V006902,PT04988,DR064,D02,2024-04-25,Arthritis,754199,1,8,Normal,Cash
V006903,PT02459,DR016,D06,2024-06-06,Post-op Care,4436,0,0,Not Admitted,Cash
V006904,PT03728,DR049,D01,2024-10-03,Hypertension,2642,0,0,Not Admitted,Card
V006905,PT03623,DR058,D03,2024-09-28,Asthma,7626,0,0,Not Admitted,Insurance
V006906,PT02600,DR077,D01,2025-05-16,Arrhythmia,468109,1,10,Normal,Insurance
V006907,PT02837,DR041,D07,2024-04-17,Thyroid,6912,0,0,Not Admitted,UPI
V006908,PT03871,DR063,D05,2024-10-13,Trauma,524,0,0,Not Admitted,Cash
V006909,PT00420,DR076,D04,2025-01-02,Epilepsy,1475,0,0,Not Admitted,Cash
V006910,PT00063,DR027,D06,2025-12-28,Tumor Screening,4224,0,0,Not Admitted,UPI
V006911,PT02523,DR074,D03,2025-12-05,Asthma,1425,0,0,Not Admitted,UPI
V006912,PT02301,DR053,D03,2024-06-11,Asthma,6134,0,0,Not Admitted,Insurance
V006913,PT04197,DR048,D04,2024-04-11,Migraine,7634,0,0,Not Admitted,UPI
V006914,PT02575,DR054,D02,2025-03-30,Arthritis,3923,0,0,Not Admitted,Cash
V006915,PT04455,DR022,D08,2025-10-17,Fertility,5088,0,0,Not Admitted,Insurance
V006916,PT03597,DR021,D07,2025-01-27,Diabetes,7762,0,0,Not Admitted,Card
V006917,PT03471,DR042,D01,2025-11-12,Hypertension,3047,0,0,Not Admitted,Card
V006918,PT03913,DR075,D01,2025-07-14,CAD,5718,0,0,Not Admitted,Insurance
V006919,PT04478,DR032,D07,2024-07-29,Diabetes,5755,0,0,Not Admitted,Insurance
V006920,PT01712,DR046,D02,2025-06-24,Back Pain,6311,0,0,Not Admitted,Insurance
V006921,PT01597,DR056,D02,2024-04-05,Fracture,6330,0,0,Not Admitted,UPI
V006922,PT03105,DR052,D06,2024-02-16,Chemotherapy,3676,0,0,Not Admitted,Card
V006923,PT01086,DR028,D06,2025-05-23,Tumor Screening,6281,0,0,Not Admitted,Insurance
V006924,PT01983,DR080,D05,2025-09-23,Severe Bleeding,463395,1,6,Normal,Card
V006925,PT03906,DR056,D02,2025-03-22,Arthritis,247269,1,2,Normal,Card
V006926,PT04832,DR043,D06,2024-02-29,Tumor Screening,7878,0,0,Not Admitted,Cash
V006927,PT02548,DR053,D03,2024-05-14,Viral Infection,4291,0,0,Not Admitted,Cash
V006928,PT01381,DR059,D01,2025-01-05,CAD,5124,0,0,Not Admitted,UPI
V006929,PT03973,DR028,D06,2024-05-02,Radiotherapy,6027,0,0,Not Admitted,Cash
V006930,PT02449,DR011,D08,2024-06-19,Prenatal Care,6334,0,0,Not Admitted,Cash
V006931,PT00991,DR068,D03,2025-03-23,Fever,4919,0,0,Not Admitted,UPI
V006932,PT03245,DR073,D04,2024-11-25,Migraine,7735,0,0,Not Admitted,UPI
V006933,PT00947,DR028,D06,2024-10-17,Post-op Care,647108,1,12,Normal,UPI
V006934,PT01894,DR042,D01,2024-12-08,Hypertension,1487,0,0,Not Admitted,UPI
V006935,PT01345,DR070,D03,2024-08-27,Viral Infection,3871,0,0,Not Admitted,UPI
V006936,PT02350,DR048,D04,2024-07-08,Neuropathy,4826,0,0,Not Admitted,Card
V006937,PT00802,DR032,D07,2024-11-29,Fever,6825,0,0,Not Admitted,Cash
V006938,PT00867,DR068,D03,2024-01-03,Asthma,4335,0,0,Not Admitted,Insurance
V006939,PT03937,DR074,D03,2024-02-02,Fever,1961,0,0,Not Admitted,UPI
V006940,PT03197,DR001,D02,2025-09-28,Ligament Tear,295742,1,1,Normal,Cash
V006941,PT01144,DR030,D02,2025-11-22,Arthritis,4145,0,0,Not Admitted,Card
V006942,PT04997,DR034,D08,2024-12-09,Fertility,1916,0,0,Not Admitted,Cash
V006943,PT00328,DR022,D08,2025-03-17,PCOS,5662,0,0,Not Admitted,Cash
V006944,PT00738,DR012,D04,2024-01-01,Epilepsy,6679,0,0,Not Admitted,Insurance
V006945,PT01057,DR021,D07,2024-01-30,Infection,5790,0,0,Not Admitted,UPI
V006946,PT01162,DR029,D05,2025-09-16,Burns,658,0,0,Not Admitted,Insurance
V006947,PT04393,DR060,D04,2024-07-10,Epilepsy,2994,0,0,Not Admitted,Cash
V006948,PT01081,DR061,D02,2025-05-26,Ligament Tear,5029,0,0,Not Admitted,Insurance
V006949,PT03999,DR016,D06,2025-10-22,Tumor Screening,3851,0,0,Not Admitted,Cash
V006950,PT02506,DR020,D01,2024-03-18,CAD,7483,0,0,Not Admitted,UPI
V006951,PT01544,DR064,D02,2025-10-29,Back Pain,7969,0,0,Not Admitted,UPI
V006952,PT04468,DR008,D02,2025-07-01,Ligament Tear,6251,0,0,Not Admitted,Insurance
V006953,PT04012,DR027,D06,2024-06-07,Radiotherapy,6111,0,0,Not Admitted,UPI
V006954,PT01585,DR027,D06,2024-04-11,Chemotherapy,7778,0,0,Not Admitted,Insurance
V006955,PT04352,DR043,D06,2025-06-19,Post-op Care,2646,0,0,Not Admitted,Insurance
V006956,PT02350,DR007,D05,2025-06-20,Severe Bleeding,446418,1,10,LAMA,Cash
V006957,PT04924,DR021,D07,2025-08-15,Fever,7341,0,0,Not Admitted,Card
V006958,PT00644,DR022,D08,2024-07-02,Prenatal Care,679276,1,8,Normal,Cash
V006959,PT02702,DR045,D08,2025-10-12,Prenatal Care,872,0,0,Not Admitted,UPI
V006960,PT03150,DR057,D04,2024-08-04,Migraine,3938,0,0,Not Admitted,Cash
V006961,PT03051,DR028,D06,2025-02-25,Chemotherapy,3308,0,0,Not Admitted,Card
V006962,PT00493,DR014,D04,2024-11-17,Neuropathy,3281,0,0,Not Admitted,UPI
V006963,PT02575,DR044,D08,2024-03-24,Fertility,6439,0,0,Not Admitted,UPI
V006964,PT01305,DR029,D05,2024-01-08,Poisoning,5235,0,0,Not Admitted,Insurance
V006965,PT04637,DR001,D02,2024-02-15,Arthritis,4447,0,0,Not Admitted,UPI
V006966,PT03508,DR059,D01,2024-09-26,Heart Failure,3485,0,0,Not Admitted,Cash
V006967,PT04260,DR078,D06,2025-03-16,Tumor Screening,5955,0,0,Not Admitted,Insurance
V006968,PT01984,DR075,D01,2024-04-30,CAD,6469,0,0,Not Admitted,Insurance
V006969,PT02915,DR052,D06,2024-08-11,Chemotherapy,7718,0,0,Not Admitted,Cash
V006970,PT01062,DR041,D07,2024-01-30,Fever,6176,0,0,Not Admitted,Card
V006971,PT02252,DR061,D02,2025-05-08,Back Pain,5165,0,0,Not Admitted,Card
V006972,PT01875,DR058,D03,2025-05-29,Fever,3196,0,0,Not Admitted,UPI
V006973,PT01424,DR075,D01,2024-04-17,Hypertension,3570,0,0,Not Admitted,Cash
V006974,PT04640,DR070,D03,2025-03-26,Asthma,2760,0,0,Not Admitted,UPI
V006975,PT02528,DR028,D06,2025-03-01,Tumor Screening,6356,0,0,Not Admitted,UPI
V006976,PT02634,DR003,D04,2024-06-09,Stroke,7104,0,0,Not Admitted,Cash
V006977,PT03914,DR039,D03,2025-12-08,Viral Infection,4206,0,0,Not Admitted,UPI
V006978,PT00665,DR012,D04,2025-12-24,Epilepsy,529720,1,6,Normal,UPI
V006979,PT03817,DR048,D04,2024-10-29,Neuropathy,4231,0,0,Not Admitted,Cash
V006980,PT03105,DR032,D07,2024-11-18,Thyroid,2359,0,0,Not Admitted,Insurance
V006981,PT00924,DR002,D02,2025-05-04,Fracture,6012,0,0,Not Admitted,Card
V006982,PT01876,DR074,D03,2024-09-10,Fever,613685,1,12,Normal,UPI
V006983,PT01610,DR020,D01,2025-11-02,CAD,3773,0,0,Not Admitted,UPI
V006984,PT04848,DR059,D01,2024-07-04,Heart Failure,2485,0,0,Not Admitted,Cash
V006985,PT03614,DR067,D07,2025-08-16,Fever,6425,0,0,Not Admitted,UPI
V006986,PT01659,DR075,D01,2024-01-18,CAD,379011,1,7,Normal,Cash
V006987,PT02531,DR031,D03,2024-06-04,Viral Infection,7528,0,0,Not Admitted,Cash
V006988,PT01808,DR070,D03,2024-09-06,Asthma,59337,1,4,LAMA,Insurance
V006989,PT01019,DR055,D02,2025-07-17,Fracture,196824,1,1,Normal,Insurance
V006990,PT00074,DR068,D03,2024-11-24,Fever,1852,0,0,Not Admitted,Card
V006991,PT02689,DR067,D07,2025-10-02,Thyroid,7347,0,0,Not Admitted,Cash
V006992,PT02896,DR041,D07,2025-12-14,Thyroid,2630,0,0,Not Admitted,Cash
V006993,PT02576,DR054,D02,2025-06-26,Fracture,4980,0,0,Not Admitted,Card
V006994,PT04442,DR029,D05,2024-09-28,Burns,2940,0,0,Not Admitted,Insurance
V006995,PT00211,DR013,D04,2024-07-04,Migraine,3721,0,0,Not Admitted,Insurance
V006996,PT00719,DR051,D05,2024-11-29,Severe Bleeding,464679,1,11,Normal,Insurance
V006997,PT02185,DR058,D03,2024-09-25,Asthma,4453,0,0,Not Admitted,Card
V006998,PT02194,DR008,D02,2025-06-22,Arthritis,7797,0,0,Not Admitted,Card
V006999,PT02870,DR042,D01,2024-09-21,CAD,4957,0,0,Not Admitted,UPI
V007000,PT01971,DR047,D04,2024-03-25,Stroke,2790,0,0,Not Admitted,UPI
V007001,PT01611,DR003,D04,2025-05-13,Neuropathy,495598,1,12,Normal,Card
V007002,PT04814,DR015,D06,2025-10-13,Chemotherapy,6003,0,0,Not Admitted,Insurance
V007003,PT02807,DR067,D07,2024-08-28,Diabetes,6326,0,0,Not Admitted,UPI
V007004,PT04014,DR045,D08,2025-03-25,Fertility,703463,1,2,Normal,UPI
V007005,PT01127,DR068,D03,2024-10-12,Fever,5006,0,0,Not Admitted,Card
V007006,PT02303,DR027,D06,2024-08-20,Post-op Care,1906,0,0,Not Admitted,Insurance
V007007,PT04974,DR049,D01,2025-09-15,Heart Failure,693084,1,10,Normal,Insurance
V007008,PT04266,DR066,D08,2024-02-08,Menstrual Disorder,1064,0,0,Not Admitted,Insurance
V007009,PT03768,DR028,D06,2025-06-26,Radiotherapy,1710,0,0,Not Admitted,Card
V007010,PT00765,DR050,D07,2024-05-26,Thyroid,5336,0,0,Not Admitted,Card
V007011,PT00473,DR051,D05,2024-07-15,Severe Bleeding,4288,0,0,Not Admitted,UPI
V007012,PT00752,DR014,D04,2025-06-02,Migraine,5976,0,0,Not Admitted,Insurance
V007013,PT01915,DR064,D02,2024-01-20,Fracture,120766,1,12,Referred,Insurance
V007014,PT04059,DR027,D06,2025-10-19,Radiotherapy,386502,1,6,Normal,Card
V007015,PT04399,DR003,D04,2024-10-27,Epilepsy,7509,0,0,Not Admitted,Cash
V007016,PT00490,DR037,D02,2025-04-05,Ligament Tear,1943,0,0,Not Admitted,Card
V007017,PT03564,DR063,D05,2025-05-09,Burns,526987,1,10,Normal,Insurance
V007018,PT03653,DR023,D02,2025-04-28,Arthritis,6780,0,0,Not Admitted,Insurance
V007019,PT02088,DR070,D03,2025-10-15,Viral Infection,564,0,0,Not Admitted,Card
V007020,PT03073,DR013,D04,2025-06-23,Neuropathy,1738,0,0,Not Admitted,UPI
V007021,PT04066,DR044,D08,2024-03-16,Menstrual Disorder,6256,0,0,Not Admitted,Card
V007022,PT01369,DR054,D02,2024-03-28,Ligament Tear,3746,0,0,Not Admitted,UPI
V007023,PT00762,DR026,D05,2025-08-09,Severe Bleeding,6595,0,0,Not Admitted,Insurance
V007024,PT03591,DR045,D08,2024-03-22,Prenatal Care,1965,0,0,Not Admitted,Cash
V007025,PT02940,DR059,D01,2025-08-27,Hypertension,6747,0,0,Not Admitted,Cash
V007026,PT00675,DR075,D01,2024-10-28,Arrhythmia,7937,0,0,Not Admitted,Insurance
V007027,PT03968,DR048,D04,2024-09-19,Neuropathy,3068,0,0,Not Admitted,UPI
V007028,PT00502,DR066,D08,2025-01-19,Fertility,1694,0,0,Not Admitted,UPI
V007029,PT00496,DR050,D07,2025-02-05,Thyroid,7229,0,0,Not Admitted,Insurance
V007030,PT02197,DR022,D08,2024-07-20,Prenatal Care,351516,1,8,Normal,Cash
V007031,PT03878,DR049,D01,2025-08-25,Hypertension,3746,0,0,Not Admitted,Card
V007032,PT01627,DR057,D04,2025-01-24,Stroke,3163,0,0,Not Admitted,Cash
V007033,PT04601,DR051,D05,2024-01-14,Poisoning,5046,0,0,Not Admitted,Cash
V007034,PT02077,DR030,D02,2025-11-29,Arthritis,7130,0,0,Not Admitted,Cash
V007035,PT00549,DR063,D05,2025-03-26,Trauma,2020,0,0,Not Admitted,UPI
V007036,PT03498,DR062,D08,2024-02-29,PCOS,742613,1,3,Normal,Insurance
V007037,PT01086,DR020,D01,2025-09-04,Arrhythmia,5920,0,0,Not Admitted,UPI
V007038,PT02979,DR016,D06,2025-06-03,Radiotherapy,7602,0,0,Not Admitted,UPI
V007039,PT01388,DR025,D05,2025-09-28,Poisoning,628378,1,5,Normal,Card
V007040,PT04842,DR041,D07,2024-01-10,Fever,1273,0,0,Not Admitted,Cash
V007041,PT01979,DR048,D04,2025-02-25,Neuropathy,361585,1,7,Normal,Card
V007042,PT03110,DR046,D02,2024-05-31,Arthritis,6341,0,0,Not Admitted,Card
V007043,PT00938,DR021,D07,2025-12-02,Diabetes,2076,0,0,Not Admitted,Card
V007044,PT00477,DR072,D06,2025-09-10,Radiotherapy,6282,0,0,Not Admitted,UPI
V007045,PT02262,DR020,D01,2025-06-24,CAD,7386,0,0,Not Admitted,UPI
V007046,PT02064,DR060,D04,2024-11-26,Epilepsy,125614,1,0,Normal,Cash
V007047,PT03468,DR049,D01,2024-07-20,Hypertension,6519,0,0,Not Admitted,Card
V007048,PT04324,DR010,D02,2024-05-25,Arthritis,1067,0,0,Not Admitted,Insurance
V007049,PT04668,DR011,D08,2025-02-01,PCOS,6259,0,0,Not Admitted,Card
V007050,PT01798,DR042,D01,2025-04-03,Arrhythmia,3000,0,0,Not Admitted,UPI
V007051,PT01432,DR023,D02,2025-02-16,Arthritis,95381,1,6,Normal,Cash
V007052,PT02331,DR021,D07,2025-01-26,Diabetes,6010,0,0,Not Admitted,UPI
V007053,PT03558,DR073,D04,2025-06-14,Epilepsy,6448,0,0,Not Admitted,Insurance
V007054,PT04304,DR037,D02,2025-05-16,Back Pain,2362,0,0,Not Admitted,UPI
V007055,PT03363,DR040,D08,2025-08-05,Menstrual Disorder,5665,0,0,Not Admitted,Card
V007056,PT04005,DR060,D04,2024-08-24,Epilepsy,319195,1,2,Normal,Insurance
V007057,PT01386,DR042,D01,2025-04-09,Heart Failure,3743,0,0,Not Admitted,Card
V007058,PT04416,DR056,D02,2024-11-10,Fracture,5562,0,0,Not Admitted,Insurance
V007059,PT04387,DR049,D01,2024-05-30,Heart Failure,6908,0,0,Not Admitted,Cash
V007060,PT00040,DR022,D08,2024-08-07,PCOS,3170,0,0,Not Admitted,Insurance
V007061,PT01649,DR069,D07,2025-05-03,Diabetes,7329,0,0,Not Admitted,Cash
V007062,PT03091,DR062,D08,2025-06-25,Menstrual Disorder,542334,1,6,Normal,Cash
V007063,PT04154,DR069,D07,2024-11-10,Infection,4765,0,0,Not Admitted,UPI
V007064,PT03013,DR079,D04,2025-06-02,Epilepsy,423830,1,2,Normal,Insurance
V007065,PT02526,DR071,D03,2024-10-06,Asthma,7837,0,0,Not Admitted,Insurance
V007066,PT04382,DR039,D03,2025-01-10,Viral Infection,6784,0,0,Not Admitted,UPI
V007067,PT02188,DR067,D07,2024-11-05,Fever,4489,0,0,Not Admitted,Insurance
V007068,PT01511,DR075,D01,2024-04-28,Hypertension,6092,0,0,Not Admitted,UPI
V007069,PT03596,DR012,D04,2024-07-20,Neuropathy,710134,1,0,Normal,UPI
V007070,PT03364,DR075,D01,2024-07-15,Arrhythmia,4686,0,0,Not Admitted,Insurance
V007071,PT02833,DR019,D04,2024-05-25,Epilepsy,203851,1,7,Normal,Card
V007072,PT01169,DR019,D04,2025-07-04,Stroke,7538,0,0,Not Admitted,Insurance
V007073,PT02731,DR062,D08,2024-02-29,Prenatal Care,4121,0,0,Not Admitted,Insurance
V007074,PT01301,DR026,D05,2025-05-09,Poisoning,1028,0,0,Not Admitted,Card
V007075,PT03704,DR031,D03,2025-07-24,Viral Infection,5145,0,0,Not Admitted,Card
V007076,PT03806,DR009,D04,2024-05-26,Neuropathy,3895,0,0,Not Admitted,Insurance
V007077,PT00868,DR067,D07,2025-06-12,Infection,6159,0,0,Not Admitted,Insurance
V007078,PT01377,DR005,D05,2025-04-24,Burns,1609,0,0,Not Admitted,Card
V007079,PT03351,DR045,D08,2025-11-20,Fertility,165487,1,11,Normal,Cash
V007080,PT01794,DR075,D01,2025-02-05,Heart Failure,6816,0,0,Not Admitted,Card
V007081,PT03467,DR033,D05,2024-09-19,Poisoning,3408,0,0,Not Admitted,Cash
V007082,PT04608,DR043,D06,2024-09-22,Post-op Care,160610,1,10,Normal,Insurance
V007083,PT00131,DR021,D07,2025-06-29,Infection,831,0,0,Not Admitted,Card
V007084,PT03027,DR026,D05,2025-01-01,Trauma,2332,0,0,Not Admitted,UPI
V007085,PT02596,DR067,D07,2024-04-28,Thyroid,88359,1,6,Normal,Card
V007086,PT04385,DR071,D03,2024-06-15,Vaccination,2050,0,0,Not Admitted,Insurance
V007087,PT01861,DR001,D02,2025-03-31,Fracture,2561,0,0,Not Admitted,Insurance
V007088,PT01773,DR071,D03,2024-02-21,Fever,5034,0,0,Not Admitted,Insurance
V007089,PT00816,DR058,D03,2024-09-13,Viral Infection,6998,0,0,Not Admitted,UPI
V007090,PT01259,DR047,D04,2025-07-28,Neuropathy,6163,0,0,Not Admitted,Insurance
V007091,PT02106,DR020,D01,2024-05-21,Arrhythmia,1768,0,0,Not Admitted,Card
V007092,PT02044,DR075,D01,2025-12-06,Hypertension,1314,0,0,Not Admitted,Insurance
V007093,PT04685,DR037,D02,2025-10-19,Arthritis,4372,0,0,Not Admitted,Cash
V007094,PT03676,DR024,D05,2025-10-04,Trauma,7865,0,0,Not Admitted,Cash
V007095,PT04585,DR070,D03,2025-11-11,Vaccination,2570,0,0,Not Admitted,Insurance
V007096,PT00933,DR042,D01,2024-04-19,Hypertension,712041,1,2,Normal,Card
V007097,PT03520,DR077,D01,2025-04-06,CAD,1968,0,0,Not Admitted,UPI
V007098,PT01537,DR047,D04,2024-06-25,Epilepsy,5142,0,0,Not Admitted,UPI
V007099,PT02811,DR072,D06,2025-01-08,Tumor Screening,5939,0,0,Not Admitted,UPI
V007100,PT02464,DR032,D07,2024-09-05,Infection,477324,1,3,Normal,UPI
V007101,PT00735,DR080,D05,2025-10-07,Poisoning,355910,1,2,Normal,Card
V007102,PT03954,DR076,D04,2025-09-03,Neuropathy,7491,0,0,Not Admitted,Card
V007103,PT00977,DR003,D04,2025-02-26,Stroke,7521,0,0,Not Admitted,Cash
V007104,PT03612,DR011,D08,2024-08-21,Prenatal Care,994,0,0,Not Admitted,Cash
V007105,PT00046,DR080,D05,2025-05-11,Severe Bleeding,4409,0,0,Not Admitted,UPI
V007106,PT03948,DR040,D08,2024-02-07,Prenatal Care,2652,0,0,Not Admitted,Card
V007107,PT04530,DR027,D06,2024-02-05,Tumor Screening,6575,0,0,Not Admitted,Cash
V007108,PT04372,DR024,D05,2025-11-03,Burns,1506,0,0,Not Admitted,Card
V007109,PT00459,DR045,D08,2024-11-28,Prenatal Care,4171,0,0,Not Admitted,UPI
V007110,PT00139,DR065,D04,2025-01-30,Neuropathy,7718,0,0,Not Admitted,UPI
V007111,PT04234,DR045,D08,2025-08-11,PCOS,6890,0,0,Not Admitted,Cash
V007112,PT00289,DR020,D01,2025-07-01,Arrhythmia,708125,1,12,Normal,Cash
V007113,PT00061,DR010,D02,2025-01-21,Ligament Tear,6161,0,0,Not Admitted,Insurance
V007114,PT03571,DR026,D05,2025-07-30,Poisoning,80126,1,2,Normal,Insurance
V007115,PT01314,DR050,D07,2024-09-15,Thyroid,431719,1,6,Normal,UPI
V007116,PT01604,DR021,D07,2024-07-25,Fever,2171,0,0,Not Admitted,Cash
V007117,PT00391,DR062,D08,2025-01-11,Menstrual Disorder,4630,0,0,Not Admitted,UPI
V007118,PT01973,DR021,D07,2025-03-31,Thyroid,4922,0,0,Not Admitted,Cash
V007119,PT01249,DR054,D02,2024-05-27,Back Pain,3251,0,0,Not Admitted,UPI
V007120,PT04502,DR033,D05,2025-06-21,Burns,5324,0,0,Not Admitted,UPI
V007121,PT02227,DR008,D02,2025-12-24,Back Pain,368326,1,3,Normal,Card
V007122,PT01513,DR025,D05,2025-11-05,Severe Bleeding,7267,0,0,Not Admitted,Card
V007123,PT04059,DR077,D01,2025-06-08,Hypertension,6707,0,0,Not Admitted,UPI
V007124,PT04484,DR066,D08,2025-05-03,PCOS,6688,0,0,Not Admitted,UPI
V007125,PT01643,DR060,D04,2025-03-18,Migraine,31921,1,1,Expired,Card
V007126,PT02649,DR009,D04,2025-09-20,Epilepsy,1592,0,0,Not Admitted,Insurance
V007127,PT00338,DR020,D01,2025-08-03,Hypertension,4810,0,0,Not Admitted,UPI
V007128,PT02841,DR038,D04,2024-07-21,Neuropathy,3694,0,0,Not Admitted,UPI
V007129,PT00344,DR003,D04,2024-11-21,Stroke,574563,1,0,Normal,Card
V007130,PT02275,DR017,D08,2024-07-23,PCOS,343979,1,9,LAMA,Cash
V007131,PT02427,DR076,D04,2024-10-12,Stroke,1916,0,0,Not Admitted,Insurance
V007132,PT00766,DR043,D06,2025-11-01,Chemotherapy,3111,0,0,Not Admitted,Cash
V007133,PT04282,DR072,D06,2024-10-17,Tumor Screening,5555,0,0,Not Admitted,Insurance
V007134,PT04987,DR061,D02,2025-09-29,Ligament Tear,5689,0,0,Not Admitted,Insurance
V007135,PT03247,DR039,D03,2024-04-30,Viral Infection,4945,0,0,Not Admitted,Insurance
V007136,PT02626,DR014,D04,2025-08-01,Neuropathy,6890,0,0,Not Admitted,UPI
V007137,PT01295,DR010,D02,2024-05-27,Fracture,2799,0,0,Not Admitted,Insurance
V007138,PT04334,DR039,D03,2025-05-24,Fever,5505,0,0,Not Admitted,UPI
V007139,PT00199,DR051,D05,2024-10-31,Severe Bleeding,2153,0,0,Not Admitted,Insurance
V007140,PT01854,DR075,D01,2025-08-27,Hypertension,797435,1,2,Normal,Insurance
V007141,PT01901,DR042,D01,2025-10-22,Hypertension,3699,0,0,Not Admitted,Insurance
V007142,PT00161,DR004,D05,2025-04-22,Severe Bleeding,2159,0,0,Not Admitted,Insurance
V007143,PT00612,DR041,D07,2024-10-24,Fever,7556,0,0,Not Admitted,Card
V007144,PT03815,DR047,D04,2024-02-09,Neuropathy,7647,0,0,Not Admitted,UPI
V007145,PT01274,DR036,D04,2024-03-20,Epilepsy,3312,0,0,Not Admitted,UPI
V007146,PT00612,DR071,D03,2024-04-17,Asthma,3856,0,0,Not Admitted,Card
V007147,PT01057,DR026,D05,2024-08-17,Poisoning,1485,0,0,Not Admitted,Cash
V007148,PT01890,DR074,D03,2025-10-22,Viral Infection,1989,0,0,Not Admitted,UPI
V007149,PT01339,DR073,D04,2024-10-02,Neuropathy,7222,0,0,Not Admitted,Cash
V007150,PT01027,DR027,D06,2025-10-04,Radiotherapy,3225,0,0,Not Admitted,UPI
V007151,PT03488,DR045,D08,2024-09-25,Prenatal Care,4470,0,0,Not Admitted,UPI
V007152,PT02510,DR049,D01,2025-08-02,CAD,7678,0,0,Not Admitted,Cash
V007153,PT00568,DR072,D06,2024-09-30,Tumor Screening,6546,0,0,Not Admitted,UPI
V007154,PT03935,DR018,D05,2024-06-19,Burns,1996,0,0,Not Admitted,Card
V007155,PT02050,DR066,D08,2025-03-05,Fertility,683217,1,0,Normal,UPI
V007156,PT04533,DR059,D01,2025-03-04,Hypertension,7696,0,0,Not Admitted,Insurance
V007157,PT04178,DR060,D04,2024-04-01,Neuropathy,1778,0,0,Not Admitted,Insurance
V007158,PT03298,DR068,D03,2024-01-01,Fever,6815,0,0,Not Admitted,UPI
V007159,PT04240,DR049,D01,2024-05-12,Arrhythmia,3850,0,0,Not Admitted,UPI
V007160,PT04285,DR021,D07,2024-02-08,Thyroid,7206,0,0,Not Admitted,Card
V007161,PT04186,DR073,D04,2025-09-27,Migraine,5845,0,0,Not Admitted,UPI
V007162,PT03453,DR040,D08,2024-12-07,Fertility,2955,0,0,Not Admitted,Cash
V007163,PT04198,DR020,D01,2025-05-20,Hypertension,4325,0,0,Not Admitted,Cash
V007164,PT04363,DR031,D03,2025-12-14,Asthma,5141,0,0,Not Admitted,Card
V007165,PT03196,DR036,D04,2025-05-05,Neuropathy,6338,0,0,Not Admitted,Insurance
V007166,PT02970,DR033,D05,2025-12-25,Trauma,801,0,0,Not Admitted,Cash
V007167,PT00499,DR044,D08,2025-07-17,Menstrual Disorder,833,0,0,Not Admitted,Card
V007168,PT04250,DR031,D03,2025-01-03,Viral Infection,710188,1,8,Normal,Card
V007169,PT04754,DR043,D06,2024-01-18,Tumor Screening,2361,0,0,Not Admitted,Insurance
V007170,PT00365,DR064,D02,2025-06-29,Arthritis,375534,1,9,Normal,UPI
V007171,PT00289,DR043,D06,2024-06-07,Post-op Care,5187,0,0,Not Admitted,UPI
V007172,PT03621,DR079,D04,2024-01-05,Neuropathy,6636,0,0,Not Admitted,Insurance
V007173,PT00330,DR049,D01,2025-06-28,Hypertension,2505,0,0,Not Admitted,UPI
V007174,PT03383,DR052,D06,2024-10-03,Radiotherapy,132670,1,0,Expired,Insurance
V007175,PT02963,DR012,D04,2025-08-10,Migraine,451597,1,8,Normal,Cash
V007176,PT01252,DR033,D05,2024-08-05,Burns,698237,1,4,Normal,Card
V007177,PT04472,DR049,D01,2025-03-11,Arrhythmia,2415,0,0,Not Admitted,Card
V007178,PT04941,DR074,D03,2024-11-02,Vaccination,1375,0,0,Not Admitted,Cash
V007179,PT03039,DR028,D06,2025-04-01,Radiotherapy,574003,1,8,Normal,Cash
V007180,PT01294,DR013,D04,2024-04-14,Epilepsy,1506,0,0,Not Admitted,Card
V007181,PT04973,DR029,D05,2025-10-12,Severe Bleeding,4935,0,0,Not Admitted,Insurance
V007182,PT02157,DR011,D08,2024-11-14,Menstrual Disorder,4497,0,0,Not Admitted,Insurance
V007183,PT03111,DR069,D07,2024-04-21,Diabetes,3095,0,0,Not Admitted,Cash
V007184,PT00581,DR002,D02,2024-01-26,Arthritis,1995,0,0,Not Admitted,Insurance
V007185,PT02419,DR078,D06,2024-01-16,Radiotherapy,6803,0,0,Not Admitted,UPI
V007186,PT02942,DR023,D02,2025-10-12,Ligament Tear,258160,1,1,Normal,Card
V007187,PT02844,DR062,D08,2025-05-30,Prenatal Care,2810,0,0,Not Admitted,Card
V007188,PT02617,DR062,D08,2024-09-04,Menstrual Disorder,4832,0,0,Not Admitted,UPI
V007189,PT02186,DR062,D08,2024-03-20,PCOS,2984,0,0,Not Admitted,UPI
V007190,PT03606,DR044,D08,2024-08-28,Prenatal Care,5202,0,0,Not Admitted,UPI
V007191,PT01640,DR072,D06,2024-09-12,Tumor Screening,371239,1,10,Normal,UPI
V007192,PT00622,DR024,D05,2025-11-18,Trauma,2240,0,0,Not Admitted,Cash
V007193,PT01047,DR067,D07,2025-08-04,Fever,625009,1,6,Referred,Cash
V007194,PT03621,DR044,D08,2025-10-11,PCOS,808,0,0,Not Admitted,Insurance
V007195,PT04632,DR063,D05,2025-03-27,Trauma,6895,0,0,Not Admitted,UPI
V007196,PT01019,DR029,D05,2025-12-01,Trauma,2651,0,0,Not Admitted,Card
V007197,PT02729,DR043,D06,2024-02-01,Chemotherapy,750533,1,10,Normal,Cash
V007198,PT03635,DR023,D02,2025-07-16,Fracture,5380,0,0,Not Admitted,Insurance
V007199,PT02674,DR067,D07,2024-09-30,Infection,4853,0,0,Not Admitted,Card
V007200,PT00684,DR080,D05,2024-07-20,Severe Bleeding,1781,0,0,Not Admitted,Insurance
V007201,PT02541,DR022,D08,2024-09-24,Fertility,6534,0,0,Not Admitted,Insurance
V007202,PT04689,DR080,D05,2025-07-28,Burns,7065,0,0,Not Admitted,Card
V007203,PT04187,DR030,D02,2025-09-12,Ligament Tear,158990,1,7,Normal,Cash
V007204,PT03101,DR042,D01,2025-06-18,Heart Failure,1937,0,0,Not Admitted,Cash
V007205,PT02322,DR031,D03,2024-09-30,Fever,283024,1,5,Normal,Card
V007206,PT00634,DR022,D08,2024-04-14,Menstrual Disorder,2623,0,0,Not Admitted,Card
V007207,PT04281,DR005,D05,2024-04-30,Poisoning,648,0,0,Not Admitted,UPI
V007208,PT04890,DR029,D05,2025-07-19,Severe Bleeding,2153,0,0,Not Admitted,UPI
V007209,PT02904,DR027,D06,2024-04-14,Radiotherapy,5083,0,0,Not Admitted,Card
V007210,PT03712,DR031,D03,2025-11-27,Vaccination,6118,0,0,Not Admitted,Card
V007211,PT03614,DR050,D07,2024-12-02,Infection,2342,0,0,Not Admitted,Insurance
V007212,PT04669,DR028,D06,2025-04-09,Post-op Care,1960,0,0,Not Admitted,Insurance
V007213,PT01453,DR021,D07,2024-01-05,Fever,5528,0,0,Not Admitted,Cash
V007214,PT01899,DR053,D03,2025-08-15,Vaccination,3061,0,0,Not Admitted,Card
V007215,PT01127,DR022,D08,2025-07-14,Menstrual Disorder,621,0,0,Not Admitted,Insurance
V007216,PT03379,DR068,D03,2025-10-10,Vaccination,7072,0,0,Not Admitted,Insurance
V007217,PT02194,DR041,D07,2024-04-23,Infection,5577,0,0,Not Admitted,Card
V007218,PT04783,DR013,D04,2024-01-31,Migraine,2264,0,0,Not Admitted,Card
V007219,PT04177,DR072,D06,2024-09-22,Radiotherapy,1696,0,0,Not Admitted,Card
V007220,PT03481,DR013,D04,2024-09-20,Stroke,5347,0,0,Not Admitted,Insurance
V007221,PT03201,DR011,D08,2024-05-02,PCOS,5526,0,0,Not Admitted,Cash
V007222,PT01060,DR068,D03,2024-03-11,Asthma,6301,0,0,Not Admitted,Insurance
V007223,PT04161,DR069,D07,2025-01-15,Infection,2122,0,0,Not Admitted,UPI
V007224,PT01351,DR020,D01,2024-11-30,Hypertension,3621,0,0,Not Admitted,UPI
V007225,PT01830,DR078,D06,2025-03-04,Radiotherapy,2191,0,0,Not Admitted,Cash
V007226,PT04085,DR079,D04,2024-03-08,Neuropathy,423287,1,6,Normal,Cash
V007227,PT00022,DR066,D08,2025-08-12,Prenatal Care,6951,0,0,Not Admitted,Card
V007228,PT03020,DR065,D04,2025-06-09,Epilepsy,1463,0,0,Not Admitted,Insurance
V007229,PT04663,DR060,D04,2024-05-14,Stroke,328938,1,1,Normal,Cash
V007230,PT02554,DR049,D01,2024-07-11,Heart Failure,143097,1,3,Normal,Insurance
V007231,PT01489,DR072,D06,2024-03-13,Tumor Screening,6805,0,0,Not Admitted,UPI
V007232,PT02882,DR009,D04,2024-10-26,Neuropathy,469087,1,4,Normal,UPI
V007233,PT01381,DR073,D04,2025-06-10,Stroke,270729,1,8,Normal,Insurance
V007234,PT01300,DR069,D07,2025-02-04,Fever,3427,0,0,Not Admitted,UPI
V007235,PT03545,DR030,D02,2025-03-30,Ligament Tear,2859,0,0,Not Admitted,Cash
V007236,PT04625,DR049,D01,2024-07-15,Heart Failure,1005,0,0,Not Admitted,Card
V007237,PT02851,DR021,D07,2025-09-18,Thyroid,7057,0,0,Not Admitted,Insurance
V007238,PT01094,DR025,D05,2025-05-02,Burns,3848,0,0,Not Admitted,UPI
V007239,PT03324,DR066,D08,2025-02-20,PCOS,626622,1,6,Normal,Insurance
V007240,PT03998,DR071,D03,2025-07-11,Viral Infection,142451,1,8,Normal,Cash
V007241,PT04486,DR030,D02,2024-12-23,Back Pain,4690,0,0,Not Admitted,Insurance
V007242,PT03876,DR039,D03,2024-06-24,Asthma,2789,0,0,Not Admitted,Card
V007243,PT00653,DR055,D02,2024-03-24,Ligament Tear,2485,0,0,Not Admitted,UPI
V007244,PT00788,DR066,D08,2025-03-18,Menstrual Disorder,540,0,0,Not Admitted,Cash
V007245,PT03760,DR015,D06,2025-05-02,Tumor Screening,1517,0,0,Not Admitted,UPI
V007246,PT03355,DR049,D01,2024-03-11,Hypertension,7574,0,0,Not Admitted,Insurance
V007247,PT03877,DR025,D05,2025-02-08,Poisoning,7298,0,0,Not Admitted,Card
V007248,PT03246,DR035,D06,2024-07-02,Post-op Care,4073,0,0,Not Admitted,Insurance
V007249,PT00423,DR072,D06,2025-01-02,Chemotherapy,5557,0,0,Not Admitted,Card
V007250,PT04526,DR016,D06,2025-10-13,Radiotherapy,577876,1,4,Normal,Insurance
V007251,PT01682,DR063,D05,2025-12-25,Poisoning,448943,1,0,Normal,Card
V007252,PT01289,DR005,D05,2025-12-29,Burns,5848,0,0,Not Admitted,UPI
V007253,PT00776,DR029,D05,2024-04-01,Severe Bleeding,3871,0,0,Not Admitted,Card
V007254,PT01686,DR050,D07,2024-07-11,Fever,5908,0,0,Not Admitted,Card
V007255,PT01517,DR013,D04,2025-12-12,Neuropathy,6397,0,0,Not Admitted,UPI
V007256,PT03831,DR069,D07,2024-09-26,Diabetes,183470,1,9,Normal,Card
V007257,PT02085,DR023,D02,2024-10-17,Arthritis,1279,0,0,Not Admitted,Card
V007258,PT02916,DR044,D08,2025-06-17,Menstrual Disorder,744910,1,8,Normal,UPI
V007259,PT02207,DR053,D03,2024-02-07,Viral Infection,5209,0,0,Not Admitted,Insurance
V007260,PT04343,DR040,D08,2024-01-31,Prenatal Care,600528,1,0,Normal,Card
V007261,PT00197,DR066,D08,2025-07-28,Prenatal Care,4645,0,0,Not Admitted,Insurance
V007262,PT00055,DR067,D07,2024-09-01,Fever,1902,0,0,Not Admitted,UPI
V007263,PT02101,DR068,D03,2025-07-16,Viral Infection,909,0,0,Not Admitted,Insurance
V007264,PT00511,DR045,D08,2024-12-24,Menstrual Disorder,7707,0,0,Not Admitted,Insurance
V007265,PT00387,DR035,D06,2024-04-08,Post-op Care,1937,0,0,Not Admitted,Cash
V007266,PT02594,DR066,D08,2025-06-10,Prenatal Care,7046,0,0,Not Admitted,Insurance
V007267,PT02631,DR007,D05,2024-03-07,Burns,3682,0,0,Not Admitted,Card
V007268,PT00294,DR062,D08,2025-01-02,Menstrual Disorder,5389,0,0,Not Admitted,Cash
V007269,PT04344,DR009,D04,2025-08-06,Epilepsy,6385,0,0,Not Admitted,Card
V007270,PT03733,DR017,D08,2024-08-04,Fertility,7393,0,0,Not Admitted,UPI
V007271,PT04828,DR035,D06,2025-04-10,Radiotherapy,7494,0,0,Not Admitted,UPI
V007272,PT00085,DR019,D04,2024-10-20,Epilepsy,1969,0,0,Not Admitted,Card
V007273,PT00719,DR059,D01,2025-10-19,Arrhythmia,3212,0,0,Not Admitted,Cash
V007274,PT03645,DR054,D02,2025-02-07,Arthritis,6572,0,0,Not Admitted,UPI
V007275,PT01098,DR067,D07,2024-10-08,Fever,105660,1,0,Normal,Card
V007276,PT03986,DR063,D05,2025-09-25,Trauma,5912,0,0,Not Admitted,Cash
V007277,PT00165,DR056,D02,2024-01-24,Ligament Tear,7503,0,0,Not Admitted,Insurance
V007278,PT05000,DR052,D06,2024-07-31,Tumor Screening,1031,0,0,Not Admitted,Card
V007279,PT00500,DR071,D03,2025-07-06,Vaccination,2862,0,0,Not Admitted,Card
V007280,PT04674,DR011,D08,2025-04-24,Menstrual Disorder,5328,0,0,Not Admitted,Cash
V007281,PT00943,DR070,D03,2024-08-13,Vaccination,5080,0,0,Not Admitted,Insurance
V007282,PT01697,DR077,D01,2024-01-10,Heart Failure,655609,1,5,Normal,Insurance
V007283,PT02650,DR057,D04,2024-06-28,Stroke,3992,0,0,Not Admitted,Card
V007284,PT02126,DR058,D03,2024-08-27,Asthma,3833,0,0,Not Admitted,UPI
V007285,PT04388,DR034,D08,2024-03-16,Menstrual Disorder,6195,0,0,Not Admitted,UPI
V007286,PT03203,DR042,D01,2024-07-18,Heart Failure,1649,0,0,Not Admitted,Insurance
V007287,PT01693,DR017,D08,2025-05-31,PCOS,5453,0,0,Not Admitted,Card
V007288,PT03199,DR051,D05,2025-07-26,Poisoning,4332,0,0,Not Admitted,Cash
V007289,PT00402,DR068,D03,2024-12-03,Asthma,3601,0,0,Not Admitted,Card
V007290,PT01038,DR075,D01,2025-10-01,Arrhythmia,710862,1,10,Normal,Insurance
V007291,PT01179,DR042,D01,2024-06-08,Arrhythmia,3508,0,0,Not Admitted,Card
V007292,PT02136,DR024,D05,2025-03-29,Trauma,1700,0,0,Not Admitted,UPI
V007293,PT04203,DR044,D08,2025-07-06,PCOS,4044,0,0,Not Admitted,UPI
V007294,PT01095,DR078,D06,2025-01-08,Chemotherapy,3440,0,0,Not Admitted,Card
V007295,PT02474,DR014,D04,2024-01-10,Epilepsy,2498,0,0,Not Admitted,Card
V007296,PT00324,DR032,D07,2024-09-28,Diabetes,1792,0,0,Not Admitted,Card
V007297,PT02022,DR020,D01,2024-12-27,Arrhythmia,6917,0,0,Not Admitted,Card
V007298,PT03481,DR063,D05,2024-09-05,Burns,7337,0,0,Not Admitted,Cash
V007299,PT01553,DR078,D06,2025-10-26,Tumor Screening,4860,0,0,Not Admitted,Card
V007300,PT02736,DR074,D03,2024-03-31,Vaccination,4241,0,0,Not Admitted,UPI
V007301,PT00413,DR017,D08,2025-02-12,Fertility,325290,1,2,Normal,Card
V007302,PT02222,DR003,D04,2024-07-02,Epilepsy,6508,0,0,Not Admitted,Cash
V007303,PT04545,DR066,D08,2024-06-17,Prenatal Care,4531,0,0,Not Admitted,UPI
V007304,PT03290,DR033,D05,2024-10-31,Trauma,413872,1,5,Normal,Cash
V007305,PT04375,DR041,D07,2024-02-23,Infection,2559,0,0,Not Admitted,Cash
V007306,PT01156,DR032,D07,2025-04-16,Thyroid,2838,0,0,Not Admitted,Cash
V007307,PT00172,DR039,D03,2024-11-12,Asthma,7307,0,0,Not Admitted,UPI
V007308,PT01111,DR070,D03,2025-05-22,Vaccination,6757,0,0,Not Admitted,Cash
V007309,PT01879,DR029,D05,2024-06-25,Severe Bleeding,1997,0,0,Not Admitted,Card
V007310,PT02027,DR054,D02,2025-12-05,Arthritis,143935,1,1,Normal,Insurance
V007311,PT04950,DR037,D02,2025-02-14,Ligament Tear,2642,0,0,Not Admitted,UPI
V007312,PT00778,DR070,D03,2025-10-06,Fever,1934,0,0,Not Admitted,Card
V007313,PT02188,DR063,D05,2024-05-12,Burns,5759,0,0,Not Admitted,UPI
V007314,PT02290,DR015,D06,2025-07-06,Radiotherapy,4314,0,0,Not Admitted,Cash
V007315,PT01038,DR011,D08,2025-11-01,Prenatal Care,3610,0,0,Not Admitted,Cash
V007316,PT02768,DR070,D03,2025-03-27,Vaccination,5058,0,0,Not Admitted,Cash
V007317,PT02062,DR019,D04,2024-02-24,Migraine,6197,0,0,Not Admitted,Card
V007318,PT00305,DR067,D07,2025-08-08,Infection,1287,0,0,Not Admitted,UPI
V007319,PT04415,DR033,D05,2024-04-02,Poisoning,437457,1,9,Normal,Insurance
V007320,PT03685,DR064,D02,2024-05-05,Fracture,649729,1,2,Normal,Cash
V007321,PT00727,DR050,D07,2025-09-23,Fever,6840,0,0,Not Admitted,Cash
V007322,PT01911,DR003,D04,2024-09-16,Neuropathy,632,0,0,Not Admitted,Insurance
V007323,PT04279,DR037,D02,2024-08-28,Ligament Tear,1366,0,0,Not Admitted,Insurance
V007324,PT00609,DR042,D01,2024-08-24,Arrhythmia,7099,0,0,Not Admitted,Card
V007325,PT01190,DR066,D08,2025-09-13,Prenatal Care,261666,1,12,Normal,Insurance
V007326,PT03113,DR062,D08,2024-03-23,Menstrual Disorder,772,0,0,Not Admitted,Insurance
V007327,PT01907,DR007,D05,2025-06-29,Trauma,3488,0,0,Not Admitted,Insurance
V007328,PT02971,DR023,D02,2024-01-31,Arthritis,6850,0,0,Not Admitted,Cash
V007329,PT04202,DR064,D02,2024-01-25,Fracture,1818,0,0,Not Admitted,Insurance
V007330,PT03079,DR032,D07,2025-08-28,Thyroid,5175,0,0,Not Admitted,UPI
V007331,PT00054,DR028,D06,2024-01-24,Radiotherapy,5583,0,0,Not Admitted,Insurance
V007332,PT00921,DR030,D02,2025-07-18,Fracture,5258,0,0,Not Admitted,UPI
V007333,PT04569,DR041,D07,2025-03-19,Fever,7399,0,0,Not Admitted,UPI
V007334,PT01611,DR039,D03,2024-09-15,Vaccination,3257,0,0,Not Admitted,Insurance
V007335,PT02585,DR075,D01,2024-09-30,CAD,446515,1,8,Normal,Cash
V007336,PT02656,DR040,D08,2025-09-22,PCOS,4511,0,0,Not Admitted,Card
V007337,PT02349,DR023,D02,2024-10-16,Arthritis,2078,0,0,Not Admitted,Cash
V007338,PT03463,DR022,D08,2024-10-06,Menstrual Disorder,5949,0,0,Not Admitted,Insurance
V007339,PT02700,DR050,D07,2025-12-13,Thyroid,3403,0,0,Not Admitted,UPI
V007340,PT03179,DR042,D01,2024-12-03,Hypertension,4210,0,0,Not Admitted,Insurance
V007341,PT01036,DR039,D03,2025-09-10,Fever,4721,0,0,Not Admitted,Card
V007342,PT02211,DR043,D06,2025-10-30,Chemotherapy,3805,0,0,Not Admitted,UPI
V007343,PT00939,DR079,D04,2024-04-05,Neuropathy,5733,0,0,Not Admitted,Cash
V007344,PT03040,DR065,D04,2024-12-21,Migraine,626913,1,6,Referred,Card
V007345,PT03742,DR075,D01,2024-12-07,Hypertension,2951,0,0,Not Admitted,Insurance
V007346,PT02791,DR058,D03,2024-07-07,Vaccination,4408,0,0,Not Admitted,Insurance
V007347,PT00508,DR061,D02,2025-01-03,Back Pain,5158,0,0,Not Admitted,Cash
V007348,PT00380,DR054,D02,2024-03-03,Fracture,6785,0,0,Not Admitted,UPI
V007349,PT02620,DR068,D03,2025-08-24,Viral Infection,1803,0,0,Not Admitted,Insurance
V007350,PT02036,DR029,D05,2024-01-18,Burns,7310,0,0,Not Admitted,Cash
V007351,PT01447,DR074,D03,2025-01-27,Fever,562845,1,11,Referred,Cash
V007352,PT03437,DR043,D06,2025-02-16,Tumor Screening,3807,0,0,Not Admitted,Card
V007353,PT03112,DR067,D07,2024-05-21,Infection,257914,1,11,Normal,Insurance
V007354,PT04905,DR020,D01,2024-01-13,CAD,5009,0,0,Not Admitted,UPI
V007355,PT03406,DR043,D06,2025-07-18,Tumor Screening,1012,0,0,Not Admitted,Insurance
V007356,PT01651,DR002,D02,2025-03-19,Arthritis,5588,0,0,Not Admitted,UPI
V007357,PT01979,DR079,D04,2024-08-19,Neuropathy,564182,1,10,Normal,Insurance
V007358,PT04818,DR025,D05,2024-07-10,Trauma,5154,0,0,Not Admitted,Cash
V007359,PT02432,DR077,D01,2024-08-31,CAD,471531,1,9,Normal,UPI
V007360,PT00868,DR033,D05,2025-10-18,Poisoning,3151,0,0,Not Admitted,UPI
V007361,PT04203,DR060,D04,2025-02-08,Epilepsy,7575,0,0,Not Admitted,Card
V007362,PT01262,DR013,D04,2024-10-25,Stroke,609,0,0,Not Admitted,Cash
V007363,PT01787,DR018,D05,2025-07-24,Poisoning,471411,1,2,Normal,Cash
V007364,PT01740,DR070,D03,2025-06-09,Viral Infection,745076,1,8,Normal,Card
V007365,PT00604,DR037,D02,2024-04-18,Ligament Tear,7342,0,0,Not Admitted,Card
V007366,PT03141,DR027,D06,2025-06-17,Tumor Screening,5008,0,0,Not Admitted,Card
V007367,PT00905,DR045,D08,2024-10-04,Prenatal Care,6936,0,0,Not Admitted,Card
V007368,PT02740,DR034,D08,2025-07-02,Prenatal Care,964,0,0,Not Admitted,UPI
V007369,PT01947,DR075,D01,2025-05-15,Arrhythmia,7956,0,0,Not Admitted,Insurance
V007370,PT01947,DR077,D01,2025-04-23,CAD,6850,0,0,Not Admitted,Cash
V007371,PT02180,DR030,D02,2025-01-09,Ligament Tear,549,0,0,Not Admitted,Cash
V007372,PT03096,DR046,D02,2024-12-03,Arthritis,6780,0,0,Not Admitted,Cash
V007373,PT03362,DR077,D01,2024-04-27,Hypertension,6420,0,0,Not Admitted,Insurance
V007374,PT02017,DR041,D07,2024-10-13,Fever,725444,1,6,Normal,UPI
V007375,PT03608,DR067,D07,2024-09-01,Fever,5152,0,0,Not Admitted,Cash
V007376,PT03336,DR001,D02,2025-05-30,Fracture,6205,0,0,Not Admitted,UPI
V007377,PT04284,DR080,D05,2025-01-03,Poisoning,1181,0,0,Not Admitted,UPI
V007378,PT03731,DR050,D07,2024-08-07,Thyroid,6734,0,0,Not Admitted,Cash
V007379,PT02627,DR041,D07,2025-04-08,Fever,2278,0,0,Not Admitted,Insurance
V007380,PT04061,DR043,D06,2024-08-11,Tumor Screening,3233,0,0,Not Admitted,UPI
V007381,PT03216,DR051,D05,2025-07-13,Severe Bleeding,7184,0,0,Not Admitted,UPI
V007382,PT02485,DR049,D01,2024-11-09,Hypertension,1813,0,0,Not Admitted,Card
V007383,PT00278,DR077,D01,2024-06-24,Heart Failure,6836,0,0,Not Admitted,Cash
V007384,PT03957,DR051,D05,2024-02-01,Trauma,562730,1,4,Normal,Card
V007385,PT03560,DR074,D03,2025-06-20,Viral Infection,5071,0,0,Not Admitted,Insurance
V007386,PT00126,DR005,D05,2025-08-11,Severe Bleeding,613968,1,6,Normal,Card
V007387,PT02223,DR055,D02,2024-01-04,Fracture,4875,0,0,Not Admitted,Cash
V007388,PT02579,DR016,D06,2025-10-06,Tumor Screening,659,0,0,Not Admitted,UPI
V007389,PT00830,DR072,D06,2025-06-14,Chemotherapy,5499,0,0,Not Admitted,Card
V007390,PT03209,DR027,D06,2024-05-31,Tumor Screening,7976,0,0,Not Admitted,Insurance
V007391,PT03641,DR062,D08,2024-12-17,Prenatal Care,7842,0,0,Not Admitted,UPI
V007392,PT03640,DR032,D07,2024-11-14,Fever,925,0,0,Not Admitted,Insurance
V007393,PT04415,DR060,D04,2024-06-20,Stroke,3304,0,0,Not Admitted,UPI
V007394,PT01155,DR039,D03,2025-06-28,Viral Infection,137794,1,5,Normal,Card
V007395,PT00432,DR035,D06,2024-02-22,Post-op Care,4996,0,0,Not Admitted,UPI
V007396,PT00888,DR052,D06,2024-01-25,Tumor Screening,1576,0,0,Not Admitted,Cash
V007397,PT04937,DR037,D02,2025-04-11,Ligament Tear,4204,0,0,Not Admitted,UPI
V007398,PT00228,DR030,D02,2025-05-10,Arthritis,767,0,0,Not Admitted,Insurance
V007399,PT02091,DR044,D08,2025-05-24,Fertility,3004,0,0,Not Admitted,Insurance
V007400,PT04180,DR062,D08,2024-02-07,PCOS,3699,0,0,Not Admitted,Cash
V007401,PT00358,DR013,D04,2025-09-02,Epilepsy,243225,1,5,Normal,Insurance
V007402,PT02338,DR019,D04,2024-10-13,Neuropathy,7705,0,0,Not Admitted,Cash
V007403,PT01189,DR040,D08,2024-10-05,PCOS,3180,0,0,Not Admitted,Insurance
V007404,PT00954,DR004,D05,2024-08-21,Poisoning,656,0,0,Not Admitted,Card
V007405,PT01470,DR059,D01,2025-04-08,Hypertension,1416,0,0,Not Admitted,UPI
V007406,PT04529,DR019,D04,2025-04-05,Neuropathy,1915,0,0,Not Admitted,Card
V007407,PT02223,DR077,D01,2025-10-12,CAD,1622,0,0,Not Admitted,Insurance
V007408,PT01539,DR004,D05,2024-12-29,Trauma,2586,0,0,Not Admitted,Insurance
V007409,PT04840,DR080,D05,2025-10-31,Severe Bleeding,798301,1,3,Normal,Card
V007410,PT03227,DR044,D08,2024-11-24,Prenatal Care,4695,0,0,Not Admitted,UPI
V007411,PT02230,DR055,D02,2024-09-15,Arthritis,372120,1,12,Normal,UPI
V007412,PT02921,DR075,D01,2024-01-22,Arrhythmia,2004,0,0,Not Admitted,UPI
V007413,PT01328,DR005,D05,2025-07-03,Severe Bleeding,1061,0,0,Not Admitted,Insurance
V007414,PT03811,DR050,D07,2025-09-30,Diabetes,3520,0,0,Not Admitted,Cash
V007415,PT02125,DR017,D08,2025-07-22,PCOS,5648,0,0,Not Admitted,Cash
V007416,PT02899,DR062,D08,2024-02-23,PCOS,2896,0,0,Not Admitted,Cash
V007417,PT01188,DR077,D01,2025-04-03,Arrhythmia,373663,1,0,Normal,Card
V007418,PT01601,DR040,D08,2025-11-17,Menstrual Disorder,2411,0,0,Not Admitted,Insurance
V007419,PT00328,DR040,D08,2025-12-01,Prenatal Care,400580,1,11,Normal,UPI
V007420,PT03101,DR027,D06,2025-03-29,Post-op Care,3714,0,0,Not Admitted,UPI
V007421,PT00887,DR008,D02,2024-07-28,Back Pain,79700,1,11,Normal,Cash
V007422,PT04631,DR050,D07,2024-12-18,Diabetes,2352,0,0,Not Admitted,Card
V007423,PT01978,DR042,D01,2024-09-11,CAD,1979,0,0,Not Admitted,Card
V007424,PT04205,DR052,D06,2025-11-02,Radiotherapy,840,0,0,Not Admitted,UPI
V007425,PT02488,DR035,D06,2024-02-05,Radiotherapy,699253,1,3,Normal,UPI
V007426,PT02664,DR028,D06,2025-12-07,Chemotherapy,6684,0,0,Not Admitted,Cash
V007427,PT02628,DR045,D08,2025-03-07,PCOS,5680,0,0,Not Admitted,Card
V007428,PT00437,DR010,D02,2024-10-06,Arthritis,4453,0,0,Not Admitted,Card
V007429,PT04336,DR035,D06,2024-04-13,Radiotherapy,7697,0,0,Not Admitted,Cash
V007430,PT04173,DR069,D07,2025-01-24,Diabetes,407316,1,1,Normal,Card
V007431,PT01355,DR072,D06,2025-05-20,Tumor Screening,704,0,0,Not Admitted,Card
V007432,PT02742,DR020,D01,2024-03-04,Hypertension,629354,1,1,Normal,Card
V007433,PT03586,DR012,D04,2024-02-14,Migraine,595,0,0,Not Admitted,Insurance
V007434,PT04096,DR040,D08,2025-05-20,Prenatal Care,5091,0,0,Not Admitted,Card
V007435,PT01371,DR069,D07,2024-09-06,Diabetes,4145,0,0,Not Admitted,Cash
V007436,PT01761,DR042,D01,2024-02-07,Hypertension,3932,0,0,Not Admitted,UPI
V007437,PT02230,DR055,D02,2025-03-15,Arthritis,502568,1,2,Normal,Insurance
V007438,PT03836,DR062,D08,2025-07-20,PCOS,6201,0,0,Not Admitted,Insurance
V007439,PT04554,DR042,D01,2024-12-30,Hypertension,6269,0,0,Not Admitted,Cash
V007440,PT01677,DR078,D06,2025-12-24,Radiotherapy,1166,0,0,Not Admitted,Cash
V007441,PT02344,DR059,D01,2025-06-03,Arrhythmia,2258,0,0,Not Admitted,Cash
V007442,PT00088,DR031,D03,2025-02-22,Asthma,2572,0,0,Not Admitted,Insurance
V007443,PT00817,DR040,D08,2024-10-12,Fertility,5555,0,0,Not Admitted,Card
V007444,PT01741,DR045,D08,2024-09-01,PCOS,7753,0,0,Not Admitted,UPI
V007445,PT04870,DR077,D01,2025-04-01,Hypertension,6087,0,0,Not Admitted,Card
V007446,PT02559,DR021,D07,2024-01-20,Thyroid,5695,0,0,Not Admitted,Card
V007447,PT00303,DR022,D08,2025-03-29,Prenatal Care,645,0,0,Not Admitted,UPI
V007448,PT03946,DR072,D06,2025-05-22,Post-op Care,4926,0,0,Not Admitted,Insurance
V007449,PT02501,DR061,D02,2025-03-20,Fracture,1528,0,0,Not Admitted,Cash
V007450,PT03870,DR050,D07,2025-01-23,Infection,7887,0,0,Not Admitted,Cash
V007451,PT03814,DR049,D01,2025-04-02,Heart Failure,165559,1,8,Normal,Cash
V007452,PT01626,DR002,D02,2025-07-24,Fracture,7548,0,0,Not Admitted,Cash
V007453,PT04659,DR019,D04,2025-07-25,Migraine,4179,0,0,Not Admitted,UPI
V007454,PT01346,DR007,D05,2025-02-17,Burns,1803,0,0,Not Admitted,Card
V007455,PT03299,DR063,D05,2024-11-04,Burns,5569,0,0,Not Admitted,Cash
V007456,PT03952,DR071,D03,2025-01-23,Fever,5422,0,0,Not Admitted,UPI
V007457,PT02573,DR047,D04,2024-07-19,Epilepsy,126548,1,12,Normal,UPI
V007458,PT00873,DR045,D08,2025-12-07,Fertility,4205,0,0,Not Admitted,UPI
V007459,PT04181,DR043,D06,2025-01-31,Tumor Screening,6757,0,0,Not Admitted,UPI
V007460,PT00160,DR051,D05,2025-10-27,Burns,6980,0,0,Not Admitted,Insurance
V007461,PT02405,DR001,D02,2024-11-30,Ligament Tear,6599,0,0,Not Admitted,Cash
V007462,PT03143,DR019,D04,2025-11-07,Epilepsy,5828,0,0,Not Admitted,UPI
V007463,PT04665,DR025,D05,2025-11-25,Poisoning,6256,0,0,Not Admitted,Card
V007464,PT01133,DR055,D02,2024-11-02,Back Pain,4227,0,0,Not Admitted,Cash
V007465,PT03437,DR001,D02,2025-01-22,Back Pain,5585,0,0,Not Admitted,Card
V007466,PT03775,DR074,D03,2025-01-28,Viral Infection,5344,0,0,Not Admitted,Insurance
V007467,PT02496,DR066,D08,2025-02-03,PCOS,1497,0,0,Not Admitted,Insurance
V007468,PT03490,DR031,D03,2024-09-28,Vaccination,7766,0,0,Not Admitted,Card
V007469,PT00518,DR049,D01,2025-12-08,Heart Failure,382698,1,0,Normal,Cash
V007470,PT00224,DR049,D01,2024-07-03,Hypertension,7495,0,0,Not Admitted,Cash
V007471,PT04570,DR041,D07,2024-06-03,Infection,2533,0,0,Not Admitted,UPI
V007472,PT02832,DR059,D01,2025-01-06,Heart Failure,1761,0,0,Not Admitted,UPI
V007473,PT00445,DR016,D06,2024-10-15,Chemotherapy,5308,0,0,Not Admitted,Insurance
V007474,PT01029,DR017,D08,2024-02-20,Menstrual Disorder,4856,0,0,Not Admitted,Insurance
V007475,PT03245,DR062,D08,2025-03-06,Menstrual Disorder,766,0,0,Not Admitted,Card
V007476,PT03938,DR039,D03,2024-09-27,Vaccination,669,0,0,Not Admitted,Cash
V007477,PT04473,DR062,D08,2025-11-04,Fertility,4955,0,0,Not Admitted,Insurance
V007478,PT04210,DR079,D04,2024-05-19,Stroke,6951,0,0,Not Admitted,Card
V007479,PT03038,DR026,D05,2024-06-03,Trauma,686,0,0,Not Admitted,UPI
V007480,PT04610,DR024,D05,2024-03-11,Burns,5801,0,0,Not Admitted,Cash
V007481,PT00536,DR059,D01,2024-12-01,Arrhythmia,623437,1,4,Referred,Insurance
V007482,PT03960,DR075,D01,2025-07-27,CAD,6050,0,0,Not Admitted,UPI
V007483,PT02075,DR022,D08,2024-02-24,Fertility,4379,0,0,Not Admitted,Card
V007484,PT04400,DR014,D04,2024-05-31,Neuropathy,469511,1,11,Normal,UPI
V007485,PT01963,DR076,D04,2024-02-22,Neuropathy,2541,0,0,Not Admitted,Insurance
V007486,PT03426,DR062,D08,2024-08-03,Fertility,6934,0,0,Not Admitted,Card
V007487,PT00462,DR080,D05,2025-10-27,Trauma,5732,0,0,Not Admitted,UPI
V007488,PT03665,DR051,D05,2025-08-28,Severe Bleeding,3330,0,0,Not Admitted,Cash
V007489,PT01564,DR017,D08,2024-02-28,Fertility,3516,0,0,Not Admitted,UPI
V007490,PT04419,DR041,D07,2024-12-22,Thyroid,313560,1,3,Normal,Insurance
V007491,PT01241,DR008,D02,2025-03-31,Fracture,3837,0,0,Not Admitted,Insurance
V007492,PT04692,DR039,D03,2024-10-14,Asthma,7912,0,0,Not Admitted,Cash
V007493,PT02928,DR074,D03,2024-02-15,Asthma,791084,1,7,Normal,Cash
V007494,PT01828,DR021,D07,2024-06-30,Thyroid,4851,0,0,Not Admitted,Card
V007495,PT00903,DR039,D03,2024-05-23,Fever,7644,0,0,Not Admitted,UPI
V007496,PT02452,DR041,D07,2025-07-02,Fever,7504,0,0,Not Admitted,Insurance
V007497,PT02375,DR078,D06,2024-09-27,Chemotherapy,1647,0,0,Not Admitted,UPI
V007498,PT02782,DR050,D07,2025-07-27,Fever,1394,0,0,Not Admitted,Cash
V007499,PT00842,DR010,D02,2024-09-30,Ligament Tear,650,0,0,Not Admitted,Cash
V007500,PT01663,DR070,D03,2024-01-15,Vaccination,3805,0,0,Not Admitted,Card
V007501,PT00428,DR039,D03,2024-04-03,Fever,7915,0,0,Not Admitted,UPI
V007502,PT04006,DR074,D03,2024-02-26,Fever,3377,0,0,Not Admitted,Cash
V007503,PT02714,DR045,D08,2025-01-18,PCOS,7059,0,0,Not Admitted,Card
V007504,PT00236,DR017,D08,2024-07-18,Fertility,3695,0,0,Not Admitted,Cash
V007505,PT04768,DR063,D05,2024-12-16,Severe Bleeding,6242,0,0,Not Admitted,Cash
V007506,PT01475,DR073,D04,2025-05-27,Neuropathy,6482,0,0,Not Admitted,UPI
V007507,PT03757,DR075,D01,2025-04-30,Arrhythmia,6876,0,0,Not Admitted,Insurance
V007508,PT00686,DR045,D08,2024-09-04,PCOS,4878,0,0,Not Admitted,UPI
V007509,PT04209,DR078,D06,2024-03-02,Radiotherapy,6172,0,0,Not Admitted,UPI
V007510,PT01681,DR043,D06,2024-12-22,Chemotherapy,5652,0,0,Not Admitted,Card
V007511,PT01209,DR032,D07,2025-12-24,Thyroid,7975,0,0,Not Admitted,UPI
V007512,PT04553,DR052,D06,2024-08-17,Post-op Care,5097,0,0,Not Admitted,Insurance
V007513,PT04862,DR046,D02,2024-02-18,Back Pain,3761,0,0,Not Admitted,Cash
V007514,PT00732,DR040,D08,2025-12-09,Menstrual Disorder,6844,0,0,Not Admitted,UPI
V007515,PT03790,DR041,D07,2025-10-10,Diabetes,4323,0,0,Not Admitted,Card
V007516,PT04461,DR077,D01,2024-12-02,Hypertension,7077,0,0,Not Admitted,Cash
V007517,PT01041,DR033,D05,2025-07-16,Burns,3744,0,0,Not Admitted,Card
V007518,PT04635,DR027,D06,2024-10-16,Tumor Screening,4453,0,0,Not Admitted,UPI
V007519,PT04645,DR075,D01,2025-08-14,Heart Failure,577496,1,11,LAMA,Cash
V007520,PT04378,DR023,D02,2024-04-12,Back Pain,5088,0,0,Not Admitted,Cash
V007521,PT04866,DR060,D04,2025-09-08,Stroke,7409,0,0,Not Admitted,UPI
V007522,PT04919,DR041,D07,2025-12-26,Fever,7225,0,0,Not Admitted,Cash
V007523,PT04333,DR015,D06,2025-02-06,Chemotherapy,7483,0,0,Not Admitted,Insurance
V007524,PT03707,DR049,D01,2024-02-07,Hypertension,707,0,0,Not Admitted,Insurance
V007525,PT00734,DR031,D03,2025-03-19,Fever,574,0,0,Not Admitted,Cash
V007526,PT01165,DR054,D02,2024-05-22,Ligament Tear,5969,0,0,Not Admitted,Card
V007527,PT03324,DR051,D05,2025-04-07,Burns,1952,0,0,Not Admitted,UPI
V007528,PT03192,DR018,D05,2024-02-06,Burns,4964,0,0,Not Admitted,Insurance
V007529,PT02483,DR050,D07,2024-08-20,Thyroid,3073,0,0,Not Admitted,Insurance
V007530,PT02547,DR021,D07,2024-02-05,Fever,3499,0,0,Not Admitted,UPI
V007531,PT00072,DR002,D02,2024-06-21,Ligament Tear,5141,0,0,Not Admitted,Insurance
V007532,PT02749,DR066,D08,2025-12-30,Prenatal Care,7873,0,0,Not Admitted,UPI
V007533,PT01897,DR038,D04,2024-03-26,Migraine,5905,0,0,Not Admitted,Insurance
V007534,PT02654,DR028,D06,2024-05-17,Tumor Screening,1886,0,0,Not Admitted,Cash
V007535,PT04075,DR068,D03,2024-02-05,Fever,2017,0,0,Not Admitted,Cash
V007536,PT01071,DR046,D02,2025-09-07,Fracture,127423,1,0,Normal,Insurance
V007537,PT02134,DR030,D02,2025-05-22,Back Pain,767678,1,3,Normal,UPI
V007538,PT01283,DR052,D06,2024-06-16,Chemotherapy,4858,0,0,Not Admitted,Insurance
V007539,PT00654,DR052,D06,2024-09-26,Radiotherapy,640576,1,8,Normal,Insurance
V007540,PT04494,DR063,D05,2025-08-14,Trauma,5380,0,0,Not Admitted,Insurance
V007541,PT04957,DR017,D08,2024-01-04,Prenatal Care,3565,0,0,Not Admitted,UPI
V007542,PT02221,DR034,D08,2024-01-09,Fertility,6634,0,0,Not Admitted,Card
V007543,PT03822,DR034,D08,2025-10-04,PCOS,1208,0,0,Not Admitted,Insurance
V007544,PT02540,DR063,D05,2025-01-06,Poisoning,3865,0,0,Not Admitted,Cash
V007545,PT01266,DR075,D01,2024-05-16,Heart Failure,2995,0,0,Not Admitted,Card
V007546,PT04727,DR027,D06,2024-05-27,Radiotherapy,6056,0,0,Not Admitted,Card
V007547,PT01256,DR070,D03,2025-12-12,Fever,333709,1,10,Normal,Card
V007548,PT03920,DR009,D04,2024-06-29,Migraine,2037,0,0,Not Admitted,UPI
V007549,PT03268,DR034,D08,2024-05-17,Prenatal Care,323189,1,4,Normal,UPI
V007550,PT02680,DR004,D05,2024-11-24,Burns,705,0,0,Not Admitted,UPI
V007551,PT02855,DR062,D08,2025-01-18,Fertility,1732,0,0,Not Admitted,Cash
V007552,PT02170,DR004,D05,2025-09-01,Severe Bleeding,467947,1,5,Normal,Insurance
V007553,PT00203,DR021,D07,2025-08-09,Infection,5528,0,0,Not Admitted,UPI
V007554,PT03709,DR004,D05,2024-10-09,Burns,7451,0,0,Not Admitted,Insurance
V007555,PT00361,DR025,D05,2024-03-12,Poisoning,1039,0,0,Not Admitted,Insurance
V007556,PT04220,DR045,D08,2025-05-14,Menstrual Disorder,7510,0,0,Not Admitted,Insurance
V007557,PT03135,DR053,D03,2024-08-31,Viral Infection,3602,0,0,Not Admitted,UPI
V007558,PT01346,DR042,D01,2025-08-21,Heart Failure,282152,1,9,Normal,Cash
V007559,PT00302,DR072,D06,2024-07-11,Post-op Care,2240,0,0,Not Admitted,Insurance
V007560,PT03213,DR056,D02,2025-10-06,Fracture,6024,0,0,Not Admitted,UPI
V007561,PT00809,DR059,D01,2024-09-07,Arrhythmia,2391,0,0,Not Admitted,Card
V007562,PT04044,DR015,D06,2025-06-30,Chemotherapy,7215,0,0,Not Admitted,Card
V007563,PT00772,DR077,D01,2024-08-08,Hypertension,4456,0,0,Not Admitted,Card
V007564,PT03880,DR032,D07,2024-02-11,Thyroid,569019,1,9,Normal,Insurance
V007565,PT01904,DR001,D02,2025-10-05,Ligament Tear,783808,1,3,Referred,Cash
V007566,PT04725,DR030,D02,2024-03-04,Fracture,6937,0,0,Not Admitted,Insurance
V007567,PT03641,DR080,D05,2025-03-15,Trauma,577,0,0,Not Admitted,UPI
V007568,PT01695,DR005,D05,2024-08-30,Burns,3792,0,0,Not Admitted,Card
V007569,PT01218,DR068,D03,2024-09-24,Asthma,5691,0,0,Not Admitted,Card
V007570,PT01969,DR068,D03,2025-08-10,Fever,3569,0,0,Not Admitted,Insurance
V007571,PT01505,DR077,D01,2024-06-29,Heart Failure,3066,0,0,Not Admitted,UPI
V007572,PT02207,DR077,D01,2025-12-07,CAD,6162,0,0,Not Admitted,Cash
V007573,PT03360,DR008,D02,2024-04-11,Fracture,5600,0,0,Not Admitted,UPI
V007574,PT02164,DR022,D08,2024-10-28,Prenatal Care,667361,1,10,LAMA,Card
V007575,PT00069,DR031,D03,2024-06-27,Asthma,274990,1,12,Normal,Cash
V007576,PT02208,DR076,D04,2024-03-02,Migraine,7982,0,0,Not Admitted,Cash
V007577,PT01645,DR040,D08,2025-05-16,Fertility,4294,0,0,Not Admitted,UPI
V007578,PT02559,DR078,D06,2024-05-29,Post-op Care,6572,0,0,Not Admitted,Cash
V007579,PT03623,DR028,D06,2024-04-02,Chemotherapy,4186,0,0,Not Admitted,UPI
V007580,PT01679,DR050,D07,2025-02-19,Thyroid,655723,1,2,Normal,Card
V007581,PT00962,DR043,D06,2025-04-05,Tumor Screening,7693,0,0,Not Admitted,Cash
V007582,PT02508,DR067,D07,2025-02-09,Infection,861,0,0,Not Admitted,Card
V007583,PT04742,DR059,D01,2025-10-14,Hypertension,338111,1,5,Referred,UPI
V007584,PT03130,DR012,D04,2025-02-06,Epilepsy,3093,0,0,Not Admitted,Insurance
V007585,PT00758,DR065,D04,2024-10-19,Stroke,6333,0,0,Not Admitted,UPI
V007586,PT00877,DR015,D06,2024-11-27,Radiotherapy,7809,0,0,Not Admitted,Cash
V007587,PT03873,DR058,D03,2025-09-25,Asthma,4228,0,0,Not Admitted,UPI
V007588,PT04799,DR045,D08,2025-06-26,Prenatal Care,1291,0,0,Not Admitted,Cash
V007589,PT01455,DR070,D03,2024-07-27,Fever,134236,1,2,Normal,Card
V007590,PT02405,DR020,D01,2024-10-07,CAD,5678,0,0,Not Admitted,UPI
V007591,PT02617,DR071,D03,2024-03-31,Fever,1937,0,0,Not Admitted,UPI
V007592,PT00803,DR017,D08,2025-08-10,Fertility,3865,0,0,Not Admitted,Cash
V007593,PT01776,DR065,D04,2024-12-25,Migraine,5268,0,0,Not Admitted,Cash
V007594,PT02982,DR079,D04,2025-08-16,Neuropathy,6655,0,0,Not Admitted,UPI
V007595,PT01379,DR062,D08,2025-11-30,Menstrual Disorder,1333,0,0,Not Admitted,UPI
V007596,PT04880,DR027,D06,2024-04-25,Tumor Screening,6173,0,0,Not Admitted,Card
V007597,PT00289,DR001,D02,2024-01-08,Ligament Tear,663362,1,9,Normal,Insurance
V007598,PT01181,DR001,D02,2025-10-09,Ligament Tear,7630,0,0,Not Admitted,UPI
V007599,PT00754,DR069,D07,2025-03-12,Fever,114619,1,2,Normal,Card
V007600,PT03660,DR037,D02,2025-11-20,Arthritis,2661,0,0,Not Admitted,Cash
V007601,PT00420,DR001,D02,2024-02-29,Fracture,455711,1,11,Normal,Card
V007602,PT01439,DR040,D08,2024-08-17,Menstrual Disorder,1442,0,0,Not Admitted,Card
V007603,PT01044,DR027,D06,2024-12-27,Chemotherapy,262985,1,5,Normal,UPI
V007604,PT03920,DR069,D07,2024-12-07,Fever,157065,1,8,Normal,Insurance
V007605,PT00304,DR035,D06,2025-03-03,Tumor Screening,5405,0,0,Not Admitted,Card
V007606,PT00972,DR040,D08,2025-07-13,Fertility,4529,0,0,Not Admitted,Cash
V007607,PT02821,DR016,D06,2024-03-15,Tumor Screening,778543,1,0,Normal,Cash
V007608,PT04152,DR080,D05,2024-08-14,Poisoning,4055,0,0,Not Admitted,Card
V007609,PT01873,DR021,D07,2025-09-26,Thyroid,2668,0,0,Not Admitted,Cash
V007610,PT03764,DR040,D08,2025-06-08,Prenatal Care,1139,0,0,Not Admitted,Card
V007611,PT01349,DR021,D07,2024-04-20,Thyroid,1023,0,0,Not Admitted,Card
V007612,PT02558,DR025,D05,2024-02-08,Burns,6856,0,0,Not Admitted,UPI
V007613,PT01832,DR069,D07,2025-07-05,Thyroid,100668,1,5,Referred,Insurance
V007614,PT04607,DR005,D05,2025-11-29,Severe Bleeding,4394,0,0,Not Admitted,Card
V007615,PT03612,DR047,D04,2025-09-09,Epilepsy,7294,0,0,Not Admitted,UPI
V007616,PT04062,DR041,D07,2024-12-23,Infection,424017,1,4,Normal,Card
V007617,PT04263,DR014,D04,2024-03-24,Neuropathy,4431,0,0,Not Admitted,Cash
V007618,PT04604,DR041,D07,2024-07-01,Infection,6634,0,0,Not Admitted,Cash
V007619,PT00741,DR079,D04,2025-05-02,Migraine,3065,0,0,Not Admitted,Insurance
V007620,PT01199,DR066,D08,2025-01-05,PCOS,1781,0,0,Not Admitted,Cash
V007621,PT01493,DR021,D07,2024-04-22,Fever,3027,0,0,Not Admitted,Insurance
V007622,PT02332,DR031,D03,2025-07-13,Asthma,6129,0,0,Not Admitted,Cash
V007623,PT01270,DR067,D07,2024-07-03,Thyroid,3693,0,0,Not Admitted,Card
V007624,PT04895,DR058,D03,2024-05-11,Vaccination,1536,0,0,Not Admitted,Cash
V007625,PT01251,DR069,D07,2025-04-15,Thyroid,7046,0,0,Not Admitted,Insurance
V007626,PT02851,DR039,D03,2025-03-09,Fever,4466,0,0,Not Admitted,UPI
V007627,PT00650,DR014,D04,2024-03-18,Neuropathy,709,0,0,Not Admitted,Card
V007628,PT00066,DR075,D01,2024-07-13,Arrhythmia,3938,0,0,Not Admitted,Cash
V007629,PT02935,DR066,D08,2025-06-13,Menstrual Disorder,778990,1,12,Normal,UPI
V007630,PT00568,DR015,D06,2024-12-29,Radiotherapy,4777,0,0,Not Admitted,Cash
V007631,PT04728,DR030,D02,2025-09-21,Arthritis,4696,0,0,Not Admitted,Cash
V007632,PT01975,DR043,D06,2025-01-15,Chemotherapy,2365,0,0,Not Admitted,UPI
V007633,PT01917,DR070,D03,2025-02-15,Vaccination,654,0,0,Not Admitted,Insurance
V007634,PT00401,DR005,D05,2024-10-02,Severe Bleeding,5850,0,0,Not Admitted,Insurance
V007635,PT00480,DR001,D02,2025-02-19,Arthritis,5602,0,0,Not Admitted,Insurance
V007636,PT04805,DR063,D05,2025-11-27,Trauma,5535,0,0,Not Admitted,Cash
V007637,PT01559,DR021,D07,2025-12-12,Infection,2086,0,0,Not Admitted,Cash
V007638,PT02167,DR027,D06,2025-03-05,Post-op Care,1089,0,0,Not Admitted,Insurance
V007639,PT02200,DR067,D07,2024-05-09,Fever,191916,1,12,Normal,Cash
V007640,PT00973,DR025,D05,2025-12-04,Trauma,719254,1,7,Normal,Cash
V007641,PT02995,DR055,D02,2024-07-06,Back Pain,1238,0,0,Not Admitted,Cash
V007642,PT02943,DR022,D08,2025-05-05,Fertility,6428,0,0,Not Admitted,Card
V007643,PT02600,DR047,D04,2024-06-07,Epilepsy,1846,0,0,Not Admitted,UPI
V007644,PT02460,DR027,D06,2025-08-07,Post-op Care,1918,0,0,Not Admitted,UPI
V007645,PT04251,DR046,D02,2025-06-18,Back Pain,1866,0,0,Not Admitted,Cash
V007646,PT02577,DR046,D02,2025-03-31,Arthritis,311716,1,6,Normal,Cash
V007647,PT03672,DR007,D05,2025-11-16,Severe Bleeding,7656,0,0,Not Admitted,Insurance
V007648,PT03518,DR012,D04,2025-07-21,Epilepsy,6147,0,0,Not Admitted,Insurance
V007649,PT02626,DR067,D07,2024-06-24,Infection,7052,0,0,Not Admitted,Insurance
V007650,PT03577,DR051,D05,2024-01-13,Severe Bleeding,7817,0,0,Not Admitted,Card
V007651,PT03114,DR053,D03,2024-11-30,Vaccination,3241,0,0,Not Admitted,UPI
V007652,PT02086,DR016,D06,2025-01-15,Radiotherapy,5043,0,0,Not Admitted,UPI
V007653,PT00980,DR070,D03,2024-04-26,Vaccination,6536,0,0,Not Admitted,Card
V007654,PT03537,DR076,D04,2025-07-22,Epilepsy,6763,0,0,Not Admitted,Card
V007655,PT02793,DR019,D04,2025-06-18,Stroke,3658,0,0,Not Admitted,UPI
V007656,PT01652,DR021,D07,2025-03-17,Fever,6161,0,0,Not Admitted,UPI
V007657,PT00020,DR041,D07,2024-05-04,Infection,3497,0,0,Not Admitted,UPI
V007658,PT04286,DR077,D01,2025-07-23,Arrhythmia,7928,0,0,Not Admitted,Card
V007659,PT03212,DR049,D01,2024-05-04,Heart Failure,795161,1,6,Referred,Card
V007660,PT00478,DR080,D05,2024-02-04,Trauma,1846,0,0,Not Admitted,Insurance
V007661,PT02679,DR066,D08,2024-07-30,Fertility,446946,1,8,Normal,Insurance
V007662,PT01820,DR035,D06,2025-10-05,Chemotherapy,3350,0,0,Not Admitted,UPI
V007663,PT02398,DR015,D06,2024-01-30,Radiotherapy,1742,0,0,Not Admitted,Cash
V007664,PT04539,DR075,D01,2025-05-01,Arrhythmia,855,0,0,Not Admitted,Card
V007665,PT04242,DR051,D05,2025-10-17,Poisoning,6734,0,0,Not Admitted,Cash
V007666,PT04820,DR044,D08,2025-10-18,PCOS,4608,0,0,Not Admitted,UPI
V007667,PT01541,DR077,D01,2025-06-12,Heart Failure,5644,0,0,Not Admitted,UPI
V007668,PT03388,DR015,D06,2024-10-26,Post-op Care,2552,0,0,Not Admitted,Insurance
V007669,PT04776,DR001,D02,2025-10-18,Arthritis,685313,1,4,Normal,UPI
V007670,PT02098,DR065,D04,2024-12-29,Epilepsy,1353,0,0,Not Admitted,Insurance
V007671,PT02960,DR077,D01,2024-05-23,Hypertension,603,0,0,Not Admitted,Card
V007672,PT04730,DR077,D01,2024-09-03,CAD,3008,0,0,Not Admitted,Insurance
V007673,PT03697,DR072,D06,2025-12-30,Chemotherapy,1446,0,0,Not Admitted,Card
V007674,PT02084,DR027,D06,2024-01-21,Tumor Screening,2738,0,0,Not Admitted,Card
V007675,PT02663,DR060,D04,2024-02-24,Migraine,2059,0,0,Not Admitted,Insurance
V007676,PT00211,DR058,D03,2025-11-03,Vaccination,557,0,0,Not Admitted,UPI
V007677,PT00499,DR052,D06,2024-11-25,Post-op Care,4941,0,0,Not Admitted,UPI
V007678,PT01591,DR067,D07,2024-10-09,Infection,4183,0,0,Not Admitted,UPI
V007679,PT01581,DR052,D06,2024-02-11,Post-op Care,702512,1,8,Normal,Insurance
V007680,PT02603,DR033,D05,2025-06-06,Poisoning,378989,1,7,Normal,Insurance
V007681,PT02257,DR056,D02,2025-03-05,Ligament Tear,2472,0,0,Not Admitted,UPI
V007682,PT04933,DR005,D05,2024-07-01,Trauma,5251,0,0,Not Admitted,Card
V007683,PT04676,DR076,D04,2024-04-10,Migraine,6021,0,0,Not Admitted,Insurance
V007684,PT00324,DR022,D08,2024-04-20,Prenatal Care,1759,0,0,Not Admitted,Cash
V007685,PT04497,DR018,D05,2025-09-13,Severe Bleeding,116675,1,0,Normal,Cash
V007686,PT04599,DR067,D07,2024-06-26,Fever,7470,0,0,Not Admitted,Cash
V007687,PT00451,DR074,D03,2025-07-11,Fever,7222,0,0,Not Admitted,Cash
V007688,PT01776,DR032,D07,2025-11-11,Diabetes,1111,0,0,Not Admitted,Card
V007689,PT00424,DR055,D02,2025-08-26,Fracture,5726,0,0,Not Admitted,Cash
V007690,PT01840,DR058,D03,2024-12-19,Fever,3909,0,0,Not Admitted,Card
V007691,PT00904,DR015,D06,2024-08-04,Tumor Screening,2000,0,0,Not Admitted,Card
V007692,PT04360,DR028,D06,2025-07-08,Chemotherapy,1080,0,0,Not Admitted,Insurance
V007693,PT03707,DR020,D01,2024-08-20,CAD,186317,1,10,Normal,Card
V007694,PT00465,DR056,D02,2025-07-01,Back Pain,6795,0,0,Not Admitted,Card
V007695,PT02907,DR060,D04,2025-06-06,Neuropathy,7845,0,0,Not Admitted,Card
V007696,PT02608,DR075,D01,2024-12-06,CAD,5979,0,0,Not Admitted,UPI
V007697,PT03208,DR025,D05,2024-09-28,Severe Bleeding,2837,0,0,Not Admitted,Insurance
V007698,PT02046,DR040,D08,2024-06-17,PCOS,1246,0,0,Not Admitted,Insurance
V007699,PT04408,DR008,D02,2025-11-02,Back Pain,2745,0,0,Not Admitted,Card
V007700,PT04534,DR011,D08,2024-12-10,Prenatal Care,2951,0,0,Not Admitted,Insurance
V007701,PT01886,DR042,D01,2024-06-12,Arrhythmia,2415,0,0,Not Admitted,Cash
V007702,PT00167,DR021,D07,2024-03-25,Diabetes,7986,0,0,Not Admitted,Cash
V007703,PT02404,DR059,D01,2025-04-01,Heart Failure,7445,0,0,Not Admitted,Cash
V007704,PT02165,DR035,D06,2025-06-25,Chemotherapy,527860,1,11,Normal,Insurance
V007705,PT01976,DR011,D08,2024-02-12,PCOS,6397,0,0,Not Admitted,Card
V007706,PT04866,DR050,D07,2025-02-19,Fever,5311,0,0,Not Admitted,Cash
V007707,PT02257,DR016,D06,2025-06-06,Tumor Screening,2069,0,0,Not Admitted,UPI
V007708,PT04915,DR021,D07,2024-12-17,Fever,204066,1,6,Normal,Insurance
V007709,PT04342,DR016,D06,2025-11-21,Chemotherapy,660881,1,7,Normal,Card
V007710,PT04329,DR033,D05,2025-02-20,Burns,2990,0,0,Not Admitted,Cash
V007711,PT02511,DR021,D07,2024-12-28,Diabetes,90823,1,4,Normal,Cash
V007712,PT03037,DR071,D03,2024-12-22,Asthma,5118,0,0,Not Admitted,Insurance
V007713,PT00841,DR049,D01,2024-07-19,CAD,6419,0,0,Not Admitted,Card
V007714,PT04265,DR005,D05,2025-04-09,Poisoning,7191,0,0,Not Admitted,Card
V007715,PT04724,DR042,D01,2024-04-27,Arrhythmia,569598,1,0,Normal,Insurance
V007716,PT00969,DR050,D07,2024-07-18,Fever,7708,0,0,Not Admitted,Card
V007717,PT01734,DR063,D05,2024-05-03,Poisoning,1583,0,0,Not Admitted,UPI
V007718,PT00721,DR079,D04,2024-04-06,Neuropathy,5810,0,0,Not Admitted,Cash
V007719,PT00783,DR020,D01,2024-04-24,Hypertension,1270,0,0,Not Admitted,Card
V007720,PT04493,DR049,D01,2025-11-13,Heart Failure,5440,0,0,Not Admitted,UPI
V007721,PT03199,DR005,D05,2025-12-04,Severe Bleeding,5571,0,0,Not Admitted,Card
V007722,PT00756,DR059,D01,2024-10-04,Hypertension,7182,0,0,Not Admitted,Cash
V007723,PT03266,DR038,D04,2024-10-07,Migraine,4031,0,0,Not Admitted,Cash
V007724,PT03889,DR008,D02,2024-08-23,Arthritis,6812,0,0,Not Admitted,UPI
V007725,PT04366,DR054,D02,2025-05-22,Back Pain,2646,0,0,Not Admitted,Cash
V007726,PT02201,DR078,D06,2025-07-09,Tumor Screening,5825,0,0,Not Admitted,Card
V007727,PT00517,DR079,D04,2024-05-03,Epilepsy,6761,0,0,Not Admitted,Card
V007728,PT00197,DR010,D02,2025-11-29,Ligament Tear,5733,0,0,Not Admitted,UPI
V007729,PT02259,DR051,D05,2024-01-19,Trauma,1443,0,0,Not Admitted,Insurance
V007730,PT01359,DR065,D04,2024-09-12,Epilepsy,4316,0,0,Not Admitted,Cash
V007731,PT03839,DR037,D02,2025-01-31,Fracture,3270,0,0,Not Admitted,UPI
V007732,PT02682,DR055,D02,2024-12-26,Arthritis,3366,0,0,Not Admitted,Insurance
V007733,PT00135,DR013,D04,2025-01-25,Stroke,5640,0,0,Not Admitted,UPI
V007734,PT01334,DR024,D05,2025-01-15,Severe Bleeding,4103,0,0,Not Admitted,Cash
V007735,PT02536,DR051,D05,2025-11-02,Trauma,1167,0,0,Not Admitted,Cash
V007736,PT04091,DR040,D08,2025-08-09,PCOS,424595,1,0,Referred,Cash
V007737,PT03373,DR042,D01,2025-02-03,Hypertension,2726,0,0,Not Admitted,UPI
V007738,PT03521,DR063,D05,2024-07-31,Severe Bleeding,667886,1,4,Normal,UPI
V007739,PT04000,DR061,D02,2024-11-19,Fracture,3840,0,0,Not Admitted,Insurance
V007740,PT01175,DR049,D01,2024-04-02,Hypertension,52887,1,10,Normal,Insurance
V007741,PT02989,DR077,D01,2024-01-16,Arrhythmia,6465,0,0,Not Admitted,Cash
V007742,PT02346,DR076,D04,2024-11-15,Epilepsy,7998,0,0,Not Admitted,Insurance
V007743,PT01918,DR071,D03,2025-07-29,Asthma,727221,1,6,Normal,Card
V007744,PT02283,DR069,D07,2025-04-18,Infection,1018,0,0,Not Admitted,UPI
V007745,PT01341,DR078,D06,2025-04-05,Tumor Screening,3260,0,0,Not Admitted,Cash
V007746,PT01667,DR052,D06,2024-02-18,Radiotherapy,7568,0,0,Not Admitted,UPI
V007747,PT03814,DR042,D01,2025-11-07,Arrhythmia,1854,0,0,Not Admitted,Card
V007748,PT01199,DR078,D06,2025-07-05,Post-op Care,4160,0,0,Not Admitted,UPI
V007749,PT03939,DR068,D03,2024-12-12,Asthma,7113,0,0,Not Admitted,UPI
V007750,PT00297,DR041,D07,2024-09-08,Thyroid,5687,0,0,Not Admitted,Card
V007751,PT01772,DR038,D04,2025-05-13,Epilepsy,4812,0,0,Not Admitted,Insurance
V007752,PT03264,DR009,D04,2024-11-08,Stroke,6213,0,0,Not Admitted,UPI
V007753,PT00392,DR065,D04,2025-10-21,Migraine,3302,0,0,Not Admitted,Insurance
V007754,PT04888,DR009,D04,2025-10-25,Neuropathy,2712,0,0,Not Admitted,Insurance
V007755,PT01618,DR058,D03,2025-06-08,Fever,4538,0,0,Not Admitted,Cash
V007756,PT03457,DR020,D01,2024-10-15,CAD,122604,1,7,Normal,UPI
V007757,PT01591,DR028,D06,2024-06-16,Radiotherapy,6735,0,0,Not Admitted,Card
V007758,PT02403,DR044,D08,2024-11-22,Fertility,7855,0,0,Not Admitted,Cash
V007759,PT01830,DR072,D06,2025-10-29,Tumor Screening,1904,0,0,Not Admitted,UPI
V007760,PT01784,DR068,D03,2024-02-01,Asthma,5169,0,0,Not Admitted,Card
V007761,PT04735,DR047,D04,2024-01-17,Epilepsy,1333,0,0,Not Admitted,UPI
V007762,PT02870,DR011,D08,2025-06-20,Prenatal Care,2471,0,0,Not Admitted,Cash
V007763,PT02903,DR078,D06,2024-10-01,Post-op Care,3721,0,0,Not Admitted,Insurance
V007764,PT03193,DR073,D04,2024-06-24,Migraine,5451,0,0,Not Admitted,UPI
V007765,PT03521,DR070,D03,2024-04-11,Vaccination,6064,0,0,Not Admitted,UPI
V007766,PT02896,DR004,D05,2024-08-03,Poisoning,5086,0,0,Not Admitted,Insurance
V007767,PT03404,DR069,D07,2024-03-06,Infection,188827,1,10,Normal,Cash
V007768,PT03241,DR025,D05,2025-02-08,Poisoning,5274,0,0,Not Admitted,Card
V007769,PT00021,DR073,D04,2025-08-11,Epilepsy,116126,1,0,Normal,UPI
V007770,PT03166,DR044,D08,2024-09-08,PCOS,1871,0,0,Not Admitted,Card
V007771,PT02017,DR013,D04,2024-08-03,Stroke,5519,0,0,Not Admitted,Card
V007772,PT00178,DR070,D03,2024-09-07,Fever,5898,0,0,Not Admitted,Insurance
V007773,PT01709,DR041,D07,2025-02-24,Diabetes,7195,0,0,Not Admitted,Cash
V007774,PT03729,DR010,D02,2025-08-06,Back Pain,6584,0,0,Not Admitted,Insurance
V007775,PT03237,DR032,D07,2024-10-25,Thyroid,7273,0,0,Not Admitted,Card
V007776,PT01635,DR057,D04,2025-12-20,Epilepsy,7711,0,0,Not Admitted,UPI
V007777,PT02246,DR059,D01,2024-09-02,Hypertension,7882,0,0,Not Admitted,Cash
V007778,PT02283,DR016,D06,2025-08-10,Tumor Screening,6656,0,0,Not Admitted,Cash
V007779,PT01612,DR020,D01,2025-11-21,CAD,7019,0,0,Not Admitted,Card
V007780,PT00246,DR035,D06,2024-08-05,Chemotherapy,5823,0,0,Not Admitted,UPI
V007781,PT00724,DR040,D08,2024-10-19,Fertility,1371,0,0,Not Admitted,Card
V007782,PT02704,DR017,D08,2025-01-12,PCOS,5353,0,0,Not Admitted,Card
V007783,PT03802,DR066,D08,2024-10-03,Prenatal Care,3906,0,0,Not Admitted,Insurance
V007784,PT02929,DR036,D04,2024-04-05,Neuropathy,7301,0,0,Not Admitted,Insurance
V007785,PT04676,DR044,D08,2024-06-06,PCOS,5304,0,0,Not Admitted,Card
V007786,PT01910,DR039,D03,2024-03-11,Asthma,6311,0,0,Not Admitted,Card
V007787,PT03401,DR066,D08,2025-10-07,Fertility,5164,0,0,Not Admitted,Card
V007788,PT04314,DR046,D02,2024-07-12,Arthritis,7491,0,0,Not Admitted,UPI
V007789,PT04544,DR043,D06,2025-01-29,Chemotherapy,7913,0,0,Not Admitted,UPI
V007790,PT01095,DR074,D03,2024-02-21,Asthma,3308,0,0,Not Admitted,UPI
V007791,PT01776,DR017,D08,2024-12-02,Menstrual Disorder,4366,0,0,Not Admitted,Card
V007792,PT03807,DR051,D05,2024-05-07,Poisoning,7035,0,0,Not Admitted,UPI
V007793,PT03259,DR043,D06,2024-03-23,Chemotherapy,4316,0,0,Not Admitted,Insurance
V007794,PT00267,DR078,D06,2024-05-25,Radiotherapy,374582,1,12,Normal,UPI
V007795,PT04816,DR050,D07,2024-01-30,Thyroid,3040,0,0,Not Admitted,Card
V007796,PT04351,DR055,D02,2024-05-05,Back Pain,5901,0,0,Not Admitted,Cash
V007797,PT04581,DR022,D08,2025-12-04,Menstrual Disorder,655486,1,10,Normal,Cash
V007798,PT00250,DR059,D01,2024-06-04,CAD,3098,0,0,Not Admitted,UPI
V007799,PT04707,DR039,D03,2024-10-25,Vaccination,2654,0,0,Not Admitted,Card
V007800,PT02209,DR028,D06,2024-04-10,Post-op Care,4447,0,0,Not Admitted,Card
V007801,PT00147,DR059,D01,2024-05-25,Hypertension,207962,1,7,Referred,Card
V007802,PT02172,DR012,D04,2024-06-22,Neuropathy,2098,0,0,Not Admitted,Card
V007803,PT02557,DR039,D03,2024-04-13,Viral Infection,4431,0,0,Not Admitted,UPI
V007804,PT00065,DR061,D02,2024-09-16,Back Pain,6603,0,0,Not Admitted,UPI
V007805,PT03223,DR046,D02,2024-09-07,Back Pain,3231,0,0,Not Admitted,Card
V007806,PT01310,DR035,D06,2025-07-21,Post-op Care,7160,0,0,Not Admitted,Card
V007807,PT01901,DR009,D04,2025-07-18,Stroke,6465,0,0,Not Admitted,Card
V007808,PT04280,DR080,D05,2025-08-01,Trauma,7233,0,0,Not Admitted,Card
V007809,PT01798,DR054,D02,2024-05-25,Ligament Tear,4226,0,0,Not Admitted,UPI
V007810,PT03987,DR067,D07,2024-01-28,Fever,717335,1,6,Normal,Insurance
V007811,PT00841,DR019,D04,2024-08-01,Neuropathy,235740,1,11,Normal,Card
V007812,PT04891,DR046,D02,2025-11-14,Ligament Tear,3981,0,0,Not Admitted,Cash
V007813,PT00156,DR067,D07,2025-04-30,Diabetes,5223,0,0,Not Admitted,Card
V007814,PT00351,DR020,D01,2025-06-16,Arrhythmia,2762,0,0,Not Admitted,Cash
V007815,PT01223,DR039,D03,2025-05-08,Vaccination,2898,0,0,Not Admitted,Cash
V007816,PT02650,DR072,D06,2025-06-11,Chemotherapy,3821,0,0,Not Admitted,Insurance
V007817,PT03002,DR053,D03,2025-11-19,Vaccination,2684,0,0,Not Admitted,Insurance
V007818,PT04400,DR001,D02,2024-10-29,Back Pain,2922,0,0,Not Admitted,Card
V007819,PT03536,DR075,D01,2024-02-18,CAD,1258,0,0,Not Admitted,Card
V007820,PT02091,DR020,D01,2024-11-21,Arrhythmia,378612,1,9,Normal,Cash
V007821,PT02916,DR062,D08,2024-06-02,PCOS,220640,1,8,Normal,Card
V007822,PT01624,DR063,D05,2025-10-16,Trauma,4028,0,0,Not Admitted,Card
V007823,PT02383,DR004,D05,2025-02-08,Burns,2451,0,0,Not Admitted,UPI
V007824,PT01105,DR077,D01,2024-07-03,Heart Failure,6406,0,0,Not Admitted,UPI
V007825,PT01925,DR075,D01,2024-04-20,Hypertension,7299,0,0,Not Admitted,Insurance
V007826,PT03770,DR063,D05,2024-11-19,Severe Bleeding,605,0,0,Not Admitted,Cash
V007827,PT02399,DR024,D05,2025-07-18,Poisoning,5172,0,0,Not Admitted,Insurance
V007828,PT03387,DR010,D02,2024-04-30,Back Pain,5129,0,0,Not Admitted,Card
V007829,PT03112,DR044,D08,2025-11-17,Fertility,633787,1,6,Normal,Insurance
V007830,PT01985,DR049,D01,2024-01-22,Hypertension,4507,0,0,Not Admitted,Insurance
V007831,PT04327,DR010,D02,2024-12-04,Arthritis,2767,0,0,Not Admitted,Cash
V007832,PT01852,DR064,D02,2024-11-08,Ligament Tear,4802,0,0,Not Admitted,Insurance
V007833,PT01036,DR075,D01,2025-08-18,Heart Failure,65211,1,1,Normal,Insurance
V007834,PT04269,DR001,D02,2024-08-17,Arthritis,4407,0,0,Not Admitted,Insurance
V007835,PT04539,DR008,D02,2025-08-04,Back Pain,4690,0,0,Not Admitted,UPI
V007836,PT03479,DR062,D08,2024-07-27,Fertility,7433,0,0,Not Admitted,Insurance
V007837,PT03335,DR033,D05,2025-09-11,Poisoning,3264,0,0,Not Admitted,Cash
V007838,PT04439,DR010,D02,2024-01-01,Fracture,4889,0,0,Not Admitted,Insurance
V007839,PT02973,DR065,D04,2025-07-11,Epilepsy,2205,0,0,Not Admitted,UPI
V007840,PT03652,DR070,D03,2024-07-19,Vaccination,3672,0,0,Not Admitted,Cash
V007841,PT04648,DR057,D04,2025-03-27,Stroke,6538,0,0,Not Admitted,UPI
V007842,PT01563,DR029,D05,2024-02-07,Severe Bleeding,5271,0,0,Not Admitted,UPI
V007843,PT01154,DR075,D01,2024-05-31,CAD,3511,0,0,Not Admitted,Insurance
V007844,PT03229,DR020,D01,2024-05-10,CAD,7107,0,0,Not Admitted,Card
V007845,PT04162,DR010,D02,2024-05-29,Fracture,297196,1,5,Normal,Card
V007846,PT01095,DR056,D02,2024-04-27,Ligament Tear,540578,1,5,Normal,Card
V007847,PT03788,DR061,D02,2025-06-26,Back Pain,3685,0,0,Not Admitted,UPI
V007848,PT01748,DR014,D04,2024-06-27,Neuropathy,1874,0,0,Not Admitted,UPI
V007849,PT02069,DR035,D06,2025-10-21,Radiotherapy,6738,0,0,Not Admitted,Card
V007850,PT01482,DR012,D04,2025-06-04,Epilepsy,303630,1,7,Normal,Card
V007851,PT03817,DR077,D01,2024-11-10,CAD,7224,0,0,Not Admitted,UPI
V007852,PT00441,DR080,D05,2024-11-11,Poisoning,7286,0,0,Not Admitted,UPI
V007853,PT03165,DR027,D06,2025-06-16,Radiotherapy,4071,0,0,Not Admitted,Card
V007854,PT04939,DR068,D03,2025-07-23,Fever,4012,0,0,Not Admitted,Card
V007855,PT04558,DR029,D05,2024-06-18,Poisoning,5399,0,0,Not Admitted,UPI
V007856,PT00524,DR013,D04,2024-12-05,Epilepsy,3643,0,0,Not Admitted,Cash
V007857,PT00045,DR080,D05,2024-11-16,Burns,7774,0,0,Not Admitted,Cash
V007858,PT00215,DR075,D01,2024-08-28,Heart Failure,170723,1,11,Normal,Cash
V007859,PT01162,DR016,D06,2024-01-31,Post-op Care,3498,0,0,Not Admitted,Card
V007860,PT03462,DR045,D08,2024-09-21,Prenatal Care,887,0,0,Not Admitted,Card
V007861,PT03242,DR021,D07,2025-04-23,Infection,7309,0,0,Not Admitted,UPI
V007862,PT00508,DR069,D07,2024-01-17,Thyroid,1594,0,0,Not Admitted,Cash
V007863,PT04410,DR070,D03,2024-07-06,Vaccination,6932,0,0,Not Admitted,Cash
V007864,PT02347,DR076,D04,2025-07-23,Neuropathy,6321,0,0,Not Admitted,Card
V007865,PT00501,DR062,D08,2025-10-11,Prenatal Care,5070,0,0,Not Admitted,UPI
V007866,PT01913,DR023,D02,2024-08-22,Fracture,34444,1,11,Normal,Insurance
V007867,PT04933,DR007,D05,2025-09-05,Poisoning,6470,0,0,Not Admitted,Cash
V007868,PT03978,DR041,D07,2024-04-30,Infection,512232,1,12,Normal,UPI
V007869,PT00769,DR013,D04,2024-03-13,Stroke,2693,0,0,Not Admitted,UPI
V007870,PT02046,DR049,D01,2024-05-29,Arrhythmia,5131,0,0,Not Admitted,Card
V007871,PT03963,DR017,D08,2024-09-05,Menstrual Disorder,605650,1,10,Normal,UPI
V007872,PT01588,DR016,D06,2024-02-28,Tumor Screening,4642,0,0,Not Admitted,Cash
V007873,PT04962,DR075,D01,2025-02-13,CAD,3280,0,0,Not Admitted,Cash
V007874,PT02908,DR019,D04,2025-04-09,Neuropathy,7551,0,0,Not Admitted,Cash
V007875,PT02589,DR013,D04,2024-12-22,Epilepsy,1166,0,0,Not Admitted,Cash
V007876,PT00018,DR045,D08,2025-10-20,Fertility,1275,0,0,Not Admitted,UPI
V007877,PT03116,DR027,D06,2025-06-10,Radiotherapy,2749,0,0,Not Admitted,Card
V007878,PT00918,DR059,D01,2024-10-26,Hypertension,101806,1,12,Normal,Insurance
V007879,PT01398,DR070,D03,2025-05-29,Vaccination,310797,1,5,Normal,Cash
V007880,PT02234,DR029,D05,2024-10-28,Burns,54016,1,10,Normal,Card
V007881,PT04813,DR049,D01,2025-06-04,CAD,507997,1,9,Normal,Cash
V007882,PT00332,DR047,D04,2024-02-25,Neuropathy,3814,0,0,Not Admitted,Card
V007883,PT04361,DR053,D03,2024-08-24,Asthma,2289,0,0,Not Admitted,Cash
V007884,PT04573,DR075,D01,2025-01-15,Hypertension,187705,1,5,Normal,Cash
V007885,PT00146,DR075,D01,2024-12-08,CAD,7342,0,0,Not Admitted,UPI
V007886,PT04281,DR050,D07,2025-05-31,Infection,320691,1,8,Normal,UPI
V007887,PT01316,DR032,D07,2024-11-16,Diabetes,3480,0,0,Not Admitted,Card
V007888,PT01274,DR022,D08,2024-04-12,Prenatal Care,5802,0,0,Not Admitted,UPI
V007889,PT01846,DR049,D01,2024-04-30,Arrhythmia,5794,0,0,Not Admitted,UPI
V007890,PT01901,DR019,D04,2025-05-11,Stroke,5390,0,0,Not Admitted,Card
V007891,PT03893,DR077,D01,2024-03-16,Arrhythmia,1791,0,0,Not Admitted,Insurance
V007892,PT00983,DR021,D07,2025-04-27,Fever,2342,0,0,Not Admitted,Card
V007893,PT04332,DR014,D04,2025-05-21,Migraine,650654,1,8,Normal,Card
V007894,PT04041,DR057,D04,2025-11-03,Neuropathy,7777,0,0,Not Admitted,Cash
V007895,PT04870,DR010,D02,2024-06-08,Ligament Tear,6526,0,0,Not Admitted,Cash
V007896,PT03315,DR073,D04,2024-03-25,Stroke,1159,0,0,Not Admitted,Card
V007897,PT03819,DR063,D05,2024-10-19,Trauma,5727,0,0,Not Admitted,Card
V007898,PT01859,DR031,D03,2024-03-18,Viral Infection,4749,0,0,Not Admitted,Insurance
V007899,PT03013,DR078,D06,2025-04-27,Tumor Screening,4565,0,0,Not Admitted,Cash
V007900,PT04958,DR050,D07,2024-10-17,Diabetes,5049,0,0,Not Admitted,UPI
V007901,PT00143,DR037,D02,2024-01-09,Arthritis,567,0,0,Not Admitted,Cash
V007902,PT02819,DR008,D02,2025-07-26,Ligament Tear,6148,0,0,Not Admitted,Card
V007903,PT04454,DR073,D04,2025-07-09,Migraine,59569,1,8,Normal,Card
V007904,PT00648,DR068,D03,2025-09-24,Asthma,1928,0,0,Not Admitted,UPI
V007905,PT04700,DR024,D05,2025-08-15,Poisoning,2582,0,0,Not Admitted,Insurance
V007906,PT03844,DR077,D01,2025-09-18,CAD,4728,0,0,Not Admitted,UPI
V007907,PT03244,DR021,D07,2025-11-02,Infection,5196,0,0,Not Admitted,UPI
V007908,PT02199,DR077,D01,2025-09-17,Arrhythmia,3504,0,0,Not Admitted,Cash
V007909,PT03805,DR062,D08,2025-03-10,PCOS,1182,0,0,Not Admitted,Insurance
V007910,PT00286,DR045,D08,2025-04-02,PCOS,5910,0,0,Not Admitted,UPI
V007911,PT02043,DR005,D05,2024-04-19,Burns,802,0,0,Not Admitted,Card
V007912,PT02557,DR064,D02,2024-12-03,Arthritis,1363,0,0,Not Admitted,Cash
V007913,PT00155,DR049,D01,2024-12-30,Hypertension,3663,0,0,Not Admitted,Insurance
V007914,PT01665,DR078,D06,2025-11-29,Chemotherapy,571805,1,5,Normal,Insurance
V007915,PT00888,DR051,D05,2025-11-16,Trauma,5085,0,0,Not Admitted,Cash
V007916,PT04548,DR031,D03,2025-11-02,Asthma,182199,1,12,Normal,Card
V007917,PT04339,DR016,D06,2025-01-29,Tumor Screening,3109,0,0,Not Admitted,UPI
V007918,PT01194,DR068,D03,2024-08-29,Fever,6732,0,0,Not Admitted,Cash
V007919,PT03275,DR074,D03,2025-10-23,Viral Infection,1329,0,0,Not Admitted,Cash
V007920,PT01594,DR047,D04,2025-02-10,Migraine,3508,0,0,Not Admitted,Card
V007921,PT00139,DR043,D06,2024-06-19,Tumor Screening,5530,0,0,Not Admitted,Card
V007922,PT01983,DR023,D02,2024-08-12,Fracture,403950,1,7,LAMA,UPI
V007923,PT02762,DR043,D06,2024-08-23,Tumor Screening,6486,0,0,Not Admitted,Cash
V007924,PT02609,DR010,D02,2024-11-25,Fracture,6891,0,0,Not Admitted,UPI
V007925,PT04688,DR038,D04,2025-01-25,Stroke,1223,0,0,Not Admitted,Cash
V007926,PT02612,DR041,D07,2025-01-22,Fever,2461,0,0,Not Admitted,UPI
V007927,PT02503,DR064,D02,2024-05-25,Back Pain,5653,0,0,Not Admitted,Cash
V007928,PT03026,DR055,D02,2024-07-29,Arthritis,1784,0,0,Not Admitted,Card
V007929,PT00835,DR021,D07,2025-12-15,Fever,900,0,0,Not Admitted,Insurance
V007930,PT01950,DR026,D05,2025-11-29,Severe Bleeding,5072,0,0,Not Admitted,Card
V007931,PT03303,DR014,D04,2025-04-17,Stroke,6011,0,0,Not Admitted,Cash
V007932,PT00797,DR039,D03,2025-08-05,Viral Infection,6228,0,0,Not Admitted,UPI
V007933,PT02159,DR076,D04,2024-12-26,Migraine,1667,0,0,Not Admitted,Insurance
V007934,PT01069,DR063,D05,2024-07-15,Poisoning,63746,1,2,Normal,Insurance
V007935,PT02164,DR002,D02,2024-10-15,Arthritis,1258,0,0,Not Admitted,UPI
V007936,PT02611,DR010,D02,2024-01-24,Fracture,6965,0,0,Not Admitted,Insurance
V007937,PT02060,DR053,D03,2024-06-05,Fever,3898,0,0,Not Admitted,Insurance
V007938,PT01708,DR063,D05,2025-12-05,Severe Bleeding,2095,0,0,Not Admitted,Cash
V007939,PT01785,DR075,D01,2025-11-24,Heart Failure,567853,1,2,Normal,Insurance
V007940,PT02727,DR042,D01,2025-04-16,CAD,5132,0,0,Not Admitted,Insurance
V007941,PT00699,DR077,D01,2024-04-29,Heart Failure,1212,0,0,Not Admitted,Card
V007942,PT03241,DR020,D01,2025-02-16,CAD,3614,0,0,Not Admitted,Cash
V007943,PT02154,DR050,D07,2024-03-14,Infection,692697,1,7,Normal,Insurance
V007944,PT03288,DR013,D04,2025-03-15,Epilepsy,66882,1,10,Normal,Card
V007945,PT00414,DR033,D05,2025-03-21,Trauma,7241,0,0,Not Admitted,Insurance
V007946,PT01675,DR006,D02,2025-06-01,Back Pain,557,0,0,Not Admitted,Insurance
V007947,PT00744,DR044,D08,2025-05-14,Menstrual Disorder,7045,0,0,Not Admitted,UPI
V007948,PT02325,DR029,D05,2025-09-20,Burns,1408,0,0,Not Admitted,UPI
V007949,PT04476,DR026,D05,2025-02-17,Burns,2885,0,0,Not Admitted,Cash
V007950,PT02726,DR077,D01,2024-03-14,CAD,3052,0,0,Not Admitted,Insurance
V007951,PT00922,DR053,D03,2025-01-09,Vaccination,2314,0,0,Not Admitted,Card
V007952,PT03059,DR007,D05,2024-08-23,Trauma,281340,1,11,Normal,Card
V007953,PT00153,DR011,D08,2024-06-25,PCOS,5214,0,0,Not Admitted,UPI
V007954,PT01386,DR040,D08,2024-07-08,PCOS,3157,0,0,Not Admitted,Card
V007955,PT00708,DR058,D03,2024-07-30,Fever,5824,0,0,Not Admitted,Cash
V007956,PT03599,DR045,D08,2025-05-09,PCOS,1488,0,0,Not Admitted,UPI
V007957,PT01357,DR022,D08,2024-02-22,Fertility,3487,0,0,Not Admitted,Insurance
V007958,PT03008,DR043,D06,2025-08-09,Tumor Screening,5989,0,0,Not Admitted,Card
V007959,PT02843,DR039,D03,2025-12-20,Asthma,531,0,0,Not Admitted,UPI
V007960,PT00619,DR038,D04,2025-10-06,Migraine,4644,0,0,Not Admitted,Cash
V007961,PT03537,DR037,D02,2024-12-30,Ligament Tear,1956,0,0,Not Admitted,UPI
V007962,PT00291,DR044,D08,2025-08-05,Menstrual Disorder,3796,0,0,Not Admitted,Insurance
V007963,PT01129,DR053,D03,2025-10-22,Viral Infection,7565,0,0,Not Admitted,Card
V007964,PT04967,DR032,D07,2024-07-23,Thyroid,6255,0,0,Not Admitted,Cash
V007965,PT03174,DR023,D02,2024-03-01,Back Pain,3374,0,0,Not Admitted,UPI
V007966,PT01405,DR050,D07,2025-07-12,Diabetes,656989,1,7,Normal,Card
V007967,PT03214,DR023,D02,2024-12-28,Fracture,5312,0,0,Not Admitted,UPI
V007968,PT03827,DR006,D02,2025-02-23,Fracture,6773,0,0,Not Admitted,Cash
V007969,PT02707,DR008,D02,2024-09-13,Back Pain,1507,0,0,Not Admitted,Card
V007970,PT03511,DR033,D05,2025-06-15,Trauma,219845,1,7,LAMA,Cash
V007971,PT01365,DR020,D01,2024-01-18,CAD,5004,0,0,Not Admitted,Cash
V007972,PT00536,DR078,D06,2025-04-06,Tumor Screening,7883,0,0,Not Admitted,Insurance
V007973,PT00373,DR029,D05,2025-02-27,Poisoning,6071,0,0,Not Admitted,Insurance
V007974,PT02094,DR026,D05,2024-03-13,Trauma,7240,0,0,Not Admitted,Card
V007975,PT04126,DR066,D08,2024-05-14,Menstrual Disorder,185476,1,8,Normal,Card
V007976,PT03071,DR045,D08,2025-09-26,Prenatal Care,2087,0,0,Not Admitted,Card
V007977,PT04040,DR061,D02,2024-03-12,Ligament Tear,530,0,0,Not Admitted,UPI
V007978,PT04951,DR063,D05,2024-01-30,Trauma,3563,0,0,Not Admitted,Card
V007979,PT02950,DR003,D04,2024-07-01,Migraine,4653,0,0,Not Admitted,Card
V007980,PT04803,DR071,D03,2025-01-21,Asthma,4034,0,0,Not Admitted,UPI
V007981,PT03744,DR068,D03,2024-11-01,Vaccination,7137,0,0,Not Admitted,UPI
V007982,PT01051,DR068,D03,2024-11-30,Viral Infection,5140,0,0,Not Admitted,UPI
V007983,PT02718,DR027,D06,2025-06-25,Chemotherapy,2217,0,0,Not Admitted,UPI
V007984,PT00100,DR074,D03,2024-03-15,Fever,2865,0,0,Not Admitted,Card
V007985,PT01892,DR005,D05,2024-09-03,Trauma,730,0,0,Not Admitted,Card
V007986,PT04491,DR009,D04,2025-09-19,Epilepsy,65138,1,0,Normal,UPI
V007987,PT00184,DR041,D07,2024-08-14,Infection,656075,1,8,Referred,Insurance
V007988,PT00713,DR038,D04,2024-06-13,Migraine,7688,0,0,Not Admitted,UPI
V007989,PT01937,DR001,D02,2025-07-25,Back Pain,5020,0,0,Not Admitted,UPI
V007990,PT04073,DR079,D04,2025-05-03,Stroke,481130,1,1,Normal,Card
V007991,PT04383,DR046,D02,2024-10-10,Arthritis,2620,0,0,Not Admitted,Cash
V007992,PT01505,DR055,D02,2024-11-11,Ligament Tear,4862,0,0,Not Admitted,Insurance
V007993,PT04025,DR051,D05,2024-01-20,Trauma,720686,1,8,Normal,Insurance
V007994,PT02072,DR059,D01,2025-10-14,CAD,2336,0,0,Not Admitted,Card
V007995,PT01761,DR045,D08,2025-01-30,Prenatal Care,7521,0,0,Not Admitted,Insurance
V007996,PT03983,DR055,D02,2024-08-08,Fracture,60492,1,2,Normal,Cash
V007997,PT00953,DR053,D03,2024-10-16,Viral Infection,6169,0,0,Not Admitted,Cash
V007998,PT04838,DR024,D05,2025-02-15,Burns,7238,0,0,Not Admitted,Card
V007999,PT01852,DR023,D02,2025-07-27,Ligament Tear,5596,0,0,Not Admitted,Insurance
V008000,PT00838,DR068,D03,2025-06-30,Vaccination,532,0,0,Not Admitted,UPI
V008001,PT03411,DR066,D08,2025-03-24,Fertility,2165,0,0,Not Admitted,UPI
V008002,PT03634,DR069,D07,2025-03-17,Infection,1021,0,0,Not Admitted,Insurance
V008003,PT02863,DR039,D03,2025-04-29,Viral Infection,6815,0,0,Not Admitted,Insurance
V008004,PT04307,DR042,D01,2025-04-07,CAD,6973,0,0,Not Admitted,Card
V008005,PT00043,DR002,D02,2025-12-30,Ligament Tear,4417,0,0,Not Admitted,Insurance
V008006,PT03018,DR073,D04,2025-11-26,Epilepsy,3930,0,0,Not Admitted,Card
V008007,PT02794,DR007,D05,2025-02-14,Burns,5052,0,0,Not Admitted,Cash
V008008,PT02256,DR061,D02,2025-08-16,Ligament Tear,7132,0,0,Not Admitted,Card
V008009,PT02296,DR049,D01,2025-04-23,Hypertension,458137,1,12,Normal,Insurance
V008010,PT03004,DR077,D01,2024-06-08,Arrhythmia,5279,0,0,Not Admitted,UPI
V008011,PT00562,DR069,D07,2025-06-02,Thyroid,1092,0,0,Not Admitted,Card
V008012,PT03634,DR062,D08,2024-06-02,Fertility,4720,0,0,Not Admitted,UPI
V008013,PT00595,DR010,D02,2024-06-20,Back Pain,2339,0,0,Not Admitted,Insurance
V008014,PT03506,DR059,D01,2024-02-02,Heart Failure,7271,0,0,Not Admitted,Cash
V008015,PT01919,DR050,D07,2024-01-30,Infection,1057,0,0,Not Admitted,Card
V008016,PT03480,DR024,D05,2024-12-11,Burns,2493,0,0,Not Admitted,UPI
V008017,PT01350,DR043,D06,2024-03-23,Chemotherapy,777794,1,6,Normal,Card
V008018,PT04268,DR032,D07,2025-09-02,Diabetes,1052,0,0,Not Admitted,Insurance
V008019,PT01570,DR025,D05,2024-06-28,Severe Bleeding,804,0,0,Not Admitted,Insurance
V008020,PT00849,DR047,D04,2025-04-28,Stroke,2490,0,0,Not Admitted,UPI
V008021,PT04292,DR049,D01,2025-03-17,Hypertension,318775,1,5,Normal,UPI
V008022,PT01327,DR080,D05,2024-08-01,Trauma,6546,0,0,Not Admitted,Insurance
V008023,PT03302,DR030,D02,2024-09-22,Ligament Tear,321880,1,9,Normal,Card
V008024,PT02421,DR080,D05,2024-03-14,Severe Bleeding,3146,0,0,Not Admitted,Cash
V008025,PT00676,DR059,D01,2025-04-22,Hypertension,2967,0,0,Not Admitted,Card
V008026,PT04806,DR045,D08,2025-10-11,Menstrual Disorder,318168,1,5,Normal,UPI
V008027,PT00680,DR039,D03,2024-08-10,Viral Infection,3710,0,0,Not Admitted,UPI
V008028,PT01376,DR050,D07,2024-03-14,Fever,7856,0,0,Not Admitted,Card
V008029,PT00806,DR020,D01,2024-09-17,Heart Failure,1086,0,0,Not Admitted,UPI
V008030,PT03419,DR070,D03,2024-09-30,Fever,2595,0,0,Not Admitted,Cash
V008031,PT00284,DR004,D05,2025-01-23,Burns,292558,1,9,Normal,Cash
V008032,PT02525,DR075,D01,2024-06-07,CAD,3433,0,0,Not Admitted,Insurance
V008033,PT01175,DR034,D08,2024-06-28,PCOS,1078,0,0,Not Admitted,Card
V008034,PT03843,DR049,D01,2024-09-16,Hypertension,1094,0,0,Not Admitted,Card
V008035,PT02543,DR021,D07,2024-03-02,Infection,99963,1,6,Normal,Insurance
V008036,PT04544,DR050,D07,2025-10-05,Infection,6027,0,0,Not Admitted,Card
V008037,PT04913,DR045,D08,2024-04-08,Fertility,2546,0,0,Not Admitted,UPI
V008038,PT04397,DR020,D01,2024-01-03,Heart Failure,4194,0,0,Not Admitted,Insurance
V008039,PT00322,DR042,D01,2024-03-08,Arrhythmia,2149,0,0,Not Admitted,Card
V008040,PT00486,DR077,D01,2024-07-01,CAD,1217,0,0,Not Admitted,Insurance
V008041,PT02830,DR048,D04,2025-09-14,Migraine,1508,0,0,Not Admitted,Insurance
V008042,PT03062,DR016,D06,2025-02-11,Tumor Screening,649452,1,9,Normal,Card
V008043,PT03687,DR073,D04,2025-09-09,Epilepsy,2906,0,0,Not Admitted,Insurance
V008044,PT00858,DR051,D05,2024-04-04,Severe Bleeding,2329,0,0,Not Admitted,Card
V008045,PT01479,DR077,D01,2024-09-08,Hypertension,3831,0,0,Not Admitted,Cash
V008046,PT04716,DR063,D05,2025-07-14,Burns,7493,0,0,Not Admitted,Cash
V008047,PT04027,DR026,D05,2024-07-09,Severe Bleeding,1545,0,0,Not Admitted,Card
V008048,PT01317,DR064,D02,2025-12-15,Back Pain,784,0,0,Not Admitted,Insurance
V008049,PT00196,DR059,D01,2025-05-25,Arrhythmia,1461,0,0,Not Admitted,Card
V008050,PT03507,DR058,D03,2025-01-21,Viral Infection,4259,0,0,Not Admitted,Insurance
V008051,PT00534,DR011,D08,2024-03-15,PCOS,295157,1,10,Normal,Cash
V008052,PT00703,DR050,D07,2025-12-14,Diabetes,2142,0,0,Not Admitted,UPI
V008053,PT02108,DR046,D02,2025-11-25,Arthritis,349946,1,7,Normal,Card
V008054,PT03495,DR067,D07,2024-10-12,Diabetes,676464,1,4,Normal,Card
V008055,PT02007,DR002,D02,2024-12-22,Ligament Tear,120304,1,1,Normal,UPI
V008056,PT03125,DR006,D02,2025-08-08,Fracture,2666,0,0,Not Admitted,Cash
V008057,PT00930,DR075,D01,2024-04-28,Arrhythmia,4538,0,0,Not Admitted,Cash
V008058,PT01092,DR071,D03,2025-04-23,Vaccination,7934,0,0,Not Admitted,Card
V008059,PT02525,DR009,D04,2024-01-15,Epilepsy,6441,0,0,Not Admitted,Insurance
V008060,PT02080,DR024,D05,2025-12-27,Severe Bleeding,5952,0,0,Not Admitted,UPI
V008061,PT03435,DR077,D01,2024-06-14,Heart Failure,3778,0,0,Not Admitted,Card
V008062,PT04148,DR028,D06,2024-02-17,Post-op Care,109293,1,9,Normal,Card
V008063,PT02724,DR022,D08,2025-10-30,PCOS,7181,0,0,Not Admitted,Card
V008064,PT00761,DR049,D01,2025-05-04,Heart Failure,2362,0,0,Not Admitted,Cash
V008065,PT03155,DR006,D02,2025-06-26,Ligament Tear,4693,0,0,Not Admitted,Insurance
V008066,PT04277,DR039,D03,2024-11-05,Fever,5696,0,0,Not Admitted,Card
V008067,PT01539,DR017,D08,2025-10-23,Fertility,5078,0,0,Not Admitted,Insurance
V008068,PT04691,DR052,D06,2025-08-28,Tumor Screening,2024,0,0,Not Admitted,Card
V008069,PT03318,DR015,D06,2025-05-22,Post-op Care,1881,0,0,Not Admitted,UPI
V008070,PT04884,DR061,D02,2025-06-14,Fracture,7117,0,0,Not Admitted,UPI
V008071,PT01612,DR027,D06,2024-05-18,Tumor Screening,1031,0,0,Not Admitted,Insurance
V008072,PT04460,DR040,D08,2024-04-26,PCOS,5020,0,0,Not Admitted,Card
V008073,PT02632,DR048,D04,2025-11-30,Epilepsy,2459,0,0,Not Admitted,UPI
V008074,PT02560,DR070,D03,2025-05-10,Fever,2237,0,0,Not Admitted,Insurance
V008075,PT03234,DR029,D05,2025-07-26,Severe Bleeding,1125,0,0,Not Admitted,UPI
V008076,PT02504,DR026,D05,2024-12-10,Severe Bleeding,6667,0,0,Not Admitted,Card
V008077,PT02009,DR040,D08,2025-02-02,Menstrual Disorder,6585,0,0,Not Admitted,Insurance
V008078,PT03835,DR015,D06,2025-06-28,Chemotherapy,669821,1,11,Normal,Card
V008079,PT01733,DR069,D07,2025-06-16,Diabetes,4291,0,0,Not Admitted,Card
V008080,PT01961,DR063,D05,2025-05-22,Poisoning,383538,1,10,LAMA,Insurance
V008081,PT03405,DR055,D02,2024-02-18,Ligament Tear,6354,0,0,Not Admitted,Card
V008082,PT03722,DR034,D08,2025-08-08,Prenatal Care,7208,0,0,Not Admitted,UPI
V008083,PT01638,DR049,D01,2025-12-11,CAD,7277,0,0,Not Admitted,UPI
V008084,PT01466,DR078,D06,2025-12-04,Chemotherapy,6640,0,0,Not Admitted,Insurance
V008085,PT01448,DR069,D07,2024-12-01,Fever,2844,0,0,Not Admitted,Insurance
V008086,PT02860,DR050,D07,2025-06-09,Infection,2114,0,0,Not Admitted,UPI
V008087,PT00859,DR058,D03,2024-01-07,Viral Infection,7635,0,0,Not Admitted,UPI
V008088,PT01840,DR054,D02,2025-03-18,Ligament Tear,5403,0,0,Not Admitted,Cash
V008089,PT04239,DR061,D02,2025-02-08,Back Pain,574892,1,9,LAMA,Cash
V008090,PT04362,DR080,D05,2024-05-18,Severe Bleeding,5826,0,0,Not Admitted,Insurance
V008091,PT00245,DR059,D01,2025-07-03,Hypertension,6667,0,0,Not Admitted,Card
V008092,PT01335,DR079,D04,2025-05-09,Epilepsy,1869,0,0,Not Admitted,UPI
V008093,PT02247,DR049,D01,2024-09-05,Heart Failure,7764,0,0,Not Admitted,Cash
V008094,PT04276,DR057,D04,2024-05-12,Neuropathy,4953,0,0,Not Admitted,Card
V008095,PT03126,DR022,D08,2024-09-18,PCOS,7252,0,0,Not Admitted,UPI
V008096,PT03508,DR011,D08,2025-04-03,PCOS,2152,0,0,Not Admitted,Cash
V008097,PT03045,DR023,D02,2025-03-09,Ligament Tear,7671,0,0,Not Admitted,Insurance
V008098,PT00296,DR044,D08,2024-08-12,PCOS,5760,0,0,Not Admitted,Insurance
V008099,PT04871,DR040,D08,2025-11-01,Menstrual Disorder,2561,0,0,Not Admitted,Card
V008100,PT02291,DR031,D03,2024-08-09,Fever,99972,1,8,Normal,UPI
V008101,PT04832,DR076,D04,2024-04-09,Migraine,6263,0,0,Not Admitted,Card
V008102,PT03936,DR021,D07,2025-06-22,Infection,7209,0,0,Not Admitted,Card
V008103,PT03442,DR028,D06,2025-03-21,Post-op Care,7642,0,0,Not Admitted,Card
V008104,PT01705,DR021,D07,2024-12-07,Diabetes,1582,0,0,Not Admitted,Cash
V008105,PT04539,DR059,D01,2025-06-17,Arrhythmia,4995,0,0,Not Admitted,Insurance
V008106,PT00155,DR028,D06,2025-03-12,Chemotherapy,1780,0,0,Not Admitted,Card
V008107,PT01995,DR034,D08,2025-11-21,PCOS,7074,0,0,Not Admitted,Insurance
V008108,PT00670,DR031,D03,2024-06-15,Fever,4697,0,0,Not Admitted,UPI
V008109,PT00324,DR077,D01,2024-07-23,CAD,4767,0,0,Not Admitted,UPI
V008110,PT02377,DR044,D08,2024-07-18,PCOS,7312,0,0,Not Admitted,Cash
V008111,PT03317,DR067,D07,2024-11-28,Thyroid,5348,0,0,Not Admitted,Card
V008112,PT04707,DR021,D07,2025-11-12,Diabetes,4950,0,0,Not Admitted,Card
V008113,PT03988,DR059,D01,2024-11-23,Heart Failure,460099,1,6,Normal,Card
V008114,PT02013,DR059,D01,2025-02-12,Arrhythmia,59176,1,9,Normal,Insurance
V008115,PT01832,DR075,D01,2025-10-07,Heart Failure,5754,0,0,Not Admitted,Cash
V008116,PT01915,DR005,D05,2025-09-06,Poisoning,953,0,0,Not Admitted,Cash
V008117,PT01367,DR047,D04,2025-06-17,Neuropathy,2724,0,0,Not Admitted,Cash
V008118,PT02975,DR052,D06,2024-03-30,Post-op Care,7697,0,0,Not Admitted,Card
V008119,PT04815,DR069,D07,2024-12-05,Thyroid,3859,0,0,Not Admitted,Insurance
V008120,PT03556,DR008,D02,2025-02-01,Back Pain,7218,0,0,Not Admitted,UPI
V008121,PT02775,DR020,D01,2024-12-31,Heart Failure,668136,1,5,Normal,UPI
V008122,PT00698,DR026,D05,2025-08-13,Severe Bleeding,3601,0,0,Not Admitted,Card
V008123,PT02079,DR027,D06,2024-09-08,Post-op Care,487839,1,2,Normal,Card
V008124,PT01137,DR002,D02,2025-08-17,Ligament Tear,4030,0,0,Not Admitted,Cash
V008125,PT02617,DR050,D07,2025-03-01,Thyroid,512,0,0,Not Admitted,Insurance
V008126,PT03997,DR052,D06,2025-08-14,Post-op Care,4626,0,0,Not Admitted,UPI
V008127,PT01145,DR036,D04,2024-11-02,Stroke,2159,0,0,Not Admitted,Cash
V008128,PT00769,DR016,D06,2025-03-23,Radiotherapy,522277,1,11,Normal,Cash
V008129,PT04948,DR059,D01,2025-02-14,CAD,61146,1,5,Normal,Cash
V008130,PT00647,DR036,D04,2025-10-29,Migraine,1032,0,0,Not Admitted,Card
V008131,PT01114,DR074,D03,2025-03-07,Vaccination,1191,0,0,Not Admitted,Cash
V008132,PT00821,DR024,D05,2025-06-04,Poisoning,4408,0,0,Not Admitted,UPI
V008133,PT02714,DR060,D04,2025-09-14,Migraine,2101,0,0,Not Admitted,Cash
V008134,PT00686,DR062,D08,2024-02-24,Fertility,737,0,0,Not Admitted,UPI
V008135,PT04770,DR074,D03,2025-05-12,Asthma,1887,0,0,Not Admitted,UPI
V008136,PT04296,DR061,D02,2024-04-23,Arthritis,1268,0,0,Not Admitted,Cash
V008137,PT01261,DR076,D04,2025-01-25,Epilepsy,6821,0,0,Not Admitted,Cash
V008138,PT01860,DR037,D02,2025-03-07,Back Pain,3414,0,0,Not Admitted,UPI
V008139,PT01956,DR050,D07,2024-04-22,Fever,1227,0,0,Not Admitted,Card
V008140,PT00810,DR071,D03,2025-01-04,Viral Infection,1151,0,0,Not Admitted,UPI
V008141,PT03670,DR023,D02,2024-11-08,Arthritis,6430,0,0,Not Admitted,Card
V008142,PT03356,DR046,D02,2024-02-21,Ligament Tear,3066,0,0,Not Admitted,Card
V008143,PT01488,DR024,D05,2024-05-29,Severe Bleeding,143620,1,6,Normal,Card
V008144,PT02166,DR014,D04,2024-11-07,Epilepsy,7542,0,0,Not Admitted,Insurance
V008145,PT02107,DR069,D07,2024-01-18,Infection,4632,0,0,Not Admitted,Cash
V008146,PT04222,DR012,D04,2025-08-11,Epilepsy,1784,0,0,Not Admitted,Insurance
V008147,PT04778,DR058,D03,2025-11-01,Viral Infection,1796,0,0,Not Admitted,Cash
V008148,PT01016,DR034,D08,2025-04-02,Menstrual Disorder,2154,0,0,Not Admitted,Card
V008149,PT02029,DR042,D01,2024-08-24,Heart Failure,2613,0,0,Not Admitted,Card
V008150,PT04801,DR059,D01,2025-10-27,Arrhythmia,7656,0,0,Not Admitted,UPI
V008151,PT02379,DR013,D04,2024-01-03,Migraine,4288,0,0,Not Admitted,UPI
V008152,PT03894,DR041,D07,2024-09-01,Diabetes,440496,1,11,Normal,Cash
V008153,PT02400,DR047,D04,2025-11-17,Migraine,2519,0,0,Not Admitted,UPI
V008154,PT04556,DR011,D08,2024-02-12,Menstrual Disorder,3595,0,0,Not Admitted,UPI
V008155,PT04383,DR034,D08,2024-02-05,Prenatal Care,2106,0,0,Not Admitted,Card
V008156,PT02029,DR057,D04,2024-01-14,Migraine,6916,0,0,Not Admitted,Card
V008157,PT01518,DR021,D07,2024-09-30,Infection,4187,0,0,Not Admitted,Insurance
V008158,PT04300,DR021,D07,2025-07-30,Fever,617335,1,2,Normal,Cash
V008159,PT04576,DR021,D07,2024-08-10,Diabetes,563884,1,1,Normal,UPI
V008160,PT03352,DR053,D03,2025-09-08,Viral Infection,5705,0,0,Not Admitted,Cash
V008161,PT03290,DR073,D04,2024-04-30,Stroke,1960,0,0,Not Admitted,UPI
V008162,PT01702,DR043,D06,2025-01-17,Radiotherapy,4368,0,0,Not Admitted,UPI
V008163,PT03264,DR066,D08,2025-11-19,PCOS,2950,0,0,Not Admitted,Cash
V008164,PT01130,DR002,D02,2025-07-19,Back Pain,7812,0,0,Not Admitted,Card
V008165,PT03442,DR034,D08,2025-08-02,PCOS,4981,0,0,Not Admitted,Cash
V008166,PT02139,DR059,D01,2024-09-07,CAD,6553,0,0,Not Admitted,Cash
V008167,PT01133,DR016,D06,2025-09-21,Tumor Screening,6912,0,0,Not Admitted,Insurance
V008168,PT00984,DR051,D05,2024-12-17,Poisoning,3592,0,0,Not Admitted,UPI
V008169,PT04117,DR075,D01,2024-10-27,Hypertension,6940,0,0,Not Admitted,Insurance
V008170,PT00689,DR068,D03,2025-08-27,Fever,588884,1,8,Normal,Cash
V008171,PT04295,DR005,D05,2025-07-20,Burns,1041,0,0,Not Admitted,Insurance
V008172,PT04009,DR042,D01,2025-05-15,CAD,6110,0,0,Not Admitted,UPI
V008173,PT02293,DR011,D08,2024-09-12,Menstrual Disorder,1314,0,0,Not Admitted,UPI
V008174,PT01474,DR006,D02,2025-08-26,Arthritis,6752,0,0,Not Admitted,Insurance
V008175,PT00314,DR013,D04,2024-06-13,Epilepsy,2817,0,0,Not Admitted,Cash
V008176,PT02019,DR017,D08,2024-06-18,Menstrual Disorder,4081,0,0,Not Admitted,Insurance
V008177,PT03226,DR043,D06,2024-03-05,Radiotherapy,3837,0,0,Not Admitted,Insurance
V008178,PT01710,DR038,D04,2024-01-24,Migraine,7148,0,0,Not Admitted,Card
V008179,PT00581,DR048,D04,2025-12-26,Neuropathy,2349,0,0,Not Admitted,UPI
V008180,PT03197,DR069,D07,2024-04-23,Thyroid,770,0,0,Not Admitted,Cash
V008181,PT02414,DR009,D04,2025-04-02,Epilepsy,6116,0,0,Not Admitted,Card
V008182,PT02032,DR022,D08,2025-11-05,Menstrual Disorder,5304,0,0,Not Admitted,Insurance
V008183,PT04573,DR068,D03,2025-07-10,Fever,4759,0,0,Not Admitted,UPI
V008184,PT01006,DR028,D06,2025-07-14,Tumor Screening,4541,0,0,Not Admitted,UPI
V008185,PT04591,DR021,D07,2024-09-20,Diabetes,3876,0,0,Not Admitted,Cash
V008186,PT00022,DR023,D02,2024-03-24,Fracture,7822,0,0,Not Admitted,Cash
V008187,PT01702,DR002,D02,2024-12-03,Ligament Tear,5068,0,0,Not Admitted,Cash
V008188,PT02087,DR079,D04,2024-10-09,Stroke,432563,1,10,Normal,UPI
V008189,PT04310,DR043,D06,2024-02-22,Chemotherapy,1028,0,0,Not Admitted,Insurance
V008190,PT03058,DR044,D08,2025-10-14,Prenatal Care,5581,0,0,Not Admitted,UPI
V008191,PT00785,DR062,D08,2025-10-04,Menstrual Disorder,621882,1,3,Normal,Insurance
V008192,PT02416,DR068,D03,2024-02-28,Viral Infection,3011,0,0,Not Admitted,UPI
V008193,PT04968,DR074,D03,2025-04-26,Asthma,6029,0,0,Not Admitted,Card
V008194,PT03552,DR041,D07,2025-02-19,Diabetes,2989,0,0,Not Admitted,Insurance
V008195,PT03717,DR027,D06,2025-12-05,Radiotherapy,521,0,0,Not Admitted,Card
V008196,PT01655,DR032,D07,2024-07-23,Diabetes,316676,1,1,Normal,Insurance
V008197,PT03901,DR065,D04,2024-06-05,Neuropathy,53844,1,1,Normal,Card
V008198,PT03334,DR075,D01,2025-03-12,Hypertension,2257,0,0,Not Admitted,Card
V008199,PT01291,DR049,D01,2025-02-18,Heart Failure,1816,0,0,Not Admitted,UPI
V008200,PT00303,DR074,D03,2024-09-08,Asthma,1387,0,0,Not Admitted,Cash
V008201,PT00522,DR050,D07,2024-11-09,Diabetes,368572,1,7,Normal,UPI
V008202,PT02683,DR018,D05,2025-04-17,Trauma,3807,0,0,Not Admitted,Card
V008203,PT04959,DR063,D05,2024-09-02,Severe Bleeding,5378,0,0,Not Admitted,Card
V008204,PT04215,DR020,D01,2024-11-29,Hypertension,7746,0,0,Not Admitted,UPI
V008205,PT03960,DR030,D02,2025-05-10,Fracture,5452,0,0,Not Admitted,Cash
V008206,PT03647,DR058,D03,2025-09-18,Asthma,2211,0,0,Not Admitted,Cash
V008207,PT02630,DR048,D04,2024-12-23,Stroke,269850,1,4,Normal,Cash
V008208,PT01124,DR058,D03,2024-10-21,Viral Infection,285528,1,11,Normal,Cash
V008209,PT00017,DR067,D07,2025-07-15,Diabetes,4379,0,0,Not Admitted,UPI
V008210,PT01797,DR052,D06,2024-02-12,Chemotherapy,6496,0,0,Not Admitted,Insurance
V008211,PT03895,DR049,D01,2025-02-01,Hypertension,798242,1,3,Normal,Cash
V008212,PT04582,DR066,D08,2024-09-22,Prenatal Care,3623,0,0,Not Admitted,Cash
V008213,PT03416,DR007,D05,2025-05-27,Poisoning,1883,0,0,Not Admitted,Card
V008214,PT03282,DR049,D01,2024-10-26,CAD,410039,1,8,Normal,Insurance
V008215,PT03511,DR075,D01,2025-07-20,Arrhythmia,2622,0,0,Not Admitted,Insurance
V008216,PT02057,DR049,D01,2025-01-20,CAD,3172,0,0,Not Admitted,UPI
V008217,PT01494,DR073,D04,2024-07-17,Epilepsy,7987,0,0,Not Admitted,Insurance
V008218,PT04210,DR016,D06,2025-08-14,Radiotherapy,3621,0,0,Not Admitted,Insurance
V008219,PT02792,DR015,D06,2025-10-19,Post-op Care,1596,0,0,Not Admitted,UPI
V008220,PT01379,DR050,D07,2025-07-15,Infection,84229,1,10,Normal,UPI
V008221,PT01083,DR036,D04,2024-11-20,Neuropathy,2075,0,0,Not Admitted,Card
V008222,PT02087,DR074,D03,2025-09-14,Fever,754936,1,0,Normal,UPI
V008223,PT03549,DR033,D05,2024-11-19,Burns,7820,0,0,Not Admitted,Insurance
V008224,PT02673,DR022,D08,2024-08-22,Prenatal Care,631179,1,11,Normal,Cash
V008225,PT02217,DR069,D07,2024-07-12,Thyroid,3249,0,0,Not Admitted,UPI
V008226,PT02643,DR002,D02,2025-01-06,Back Pain,3563,0,0,Not Admitted,UPI
V008227,PT03577,DR040,D08,2024-11-18,Menstrual Disorder,1166,0,0,Not Admitted,Insurance
V008228,PT00088,DR004,D05,2024-06-15,Trauma,6891,0,0,Not Admitted,Insurance
V008229,PT03022,DR067,D07,2024-05-08,Diabetes,250755,1,8,Normal,UPI
V008230,PT02195,DR009,D04,2025-07-11,Stroke,1207,0,0,Not Admitted,Card
V008231,PT03103,DR026,D05,2025-08-03,Burns,3865,0,0,Not Admitted,Card
V008232,PT04940,DR016,D06,2025-04-23,Post-op Care,720434,1,2,Referred,Insurance
V008233,PT03971,DR018,D05,2024-02-14,Trauma,1745,0,0,Not Admitted,Cash
V008234,PT01543,DR025,D05,2025-01-10,Poisoning,431346,1,12,Normal,Card
V008235,PT04269,DR066,D08,2025-03-01,PCOS,190825,1,6,Normal,UPI
V008236,PT03134,DR059,D01,2025-04-20,Heart Failure,656970,1,5,Normal,Card
V008237,PT00832,DR038,D04,2024-11-28,Epilepsy,7819,0,0,Not Admitted,Card
V008238,PT03168,DR062,D08,2024-11-25,PCOS,2726,0,0,Not Admitted,UPI
V008239,PT02982,DR022,D08,2025-10-20,Prenatal Care,5952,0,0,Not Admitted,UPI
V008240,PT03508,DR014,D04,2024-08-15,Migraine,7076,0,0,Not Admitted,UPI
V008241,PT00521,DR034,D08,2024-05-25,Menstrual Disorder,1219,0,0,Not Admitted,Card
V008242,PT00552,DR032,D07,2025-08-30,Infection,6233,0,0,Not Admitted,UPI
V008243,PT01703,DR034,D08,2024-08-17,Prenatal Care,4352,0,0,Not Admitted,Insurance
V008244,PT03492,DR033,D05,2024-01-29,Trauma,552,0,0,Not Admitted,Cash
V008245,PT01374,DR058,D03,2025-03-22,Fever,788263,1,2,Normal,Insurance
V008246,PT01731,DR021,D07,2024-04-23,Thyroid,618493,1,8,Normal,Card
V008247,PT02999,DR032,D07,2025-11-17,Diabetes,6196,0,0,Not Admitted,UPI
V008248,PT02127,DR016,D06,2025-12-20,Radiotherapy,5947,0,0,Not Admitted,UPI
V008249,PT00028,DR028,D06,2025-05-18,Post-op Care,337402,1,3,Normal,UPI
V008250,PT03705,DR044,D08,2024-11-24,Prenatal Care,620719,1,11,LAMA,Card
V008251,PT04006,DR052,D06,2025-10-31,Chemotherapy,2898,0,0,Not Admitted,UPI
V008252,PT01147,DR057,D04,2025-08-27,Neuropathy,396214,1,5,Referred,Cash
V008253,PT01645,DR041,D07,2024-07-18,Fever,2776,0,0,Not Admitted,Cash
V008254,PT03226,DR059,D01,2025-04-20,Heart Failure,7698,0,0,Not Admitted,Insurance
V008255,PT00048,DR013,D04,2024-01-02,Neuropathy,5838,0,0,Not Admitted,Card
V008256,PT04366,DR067,D07,2025-03-26,Fever,7009,0,0,Not Admitted,Card
V008257,PT03145,DR053,D03,2024-05-26,Asthma,1008,0,0,Not Admitted,Insurance
V008258,PT00580,DR027,D06,2025-01-18,Radiotherapy,4735,0,0,Not Admitted,Card
V008259,PT00113,DR053,D03,2025-08-29,Fever,7790,0,0,Not Admitted,Card
V008260,PT02729,DR010,D02,2025-12-27,Fracture,249030,1,11,Normal,Card
V008261,PT00581,DR028,D06,2025-06-07,Chemotherapy,7259,0,0,Not Admitted,Cash
V008262,PT04796,DR067,D07,2024-10-06,Diabetes,7150,0,0,Not Admitted,Card
V008263,PT02338,DR066,D08,2024-02-01,Menstrual Disorder,5864,0,0,Not Admitted,UPI
V008264,PT04522,DR043,D06,2024-08-04,Chemotherapy,1927,0,0,Not Admitted,Card
V008265,PT03232,DR053,D03,2025-04-05,Asthma,3631,0,0,Not Admitted,Card
V008266,PT00450,DR018,D05,2025-05-30,Trauma,1447,0,0,Not Admitted,Insurance
V008267,PT02330,DR017,D08,2025-12-02,Menstrual Disorder,737,0,0,Not Admitted,UPI
V008268,PT00150,DR062,D08,2025-07-12,PCOS,6961,0,0,Not Admitted,Insurance
V008269,PT01788,DR077,D01,2025-01-26,Heart Failure,2384,0,0,Not Admitted,Insurance
V008270,PT04878,DR029,D05,2025-11-07,Poisoning,7914,0,0,Not Admitted,Cash
V008271,PT02803,DR060,D04,2024-12-20,Migraine,1156,0,0,Not Admitted,Cash
V008272,PT04892,DR007,D05,2024-03-31,Severe Bleeding,4148,0,0,Not Admitted,Card
V008273,PT04699,DR027,D06,2024-08-09,Chemotherapy,7974,0,0,Not Admitted,Cash
V008274,PT01932,DR069,D07,2025-01-23,Diabetes,6637,0,0,Not Admitted,Insurance
V008275,PT04530,DR051,D05,2024-10-18,Burns,2010,0,0,Not Admitted,Card
V008276,PT01550,DR028,D06,2025-04-06,Chemotherapy,3202,0,0,Not Admitted,UPI
V008277,PT04687,DR043,D06,2025-10-25,Radiotherapy,210547,1,2,Normal,Cash
V008278,PT00109,DR043,D06,2025-10-26,Post-op Care,1001,0,0,Not Admitted,UPI
V008279,PT04577,DR046,D02,2024-10-26,Fracture,309889,1,12,Normal,UPI
V008280,PT02254,DR072,D06,2025-03-24,Post-op Care,558036,1,4,Normal,UPI
V008281,PT00671,DR073,D04,2024-01-02,Stroke,6610,0,0,Not Admitted,UPI
V008282,PT01190,DR065,D04,2025-10-07,Migraine,7052,0,0,Not Admitted,Cash
V008283,PT00095,DR017,D08,2025-11-22,Menstrual Disorder,2151,0,0,Not Admitted,Card
V008284,PT04208,DR049,D01,2025-06-17,Heart Failure,829,0,0,Not Admitted,Insurance
V008285,PT00651,DR045,D08,2025-02-17,Fertility,6230,0,0,Not Admitted,Insurance
V008286,PT04585,DR075,D01,2024-05-10,Heart Failure,5242,0,0,Not Admitted,Card
V008287,PT01642,DR012,D04,2024-08-13,Neuropathy,1243,0,0,Not Admitted,Insurance
V008288,PT03721,DR045,D08,2025-07-16,PCOS,3880,0,0,Not Admitted,Insurance
V008289,PT02962,DR074,D03,2024-01-10,Viral Infection,5200,0,0,Not Admitted,Insurance
V008290,PT04438,DR048,D04,2024-06-11,Migraine,737732,1,1,Normal,UPI
V008291,PT00184,DR042,D01,2024-04-06,CAD,7195,0,0,Not Admitted,UPI
V008292,PT00749,DR070,D03,2024-07-09,Asthma,5941,0,0,Not Admitted,Card
V008293,PT04661,DR014,D04,2025-07-09,Stroke,731246,1,7,Normal,Card
V008294,PT03546,DR066,D08,2025-09-08,Prenatal Care,2820,0,0,Not Admitted,Card
V008295,PT03497,DR021,D07,2024-09-19,Diabetes,1763,0,0,Not Admitted,Card
V008296,PT02266,DR031,D03,2024-04-21,Vaccination,6468,0,0,Not Admitted,Insurance
V008297,PT01214,DR029,D05,2025-07-26,Severe Bleeding,1314,0,0,Not Admitted,Insurance
V008298,PT03530,DR012,D04,2025-09-01,Neuropathy,165589,1,3,Normal,UPI
V008299,PT04256,DR055,D02,2025-11-22,Back Pain,2187,0,0,Not Admitted,Insurance
V008300,PT02387,DR069,D07,2025-10-08,Thyroid,5197,0,0,Not Admitted,UPI
V008301,PT02653,DR067,D07,2024-06-03,Thyroid,565,0,0,Not Admitted,Insurance
V008302,PT00653,DR017,D08,2024-09-03,Fertility,3717,0,0,Not Admitted,UPI
V008303,PT04808,DR063,D05,2024-02-21,Poisoning,5511,0,0,Not Admitted,Insurance
V008304,PT00236,DR002,D02,2025-01-05,Arthritis,5597,0,0,Not Admitted,Card
V008305,PT01869,DR044,D08,2024-07-15,Fertility,7839,0,0,Not Admitted,Insurance
V008306,PT04764,DR044,D08,2024-02-17,PCOS,6677,0,0,Not Admitted,Insurance
V008307,PT03196,DR016,D06,2024-02-11,Post-op Care,6969,0,0,Not Admitted,Insurance
V008308,PT01605,DR054,D02,2025-12-07,Fracture,2827,0,0,Not Admitted,Insurance
V008309,PT00715,DR078,D06,2024-01-07,Tumor Screening,1866,0,0,Not Admitted,Card
V008310,PT03486,DR023,D02,2024-05-08,Ligament Tear,182929,1,10,Normal,Cash
V008311,PT03530,DR047,D04,2025-01-20,Epilepsy,2491,0,0,Not Admitted,Cash
V008312,PT02637,DR049,D01,2025-04-02,CAD,1683,0,0,Not Admitted,Cash
V008313,PT01088,DR047,D04,2024-10-31,Stroke,6313,0,0,Not Admitted,Insurance
V008314,PT03713,DR027,D06,2025-11-21,Chemotherapy,6707,0,0,Not Admitted,Card
V008315,PT00969,DR067,D07,2024-01-08,Thyroid,47956,1,3,Referred,Card
V008316,PT00655,DR054,D02,2024-01-10,Back Pain,1457,0,0,Not Admitted,Cash
V008317,PT00925,DR002,D02,2025-12-25,Fracture,3051,0,0,Not Admitted,Card
V008318,PT02938,DR074,D03,2024-05-20,Vaccination,4632,0,0,Not Admitted,UPI
V008319,PT00958,DR075,D01,2024-06-20,Hypertension,4196,0,0,Not Admitted,Card
V008320,PT02957,DR069,D07,2024-01-29,Diabetes,4678,0,0,Not Admitted,UPI
V008321,PT01986,DR071,D03,2024-12-14,Fever,6216,0,0,Not Admitted,UPI
V008322,PT03750,DR032,D07,2024-03-27,Fever,923,0,0,Not Admitted,Card
V008323,PT00773,DR027,D06,2025-09-10,Tumor Screening,1690,0,0,Not Admitted,Cash
V008324,PT02273,DR055,D02,2024-12-02,Arthritis,1373,0,0,Not Admitted,Card
V008325,PT02150,DR059,D01,2024-10-01,Heart Failure,4614,0,0,Not Admitted,UPI
V008326,PT01433,DR027,D06,2025-03-23,Chemotherapy,331986,1,9,Normal,Cash
V008327,PT03659,DR044,D08,2024-04-18,Menstrual Disorder,455667,1,12,Normal,Card
V008328,PT01576,DR047,D04,2024-04-08,Migraine,203892,1,8,Referred,Cash
V008329,PT00957,DR071,D03,2024-08-07,Vaccination,1246,0,0,Not Admitted,Card
V008330,PT04533,DR056,D02,2025-04-23,Ligament Tear,540,0,0,Not Admitted,Insurance
V008331,PT00898,DR034,D08,2025-09-07,Menstrual Disorder,3864,0,0,Not Admitted,Insurance
V008332,PT01195,DR019,D04,2024-01-25,Epilepsy,3637,0,0,Not Admitted,Insurance
V008333,PT01092,DR003,D04,2024-12-13,Epilepsy,523520,1,6,Normal,Card
V008334,PT01940,DR034,D08,2025-02-17,PCOS,125221,1,1,Normal,Card
V008335,PT04914,DR044,D08,2025-11-11,Fertility,141689,1,12,Normal,Cash
V008336,PT01853,DR066,D08,2024-05-23,PCOS,7347,0,0,Not Admitted,UPI
V008337,PT03558,DR014,D04,2025-08-12,Epilepsy,2867,0,0,Not Admitted,Cash
V008338,PT03667,DR028,D06,2025-04-30,Radiotherapy,3522,0,0,Not Admitted,Cash
V008339,PT02043,DR051,D05,2024-02-08,Poisoning,2074,0,0,Not Admitted,Insurance
V008340,PT03292,DR070,D03,2025-03-07,Asthma,4062,0,0,Not Admitted,Insurance
V008341,PT00811,DR073,D04,2025-05-09,Migraine,963,0,0,Not Admitted,Cash
V008342,PT00716,DR001,D02,2025-04-30,Arthritis,619,0,0,Not Admitted,Cash
V008343,PT00544,DR031,D03,2025-06-11,Fever,1175,0,0,Not Admitted,Cash
V008344,PT02366,DR045,D08,2024-10-26,Fertility,4065,0,0,Not Admitted,Card
V008345,PT00352,DR062,D08,2025-12-18,PCOS,6218,0,0,Not Admitted,Cash
V008346,PT04690,DR059,D01,2025-03-07,Arrhythmia,319039,1,2,Normal,UPI
V008347,PT01525,DR008,D02,2025-02-01,Arthritis,1443,0,0,Not Admitted,Insurance
V008348,PT00925,DR069,D07,2025-06-04,Infection,582899,1,5,Normal,Insurance
V008349,PT03496,DR077,D01,2024-05-13,Heart Failure,836,0,0,Not Admitted,Insurance
V008350,PT03430,DR039,D03,2024-05-23,Fever,6063,0,0,Not Admitted,Card
V008351,PT00672,DR068,D03,2024-09-13,Viral Infection,2731,0,0,Not Admitted,Card
V008352,PT04589,DR074,D03,2024-08-19,Vaccination,202965,1,11,Normal,Cash
V008353,PT03025,DR036,D04,2024-07-24,Stroke,519021,1,7,Normal,Card
V008354,PT01233,DR034,D08,2024-10-11,Fertility,594,0,0,Not Admitted,Insurance
V008355,PT00938,DR027,D06,2024-12-29,Chemotherapy,1549,0,0,Not Admitted,Card
V008356,PT04892,DR068,D03,2025-06-16,Vaccination,6712,0,0,Not Admitted,UPI
V008357,PT00973,DR010,D02,2024-03-01,Fracture,7879,0,0,Not Admitted,Insurance
V008358,PT00917,DR014,D04,2024-08-24,Neuropathy,5352,0,0,Not Admitted,Cash
V008359,PT00235,DR015,D06,2025-11-22,Chemotherapy,7072,0,0,Not Admitted,Cash
V008360,PT03041,DR003,D04,2024-04-09,Neuropathy,6324,0,0,Not Admitted,UPI
V008361,PT04300,DR071,D03,2024-02-04,Fever,5177,0,0,Not Admitted,UPI
V008362,PT03060,DR078,D06,2024-03-28,Chemotherapy,3795,0,0,Not Admitted,Card
V008363,PT02496,DR035,D06,2025-05-20,Post-op Care,3373,0,0,Not Admitted,Insurance
V008364,PT01355,DR069,D07,2024-02-13,Fever,4523,0,0,Not Admitted,Insurance
V008365,PT03732,DR043,D06,2025-02-21,Post-op Care,1967,0,0,Not Admitted,Card
V008366,PT02343,DR076,D04,2024-02-29,Neuropathy,6564,0,0,Not Admitted,Insurance
V008367,PT01697,DR077,D01,2024-05-26,Hypertension,2704,0,0,Not Admitted,UPI
V008368,PT02298,DR004,D05,2024-04-14,Poisoning,334295,1,7,Normal,Cash
V008369,PT02600,DR067,D07,2024-03-28,Fever,4271,0,0,Not Admitted,Insurance
V008370,PT01180,DR056,D02,2024-01-30,Fracture,1038,0,0,Not Admitted,Cash
V008371,PT00263,DR022,D08,2024-02-09,Menstrual Disorder,213510,1,11,Referred,Cash
V008372,PT01793,DR078,D06,2025-02-18,Chemotherapy,342689,1,10,Normal,Card
V008373,PT00556,DR059,D01,2024-02-28,Hypertension,2292,0,0,Not Admitted,Card
V008374,PT01068,DR022,D08,2024-05-01,Prenatal Care,145022,1,5,Normal,Cash
V008375,PT04910,DR011,D08,2024-03-23,PCOS,685,0,0,Not Admitted,Card
V008376,PT03284,DR032,D07,2025-01-29,Fever,1637,0,0,Not Admitted,Insurance
V008377,PT03860,DR056,D02,2025-01-09,Ligament Tear,1327,0,0,Not Admitted,Insurance
V008378,PT00643,DR041,D07,2024-05-12,Diabetes,7925,0,0,Not Admitted,Card
V008379,PT02688,DR021,D07,2025-04-22,Infection,7630,0,0,Not Admitted,Cash
V008380,PT03418,DR021,D07,2024-05-05,Thyroid,4769,0,0,Not Admitted,UPI
V008381,PT04076,DR030,D02,2024-09-01,Ligament Tear,1060,0,0,Not Admitted,Insurance
V008382,PT03807,DR048,D04,2025-04-08,Neuropathy,7623,0,0,Not Admitted,Card
V008383,PT03489,DR027,D06,2025-09-05,Post-op Care,5052,0,0,Not Admitted,UPI
V008384,PT04952,DR052,D06,2025-12-08,Chemotherapy,4420,0,0,Not Admitted,Cash
V008385,PT01786,DR056,D02,2024-03-11,Arthritis,5759,0,0,Not Admitted,Cash
V008386,PT03163,DR007,D05,2024-01-19,Poisoning,4634,0,0,Not Admitted,UPI
V008387,PT01346,DR076,D04,2025-06-28,Neuropathy,668425,1,12,Normal,Cash
V008388,PT03887,DR037,D02,2024-01-15,Ligament Tear,2451,0,0,Not Admitted,Card
V008389,PT02611,DR071,D03,2025-10-19,Asthma,7147,0,0,Not Admitted,Card
V008390,PT03228,DR042,D01,2025-05-08,CAD,965,0,0,Not Admitted,UPI
V008391,PT03194,DR048,D04,2024-02-15,Neuropathy,5389,0,0,Not Admitted,Cash
V008392,PT01342,DR040,D08,2024-07-15,Menstrual Disorder,1817,0,0,Not Admitted,UPI
V008393,PT01820,DR005,D05,2024-10-04,Burns,208957,1,7,Referred,Cash
V008394,PT02741,DR020,D01,2024-10-09,Hypertension,548,0,0,Not Admitted,Cash
V008395,PT00166,DR024,D05,2025-06-25,Burns,3196,0,0,Not Admitted,Card
V008396,PT02884,DR019,D04,2025-03-21,Migraine,2424,0,0,Not Admitted,UPI
V008397,PT01638,DR059,D01,2024-08-06,Arrhythmia,549,0,0,Not Admitted,Insurance
V008398,PT04713,DR038,D04,2025-01-25,Neuropathy,2318,0,0,Not Admitted,Card
V008399,PT00016,DR070,D03,2024-10-28,Asthma,992,0,0,Not Admitted,Card
V008400,PT01032,DR064,D02,2024-08-17,Arthritis,3885,0,0,Not Admitted,Cash
V008401,PT00286,DR001,D02,2024-01-18,Fracture,7491,0,0,Not Admitted,Insurance
V008402,PT00423,DR044,D08,2025-02-04,Fertility,1462,0,0,Not Admitted,Insurance
V008403,PT00671,DR013,D04,2024-04-13,Migraine,6818,0,0,Not Admitted,UPI
V008404,PT01918,DR075,D01,2025-07-02,Arrhythmia,1754,0,0,Not Admitted,Card
V008405,PT04146,DR035,D06,2024-10-30,Post-op Care,3869,0,0,Not Admitted,UPI
V008406,PT03181,DR032,D07,2025-05-07,Fever,6156,0,0,Not Admitted,Card
V008407,PT01462,DR029,D05,2025-04-23,Poisoning,342918,1,4,Normal,UPI
V008408,PT00401,DR050,D07,2025-03-07,Thyroid,1459,0,0,Not Admitted,Insurance
V008409,PT00562,DR053,D03,2024-02-17,Vaccination,6654,0,0,Not Admitted,Cash
V008410,PT04429,DR074,D03,2024-02-07,Asthma,6504,0,0,Not Admitted,UPI
V008411,PT04789,DR017,D08,2024-07-31,Fertility,1624,0,0,Not Admitted,Card
V008412,PT01109,DR041,D07,2024-04-07,Fever,557939,1,3,Normal,Insurance
V008413,PT03019,DR018,D05,2024-02-04,Severe Bleeding,7240,0,0,Not Admitted,Card
V008414,PT03162,DR059,D01,2024-06-18,Arrhythmia,3717,0,0,Not Admitted,Cash
V008415,PT02515,DR008,D02,2025-03-09,Back Pain,729,0,0,Not Admitted,UPI
V008416,PT02982,DR024,D05,2024-10-19,Severe Bleeding,6171,0,0,Not Admitted,Cash
V008417,PT00072,DR013,D04,2025-08-17,Stroke,4704,0,0,Not Admitted,UPI
V008418,PT01918,DR077,D01,2024-12-13,CAD,3397,0,0,Not Admitted,Insurance
V008419,PT03731,DR054,D02,2024-12-30,Ligament Tear,849,0,0,Not Admitted,Insurance
V008420,PT04245,DR007,D05,2025-07-19,Burns,5436,0,0,Not Admitted,Insurance
V008421,PT00815,DR049,D01,2025-06-11,CAD,2700,0,0,Not Admitted,Cash
V008422,PT00554,DR035,D06,2024-02-24,Chemotherapy,4785,0,0,Not Admitted,UPI
V008423,PT03732,DR021,D07,2024-10-04,Diabetes,2471,0,0,Not Admitted,Card
V008424,PT01560,DR040,D08,2024-09-25,PCOS,2379,0,0,Not Admitted,Cash
V008425,PT02974,DR063,D05,2024-03-13,Burns,697840,1,10,Normal,Card
V008426,PT04801,DR041,D07,2025-12-06,Diabetes,1868,0,0,Not Admitted,Cash
V008427,PT02479,DR075,D01,2025-12-09,Arrhythmia,571,0,0,Not Admitted,UPI
V008428,PT02312,DR058,D03,2025-06-22,Asthma,5844,0,0,Not Admitted,Card
V008429,PT02215,DR021,D07,2024-05-18,Fever,589142,1,10,Referred,Insurance
V008430,PT04550,DR066,D08,2024-04-29,Prenatal Care,5120,0,0,Not Admitted,UPI
V008431,PT04039,DR028,D06,2025-08-13,Tumor Screening,1076,0,0,Not Admitted,Cash
V008432,PT01619,DR073,D04,2024-10-29,Epilepsy,1520,0,0,Not Admitted,Insurance
V008433,PT00531,DR062,D08,2024-11-22,Menstrual Disorder,3175,0,0,Not Admitted,Cash
V008434,PT03465,DR005,D05,2024-06-21,Trauma,5782,0,0,Not Admitted,Card
V008435,PT00223,DR060,D04,2024-09-26,Epilepsy,1846,0,0,Not Admitted,Card
V008436,PT02811,DR040,D08,2025-12-10,Prenatal Care,4921,0,0,Not Admitted,Insurance
V008437,PT04550,DR068,D03,2024-10-20,Viral Infection,4776,0,0,Not Admitted,Cash
V008438,PT00134,DR059,D01,2024-01-19,CAD,6190,0,0,Not Admitted,Cash
V008439,PT02530,DR035,D06,2024-07-15,Radiotherapy,2595,0,0,Not Admitted,Cash
V008440,PT03160,DR016,D06,2025-11-07,Post-op Care,4986,0,0,Not Admitted,Cash
V008441,PT01367,DR041,D07,2024-01-08,Diabetes,205506,1,4,Normal,Card
V008442,PT03220,DR069,D07,2025-05-21,Fever,3741,0,0,Not Admitted,UPI
V008443,PT01226,DR013,D04,2024-01-02,Migraine,4559,0,0,Not Admitted,Insurance
V008444,PT00548,DR050,D07,2024-06-16,Thyroid,1894,0,0,Not Admitted,UPI
V008445,PT00021,DR001,D02,2025-11-24,Ligament Tear,829,0,0,Not Admitted,Card
V008446,PT04656,DR042,D01,2025-12-18,Arrhythmia,6813,0,0,Not Admitted,UPI
V008447,PT01092,DR050,D07,2025-11-26,Infection,6749,0,0,Not Admitted,Insurance
V008448,PT03876,DR016,D06,2025-12-11,Radiotherapy,5639,0,0,Not Admitted,Insurance
V008449,PT01707,DR079,D04,2024-12-04,Epilepsy,3431,0,0,Not Admitted,UPI
V008450,PT00082,DR040,D08,2024-08-29,Menstrual Disorder,3036,0,0,Not Admitted,UPI
V008451,PT00922,DR006,D02,2024-12-25,Arthritis,5159,0,0,Not Admitted,Insurance
V008452,PT00225,DR047,D04,2025-12-20,Neuropathy,7696,0,0,Not Admitted,Cash
V008453,PT02174,DR071,D03,2024-02-06,Fever,6304,0,0,Not Admitted,Insurance
V008454,PT03534,DR059,D01,2025-08-16,Heart Failure,3167,0,0,Not Admitted,Cash
V008455,PT04106,DR047,D04,2024-10-04,Epilepsy,5304,0,0,Not Admitted,Insurance
V008456,PT01407,DR040,D08,2024-04-20,Menstrual Disorder,3185,0,0,Not Admitted,UPI
V008457,PT01237,DR021,D07,2025-09-03,Thyroid,633,0,0,Not Admitted,Insurance
V008458,PT02272,DR027,D06,2024-07-08,Post-op Care,7062,0,0,Not Admitted,UPI
V008459,PT03562,DR039,D03,2024-10-29,Vaccination,4974,0,0,Not Admitted,Cash
V008460,PT00056,DR004,D05,2025-04-14,Poisoning,2908,0,0,Not Admitted,Insurance
V008461,PT02381,DR058,D03,2025-05-27,Fever,1255,0,0,Not Admitted,Card
V008462,PT01539,DR064,D02,2025-07-01,Back Pain,3433,0,0,Not Admitted,Insurance
V008463,PT02448,DR032,D07,2025-04-18,Diabetes,1794,0,0,Not Admitted,Cash
V008464,PT01297,DR042,D01,2025-02-09,CAD,5683,0,0,Not Admitted,Cash
V008465,PT02572,DR002,D02,2024-01-21,Arthritis,7837,0,0,Not Admitted,Cash
V008466,PT03607,DR009,D04,2024-08-13,Migraine,6263,0,0,Not Admitted,Insurance
V008467,PT04638,DR036,D04,2024-03-03,Stroke,514420,1,4,Normal,UPI
V008468,PT04115,DR003,D04,2025-12-07,Epilepsy,1196,0,0,Not Admitted,Insurance
V008469,PT00525,DR025,D05,2025-05-09,Poisoning,7917,0,0,Not Admitted,Cash
V008470,PT04108,DR003,D04,2025-01-01,Stroke,6436,0,0,Not Admitted,Cash
V008471,PT03863,DR061,D02,2024-05-12,Arthritis,4835,0,0,Not Admitted,Insurance
V008472,PT02337,DR001,D02,2025-04-01,Arthritis,1398,0,0,Not Admitted,Cash
V008473,PT01202,DR034,D08,2025-07-03,Prenatal Care,5468,0,0,Not Admitted,Cash
V008474,PT02912,DR034,D08,2024-06-21,Menstrual Disorder,2961,0,0,Not Admitted,Card
V008475,PT04845,DR035,D06,2024-01-17,Post-op Care,1706,0,0,Not Admitted,Cash
V008476,PT01698,DR042,D01,2024-09-30,Heart Failure,3875,0,0,Not Admitted,Insurance
V008477,PT02284,DR010,D02,2024-03-16,Back Pain,159202,1,0,Referred,Card
V008478,PT00586,DR031,D03,2025-04-21,Vaccination,4134,0,0,Not Admitted,Insurance
V008479,PT03375,DR068,D03,2025-04-06,Viral Infection,4873,0,0,Not Admitted,Card
V008480,PT00155,DR023,D02,2025-02-13,Back Pain,6602,0,0,Not Admitted,Insurance
V008481,PT01793,DR077,D01,2025-09-20,Hypertension,1203,0,0,Not Admitted,Insurance
V008482,PT01328,DR072,D06,2024-01-30,Chemotherapy,3984,0,0,Not Admitted,Cash
V008483,PT01378,DR034,D08,2024-11-03,PCOS,224882,1,7,Normal,Cash
V008484,PT03774,DR009,D04,2024-06-18,Migraine,644317,1,3,Normal,Cash
V008485,PT00833,DR032,D07,2025-07-16,Diabetes,6760,0,0,Not Admitted,Cash
V008486,PT01834,DR026,D05,2024-05-11,Severe Bleeding,2568,0,0,Not Admitted,Cash
V008487,PT00461,DR031,D03,2024-07-19,Asthma,4459,0,0,Not Admitted,UPI
V008488,PT04688,DR050,D07,2024-05-26,Diabetes,6847,0,0,Not Admitted,Cash
V008489,PT02420,DR080,D05,2024-05-19,Burns,7937,0,0,Not Admitted,UPI
V008490,PT01255,DR053,D03,2025-11-05,Viral Infection,3315,0,0,Not Admitted,UPI
V008491,PT02318,DR034,D08,2024-12-16,Menstrual Disorder,1495,0,0,Not Admitted,UPI
V008492,PT03794,DR072,D06,2024-09-12,Radiotherapy,2649,0,0,Not Admitted,Insurance
V008493,PT00400,DR047,D04,2024-05-08,Epilepsy,6500,0,0,Not Admitted,Card
V008494,PT01981,DR050,D07,2025-01-03,Thyroid,4933,0,0,Not Admitted,UPI
V008495,PT03300,DR039,D03,2024-03-04,Vaccination,3441,0,0,Not Admitted,Cash
V008496,PT04680,DR002,D02,2024-01-23,Back Pain,4425,0,0,Not Admitted,Cash
V008497,PT00729,DR069,D07,2025-03-12,Infection,1008,0,0,Not Admitted,Cash
V008498,PT00015,DR041,D07,2024-08-28,Diabetes,746,0,0,Not Admitted,UPI
V008499,PT01412,DR078,D06,2025-12-03,Post-op Care,572626,1,12,Normal,Card
V008500,PT01380,DR079,D04,2024-12-29,Epilepsy,4679,0,0,Not Admitted,Insurance
V008501,PT01874,DR067,D07,2025-07-22,Fever,2387,0,0,Not Admitted,Card
V008502,PT02162,DR054,D02,2025-01-25,Fracture,4704,0,0,Not Admitted,Cash
V008503,PT03943,DR004,D05,2024-05-04,Poisoning,7218,0,0,Not Admitted,Insurance
V008504,PT01713,DR034,D08,2025-04-29,PCOS,2887,0,0,Not Admitted,UPI
V008505,PT02609,DR025,D05,2025-05-01,Poisoning,6644,0,0,Not Admitted,Cash
V008506,PT00837,DR077,D01,2025-08-20,Heart Failure,3913,0,0,Not Admitted,Cash
V008507,PT02114,DR059,D01,2024-03-04,Heart Failure,2449,0,0,Not Admitted,Card
V008508,PT04101,DR014,D04,2025-07-02,Stroke,5066,0,0,Not Admitted,Card
V008509,PT02840,DR044,D08,2025-07-05,Fertility,7007,0,0,Not Admitted,Insurance
V008510,PT04923,DR004,D05,2024-04-21,Severe Bleeding,5790,0,0,Not Admitted,Card
V008511,PT04880,DR077,D01,2025-01-24,Heart Failure,718561,1,6,Normal,Card
V008512,PT01053,DR018,D05,2025-09-10,Burns,5493,0,0,Not Admitted,Insurance
V008513,PT03264,DR068,D03,2024-01-08,Fever,2955,0,0,Not Admitted,Insurance
V008514,PT02169,DR029,D05,2024-01-03,Burns,7594,0,0,Not Admitted,Card
V008515,PT03969,DR066,D08,2025-09-29,Menstrual Disorder,5137,0,0,Not Admitted,Cash
V008516,PT02651,DR067,D07,2025-06-06,Diabetes,2922,0,0,Not Admitted,Cash
V008517,PT03623,DR002,D02,2025-12-01,Fracture,6116,0,0,Not Admitted,Card
V008518,PT01623,DR044,D08,2024-06-28,PCOS,6817,0,0,Not Admitted,Card
V008519,PT01221,DR073,D04,2024-11-24,Neuropathy,1649,0,0,Not Admitted,UPI
V008520,PT01773,DR022,D08,2024-11-28,Menstrual Disorder,717161,1,3,Normal,Card
V008521,PT00898,DR078,D06,2024-09-26,Chemotherapy,2603,0,0,Not Admitted,Card
V008522,PT01637,DR016,D06,2025-06-03,Post-op Care,1809,0,0,Not Admitted,Cash
V008523,PT00861,DR069,D07,2025-05-20,Diabetes,2599,0,0,Not Admitted,Card
V008524,PT03580,DR041,D07,2025-03-27,Fever,101657,1,10,Normal,UPI
V008525,PT01842,DR036,D04,2024-12-23,Migraine,100460,1,12,Normal,Cash
V008526,PT02821,DR067,D07,2025-08-23,Infection,2865,0,0,Not Admitted,Card
V008527,PT03667,DR029,D05,2025-01-07,Trauma,143041,1,4,Normal,UPI
V008528,PT02519,DR040,D08,2025-01-17,Prenatal Care,274956,1,0,Expired,Insurance
V008529,PT02397,DR010,D02,2024-11-18,Arthritis,452416,1,9,Normal,Card
V008530,PT03871,DR006,D02,2024-01-19,Ligament Tear,7195,0,0,Not Admitted,Card
V008531,PT02065,DR059,D01,2025-11-14,CAD,6162,0,0,Not Admitted,Card
V008532,PT03619,DR045,D08,2025-06-22,Fertility,5769,0,0,Not Admitted,Card
V008533,PT04509,DR064,D02,2025-08-01,Arthritis,5360,0,0,Not Admitted,UPI
V008534,PT00914,DR019,D04,2024-07-09,Migraine,7648,0,0,Not Admitted,Cash
V008535,PT03333,DR036,D04,2025-06-05,Epilepsy,145437,1,11,Normal,UPI
V008536,PT04725,DR044,D08,2024-01-05,PCOS,1844,0,0,Not Admitted,UPI
V008537,PT04786,DR062,D08,2024-12-03,PCOS,1511,0,0,Not Admitted,Card
V008538,PT00992,DR079,D04,2025-01-27,Migraine,299517,1,12,Normal,Cash
V008539,PT03764,DR014,D04,2024-01-20,Neuropathy,7553,0,0,Not Admitted,Card
V008540,PT00871,DR048,D04,2025-05-10,Stroke,4830,0,0,Not Admitted,UPI
V008541,PT01293,DR039,D03,2024-09-01,Fever,5861,0,0,Not Admitted,UPI
V008542,PT03694,DR005,D05,2025-12-26,Severe Bleeding,5797,0,0,Not Admitted,Cash
V008543,PT04360,DR026,D05,2025-11-04,Burns,5450,0,0,Not Admitted,Cash
V008544,PT04653,DR024,D05,2025-06-29,Burns,2005,0,0,Not Admitted,Cash
V008545,PT00892,DR039,D03,2024-06-15,Viral Infection,6742,0,0,Not Admitted,Card
V008546,PT04018,DR039,D03,2024-07-31,Vaccination,6450,0,0,Not Admitted,Card
V008547,PT02306,DR061,D02,2025-07-15,Fracture,415848,1,12,Normal,Cash
V008548,PT00111,DR040,D08,2025-11-20,Prenatal Care,2799,0,0,Not Admitted,Insurance
V008549,PT01957,DR067,D07,2025-12-11,Thyroid,3810,0,0,Not Admitted,Insurance
V008550,PT03068,DR007,D05,2024-02-01,Poisoning,220053,1,5,Normal,Card
V008551,PT04122,DR067,D07,2024-02-27,Diabetes,3844,0,0,Not Admitted,Cash
V008552,PT03547,DR073,D04,2024-10-29,Migraine,5193,0,0,Not Admitted,Cash
V008553,PT03879,DR049,D01,2025-08-10,Heart Failure,7411,0,0,Not Admitted,Card
V008554,PT02481,DR077,D01,2025-11-02,Heart Failure,5904,0,0,Not Admitted,UPI
V008555,PT03925,DR010,D02,2024-08-21,Fracture,560,0,0,Not Admitted,UPI
V008556,PT00452,DR070,D03,2025-06-13,Fever,1501,0,0,Not Admitted,Insurance
V008557,PT04103,DR069,D07,2025-10-21,Diabetes,3497,0,0,Not Admitted,UPI
V008558,PT03575,DR017,D08,2025-01-28,Prenatal Care,7757,0,0,Not Admitted,UPI
V008559,PT03622,DR004,D05,2025-10-24,Severe Bleeding,471959,1,3,Normal,Insurance
V008560,PT02745,DR027,D06,2024-04-27,Radiotherapy,714931,1,1,Expired,UPI
V008561,PT01021,DR077,D01,2024-11-16,Arrhythmia,2717,0,0,Not Admitted,Cash
V008562,PT04432,DR023,D02,2025-12-17,Back Pain,4618,0,0,Not Admitted,Insurance
V008563,PT00372,DR025,D05,2024-12-13,Poisoning,3792,0,0,Not Admitted,UPI
V008564,PT00982,DR075,D01,2025-05-06,Heart Failure,1185,0,0,Not Admitted,Cash
V008565,PT01003,DR007,D05,2024-06-15,Poisoning,7105,0,0,Not Admitted,Card
V008566,PT02067,DR013,D04,2024-06-15,Migraine,635191,1,6,Normal,Cash
V008567,PT02096,DR022,D08,2024-04-16,Fertility,5837,0,0,Not Admitted,Insurance
V008568,PT00480,DR080,D05,2024-01-24,Burns,97142,1,9,Normal,Cash
V008569,PT03618,DR063,D05,2025-06-09,Poisoning,3102,0,0,Not Admitted,UPI
V008570,PT01471,DR043,D06,2024-09-23,Post-op Care,7609,0,0,Not Admitted,Card
V008571,PT01439,DR002,D02,2025-11-07,Back Pain,784733,1,12,Normal,Insurance
V008572,PT03241,DR050,D07,2025-08-19,Diabetes,7545,0,0,Not Admitted,Card
V008573,PT02282,DR018,D05,2024-01-04,Trauma,851,0,0,Not Admitted,UPI
V008574,PT04514,DR052,D06,2024-07-06,Tumor Screening,1194,0,0,Not Admitted,Insurance
V008575,PT00015,DR043,D06,2024-07-25,Chemotherapy,5600,0,0,Not Admitted,Card
V008576,PT02597,DR030,D02,2024-09-07,Back Pain,3925,0,0,Not Admitted,Card
V008577,PT04528,DR021,D07,2025-02-09,Diabetes,869,0,0,Not Admitted,Cash
V008578,PT03207,DR072,D06,2024-09-18,Radiotherapy,1335,0,0,Not Admitted,UPI
V008579,PT03258,DR040,D08,2024-11-17,Fertility,6458,0,0,Not Admitted,UPI
V008580,PT02583,DR077,D01,2025-12-16,Arrhythmia,7981,0,0,Not Admitted,Insurance
V008581,PT04131,DR020,D01,2024-10-02,Arrhythmia,6722,0,0,Not Admitted,Insurance
V008582,PT03283,DR045,D08,2024-10-20,Menstrual Disorder,5432,0,0,Not Admitted,Cash
V008583,PT00045,DR021,D07,2024-10-27,Infection,2134,0,0,Not Admitted,Cash
V008584,PT03238,DR065,D04,2024-03-06,Epilepsy,5627,0,0,Not Admitted,Cash
V008585,PT02936,DR032,D07,2025-08-08,Thyroid,7430,0,0,Not Admitted,UPI
V008586,PT01133,DR020,D01,2025-02-23,Heart Failure,5811,0,0,Not Admitted,UPI
V008587,PT00219,DR069,D07,2024-12-22,Infection,5885,0,0,Not Admitted,Insurance
V008588,PT01868,DR074,D03,2024-12-25,Fever,2289,0,0,Not Admitted,UPI
V008589,PT02175,DR039,D03,2025-05-22,Fever,5201,0,0,Not Admitted,UPI
V008590,PT02985,DR029,D05,2024-03-04,Trauma,7521,0,0,Not Admitted,Cash
V008591,PT04938,DR069,D07,2024-08-31,Fever,7162,0,0,Not Admitted,Insurance
V008592,PT03167,DR021,D07,2024-05-26,Diabetes,6865,0,0,Not Admitted,Insurance
V008593,PT01810,DR021,D07,2024-11-21,Fever,786300,1,6,Normal,Insurance
V008594,PT04804,DR014,D04,2025-10-23,Epilepsy,6672,0,0,Not Admitted,UPI
V008595,PT00493,DR010,D02,2025-10-21,Ligament Tear,2652,0,0,Not Admitted,Insurance
V008596,PT03478,DR034,D08,2025-08-19,Prenatal Care,5677,0,0,Not Admitted,Cash
V008597,PT03955,DR054,D02,2024-12-02,Ligament Tear,5719,0,0,Not Admitted,Cash
V008598,PT03670,DR021,D07,2024-10-05,Fever,6079,0,0,Not Admitted,Cash
V008599,PT00972,DR061,D02,2024-04-11,Ligament Tear,7753,0,0,Not Admitted,Cash
V008600,PT00908,DR044,D08,2024-01-27,Menstrual Disorder,6399,0,0,Not Admitted,Cash
V008601,PT01649,DR024,D05,2025-05-28,Severe Bleeding,1283,0,0,Not Admitted,Insurance
V008602,PT03741,DR012,D04,2025-08-04,Epilepsy,5871,0,0,Not Admitted,Cash
V008603,PT01252,DR025,D05,2025-10-01,Poisoning,1659,0,0,Not Admitted,UPI
V008604,PT00336,DR069,D07,2025-12-16,Thyroid,542,0,0,Not Admitted,UPI
V008605,PT01520,DR018,D05,2024-10-11,Poisoning,1787,0,0,Not Admitted,Card
V008606,PT03788,DR040,D08,2024-03-27,Prenatal Care,3297,0,0,Not Admitted,Insurance
V008607,PT02836,DR040,D08,2025-09-26,PCOS,1196,0,0,Not Admitted,Card
V008608,PT00923,DR075,D01,2025-08-28,CAD,6892,0,0,Not Admitted,Cash
V008609,PT02760,DR032,D07,2024-04-27,Fever,7966,0,0,Not Admitted,UPI
V008610,PT00092,DR030,D02,2024-10-20,Ligament Tear,1123,0,0,Not Admitted,Card
V008611,PT03235,DR041,D07,2024-07-09,Fever,2941,0,0,Not Admitted,Cash
V008612,PT03588,DR050,D07,2025-09-27,Diabetes,1116,0,0,Not Admitted,UPI
V008613,PT01314,DR002,D02,2025-06-18,Ligament Tear,159084,1,0,Normal,Cash
V008614,PT04713,DR026,D05,2024-06-13,Trauma,7782,0,0,Not Admitted,UPI
V008615,PT02467,DR077,D01,2024-02-17,Heart Failure,6670,0,0,Not Admitted,Card
V008616,PT00043,DR028,D06,2024-09-05,Radiotherapy,644064,1,0,Normal,Card
V008617,PT03610,DR059,D01,2025-05-07,Arrhythmia,4681,0,0,Not Admitted,Cash
V008618,PT00564,DR002,D02,2025-06-27,Ligament Tear,4904,0,0,Not Admitted,Insurance
V008619,PT04517,DR019,D04,2024-07-08,Epilepsy,5643,0,0,Not Admitted,Insurance
V008620,PT01207,DR049,D01,2025-03-10,Arrhythmia,433254,1,1,Normal,Cash
V008621,PT01331,DR041,D07,2024-01-31,Infection,734635,1,12,Referred,UPI
V008622,PT04981,DR070,D03,2024-11-09,Fever,4023,0,0,Not Admitted,Cash
V008623,PT02772,DR049,D01,2024-05-24,Arrhythmia,97980,1,3,Normal,Cash
V008624,PT04050,DR015,D06,2024-02-01,Post-op Care,5152,0,0,Not Admitted,Cash
V008625,PT02963,DR072,D06,2024-11-05,Chemotherapy,6733,0,0,Not Admitted,Card
V008626,PT02239,DR010,D02,2024-09-24,Fracture,7440,0,0,Not Admitted,Card
V008627,PT00498,DR052,D06,2025-10-14,Post-op Care,997,0,0,Not Admitted,UPI
V008628,PT02994,DR044,D08,2024-09-02,Menstrual Disorder,3799,0,0,Not Admitted,UPI
V008629,PT00685,DR071,D03,2024-04-04,Asthma,518949,1,1,Normal,Cash
V008630,PT03781,DR031,D03,2024-10-01,Asthma,3341,0,0,Not Admitted,Insurance
V008631,PT02284,DR020,D01,2025-04-20,Hypertension,503283,1,6,Normal,UPI
V008632,PT03586,DR056,D02,2025-10-19,Back Pain,5020,0,0,Not Admitted,Cash
V008633,PT00046,DR002,D02,2024-10-17,Ligament Tear,7155,0,0,Not Admitted,Insurance
V008634,PT00614,DR024,D05,2025-03-30,Poisoning,2090,0,0,Not Admitted,Cash
V008635,PT00523,DR020,D01,2025-11-07,Heart Failure,6720,0,0,Not Admitted,Insurance
V008636,PT01141,DR050,D07,2024-12-06,Thyroid,7702,0,0,Not Admitted,UPI
V008637,PT02787,DR070,D03,2025-07-13,Viral Infection,6957,0,0,Not Admitted,Card
V008638,PT02184,DR010,D02,2024-05-17,Arthritis,6395,0,0,Not Admitted,Card
V008639,PT03312,DR062,D08,2024-02-29,PCOS,2802,0,0,Not Admitted,Card
V008640,PT00056,DR051,D05,2025-06-03,Severe Bleeding,5373,0,0,Not Admitted,Cash
V008641,PT00509,DR041,D07,2025-11-11,Infection,1913,0,0,Not Admitted,UPI
V008642,PT00963,DR077,D01,2024-09-30,Heart Failure,495590,1,8,Normal,UPI
V008643,PT04408,DR055,D02,2025-01-24,Ligament Tear,556679,1,1,Normal,Cash
V008644,PT03469,DR059,D01,2024-04-27,CAD,3160,0,0,Not Admitted,Card
V008645,PT01297,DR011,D08,2024-06-09,Prenatal Care,692198,1,7,Normal,Insurance
V008646,PT01239,DR057,D04,2024-09-09,Epilepsy,1433,0,0,Not Admitted,Card
V008647,PT02525,DR067,D07,2024-01-05,Diabetes,2466,0,0,Not Admitted,Card
V008648,PT04396,DR079,D04,2025-02-04,Migraine,5278,0,0,Not Admitted,UPI
V008649,PT00680,DR067,D07,2025-04-29,Infection,4203,0,0,Not Admitted,Card
V008650,PT04692,DR034,D08,2024-04-03,Prenatal Care,756949,1,12,Referred,Insurance
V008651,PT02587,DR042,D01,2025-09-10,Heart Failure,795384,1,1,Normal,UPI
V008652,PT02466,DR011,D08,2024-12-02,PCOS,5072,0,0,Not Admitted,UPI
V008653,PT04121,DR008,D02,2025-01-29,Arthritis,6306,0,0,Not Admitted,UPI
V008654,PT04982,DR066,D08,2025-03-31,Menstrual Disorder,2021,0,0,Not Admitted,Card
V008655,PT04698,DR080,D05,2024-01-17,Trauma,2942,0,0,Not Admitted,Insurance
V008656,PT01937,DR046,D02,2025-03-20,Arthritis,660663,1,5,Normal,Cash
V008657,PT03189,DR046,D02,2024-11-15,Fracture,2860,0,0,Not Admitted,UPI
V008658,PT01175,DR006,D02,2024-12-24,Ligament Tear,1237,0,0,Not Admitted,Insurance
V008659,PT02630,DR041,D07,2025-03-15,Infection,1108,0,0,Not Admitted,Card
V008660,PT03144,DR041,D07,2024-12-14,Infection,493555,1,10,Normal,Insurance
V008661,PT01782,DR052,D06,2025-03-23,Post-op Care,170101,1,11,Normal,UPI
V008662,PT00089,DR029,D05,2025-07-22,Burns,5120,0,0,Not Admitted,UPI
V008663,PT01636,DR044,D08,2024-03-23,Menstrual Disorder,1795,0,0,Not Admitted,Insurance
V008664,PT01376,DR006,D02,2025-10-18,Arthritis,5872,0,0,Not Admitted,Card
V008665,PT01477,DR029,D05,2024-12-16,Poisoning,6019,0,0,Not Admitted,UPI
V008666,PT00999,DR056,D02,2024-03-18,Fracture,3345,0,0,Not Admitted,UPI
V008667,PT02927,DR041,D07,2025-05-08,Diabetes,2449,0,0,Not Admitted,Insurance
V008668,PT04835,DR014,D04,2024-12-30,Neuropathy,3383,0,0,Not Admitted,Cash
V008669,PT01828,DR078,D06,2024-03-22,Tumor Screening,861,0,0,Not Admitted,Insurance
V008670,PT02570,DR017,D08,2025-07-24,Menstrual Disorder,4681,0,0,Not Admitted,Card
V008671,PT04212,DR028,D06,2024-09-09,Tumor Screening,1966,0,0,Not Admitted,UPI
V008672,PT04793,DR067,D07,2024-09-13,Fever,5722,0,0,Not Admitted,UPI
V008673,PT02083,DR036,D04,2025-03-07,Neuropathy,5220,0,0,Not Admitted,Cash
V008674,PT01218,DR027,D06,2025-10-31,Post-op Care,2753,0,0,Not Admitted,Cash
V008675,PT00533,DR037,D02,2024-11-04,Fracture,4866,0,0,Not Admitted,Cash
V008676,PT04751,DR074,D03,2025-01-05,Asthma,6510,0,0,Not Admitted,Cash
V008677,PT03347,DR040,D08,2025-05-28,PCOS,253929,1,6,Normal,UPI
V008678,PT00290,DR002,D02,2025-04-22,Back Pain,6222,0,0,Not Admitted,Cash
V008679,PT01736,DR032,D07,2025-03-14,Infection,779224,1,0,Normal,Insurance
V008680,PT02303,DR069,D07,2025-02-19,Thyroid,660622,1,7,LAMA,Card
V008681,PT04089,DR051,D05,2024-05-24,Burns,5738,0,0,Not Admitted,Insurance
V008682,PT04906,DR043,D06,2024-09-09,Chemotherapy,486457,1,10,Normal,UPI
V008683,PT04974,DR058,D03,2024-08-03,Vaccination,388915,1,4,Normal,Card
V008684,PT04373,DR037,D02,2025-11-27,Ligament Tear,228652,1,0,Normal,Insurance
V008685,PT04891,DR072,D06,2025-09-06,Chemotherapy,3584,0,0,Not Admitted,UPI
V008686,PT03649,DR035,D06,2024-05-17,Tumor Screening,5670,0,0,Not Admitted,UPI
V008687,PT04423,DR004,D05,2024-03-28,Severe Bleeding,2569,0,0,Not Admitted,UPI
V008688,PT04934,DR069,D07,2024-07-17,Thyroid,584971,1,11,Normal,Cash
V008689,PT04359,DR072,D06,2024-08-24,Chemotherapy,2516,0,0,Not Admitted,Card
V008690,PT03274,DR011,D08,2024-04-11,Fertility,3344,0,0,Not Admitted,Cash
V008691,PT00960,DR059,D01,2024-02-11,Arrhythmia,2502,0,0,Not Admitted,Card
V008692,PT03161,DR049,D01,2025-12-09,Heart Failure,629009,1,12,Normal,Insurance
V008693,PT00655,DR051,D05,2025-07-31,Severe Bleeding,3483,0,0,Not Admitted,Insurance
V008694,PT04225,DR008,D02,2025-05-04,Arthritis,7544,0,0,Not Admitted,UPI
V008695,PT04097,DR040,D08,2025-05-30,Prenatal Care,7294,0,0,Not Admitted,UPI
V008696,PT00471,DR020,D01,2025-03-24,Heart Failure,6373,0,0,Not Admitted,Card
V008697,PT03136,DR070,D03,2024-12-26,Viral Infection,6526,0,0,Not Admitted,Card
V008698,PT03828,DR048,D04,2024-10-25,Migraine,947,0,0,Not Admitted,Card
V008699,PT04513,DR013,D04,2024-02-25,Stroke,670,0,0,Not Admitted,Card
V008700,PT03291,DR077,D01,2024-03-27,Hypertension,5051,0,0,Not Admitted,Card
V008701,PT03500,DR031,D03,2024-05-26,Vaccination,5311,0,0,Not Admitted,Card
V008702,PT01311,DR048,D04,2025-12-11,Neuropathy,6831,0,0,Not Admitted,UPI
V008703,PT02370,DR078,D06,2024-10-20,Radiotherapy,5554,0,0,Not Admitted,UPI
V008704,PT02312,DR006,D02,2024-06-05,Arthritis,6938,0,0,Not Admitted,UPI
V008705,PT02385,DR011,D08,2024-05-31,Menstrual Disorder,1255,0,0,Not Admitted,Cash
V008706,PT04856,DR032,D07,2025-02-13,Fever,5020,0,0,Not Admitted,Insurance
V008707,PT00246,DR002,D02,2024-11-27,Back Pain,7233,0,0,Not Admitted,Card
V008708,PT00481,DR042,D01,2024-04-15,CAD,7867,0,0,Not Admitted,Insurance
V008709,PT03187,DR049,D01,2025-02-11,CAD,7593,0,0,Not Admitted,Insurance
V008710,PT04426,DR011,D08,2024-09-11,PCOS,3306,0,0,Not Admitted,Card
V008711,PT01344,DR052,D06,2025-12-16,Post-op Care,5708,0,0,Not Admitted,Insurance
V008712,PT02074,DR023,D02,2025-12-08,Back Pain,105714,1,0,Normal,UPI
V008713,PT02889,DR080,D05,2025-08-23,Severe Bleeding,240231,1,4,Normal,Insurance
V008714,PT04913,DR001,D02,2024-10-19,Fracture,1283,0,0,Not Admitted,Card
V008715,PT01776,DR078,D06,2024-08-07,Radiotherapy,1027,0,0,Not Admitted,Card
V008716,PT03373,DR043,D06,2025-03-26,Tumor Screening,278353,1,7,Normal,Cash
V008717,PT03747,DR013,D04,2024-06-01,Stroke,2096,0,0,Not Admitted,Insurance
V008718,PT01257,DR071,D03,2024-12-16,Asthma,6491,0,0,Not Admitted,UPI
V008719,PT03298,DR035,D06,2024-05-24,Radiotherapy,7084,0,0,Not Admitted,Insurance
V008720,PT00122,DR047,D04,2025-11-05,Epilepsy,258310,1,2,Normal,UPI
V008721,PT02308,DR016,D06,2025-03-18,Tumor Screening,5654,0,0,Not Admitted,Cash
V008722,PT03954,DR039,D03,2024-06-27,Fever,7759,0,0,Not Admitted,Insurance
V008723,PT04776,DR007,D05,2024-05-31,Poisoning,5087,0,0,Not Admitted,Card
V008724,PT00516,DR054,D02,2024-12-27,Ligament Tear,6392,0,0,Not Admitted,Cash
V008725,PT02517,DR068,D03,2024-06-25,Asthma,446542,1,4,Normal,UPI
V008726,PT02222,DR005,D05,2024-03-09,Burns,1154,0,0,Not Admitted,Insurance
V008727,PT00803,DR066,D08,2025-07-05,Fertility,3813,0,0,Not Admitted,Card
V008728,PT02584,DR027,D06,2024-07-06,Tumor Screening,6095,0,0,Not Admitted,Card
V008729,PT00451,DR036,D04,2025-02-14,Migraine,4500,0,0,Not Admitted,UPI
V008730,PT02729,DR034,D08,2024-01-09,Prenatal Care,599799,1,4,Normal,UPI
V008731,PT03312,DR043,D06,2025-04-18,Tumor Screening,7224,0,0,Not Admitted,Card
V008732,PT00862,DR069,D07,2024-01-14,Diabetes,2107,0,0,Not Admitted,Card
V008733,PT01242,DR027,D06,2025-04-01,Chemotherapy,937,0,0,Not Admitted,Card
V008734,PT02433,DR064,D02,2024-10-29,Back Pain,4935,0,0,Not Admitted,Insurance
V008735,PT00513,DR079,D04,2024-06-20,Neuropathy,5770,0,0,Not Admitted,Cash
V008736,PT01474,DR074,D03,2025-07-05,Viral Infection,2739,0,0,Not Admitted,Insurance
V008737,PT01978,DR035,D06,2025-04-03,Chemotherapy,3608,0,0,Not Admitted,Cash
V008738,PT01039,DR069,D07,2025-02-19,Fever,1152,0,0,Not Admitted,Cash
V008739,PT04324,DR062,D08,2024-11-08,Prenatal Care,5445,0,0,Not Admitted,Card
V008740,PT04079,DR042,D01,2025-02-13,Arrhythmia,745375,1,5,Normal,Insurance
V008741,PT02537,DR043,D06,2024-12-10,Tumor Screening,6720,0,0,Not Admitted,UPI
V008742,PT02229,DR064,D02,2025-05-25,Ligament Tear,1263,0,0,Not Admitted,Cash
V008743,PT04019,DR058,D03,2024-02-11,Asthma,7687,0,0,Not Admitted,Insurance
V008744,PT02924,DR034,D08,2024-06-04,Menstrual Disorder,50219,1,0,Normal,Cash
V008745,PT03103,DR020,D01,2025-12-12,Arrhythmia,325928,1,6,Normal,Card
V008746,PT00712,DR061,D02,2025-08-25,Fracture,1868,0,0,Not Admitted,Insurance
V008747,PT01554,DR013,D04,2024-05-05,Stroke,5031,0,0,Not Admitted,UPI
V008748,PT01656,DR001,D02,2024-12-28,Fracture,4749,0,0,Not Admitted,Cash
V008749,PT03356,DR068,D03,2024-07-31,Viral Infection,5447,0,0,Not Admitted,Card
V008750,PT00049,DR014,D04,2025-09-29,Migraine,1927,0,0,Not Admitted,Cash
V008751,PT02987,DR040,D08,2024-04-24,Prenatal Care,2293,0,0,Not Admitted,Insurance
V008752,PT03255,DR040,D08,2024-03-13,PCOS,1496,0,0,Not Admitted,Insurance
V008753,PT02508,DR034,D08,2025-01-27,Prenatal Care,53807,1,5,Normal,Cash
V008754,PT03968,DR021,D07,2025-08-22,Diabetes,171481,1,1,Normal,Insurance
V008755,PT01543,DR022,D08,2025-08-21,PCOS,818,0,0,Not Admitted,Cash
V008756,PT04561,DR002,D02,2024-05-05,Ligament Tear,589353,1,3,Referred,Cash
V008757,PT02992,DR072,D06,2025-02-02,Post-op Care,2162,0,0,Not Admitted,Cash
V008758,PT04155,DR019,D04,2025-12-01,Stroke,473293,1,2,Normal,Card
V008759,PT03991,DR069,D07,2025-08-21,Infection,2829,0,0,Not Admitted,Insurance
V008760,PT03201,DR051,D05,2025-10-23,Severe Bleeding,2795,0,0,Not Admitted,Cash
V008761,PT00199,DR012,D04,2025-04-13,Neuropathy,6816,0,0,Not Admitted,UPI
V008762,PT01727,DR029,D05,2024-09-06,Burns,6824,0,0,Not Admitted,Insurance
V008763,PT01177,DR051,D05,2025-07-01,Severe Bleeding,6119,0,0,Not Admitted,Cash
V008764,PT01743,DR023,D02,2024-05-30,Ligament Tear,5069,0,0,Not Admitted,Insurance
V008765,PT03455,DR058,D03,2024-01-06,Asthma,3526,0,0,Not Admitted,Card
V008766,PT03467,DR080,D05,2024-07-15,Burns,1480,0,0,Not Admitted,Insurance
V008767,PT00242,DR059,D01,2025-04-17,Heart Failure,5111,0,0,Not Admitted,Cash
V008768,PT01419,DR044,D08,2024-01-21,Menstrual Disorder,442641,1,11,Normal,UPI
V008769,PT00654,DR068,D03,2024-04-20,Asthma,3659,0,0,Not Admitted,Cash
V008770,PT04042,DR043,D06,2024-03-06,Post-op Care,6139,0,0,Not Admitted,UPI
V008771,PT00698,DR038,D04,2025-02-10,Stroke,2544,0,0,Not Admitted,Cash
V008772,PT03156,DR003,D04,2025-07-08,Epilepsy,428480,1,10,Referred,Cash
V008773,PT04526,DR022,D08,2024-09-06,PCOS,7549,0,0,Not Admitted,Insurance
V008774,PT04087,DR023,D02,2024-11-21,Fracture,4079,0,0,Not Admitted,Cash
V008775,PT01956,DR077,D01,2024-05-02,Heart Failure,818,0,0,Not Admitted,Cash
V008776,PT02101,DR010,D02,2024-11-08,Ligament Tear,3112,0,0,Not Admitted,UPI
V008777,PT03873,DR042,D01,2025-12-07,Arrhythmia,1873,0,0,Not Admitted,Insurance
V008778,PT00729,DR007,D05,2024-09-09,Trauma,2899,0,0,Not Admitted,Insurance
V008779,PT02266,DR080,D05,2025-01-07,Severe Bleeding,2879,0,0,Not Admitted,Card
V008780,PT04546,DR011,D08,2025-11-17,Prenatal Care,528,0,0,Not Admitted,Card
V008781,PT04390,DR075,D01,2025-11-11,CAD,3414,0,0,Not Admitted,Card
V008782,PT00760,DR025,D05,2024-06-05,Burns,2246,0,0,Not Admitted,Cash
V008783,PT02116,DR074,D03,2024-05-27,Asthma,5010,0,0,Not Admitted,Cash
V008784,PT00252,DR021,D07,2025-03-05,Infection,6792,0,0,Not Admitted,Insurance
V008785,PT04465,DR044,D08,2025-09-27,Fertility,576,0,0,Not Admitted,Card
V008786,PT00526,DR054,D02,2025-01-03,Back Pain,3821,0,0,Not Admitted,Card
V008787,PT04967,DR040,D08,2024-07-08,Menstrual Disorder,574488,1,11,LAMA,Insurance
V008788,PT04011,DR071,D03,2025-12-23,Viral Infection,5930,0,0,Not Admitted,Card
V008789,PT04159,DR004,D05,2024-08-19,Poisoning,2054,0,0,Not Admitted,Card
V008790,PT02765,DR019,D04,2024-07-26,Stroke,3579,0,0,Not Admitted,UPI
V008791,PT04366,DR067,D07,2025-06-02,Thyroid,604,0,0,Not Admitted,Card
V008792,PT03661,DR059,D01,2024-02-18,Hypertension,538776,1,9,Normal,Cash
V008793,PT01978,DR049,D01,2025-10-18,Arrhythmia,4594,0,0,Not Admitted,UPI
V008794,PT04314,DR045,D08,2024-11-01,Fertility,577825,1,0,Normal,Card
V008795,PT01931,DR059,D01,2024-07-16,Hypertension,686964,1,12,Normal,Cash
V008796,PT01232,DR079,D04,2025-05-19,Migraine,663,0,0,Not Admitted,Cash
V008797,PT04477,DR067,D07,2024-08-16,Diabetes,3302,0,0,Not Admitted,Card
V008798,PT02756,DR051,D05,2025-11-26,Severe Bleeding,191571,1,3,Normal,Card
V008799,PT02735,DR056,D02,2025-08-30,Arthritis,602071,1,8,Normal,Cash
V008800,PT03382,DR011,D08,2024-10-08,Fertility,922,0,0,Not Admitted,UPI
V008801,PT01623,DR045,D08,2025-06-19,Prenatal Care,2359,0,0,Not Admitted,UPI
V008802,PT01587,DR050,D07,2025-04-14,Diabetes,1699,0,0,Not Admitted,Cash
V008803,PT03056,DR031,D03,2024-06-10,Fever,519409,1,10,Normal,Card
V008804,PT03867,DR011,D08,2024-02-27,Menstrual Disorder,72567,1,6,LAMA,Insurance
V008805,PT00655,DR045,D08,2025-07-21,PCOS,6524,0,0,Not Admitted,Insurance
V008806,PT02756,DR004,D05,2025-08-20,Burns,468642,1,12,Normal,Insurance
V008807,PT02532,DR028,D06,2025-01-23,Radiotherapy,7549,0,0,Not Admitted,Card
V008808,PT02583,DR017,D08,2024-04-12,Prenatal Care,2202,0,0,Not Admitted,Cash
V008809,PT04034,DR035,D06,2025-12-21,Radiotherapy,7290,0,0,Not Admitted,UPI
V008810,PT04126,DR064,D02,2025-03-08,Ligament Tear,574078,1,2,Referred,Cash
V008811,PT02196,DR011,D08,2024-04-05,Prenatal Care,7167,0,0,Not Admitted,UPI
V008812,PT01173,DR058,D03,2024-11-01,Fever,1406,0,0,Not Admitted,Card
V008813,PT01266,DR010,D02,2025-04-20,Back Pain,4527,0,0,Not Admitted,Card
V008814,PT01658,DR012,D04,2025-04-12,Stroke,1045,0,0,Not Admitted,Insurance
V008815,PT04770,DR016,D06,2025-10-15,Chemotherapy,3050,0,0,Not Admitted,UPI
V008816,PT03682,DR050,D07,2024-12-20,Thyroid,1062,0,0,Not Admitted,UPI
V008817,PT04380,DR052,D06,2025-07-04,Post-op Care,378814,1,1,Normal,Insurance
V008818,PT00364,DR068,D03,2025-03-14,Viral Infection,604048,1,12,Normal,Card
V008819,PT03129,DR009,D04,2025-02-25,Epilepsy,7448,0,0,Not Admitted,Card
V008820,PT02243,DR005,D05,2025-10-25,Burns,3259,0,0,Not Admitted,Card
V008821,PT03932,DR076,D04,2024-02-16,Neuropathy,2483,0,0,Not Admitted,Cash
V008822,PT04627,DR016,D06,2024-08-10,Radiotherapy,6358,0,0,Not Admitted,Card
V008823,PT01153,DR050,D07,2025-09-16,Thyroid,1134,0,0,Not Admitted,UPI
V008824,PT02103,DR038,D04,2025-08-25,Neuropathy,647198,1,8,Normal,Cash
V008825,PT02685,DR022,D08,2024-09-14,Fertility,751497,1,2,Normal,Card
V008826,PT02948,DR042,D01,2025-11-10,Arrhythmia,5675,0,0,Not Admitted,Cash
V008827,PT04367,DR080,D05,2024-10-18,Severe Bleeding,4601,0,0,Not Admitted,Cash
V008828,PT03927,DR036,D04,2024-11-24,Migraine,553375,1,6,Normal,UPI
V008829,PT04461,DR045,D08,2024-07-15,Menstrual Disorder,6371,0,0,Not Admitted,UPI
V008830,PT01582,DR006,D02,2025-09-09,Ligament Tear,1362,0,0,Not Admitted,Insurance
V008831,PT03374,DR074,D03,2024-08-25,Asthma,6383,0,0,Not Admitted,UPI
V008832,PT04075,DR053,D03,2024-06-14,Viral Infection,7607,0,0,Not Admitted,Cash
V008833,PT02764,DR071,D03,2024-08-07,Fever,4277,0,0,Not Admitted,Insurance
V008834,PT02312,DR064,D02,2025-08-05,Ligament Tear,4150,0,0,Not Admitted,Card
V008835,PT00312,DR017,D08,2025-01-29,Menstrual Disorder,1325,0,0,Not Admitted,UPI
V008836,PT00491,DR053,D03,2024-03-18,Asthma,788935,1,10,Normal,Card
V008837,PT03977,DR077,D01,2024-01-05,Heart Failure,4858,0,0,Not Admitted,Insurance
V008838,PT01027,DR019,D04,2025-03-21,Neuropathy,7094,0,0,Not Admitted,Cash
V008839,PT00757,DR045,D08,2025-10-17,PCOS,453462,1,11,Normal,Card
V008840,PT03190,DR047,D04,2024-10-31,Epilepsy,1000,0,0,Not Admitted,UPI
V008841,PT02904,DR020,D01,2024-01-30,CAD,7090,0,0,Not Admitted,UPI
V008842,PT04208,DR032,D07,2024-01-08,Infection,3165,0,0,Not Admitted,Insurance
V008843,PT00762,DR073,D04,2025-03-22,Epilepsy,7733,0,0,Not Admitted,Card
V008844,PT03212,DR059,D01,2025-04-29,Heart Failure,3495,0,0,Not Admitted,Cash
V008845,PT02330,DR043,D06,2025-04-14,Post-op Care,1231,0,0,Not Admitted,Cash
V008846,PT00457,DR031,D03,2024-11-13,Fever,706161,1,4,Normal,Cash
V008847,PT00864,DR075,D01,2024-10-17,CAD,303093,1,4,Normal,UPI
V008848,PT01789,DR069,D07,2025-07-31,Fever,5040,0,0,Not Admitted,UPI
V008849,PT03470,DR077,D01,2024-02-19,CAD,4700,0,0,Not Admitted,Cash
V008850,PT01163,DR003,D04,2024-08-18,Neuropathy,5443,0,0,Not Admitted,UPI
V008851,PT03353,DR079,D04,2025-07-04,Neuropathy,643433,1,12,Normal,Insurance
V008852,PT04255,DR042,D01,2025-01-19,CAD,1770,0,0,Not Admitted,Cash
V008853,PT01952,DR067,D07,2024-08-25,Infection,7606,0,0,Not Admitted,UPI
V008854,PT02011,DR049,D01,2024-11-22,Arrhythmia,504455,1,6,Normal,UPI
V008855,PT02696,DR041,D07,2025-08-08,Diabetes,358799,1,12,Normal,Card
V008856,PT04265,DR043,D06,2025-11-24,Radiotherapy,6987,0,0,Not Admitted,Cash
V008857,PT02643,DR079,D04,2025-11-22,Neuropathy,3786,0,0,Not Admitted,Card
V008858,PT02912,DR070,D03,2024-09-20,Vaccination,131830,1,3,Normal,Cash
V008859,PT04194,DR032,D07,2025-02-15,Diabetes,492419,1,5,Referred,Insurance
V008860,PT00825,DR052,D06,2025-08-06,Post-op Care,6584,0,0,Not Admitted,Cash
V008861,PT03989,DR040,D08,2025-05-30,Fertility,2870,0,0,Not Admitted,Cash
V008862,PT04230,DR077,D01,2025-01-15,CAD,5822,0,0,Not Admitted,Card
V008863,PT03384,DR074,D03,2025-09-24,Asthma,2826,0,0,Not Admitted,Cash
V008864,PT01444,DR032,D07,2025-08-22,Fever,7285,0,0,Not Admitted,Insurance
V008865,PT02576,DR015,D06,2024-02-16,Radiotherapy,2326,0,0,Not Admitted,Card
V008866,PT01702,DR071,D03,2024-12-22,Vaccination,6214,0,0,Not Admitted,Cash
V008867,PT02899,DR028,D06,2024-05-04,Radiotherapy,717658,1,0,Normal,Card
V008868,PT04422,DR041,D07,2024-08-30,Thyroid,3688,0,0,Not Admitted,Cash
V008869,PT02843,DR023,D02,2025-09-10,Arthritis,7103,0,0,Not Admitted,UPI
V008870,PT03716,DR033,D05,2024-06-22,Severe Bleeding,6919,0,0,Not Admitted,Cash
V008871,PT00647,DR047,D04,2025-02-14,Stroke,7084,0,0,Not Admitted,Cash
V008872,PT01844,DR080,D05,2024-05-14,Poisoning,676573,1,2,Normal,UPI
V008873,PT00217,DR004,D05,2025-11-17,Poisoning,5500,0,0,Not Admitted,Insurance
V008874,PT01516,DR067,D07,2025-11-19,Diabetes,1711,0,0,Not Admitted,UPI
V008875,PT03119,DR073,D04,2024-04-27,Epilepsy,3154,0,0,Not Admitted,Cash
V008876,PT02941,DR016,D06,2024-07-08,Radiotherapy,5687,0,0,Not Admitted,UPI
V008877,PT00005,DR005,D05,2025-01-25,Poisoning,2338,0,0,Not Admitted,Cash
V008878,PT03701,DR080,D05,2025-11-21,Poisoning,4149,0,0,Not Admitted,Card
V008879,PT01480,DR046,D02,2025-01-03,Ligament Tear,432484,1,5,Normal,Cash
V008880,PT00736,DR052,D06,2024-08-12,Radiotherapy,7707,0,0,Not Admitted,UPI
V008881,PT03683,DR073,D04,2025-06-29,Epilepsy,7767,0,0,Not Admitted,UPI
V008882,PT04123,DR034,D08,2025-07-08,Prenatal Care,1196,0,0,Not Admitted,Card
V008883,PT00417,DR018,D05,2024-02-29,Trauma,1287,0,0,Not Admitted,Card
V008884,PT00453,DR077,D01,2024-07-10,CAD,657983,1,5,Normal,UPI
V008885,PT01916,DR031,D03,2024-05-09,Vaccination,5856,0,0,Not Admitted,Cash
V008886,PT04174,DR013,D04,2025-02-24,Stroke,1905,0,0,Not Admitted,UPI
V008887,PT04361,DR032,D07,2024-03-24,Fever,144814,1,10,Normal,Cash
V008888,PT02701,DR070,D03,2025-07-17,Asthma,1808,0,0,Not Admitted,UPI
V008889,PT01946,DR025,D05,2024-10-28,Severe Bleeding,5253,0,0,Not Admitted,Cash
V008890,PT03573,DR072,D06,2024-09-13,Radiotherapy,203585,1,11,Normal,UPI
V008891,PT00017,DR021,D07,2025-12-21,Fever,2441,0,0,Not Admitted,Card
V008892,PT04604,DR080,D05,2024-11-02,Trauma,3012,0,0,Not Admitted,UPI
V008893,PT00570,DR077,D01,2025-03-12,Heart Failure,3741,0,0,Not Admitted,Card
V008894,PT02590,DR051,D05,2025-12-16,Trauma,3693,0,0,Not Admitted,Cash
V008895,PT01743,DR017,D08,2025-09-29,Prenatal Care,1017,0,0,Not Admitted,Insurance
V008896,PT04623,DR016,D06,2025-04-15,Tumor Screening,266069,1,12,Normal,Card
V008897,PT04479,DR069,D07,2025-07-28,Infection,2951,0,0,Not Admitted,Card
V008898,PT00767,DR066,D08,2024-12-05,PCOS,7321,0,0,Not Admitted,UPI
V008899,PT03522,DR043,D06,2024-10-17,Chemotherapy,5744,0,0,Not Admitted,UPI
V008900,PT04550,DR049,D01,2025-12-28,CAD,382014,1,2,Normal,UPI
V008901,PT00892,DR064,D02,2024-08-29,Ligament Tear,477891,1,5,Normal,Insurance
V008902,PT01715,DR008,D02,2025-01-10,Fracture,7936,0,0,Not Admitted,Card
V008903,PT00414,DR055,D02,2024-06-22,Fracture,3441,0,0,Not Admitted,Cash
V008904,PT02095,DR079,D04,2025-04-30,Neuropathy,4462,0,0,Not Admitted,Card
V008905,PT00169,DR021,D07,2025-04-29,Infection,6430,0,0,Not Admitted,Insurance
V008906,PT03895,DR076,D04,2024-05-08,Stroke,109461,1,6,Referred,Cash
V008907,PT02292,DR039,D03,2025-07-19,Vaccination,161871,1,11,Normal,Insurance
V008908,PT01578,DR040,D08,2024-06-24,Fertility,3282,0,0,Not Admitted,Card
V008909,PT04323,DR022,D08,2024-12-21,PCOS,2922,0,0,Not Admitted,Cash
V008910,PT04301,DR040,D08,2025-05-03,PCOS,2616,0,0,Not Admitted,Cash
V008911,PT04165,DR009,D04,2024-08-10,Stroke,2690,0,0,Not Admitted,Insurance
V008912,PT01684,DR075,D01,2024-04-11,Hypertension,5223,0,0,Not Admitted,UPI
V008913,PT02539,DR050,D07,2025-11-22,Fever,5644,0,0,Not Admitted,Cash
V008914,PT03276,DR036,D04,2024-07-05,Stroke,1000,0,0,Not Admitted,Cash
V008915,PT01931,DR035,D06,2025-11-06,Chemotherapy,557,0,0,Not Admitted,Card
V008916,PT00877,DR035,D06,2025-12-10,Tumor Screening,956,0,0,Not Admitted,Card
V008917,PT01789,DR009,D04,2024-02-27,Neuropathy,5933,0,0,Not Admitted,Insurance
V008918,PT03611,DR074,D03,2024-05-17,Fever,947,0,0,Not Admitted,Cash
V008919,PT03058,DR044,D08,2025-11-06,Menstrual Disorder,3185,0,0,Not Admitted,Insurance
V008920,PT01517,DR007,D05,2024-11-09,Severe Bleeding,6759,0,0,Not Admitted,Insurance
V008921,PT02841,DR038,D04,2025-02-13,Epilepsy,4382,0,0,Not Admitted,Insurance
V008922,PT01523,DR031,D03,2025-09-14,Fever,6404,0,0,Not Admitted,Cash
V008923,PT00057,DR020,D01,2024-06-13,Heart Failure,317484,1,2,Normal,UPI
V008924,PT04690,DR069,D07,2024-05-22,Diabetes,4123,0,0,Not Admitted,Cash
V008925,PT02897,DR020,D01,2025-07-06,CAD,373818,1,12,Normal,UPI
V008926,PT02957,DR001,D02,2024-09-11,Back Pain,4707,0,0,Not Admitted,Insurance
V008927,PT04714,DR006,D02,2025-12-03,Ligament Tear,6413,0,0,Not Admitted,Insurance
V008928,PT00016,DR075,D01,2025-04-19,Heart Failure,601926,1,12,Normal,Card
V008929,PT01620,DR031,D03,2024-12-15,Vaccination,3863,0,0,Not Admitted,UPI
V008930,PT02367,DR018,D05,2025-03-22,Burns,7483,0,0,Not Admitted,Card
V008931,PT02929,DR010,D02,2024-08-31,Arthritis,3251,0,0,Not Admitted,Card
V008932,PT03521,DR072,D06,2024-06-29,Radiotherapy,1250,0,0,Not Admitted,Cash
V008933,PT01459,DR074,D03,2025-12-20,Vaccination,754,0,0,Not Admitted,Card
V008934,PT03737,DR044,D08,2024-07-13,PCOS,7035,0,0,Not Admitted,Card
V008935,PT04519,DR065,D04,2024-05-16,Neuropathy,3649,0,0,Not Admitted,UPI
V008936,PT00681,DR050,D07,2025-12-12,Diabetes,3831,0,0,Not Admitted,Cash
V008937,PT00452,DR069,D07,2025-08-02,Thyroid,2588,0,0,Not Admitted,Cash
V008938,PT02450,DR027,D06,2025-03-16,Post-op Care,6649,0,0,Not Admitted,Insurance
V008939,PT02389,DR058,D03,2025-08-18,Asthma,639,0,0,Not Admitted,Insurance
V008940,PT00758,DR006,D02,2025-11-26,Fracture,7696,0,0,Not Admitted,Insurance
V008941,PT03879,DR027,D06,2025-01-07,Chemotherapy,1454,0,0,Not Admitted,Cash
V008942,PT04314,DR072,D06,2025-03-15,Tumor Screening,1126,0,0,Not Admitted,Card
V008943,PT02300,DR031,D03,2025-09-09,Fever,3609,0,0,Not Admitted,UPI
V008944,PT04884,DR078,D06,2025-07-13,Post-op Care,756609,1,10,Normal,Card
V008945,PT03961,DR060,D04,2024-11-02,Epilepsy,5435,0,0,Not Admitted,Cash
V008946,PT00759,DR047,D04,2024-06-02,Neuropathy,1064,0,0,Not Admitted,UPI
V008947,PT01184,DR031,D03,2025-10-08,Viral Infection,4387,0,0,Not Admitted,Insurance
V008948,PT01614,DR044,D08,2025-10-25,Fertility,4979,0,0,Not Admitted,Card
V008949,PT00707,DR019,D04,2025-07-13,Neuropathy,445346,1,6,Normal,Insurance
V008950,PT03251,DR032,D07,2024-10-09,Fever,625342,1,2,Referred,Card
V008951,PT02694,DR017,D08,2025-08-11,PCOS,677643,1,1,LAMA,Insurance
V008952,PT01358,DR013,D04,2025-08-04,Migraine,3474,0,0,Not Admitted,Card
V008953,PT02429,DR039,D03,2025-01-15,Viral Infection,7688,0,0,Not Admitted,Cash
V008954,PT03554,DR039,D03,2025-08-16,Vaccination,685404,1,3,Normal,UPI
V008955,PT02742,DR045,D08,2024-12-02,Menstrual Disorder,2090,0,0,Not Admitted,Cash
V008956,PT01489,DR079,D04,2024-06-26,Migraine,580,0,0,Not Admitted,Insurance
V008957,PT02462,DR019,D04,2024-05-04,Epilepsy,6683,0,0,Not Admitted,Card
V008958,PT00716,DR001,D02,2024-02-28,Fracture,6027,0,0,Not Admitted,Insurance
V008959,PT04626,DR075,D01,2025-01-08,Heart Failure,898,0,0,Not Admitted,UPI
V008960,PT04225,DR008,D02,2025-05-05,Arthritis,601225,1,9,Normal,Cash
V008961,PT00200,DR062,D08,2024-10-29,PCOS,1889,0,0,Not Admitted,Insurance
V008962,PT03917,DR044,D08,2024-07-28,Menstrual Disorder,97726,1,9,Normal,UPI
V008963,PT02955,DR071,D03,2025-06-11,Viral Infection,4555,0,0,Not Admitted,UPI
V008964,PT03695,DR036,D04,2025-12-19,Stroke,6517,0,0,Not Admitted,Cash
V008965,PT02282,DR015,D06,2024-09-16,Radiotherapy,6749,0,0,Not Admitted,Insurance
V008966,PT04564,DR055,D02,2025-01-04,Fracture,570,0,0,Not Admitted,Card
V008967,PT02701,DR041,D07,2025-10-12,Infection,1427,0,0,Not Admitted,Card
V008968,PT04677,DR019,D04,2024-11-19,Stroke,3150,0,0,Not Admitted,Insurance
V008969,PT02101,DR022,D08,2025-02-09,Menstrual Disorder,4661,0,0,Not Admitted,UPI
V008970,PT03217,DR027,D06,2025-07-25,Post-op Care,6857,0,0,Not Admitted,Cash
V008971,PT03770,DR033,D05,2024-09-29,Burns,1592,0,0,Not Admitted,UPI
V008972,PT02875,DR050,D07,2024-03-25,Infection,557,0,0,Not Admitted,Insurance
V008973,PT01632,DR061,D02,2024-03-03,Arthritis,2982,0,0,Not Admitted,Card
V008974,PT00772,DR053,D03,2025-08-21,Vaccination,2235,0,0,Not Admitted,Insurance
V008975,PT03309,DR035,D06,2024-04-25,Chemotherapy,6569,0,0,Not Admitted,Cash
V008976,PT04414,DR059,D01,2024-01-12,Heart Failure,734594,1,0,Normal,UPI
V008977,PT04327,DR039,D03,2025-07-04,Vaccination,4196,0,0,Not Admitted,Insurance
V008978,PT00510,DR010,D02,2024-01-02,Back Pain,2532,0,0,Not Admitted,Card
V008979,PT03949,DR017,D08,2025-02-23,PCOS,5419,0,0,Not Admitted,UPI
V008980,PT04037,DR024,D05,2025-05-11,Trauma,5602,0,0,Not Admitted,Cash
V008981,PT04662,DR039,D03,2024-09-07,Fever,1856,0,0,Not Admitted,Cash
V008982,PT01779,DR019,D04,2025-10-30,Stroke,7037,0,0,Not Admitted,Insurance
V008983,PT01757,DR005,D05,2025-08-04,Burns,7986,0,0,Not Admitted,Insurance
V008984,PT00728,DR041,D07,2024-01-23,Infection,193557,1,9,Normal,Card
V008985,PT02637,DR059,D01,2024-11-24,Hypertension,5847,0,0,Not Admitted,Cash
V008986,PT00878,DR065,D04,2025-10-13,Neuropathy,3297,0,0,Not Admitted,Insurance
V008987,PT00424,DR026,D05,2025-06-29,Trauma,1821,0,0,Not Admitted,Card
V008988,PT02889,DR039,D03,2025-07-08,Fever,2317,0,0,Not Admitted,UPI
V008989,PT00127,DR023,D02,2024-07-17,Back Pain,4508,0,0,Not Admitted,Card
V008990,PT04288,DR068,D03,2025-12-05,Asthma,5514,0,0,Not Admitted,UPI
V008991,PT01979,DR036,D04,2024-12-16,Stroke,662616,1,6,LAMA,UPI
V008992,PT03583,DR030,D02,2024-11-25,Ligament Tear,1979,0,0,Not Admitted,UPI
V008993,PT03096,DR064,D02,2025-02-25,Ligament Tear,190667,1,5,Normal,Card
V008994,PT03772,DR040,D08,2025-07-01,Menstrual Disorder,3521,0,0,Not Admitted,Card
V008995,PT02269,DR020,D01,2024-05-29,Arrhythmia,7299,0,0,Not Admitted,Cash
V008996,PT03814,DR001,D02,2024-02-02,Arthritis,229714,1,9,Normal,UPI
V008997,PT03988,DR032,D07,2025-08-09,Fever,3492,0,0,Not Admitted,UPI
V008998,PT01699,DR052,D06,2024-06-11,Chemotherapy,6151,0,0,Not Admitted,Card
V008999,PT02725,DR071,D03,2024-09-26,Vaccination,2178,0,0,Not Admitted,Card
V009000,PT04416,DR059,D01,2024-02-09,CAD,6284,0,0,Not Admitted,Insurance
V009001,PT04586,DR016,D06,2025-06-02,Radiotherapy,3297,0,0,Not Admitted,Card
V009002,PT01684,DR030,D02,2025-11-27,Arthritis,2910,0,0,Not Admitted,UPI
V009003,PT03190,DR052,D06,2025-12-07,Chemotherapy,859,0,0,Not Admitted,Cash
V009004,PT00087,DR053,D03,2025-05-14,Asthma,1374,0,0,Not Admitted,Insurance
V009005,PT00736,DR011,D08,2024-11-07,PCOS,6906,0,0,Not Admitted,Card
V009006,PT03630,DR021,D07,2025-09-20,Fever,6877,0,0,Not Admitted,UPI
V009007,PT01465,DR025,D05,2025-01-13,Trauma,1271,0,0,Not Admitted,Insurance
V009008,PT04020,DR044,D08,2024-08-07,Fertility,1194,0,0,Not Admitted,Insurance
V009009,PT00849,DR039,D03,2024-05-26,Asthma,5947,0,0,Not Admitted,UPI
V009010,PT04942,DR028,D06,2024-05-29,Tumor Screening,6500,0,0,Not Admitted,Cash
V009011,PT02267,DR031,D03,2024-02-26,Asthma,1824,0,0,Not Admitted,Insurance
V009012,PT00838,DR066,D08,2024-06-17,Prenatal Care,1588,0,0,Not Admitted,UPI
V009013,PT01440,DR015,D06,2024-10-25,Post-op Care,508,0,0,Not Admitted,Card
V009014,PT04647,DR015,D06,2024-12-16,Post-op Care,2113,0,0,Not Admitted,Card
V009015,PT03745,DR076,D04,2024-08-19,Stroke,59373,1,6,Normal,Cash
V009016,PT00814,DR034,D08,2024-12-06,Prenatal Care,3708,0,0,Not Admitted,Card
V009017,PT01805,DR054,D02,2025-09-12,Fracture,230567,1,7,Normal,Card
V009018,PT00874,DR016,D06,2024-02-02,Tumor Screening,278075,1,4,Normal,UPI
V009019,PT03402,DR024,D05,2025-09-20,Severe Bleeding,7000,0,0,Not Admitted,Cash
V009020,PT02357,DR023,D02,2024-08-06,Ligament Tear,1076,0,0,Not Admitted,Card
V009021,PT01897,DR049,D01,2025-09-06,Hypertension,581683,1,4,Referred,Insurance
V009022,PT03869,DR031,D03,2025-07-30,Vaccination,597083,1,9,Normal,Cash
V009023,PT02236,DR032,D07,2024-08-02,Diabetes,4128,0,0,Not Admitted,Cash
V009024,PT02797,DR015,D06,2025-07-29,Post-op Care,2476,0,0,Not Admitted,Cash
V009025,PT03931,DR003,D04,2025-11-28,Epilepsy,3201,0,0,Not Admitted,UPI
V009026,PT04304,DR026,D05,2025-04-08,Poisoning,1632,0,0,Not Admitted,Cash
V009027,PT03459,DR005,D05,2024-07-25,Severe Bleeding,701830,1,4,Referred,Card
V009028,PT03048,DR003,D04,2024-09-26,Stroke,2448,0,0,Not Admitted,UPI
V009029,PT02072,DR045,D08,2025-11-22,Fertility,6019,0,0,Not Admitted,UPI
V009030,PT02664,DR064,D02,2025-04-04,Fracture,5534,0,0,Not Admitted,Card
V009031,PT00750,DR074,D03,2025-09-19,Fever,4183,0,0,Not Admitted,UPI
V009032,PT00027,DR016,D06,2024-07-28,Post-op Care,5741,0,0,Not Admitted,Insurance
V009033,PT02366,DR045,D08,2025-04-29,Menstrual Disorder,6622,0,0,Not Admitted,Card
V009034,PT01161,DR021,D07,2024-11-29,Thyroid,5450,0,0,Not Admitted,Card
V009035,PT02060,DR011,D08,2025-01-16,Menstrual Disorder,981,0,0,Not Admitted,Cash
V009036,PT00299,DR032,D07,2024-10-09,Infection,5553,0,0,Not Admitted,Card
V009037,PT00513,DR052,D06,2024-12-02,Radiotherapy,3377,0,0,Not Admitted,Insurance
V009038,PT02315,DR031,D03,2025-08-18,Vaccination,7755,0,0,Not Admitted,Insurance
V009039,PT04270,DR066,D08,2025-09-13,Fertility,5146,0,0,Not Admitted,Cash
V009040,PT00561,DR004,D05,2024-07-16,Burns,2852,0,0,Not Admitted,Card
V009041,PT03389,DR058,D03,2025-06-02,Vaccination,5522,0,0,Not Admitted,Cash
V009042,PT03612,DR049,D01,2024-02-19,Arrhythmia,7452,0,0,Not Admitted,Insurance
V009043,PT00627,DR040,D08,2024-06-28,Menstrual Disorder,7725,0,0,Not Admitted,UPI
V009044,PT00406,DR017,D08,2025-07-17,Prenatal Care,225156,1,6,Normal,Insurance
V009045,PT02403,DR074,D03,2025-10-08,Viral Infection,927,0,0,Not Admitted,Cash
V009046,PT02301,DR053,D03,2024-01-22,Asthma,6512,0,0,Not Admitted,UPI
V009047,PT00586,DR047,D04,2025-02-08,Stroke,3762,0,0,Not Admitted,UPI
V009048,PT00839,DR069,D07,2024-01-11,Diabetes,4565,0,0,Not Admitted,Cash
V009049,PT01666,DR046,D02,2025-07-14,Back Pain,6937,0,0,Not Admitted,Card
V009050,PT03395,DR056,D02,2024-06-27,Fracture,716,0,0,Not Admitted,Cash
V009051,PT02277,DR054,D02,2024-12-04,Fracture,773349,1,12,Expired,UPI
V009052,PT00387,DR003,D04,2025-04-29,Stroke,4572,0,0,Not Admitted,Cash
V009053,PT00248,DR054,D02,2024-01-06,Back Pain,605653,1,12,Normal,Cash
V009054,PT04549,DR021,D07,2024-06-16,Thyroid,3905,0,0,Not Admitted,Card
V009055,PT04443,DR070,D03,2025-07-11,Asthma,4867,0,0,Not Admitted,Cash
V009056,PT03192,DR041,D07,2025-04-28,Fever,4235,0,0,Not Admitted,Cash
V009057,PT01456,DR063,D05,2025-05-01,Burns,3485,0,0,Not Admitted,Insurance
V009058,PT02122,DR080,D05,2025-10-13,Trauma,717862,1,8,Normal,Insurance
V009059,PT00847,DR009,D04,2024-01-25,Stroke,6304,0,0,Not Admitted,Insurance
V009060,PT02576,DR010,D02,2024-06-20,Ligament Tear,784,0,0,Not Admitted,Insurance
V009061,PT03113,DR027,D06,2025-10-09,Post-op Care,822,0,0,Not Admitted,Insurance
V009062,PT03912,DR072,D06,2024-09-16,Tumor Screening,7529,0,0,Not Admitted,UPI
V009063,PT04134,DR030,D02,2025-07-12,Back Pain,2481,0,0,Not Admitted,UPI
V009064,PT00713,DR039,D03,2025-01-01,Vaccination,368553,1,12,Normal,Cash
V009065,PT00856,DR010,D02,2025-10-31,Arthritis,121837,1,3,Normal,Insurance
V009066,PT00729,DR072,D06,2025-04-21,Tumor Screening,6613,0,0,Not Admitted,UPI
V009067,PT02139,DR078,D06,2025-12-12,Chemotherapy,5883,0,0,Not Admitted,Cash
V009068,PT01556,DR045,D08,2025-12-11,Fertility,79116,1,5,Normal,Insurance
V009069,PT04428,DR037,D02,2024-03-12,Arthritis,1121,0,0,Not Admitted,Card
V009070,PT01265,DR077,D01,2025-02-02,CAD,5158,0,0,Not Admitted,Cash
V009071,PT03032,DR059,D01,2025-04-07,CAD,5893,0,0,Not Admitted,Cash
V009072,PT02064,DR075,D01,2024-05-14,Arrhythmia,5298,0,0,Not Admitted,Card
V009073,PT04444,DR035,D06,2024-04-08,Chemotherapy,5411,0,0,Not Admitted,Card
V009074,PT03855,DR017,D08,2025-10-04,Prenatal Care,6291,0,0,Not Admitted,UPI
V009075,PT03310,DR003,D04,2024-01-19,Migraine,3419,0,0,Not Admitted,Insurance
V009076,PT02771,DR047,D04,2025-08-24,Neuropathy,3812,0,0,Not Admitted,Card
V009077,PT02580,DR022,D08,2025-02-14,Prenatal Care,715356,1,11,Expired,UPI
V009078,PT03450,DR002,D02,2024-01-14,Ligament Tear,5330,0,0,Not Admitted,Cash
V009079,PT02651,DR062,D08,2024-09-06,Fertility,2343,0,0,Not Admitted,Insurance
V009080,PT03590,DR037,D02,2024-01-22,Arthritis,3055,0,0,Not Admitted,Insurance
V009081,PT01337,DR018,D05,2025-04-26,Trauma,7029,0,0,Not Admitted,Insurance
V009082,PT01095,DR013,D04,2025-08-03,Stroke,4149,0,0,Not Admitted,UPI
V009083,PT04299,DR069,D07,2024-09-12,Fever,82450,1,2,Normal,Card
V009084,PT00181,DR026,D05,2024-02-15,Burns,7772,0,0,Not Admitted,Card
V009085,PT04152,DR068,D03,2025-05-09,Fever,2588,0,0,Not Admitted,UPI
V009086,PT03896,DR012,D04,2024-10-26,Neuropathy,6922,0,0,Not Admitted,Card
V009087,PT01995,DR058,D03,2024-12-25,Viral Infection,6082,0,0,Not Admitted,Insurance
V009088,PT00542,DR022,D08,2024-05-09,PCOS,7957,0,0,Not Admitted,Card
V009089,PT00780,DR069,D07,2025-08-05,Infection,3656,0,0,Not Admitted,Card
V009090,PT02112,DR032,D07,2025-09-12,Infection,1406,0,0,Not Admitted,UPI
V009091,PT02575,DR032,D07,2025-10-22,Fever,7885,0,0,Not Admitted,Cash
V009092,PT04903,DR058,D03,2024-01-09,Fever,629,0,0,Not Admitted,UPI
V009093,PT02160,DR006,D02,2024-12-04,Back Pain,2329,0,0,Not Admitted,Insurance
V009094,PT01476,DR054,D02,2025-06-06,Ligament Tear,7229,0,0,Not Admitted,Cash
V009095,PT04393,DR059,D01,2024-04-23,Arrhythmia,217257,1,7,Normal,Insurance
V009096,PT04974,DR067,D07,2024-10-19,Infection,5003,0,0,Not Admitted,Cash
V009097,PT01486,DR060,D04,2025-10-23,Stroke,754,0,0,Not Admitted,Cash
V009098,PT02305,DR015,D06,2024-08-24,Post-op Care,3085,0,0,Not Admitted,Cash
V009099,PT03411,DR011,D08,2025-06-29,Fertility,6078,0,0,Not Admitted,UPI
V009100,PT00623,DR018,D05,2024-03-16,Trauma,5682,0,0,Not Admitted,Card
V009101,PT04543,DR041,D07,2025-07-30,Fever,5582,0,0,Not Admitted,Card
V009102,PT04004,DR057,D04,2025-06-25,Migraine,6022,0,0,Not Admitted,Insurance
V009103,PT02116,DR075,D01,2025-08-17,Hypertension,7593,0,0,Not Admitted,Insurance
V009104,PT02371,DR054,D02,2025-08-25,Back Pain,2162,0,0,Not Admitted,Cash
V009105,PT01981,DR017,D08,2024-03-22,Fertility,2949,0,0,Not Admitted,Card
V009106,PT01914,DR060,D04,2025-10-25,Neuropathy,3388,0,0,Not Admitted,Card
V009107,PT03515,DR069,D07,2024-11-08,Thyroid,1995,0,0,Not Admitted,Cash
V009108,PT04543,DR055,D02,2025-10-16,Arthritis,6754,0,0,Not Admitted,UPI
V009109,PT02753,DR069,D07,2024-01-08,Fever,368747,1,4,Normal,Insurance
V009110,PT03384,DR010,D02,2025-11-17,Fracture,6210,0,0,Not Admitted,UPI
V009111,PT02037,DR038,D04,2024-05-07,Stroke,4873,0,0,Not Admitted,Insurance
V009112,PT03238,DR075,D01,2025-12-23,Hypertension,5796,0,0,Not Admitted,Cash
V009113,PT04998,DR015,D06,2024-04-29,Tumor Screening,744744,1,10,Normal,Insurance
V009114,PT01061,DR049,D01,2024-03-04,Hypertension,2506,0,0,Not Admitted,Cash
V009115,PT02096,DR037,D02,2024-04-15,Fracture,756843,1,9,Referred,Cash
V009116,PT02930,DR017,D08,2024-01-14,Prenatal Care,561721,1,11,Normal,Cash
V009117,PT00255,DR028,D06,2025-11-15,Tumor Screening,2480,0,0,Not Admitted,Card
V009118,PT00194,DR032,D07,2024-12-10,Thyroid,3467,0,0,Not Admitted,Card
V009119,PT02008,DR076,D04,2025-03-21,Migraine,64982,1,1,Normal,Card
V009120,PT00398,DR049,D01,2025-07-29,Hypertension,7059,0,0,Not Admitted,Card
V009121,PT04875,DR037,D02,2024-05-21,Ligament Tear,2692,0,0,Not Admitted,Card
V009122,PT03145,DR005,D05,2025-11-23,Severe Bleeding,6439,0,0,Not Admitted,Insurance
V009123,PT03051,DR053,D03,2025-01-07,Vaccination,2841,0,0,Not Admitted,UPI
V009124,PT01706,DR010,D02,2024-10-02,Fracture,5920,0,0,Not Admitted,Insurance
V009125,PT01146,DR016,D06,2025-05-13,Chemotherapy,5518,0,0,Not Admitted,Cash
V009126,PT04025,DR021,D07,2025-07-23,Fever,3673,0,0,Not Admitted,Insurance
V009127,PT04720,DR042,D01,2024-02-11,CAD,1128,0,0,Not Admitted,Insurance
V009128,PT01288,DR077,D01,2024-10-02,Heart Failure,5274,0,0,Not Admitted,UPI
V009129,PT01779,DR002,D02,2025-04-01,Arthritis,2604,0,0,Not Admitted,UPI
V009130,PT03040,DR027,D06,2024-05-25,Chemotherapy,2146,0,0,Not Admitted,UPI
V009131,PT03529,DR075,D01,2024-07-09,CAD,4625,0,0,Not Admitted,UPI
V009132,PT02552,DR069,D07,2024-09-01,Infection,2102,0,0,Not Admitted,UPI
V009133,PT04329,DR053,D03,2024-08-27,Fever,3745,0,0,Not Admitted,Card
V009134,PT01122,DR046,D02,2025-08-20,Arthritis,2242,0,0,Not Admitted,Card
V009135,PT01994,DR049,D01,2025-08-22,CAD,1675,0,0,Not Admitted,Insurance
V009136,PT03339,DR047,D04,2024-08-23,Epilepsy,7786,0,0,Not Admitted,Insurance
V009137,PT04871,DR006,D02,2025-01-28,Arthritis,541,0,0,Not Admitted,UPI
V009138,PT04886,DR020,D01,2025-05-25,Heart Failure,4853,0,0,Not Admitted,Insurance
V009139,PT01473,DR049,D01,2025-07-27,Arrhythmia,5442,0,0,Not Admitted,Cash
V009140,PT03707,DR042,D01,2025-01-23,Heart Failure,4507,0,0,Not Admitted,Cash
V009141,PT02737,DR013,D04,2025-10-30,Stroke,5744,0,0,Not Admitted,Insurance
V009142,PT00759,DR074,D03,2025-02-28,Asthma,2470,0,0,Not Admitted,Card
V009143,PT03335,DR057,D04,2024-02-15,Migraine,76551,1,1,Normal,UPI
V009144,PT04985,DR029,D05,2024-12-14,Trauma,5539,0,0,Not Admitted,Card
V009145,PT01859,DR001,D02,2025-03-09,Arthritis,4177,0,0,Not Admitted,Card
V009146,PT02351,DR027,D06,2025-08-21,Chemotherapy,5524,0,0,Not Admitted,UPI
V009147,PT01466,DR075,D01,2025-10-10,Hypertension,791099,1,8,Normal,UPI
V009148,PT00614,DR052,D06,2025-07-17,Chemotherapy,794,0,0,Not Admitted,UPI
V009149,PT01200,DR042,D01,2025-03-26,CAD,3783,0,0,Not Admitted,Insurance
V009150,PT02177,DR031,D03,2025-04-25,Viral Infection,4941,0,0,Not Admitted,Insurance
V009151,PT01182,DR069,D07,2025-07-26,Infection,7852,0,0,Not Admitted,UPI
V009152,PT03183,DR026,D05,2025-07-04,Trauma,2307,0,0,Not Admitted,Cash
V009153,PT02309,DR067,D07,2024-06-29,Diabetes,2916,0,0,Not Admitted,UPI
V009154,PT00681,DR069,D07,2024-05-14,Diabetes,108623,1,10,LAMA,Insurance
V009155,PT00816,DR022,D08,2025-06-01,Prenatal Care,5957,0,0,Not Admitted,UPI
V009156,PT02204,DR075,D01,2024-05-30,Arrhythmia,7022,0,0,Not Admitted,Card
V009157,PT04082,DR020,D01,2024-12-24,Hypertension,2591,0,0,Not Admitted,Cash
V009158,PT04040,DR067,D07,2025-01-18,Diabetes,239897,1,4,Normal,Cash
V009159,PT00701,DR078,D06,2025-05-18,Post-op Care,6540,0,0,Not Admitted,Cash
V009160,PT03369,DR071,D03,2025-08-14,Fever,1247,0,0,Not Admitted,UPI
V009161,PT00626,DR059,D01,2025-08-01,CAD,7005,0,0,Not Admitted,Insurance
V009162,PT01311,DR029,D05,2024-01-23,Burns,6305,0,0,Not Admitted,UPI
V009163,PT02341,DR070,D03,2025-07-01,Viral Infection,2544,0,0,Not Admitted,Cash
V009164,PT01802,DR020,D01,2024-01-10,Heart Failure,874,0,0,Not Admitted,Card
V009165,PT01599,DR008,D02,2025-01-24,Back Pain,2629,0,0,Not Admitted,Card
V009166,PT00476,DR033,D05,2024-07-09,Severe Bleeding,6563,0,0,Not Admitted,Card
V009167,PT01622,DR072,D06,2024-01-13,Post-op Care,7141,0,0,Not Admitted,Insurance
V009168,PT00090,DR068,D03,2024-12-01,Fever,1307,0,0,Not Admitted,UPI
V009169,PT00873,DR033,D05,2025-07-05,Burns,6794,0,0,Not Admitted,Cash
V009170,PT00835,DR029,D05,2025-12-13,Severe Bleeding,995,0,0,Not Admitted,Insurance
V009171,PT00652,DR012,D04,2025-01-01,Stroke,1613,0,0,Not Admitted,Cash
V009172,PT02691,DR050,D07,2024-10-24,Infection,672319,1,0,Normal,Card
V009173,PT01468,DR011,D08,2025-03-13,Prenatal Care,7321,0,0,Not Admitted,Insurance
V009174,PT01175,DR014,D04,2024-12-03,Epilepsy,1817,0,0,Not Admitted,UPI
V009175,PT01396,DR041,D07,2024-04-09,Thyroid,7551,0,0,Not Admitted,Card
V009176,PT03533,DR027,D06,2025-06-21,Chemotherapy,2077,0,0,Not Admitted,Cash
V009177,PT04710,DR011,D08,2025-03-10,PCOS,4163,0,0,Not Admitted,Card
V009178,PT03600,DR051,D05,2024-03-15,Burns,1452,0,0,Not Admitted,Card
V009179,PT03343,DR069,D07,2024-06-06,Diabetes,6102,0,0,Not Admitted,Cash
V009180,PT03979,DR032,D07,2025-08-14,Thyroid,510,0,0,Not Admitted,Insurance
V009181,PT02389,DR029,D05,2024-10-05,Burns,703,0,0,Not Admitted,Card
V009182,PT03306,DR069,D07,2024-09-12,Diabetes,2598,0,0,Not Admitted,UPI
V009183,PT04113,DR003,D04,2024-05-27,Migraine,248793,1,6,Normal,Insurance
V009184,PT00691,DR034,D08,2024-08-10,Fertility,1313,0,0,Not Admitted,Cash
V009185,PT03852,DR070,D03,2025-04-15,Vaccination,5459,0,0,Not Admitted,Insurance
V009186,PT00745,DR056,D02,2024-11-08,Arthritis,6668,0,0,Not Admitted,Insurance
V009187,PT01996,DR062,D08,2025-09-18,Prenatal Care,312919,1,10,Normal,Card
V009188,PT01279,DR045,D08,2024-10-02,Prenatal Care,169512,1,10,Normal,Cash
V009189,PT04578,DR075,D01,2024-01-27,Arrhythmia,5335,0,0,Not Admitted,Insurance
V009190,PT00323,DR070,D03,2025-07-18,Asthma,802,0,0,Not Admitted,Card
V009191,PT00748,DR075,D01,2025-07-10,Heart Failure,5525,0,0,Not Admitted,UPI
V009192,PT01526,DR052,D06,2025-09-18,Tumor Screening,3597,0,0,Not Admitted,Insurance
V009193,PT00115,DR012,D04,2024-06-19,Stroke,587141,1,6,Normal,Insurance
V009194,PT03718,DR017,D08,2024-09-02,Prenatal Care,1807,0,0,Not Admitted,Cash
V009195,PT02262,DR024,D05,2025-03-23,Burns,595022,1,5,Normal,UPI
V009196,PT00043,DR027,D06,2024-05-30,Tumor Screening,1368,0,0,Not Admitted,UPI
V009197,PT03736,DR059,D01,2024-08-16,Hypertension,5700,0,0,Not Admitted,Card
V009198,PT01961,DR042,D01,2024-01-19,Heart Failure,1905,0,0,Not Admitted,Card
V009199,PT00531,DR010,D02,2025-05-01,Fracture,6525,0,0,Not Admitted,Cash
V009200,PT04393,DR046,D02,2024-06-27,Arthritis,1615,0,0,Not Admitted,Insurance
V009201,PT04289,DR053,D03,2025-02-10,Asthma,3371,0,0,Not Admitted,UPI
V009202,PT04916,DR074,D03,2024-10-14,Viral Infection,2062,0,0,Not Admitted,UPI
V009203,PT00373,DR002,D02,2024-11-18,Fracture,1010,0,0,Not Admitted,Insurance
V009204,PT02714,DR019,D04,2024-11-16,Stroke,1212,0,0,Not Admitted,Card
V009205,PT02922,DR042,D01,2025-08-12,Arrhythmia,7444,0,0,Not Admitted,UPI
V009206,PT01654,DR072,D06,2025-02-18,Post-op Care,1170,0,0,Not Admitted,UPI
V009207,PT02199,DR017,D08,2024-05-14,Menstrual Disorder,617,0,0,Not Admitted,Cash
V009208,PT00581,DR028,D06,2025-02-15,Post-op Care,575876,1,4,Normal,UPI
V009209,PT00079,DR031,D03,2024-12-28,Asthma,4519,0,0,Not Admitted,Cash
V009210,PT00514,DR052,D06,2024-05-01,Radiotherapy,4857,0,0,Not Admitted,Cash
V009211,PT01744,DR069,D07,2024-07-26,Infection,3376,0,0,Not Admitted,Card
V009212,PT03154,DR022,D08,2025-04-17,PCOS,5866,0,0,Not Admitted,Cash
V009213,PT04889,DR026,D05,2024-07-01,Burns,4906,0,0,Not Admitted,UPI
V009214,PT01275,DR049,D01,2025-02-16,CAD,2289,0,0,Not Admitted,Card
V009215,PT03693,DR034,D08,2024-07-28,Fertility,666,0,0,Not Admitted,UPI
V009216,PT02674,DR015,D06,2024-07-09,Tumor Screening,7941,0,0,Not Admitted,Card
V009217,PT01665,DR058,D03,2025-11-27,Viral Infection,6384,0,0,Not Admitted,UPI
V009218,PT00948,DR020,D01,2025-01-31,Heart Failure,5556,0,0,Not Admitted,Card
V009219,PT03984,DR074,D03,2025-07-27,Vaccination,7129,0,0,Not Admitted,Cash
V009220,PT04605,DR053,D03,2024-05-02,Viral Infection,1717,0,0,Not Admitted,Cash
V009221,PT01890,DR049,D01,2025-07-02,Hypertension,7868,0,0,Not Admitted,Card
V009222,PT01377,DR034,D08,2024-03-30,PCOS,1508,0,0,Not Admitted,UPI
V009223,PT03018,DR033,D05,2025-01-31,Trauma,2819,0,0,Not Admitted,Card
V009224,PT01852,DR043,D06,2024-09-10,Tumor Screening,6414,0,0,Not Admitted,UPI
V009225,PT02281,DR005,D05,2025-04-10,Trauma,3550,0,0,Not Admitted,Card
V009226,PT00698,DR034,D08,2024-01-02,Fertility,6867,0,0,Not Admitted,Card
V009227,PT01865,DR028,D06,2024-08-21,Tumor Screening,708358,1,11,Referred,Card
V009228,PT01205,DR050,D07,2025-03-06,Infection,6844,0,0,Not Admitted,Cash
V009229,PT02726,DR052,D06,2025-02-26,Tumor Screening,594097,1,12,Normal,Card
V009230,PT02640,DR050,D07,2025-11-05,Fever,619518,1,1,Normal,Insurance
V009231,PT00657,DR075,D01,2024-11-08,Arrhythmia,2752,0,0,Not Admitted,UPI
V009232,PT01937,DR006,D02,2025-04-02,Back Pain,2688,0,0,Not Admitted,Insurance
V009233,PT02345,DR066,D08,2025-02-21,PCOS,2548,0,0,Not Admitted,UPI
V009234,PT04403,DR044,D08,2024-10-02,Fertility,2596,0,0,Not Admitted,Insurance
V009235,PT02403,DR050,D07,2025-04-20,Fever,2609,0,0,Not Admitted,Card
V009236,PT04485,DR063,D05,2025-10-20,Burns,2648,0,0,Not Admitted,Card
V009237,PT01867,DR061,D02,2024-02-13,Back Pain,5924,0,0,Not Admitted,Card
V009238,PT00850,DR019,D04,2024-08-25,Neuropathy,4390,0,0,Not Admitted,Insurance
V009239,PT04280,DR049,D01,2025-12-02,Hypertension,657,0,0,Not Admitted,Cash
V009240,PT03062,DR007,D05,2024-04-20,Poisoning,3575,0,0,Not Admitted,Cash
V009241,PT01700,DR015,D06,2025-01-27,Tumor Screening,1913,0,0,Not Admitted,Card
V009242,PT04050,DR003,D04,2024-01-07,Stroke,1940,0,0,Not Admitted,UPI
V009243,PT03253,DR053,D03,2024-11-28,Vaccination,3781,0,0,Not Admitted,Cash
V009244,PT00946,DR057,D04,2024-02-11,Neuropathy,6920,0,0,Not Admitted,Cash
V009245,PT01643,DR043,D06,2024-02-18,Radiotherapy,2040,0,0,Not Admitted,UPI
V009246,PT03719,DR052,D06,2024-05-11,Tumor Screening,6710,0,0,Not Admitted,Card
V009247,PT03776,DR009,D04,2024-03-24,Migraine,6627,0,0,Not Admitted,UPI
V009248,PT01797,DR045,D08,2025-01-01,Fertility,808,0,0,Not Admitted,Insurance
V009249,PT03586,DR031,D03,2024-11-07,Fever,651658,1,1,Normal,UPI
V009250,PT01696,DR071,D03,2024-08-10,Fever,3852,0,0,Not Admitted,Cash
V009251,PT03884,DR021,D07,2024-01-11,Infection,2949,0,0,Not Admitted,UPI
V009252,PT02696,DR021,D07,2025-04-29,Fever,75616,1,1,Normal,Cash
V009253,PT04174,DR045,D08,2025-04-12,Prenatal Care,2163,0,0,Not Admitted,UPI
V009254,PT02933,DR071,D03,2025-08-19,Asthma,6069,0,0,Not Admitted,Card
V009255,PT04160,DR035,D06,2025-07-05,Radiotherapy,7821,0,0,Not Admitted,Card
V009256,PT03055,DR028,D06,2024-02-03,Post-op Care,2538,0,0,Not Admitted,Insurance
V009257,PT02410,DR021,D07,2025-03-28,Diabetes,5091,0,0,Not Admitted,Insurance
V009258,PT04858,DR049,D01,2025-10-10,CAD,1702,0,0,Not Admitted,UPI
V009259,PT00935,DR018,D05,2024-03-20,Severe Bleeding,7215,0,0,Not Admitted,Cash
V009260,PT01116,DR069,D07,2024-08-08,Thyroid,4621,0,0,Not Admitted,Card
V009261,PT01154,DR039,D03,2025-09-27,Fever,1840,0,0,Not Admitted,UPI
V009262,PT01352,DR054,D02,2025-11-24,Arthritis,2183,0,0,Not Admitted,Card
V009263,PT00017,DR056,D02,2025-08-12,Ligament Tear,7348,0,0,Not Admitted,Insurance
V009264,PT00867,DR044,D08,2025-07-21,Prenatal Care,4787,0,0,Not Admitted,UPI
V009265,PT00116,DR044,D08,2025-01-04,Prenatal Care,143669,1,4,Normal,Cash
V009266,PT01623,DR054,D02,2024-06-24,Arthritis,1620,0,0,Not Admitted,UPI
V009267,PT01719,DR050,D07,2025-07-13,Diabetes,5265,0,0,Not Admitted,Cash
V009268,PT04153,DR056,D02,2025-05-06,Fracture,5000,0,0,Not Admitted,Cash
V009269,PT01195,DR019,D04,2025-09-19,Migraine,3396,0,0,Not Admitted,Cash
V009270,PT03049,DR071,D03,2024-10-28,Asthma,699622,1,11,Normal,Card
V009271,PT00551,DR066,D08,2025-02-19,Menstrual Disorder,3926,0,0,Not Admitted,Card
V009272,PT04413,DR077,D01,2025-10-17,Hypertension,7157,0,0,Not Admitted,UPI
V009273,PT02098,DR013,D04,2025-04-16,Migraine,543565,1,6,Normal,Cash
V009274,PT00068,DR034,D08,2024-01-06,Menstrual Disorder,4666,0,0,Not Admitted,Cash
V009275,PT00895,DR026,D05,2024-01-08,Severe Bleeding,7918,0,0,Not Admitted,Cash
V009276,PT02552,DR003,D04,2024-10-07,Neuropathy,3271,0,0,Not Admitted,Insurance
V009277,PT01351,DR071,D03,2025-09-16,Viral Infection,551215,1,12,LAMA,UPI
V009278,PT01095,DR042,D01,2024-03-20,Hypertension,4423,0,0,Not Admitted,Cash
V009279,PT00333,DR066,D08,2024-02-07,Fertility,1672,0,0,Not Admitted,Insurance
V009280,PT00374,DR061,D02,2025-10-11,Fracture,7652,0,0,Not Admitted,Insurance
V009281,PT03430,DR062,D08,2024-03-31,Prenatal Care,220476,1,9,Normal,Insurance
V009282,PT00705,DR031,D03,2025-06-20,Asthma,5940,0,0,Not Admitted,Cash
V009283,PT01983,DR023,D02,2025-08-09,Fracture,613,0,0,Not Admitted,UPI
V009284,PT04071,DR029,D05,2024-04-27,Trauma,3190,0,0,Not Admitted,Insurance
V009285,PT01500,DR066,D08,2024-08-19,Prenatal Care,1115,0,0,Not Admitted,UPI
V009286,PT00762,DR071,D03,2025-09-20,Fever,260310,1,1,Normal,Insurance
V009287,PT04879,DR063,D05,2024-02-25,Burns,832,0,0,Not Admitted,Cash
V009288,PT04845,DR032,D07,2024-10-15,Thyroid,4008,0,0,Not Admitted,Card
V009289,PT03435,DR063,D05,2024-02-08,Poisoning,4891,0,0,Not Admitted,Insurance
V009290,PT01647,DR012,D04,2024-05-02,Stroke,5292,0,0,Not Admitted,Cash
V009291,PT04910,DR067,D07,2025-10-28,Diabetes,3276,0,0,Not Admitted,Card
V009292,PT03476,DR059,D01,2025-12-04,Heart Failure,132129,1,3,Normal,Cash
V009293,PT02561,DR073,D04,2025-08-01,Migraine,6798,0,0,Not Admitted,Insurance
V009294,PT00827,DR027,D06,2025-03-04,Tumor Screening,2132,0,0,Not Admitted,Cash
V009295,PT00055,DR005,D05,2024-03-19,Severe Bleeding,3280,0,0,Not Admitted,Card
V009296,PT03686,DR029,D05,2024-05-06,Burns,816,0,0,Not Admitted,Insurance
V009297,PT00314,DR053,D03,2024-07-22,Viral Infection,408482,1,2,Referred,Card
V009298,PT01516,DR007,D05,2025-06-01,Burns,4460,0,0,Not Admitted,UPI
V009299,PT00295,DR011,D08,2025-10-21,Fertility,410953,1,1,Normal,Cash
V009300,PT04567,DR017,D08,2025-03-09,PCOS,762,0,0,Not Admitted,UPI
V009301,PT00203,DR066,D08,2025-05-15,PCOS,6336,0,0,Not Admitted,Insurance
V009302,PT00799,DR050,D07,2024-10-03,Infection,7884,0,0,Not Admitted,UPI
V009303,PT03165,DR031,D03,2025-12-21,Fever,2329,0,0,Not Admitted,Card
V009304,PT00044,DR065,D04,2025-09-18,Stroke,2245,0,0,Not Admitted,UPI
V009305,PT00527,DR026,D05,2025-03-02,Burns,2139,0,0,Not Admitted,UPI
V009306,PT03419,DR002,D02,2025-10-15,Back Pain,3731,0,0,Not Admitted,Cash
V009307,PT04898,DR013,D04,2025-08-11,Stroke,578140,1,6,Normal,Cash
V009308,PT03114,DR040,D08,2025-07-06,Fertility,2034,0,0,Not Admitted,Cash
V009309,PT02918,DR027,D06,2025-11-15,Radiotherapy,6254,0,0,Not Admitted,Card
V009310,PT04114,DR037,D02,2025-01-25,Ligament Tear,284810,1,12,Normal,Cash
V009311,PT00561,DR078,D06,2024-03-28,Tumor Screening,3110,0,0,Not Admitted,Card
V009312,PT01664,DR008,D02,2024-08-28,Ligament Tear,515589,1,10,Normal,Insurance
V009313,PT02960,DR041,D07,2025-07-08,Diabetes,3732,0,0,Not Admitted,Card
V009314,PT01658,DR053,D03,2025-05-17,Viral Infection,1423,0,0,Not Admitted,Insurance
V009315,PT00002,DR038,D04,2024-03-10,Stroke,1414,0,0,Not Admitted,Cash
V009316,PT03152,DR017,D08,2024-09-10,PCOS,6808,0,0,Not Admitted,Insurance
V009317,PT04925,DR013,D04,2024-11-12,Migraine,4025,0,0,Not Admitted,UPI
V009318,PT02828,DR057,D04,2024-07-14,Stroke,1862,0,0,Not Admitted,Insurance
V009319,PT04465,DR037,D02,2024-03-18,Back Pain,1762,0,0,Not Admitted,UPI
V009320,PT01653,DR021,D07,2025-11-19,Diabetes,3205,0,0,Not Admitted,UPI
V009321,PT00802,DR034,D08,2025-11-29,Menstrual Disorder,507,0,0,Not Admitted,Cash
V009322,PT02252,DR067,D07,2025-07-03,Fever,1147,0,0,Not Admitted,Insurance
V009323,PT02010,DR032,D07,2024-02-14,Infection,7056,0,0,Not Admitted,Cash
V009324,PT00887,DR069,D07,2025-04-28,Infection,778961,1,3,Normal,Insurance
V009325,PT00508,DR072,D06,2024-04-05,Radiotherapy,2638,0,0,Not Admitted,Cash
V009326,PT03168,DR031,D03,2024-12-26,Fever,3045,0,0,Not Admitted,UPI
V009327,PT03222,DR002,D02,2024-12-08,Arthritis,2083,0,0,Not Admitted,Cash
V009328,PT01651,DR036,D04,2024-04-10,Stroke,3227,0,0,Not Admitted,UPI
V009329,PT01138,DR061,D02,2025-07-30,Fracture,1732,0,0,Not Admitted,Cash
V009330,PT02157,DR073,D04,2024-07-13,Epilepsy,4969,0,0,Not Admitted,Insurance
V009331,PT04384,DR059,D01,2025-03-09,Hypertension,40050,1,3,Expired,UPI
V009332,PT01177,DR024,D05,2025-08-24,Burns,4573,0,0,Not Admitted,Cash
V009333,PT00432,DR054,D02,2025-05-27,Ligament Tear,7268,0,0,Not Admitted,Insurance
V009334,PT02964,DR026,D05,2024-09-24,Burns,698483,1,6,Normal,Insurance
V009335,PT02722,DR013,D04,2024-01-01,Neuropathy,4456,0,0,Not Admitted,Card
V009336,PT04662,DR011,D08,2024-06-29,Menstrual Disorder,4979,0,0,Not Admitted,Card
V009337,PT04601,DR033,D05,2024-06-21,Severe Bleeding,447192,1,0,Normal,Insurance
V009338,PT00890,DR075,D01,2024-07-17,Heart Failure,6210,0,0,Not Admitted,Insurance
V009339,PT03520,DR047,D04,2025-12-01,Migraine,7956,0,0,Not Admitted,Card
V009340,PT04853,DR005,D05,2025-02-08,Burns,2344,0,0,Not Admitted,UPI
V009341,PT00894,DR020,D01,2024-08-04,Arrhythmia,7775,0,0,Not Admitted,Cash
V009342,PT02607,DR028,D06,2025-11-03,Post-op Care,245753,1,11,Normal,UPI
V009343,PT04219,DR023,D02,2024-07-07,Arthritis,760,0,0,Not Admitted,Card
V009344,PT02410,DR016,D06,2024-11-09,Tumor Screening,602,0,0,Not Admitted,Insurance
V009345,PT03070,DR049,D01,2025-11-03,Heart Failure,7203,0,0,Not Admitted,Cash
V009346,PT04489,DR034,D08,2025-12-07,PCOS,549685,1,8,Normal,Insurance
V009347,PT00452,DR042,D01,2025-09-13,Arrhythmia,4660,0,0,Not Admitted,Cash
V009348,PT04640,DR009,D04,2025-05-01,Stroke,542220,1,3,Referred,Cash
V009349,PT00372,DR068,D03,2024-06-23,Asthma,5667,0,0,Not Admitted,Insurance
V009350,PT02983,DR075,D01,2024-01-23,Hypertension,2866,0,0,Not Admitted,Cash
V009351,PT00162,DR065,D04,2024-01-25,Neuropathy,7332,0,0,Not Admitted,Card
V009352,PT02279,DR074,D03,2025-04-01,Vaccination,5224,0,0,Not Admitted,Cash
V009353,PT04032,DR001,D02,2024-10-23,Arthritis,6668,0,0,Not Admitted,Cash
V009354,PT01102,DR071,D03,2025-08-02,Viral Infection,7498,0,0,Not Admitted,Card
V009355,PT00942,DR052,D06,2025-09-19,Post-op Care,504530,1,7,Normal,Insurance
V009356,PT01153,DR033,D05,2025-12-08,Trauma,4351,0,0,Not Admitted,UPI
V009357,PT01684,DR080,D05,2025-01-11,Trauma,2833,0,0,Not Admitted,Insurance
V009358,PT00720,DR012,D04,2024-09-02,Stroke,679571,1,8,Normal,Insurance
V009359,PT03068,DR049,D01,2025-04-04,CAD,3296,0,0,Not Admitted,Insurance
V009360,PT02222,DR073,D04,2025-08-19,Neuropathy,1328,0,0,Not Admitted,Card
V009361,PT02476,DR053,D03,2024-04-02,Viral Infection,6836,0,0,Not Admitted,Card
V009362,PT03615,DR015,D06,2025-06-02,Radiotherapy,1554,0,0,Not Admitted,UPI
V009363,PT04020,DR014,D04,2024-09-21,Stroke,1942,0,0,Not Admitted,Cash
V009364,PT04346,DR074,D03,2024-02-05,Fever,5929,0,0,Not Admitted,UPI
V009365,PT02531,DR017,D08,2024-06-14,Fertility,6030,0,0,Not Admitted,UPI
V009366,PT00876,DR068,D03,2024-05-19,Asthma,3561,0,0,Not Admitted,Card
V009367,PT03766,DR041,D07,2024-05-08,Thyroid,6619,0,0,Not Admitted,Insurance
V009368,PT03586,DR069,D07,2024-04-25,Infection,2028,0,0,Not Admitted,UPI
V009369,PT03180,DR078,D06,2025-10-03,Radiotherapy,2778,0,0,Not Admitted,Cash
V009370,PT00092,DR049,D01,2025-03-28,CAD,1215,0,0,Not Admitted,Cash
V009371,PT03372,DR033,D05,2025-10-20,Poisoning,3434,0,0,Not Admitted,UPI
V009372,PT03711,DR049,D01,2025-11-03,CAD,1604,0,0,Not Admitted,UPI
V009373,PT04216,DR046,D02,2024-09-02,Ligament Tear,721,0,0,Not Admitted,Insurance
V009374,PT02980,DR004,D05,2025-10-05,Poisoning,6891,0,0,Not Admitted,UPI
V009375,PT02508,DR022,D08,2024-08-22,PCOS,1898,0,0,Not Admitted,Insurance
V009376,PT04260,DR014,D04,2025-03-22,Migraine,2662,0,0,Not Admitted,Insurance
V009377,PT03459,DR006,D02,2025-03-13,Back Pain,4425,0,0,Not Admitted,Card
V009378,PT00579,DR034,D08,2025-05-22,PCOS,5044,0,0,Not Admitted,Card
V009379,PT03357,DR061,D02,2025-02-26,Ligament Tear,1496,0,0,Not Admitted,Card
V009380,PT04384,DR040,D08,2024-03-14,PCOS,7096,0,0,Not Admitted,Card
V009381,PT03094,DR038,D04,2025-07-13,Epilepsy,733612,1,8,Normal,UPI
V009382,PT00586,DR024,D05,2025-07-12,Trauma,89485,1,6,Normal,Cash
V009383,PT04328,DR077,D01,2024-05-30,Hypertension,4121,0,0,Not Admitted,Card
V009384,PT03411,DR050,D07,2024-12-31,Thyroid,111075,1,12,Normal,Cash
V009385,PT04772,DR063,D05,2025-11-08,Poisoning,234757,1,5,Referred,Insurance
V009386,PT04331,DR062,D08,2024-01-07,Fertility,1979,0,0,Not Admitted,Cash
V009387,PT03146,DR075,D01,2024-03-24,CAD,6406,0,0,Not Admitted,Cash
V009388,PT01224,DR001,D02,2024-05-26,Arthritis,5930,0,0,Not Admitted,Cash
V009389,PT04423,DR056,D02,2025-12-20,Ligament Tear,2274,0,0,Not Admitted,Insurance
V009390,PT03269,DR053,D03,2025-11-07,Viral Infection,564091,1,2,Normal,Cash
V009391,PT00781,DR012,D04,2025-11-14,Stroke,748552,1,0,Normal,Cash
V009392,PT00538,DR041,D07,2025-10-27,Thyroid,1524,0,0,Not Admitted,UPI
V009393,PT01214,DR044,D08,2025-03-14,Fertility,533127,1,10,LAMA,Cash
V009394,PT00315,DR033,D05,2024-06-26,Poisoning,957,0,0,Not Admitted,UPI
V009395,PT02993,DR006,D02,2025-04-01,Fracture,4343,0,0,Not Admitted,Card
V009396,PT04341,DR069,D07,2024-09-11,Diabetes,6299,0,0,Not Admitted,Insurance
V009397,PT00453,DR073,D04,2024-03-10,Migraine,259697,1,2,Normal,Cash
V009398,PT03949,DR077,D01,2025-03-01,CAD,6740,0,0,Not Admitted,Insurance
V009399,PT01917,DR061,D02,2025-11-10,Arthritis,3789,0,0,Not Admitted,Card
V009400,PT03377,DR068,D03,2025-05-21,Viral Infection,6906,0,0,Not Admitted,Cash
V009401,PT00478,DR069,D07,2024-10-07,Diabetes,5168,0,0,Not Admitted,UPI
V009402,PT01965,DR056,D02,2024-08-18,Ligament Tear,384358,1,11,Normal,Card
V009403,PT03065,DR011,D08,2024-08-03,Prenatal Care,887,0,0,Not Admitted,Card
V009404,PT01698,DR025,D05,2024-02-18,Poisoning,2999,0,0,Not Admitted,Insurance
V009405,PT04414,DR049,D01,2025-07-24,Arrhythmia,5970,0,0,Not Admitted,Card
V009406,PT02889,DR001,D02,2024-06-10,Fracture,3896,0,0,Not Admitted,Insurance
V009407,PT04957,DR006,D02,2024-12-08,Back Pain,5056,0,0,Not Admitted,UPI
V009408,PT01413,DR041,D07,2025-12-09,Thyroid,3577,0,0,Not Admitted,Cash
V009409,PT03426,DR026,D05,2025-08-07,Poisoning,3768,0,0,Not Admitted,Cash
V009410,PT02631,DR066,D08,2024-06-26,Prenatal Care,6420,0,0,Not Admitted,Insurance
V009411,PT00222,DR079,D04,2025-04-02,Epilepsy,5727,0,0,Not Admitted,Cash
V009412,PT01720,DR024,D05,2024-09-06,Burns,4773,0,0,Not Admitted,Cash
V009413,PT04582,DR077,D01,2024-08-16,Arrhythmia,3236,0,0,Not Admitted,Card
V009414,PT01781,DR072,D06,2024-10-28,Chemotherapy,6847,0,0,Not Admitted,Card
V009415,PT00657,DR031,D03,2024-03-02,Asthma,567019,1,12,Normal,Card
V009416,PT01564,DR014,D04,2025-07-05,Migraine,6806,0,0,Not Admitted,Insurance
V009417,PT03829,DR060,D04,2025-10-29,Migraine,694480,1,1,Normal,UPI
V009418,PT04142,DR069,D07,2024-05-31,Thyroid,4426,0,0,Not Admitted,Insurance
V009419,PT02874,DR035,D06,2025-06-22,Post-op Care,5047,0,0,Not Admitted,Cash
V009420,PT00296,DR046,D02,2025-05-11,Arthritis,3946,0,0,Not Admitted,Cash
V009421,PT04637,DR061,D02,2024-08-03,Fracture,1903,0,0,Not Admitted,Cash
V009422,PT04134,DR048,D04,2024-05-04,Neuropathy,7513,0,0,Not Admitted,UPI
V009423,PT00833,DR050,D07,2025-12-19,Thyroid,3612,0,0,Not Admitted,Insurance
V009424,PT04485,DR053,D03,2024-08-09,Viral Infection,2213,0,0,Not Admitted,UPI
V009425,PT00628,DR062,D08,2024-10-07,Menstrual Disorder,270792,1,9,Referred,Insurance
V009426,PT04691,DR069,D07,2025-03-31,Fever,2997,0,0,Not Admitted,Insurance
V009427,PT01095,DR005,D05,2025-11-22,Poisoning,3506,0,0,Not Admitted,Insurance
V009428,PT02836,DR068,D03,2025-09-25,Vaccination,2181,0,0,Not Admitted,Insurance
V009429,PT04374,DR075,D01,2025-03-23,Heart Failure,321934,1,1,LAMA,Insurance
V009430,PT00465,DR069,D07,2024-01-29,Infection,6827,0,0,Not Admitted,Card
V009431,PT02011,DR078,D06,2025-03-04,Chemotherapy,3670,0,0,Not Admitted,Card
V009432,PT02432,DR062,D08,2024-09-12,Menstrual Disorder,590031,1,10,Normal,Insurance
V009433,PT01112,DR063,D05,2025-12-01,Trauma,4645,0,0,Not Admitted,Cash
V009434,PT01375,DR045,D08,2025-07-08,Fertility,6801,0,0,Not Admitted,Cash
V009435,PT02802,DR078,D06,2025-12-18,Tumor Screening,4058,0,0,Not Admitted,Cash
V009436,PT00033,DR002,D02,2025-03-25,Fracture,5357,0,0,Not Admitted,Insurance
V009437,PT01876,DR073,D04,2024-11-05,Migraine,920,0,0,Not Admitted,Insurance
V009438,PT03512,DR015,D06,2024-12-14,Radiotherapy,6886,0,0,Not Admitted,Cash
V009439,PT00709,DR067,D07,2025-05-17,Fever,3271,0,0,Not Admitted,Insurance
V009440,PT02049,DR076,D04,2024-09-09,Epilepsy,272550,1,0,Normal,Card
V009441,PT00757,DR006,D02,2024-08-07,Arthritis,563005,1,12,Normal,UPI
V009442,PT01273,DR010,D02,2024-10-14,Fracture,5285,0,0,Not Admitted,Card
V009443,PT04692,DR051,D05,2024-12-28,Poisoning,6797,0,0,Not Admitted,Card
V009444,PT01500,DR044,D08,2024-09-03,Prenatal Care,5926,0,0,Not Admitted,Card
V009445,PT03961,DR029,D05,2024-10-04,Trauma,662778,1,6,Normal,Card
V009446,PT03943,DR072,D06,2025-11-13,Post-op Care,6683,0,0,Not Admitted,Card
V009447,PT00082,DR070,D03,2024-02-01,Fever,5290,0,0,Not Admitted,Card
V009448,PT03539,DR025,D05,2024-09-14,Trauma,3446,0,0,Not Admitted,Card
V009449,PT04028,DR016,D06,2024-03-12,Chemotherapy,7288,0,0,Not Admitted,Cash
V009450,PT04030,DR013,D04,2024-05-06,Migraine,823,0,0,Not Admitted,Card
V009451,PT00385,DR053,D03,2025-05-14,Viral Infection,6887,0,0,Not Admitted,Cash
V009452,PT00465,DR032,D07,2025-10-20,Thyroid,2777,0,0,Not Admitted,UPI
V009453,PT00512,DR022,D08,2024-05-13,Fertility,4673,0,0,Not Admitted,UPI
V009454,PT00225,DR074,D03,2024-04-18,Asthma,2955,0,0,Not Admitted,UPI
V009455,PT01929,DR050,D07,2024-11-30,Infection,5758,0,0,Not Admitted,Card
V009456,PT02215,DR052,D06,2025-07-01,Tumor Screening,7479,0,0,Not Admitted,UPI
V009457,PT02260,DR037,D02,2025-02-16,Fracture,455067,1,9,Normal,Cash
V009458,PT00663,DR018,D05,2025-11-07,Burns,6170,0,0,Not Admitted,Insurance
V009459,PT01549,DR015,D06,2024-12-06,Chemotherapy,201601,1,11,Normal,Card
V009460,PT03381,DR075,D01,2024-09-21,Hypertension,7270,0,0,Not Admitted,Card
V009461,PT01923,DR058,D03,2025-03-15,Viral Infection,405102,1,0,Normal,Card
V009462,PT02444,DR067,D07,2024-11-07,Diabetes,1846,0,0,Not Admitted,Insurance
V009463,PT01796,DR023,D02,2025-04-10,Arthritis,3587,0,0,Not Admitted,Card
V009464,PT01947,DR022,D08,2024-02-13,Prenatal Care,3837,0,0,Not Admitted,Cash
V009465,PT02274,DR065,D04,2025-06-28,Neuropathy,4047,0,0,Not Admitted,Cash
V009466,PT02154,DR023,D02,2024-07-07,Back Pain,7211,0,0,Not Admitted,Insurance
V009467,PT03319,DR044,D08,2025-07-24,Prenatal Care,1603,0,0,Not Admitted,Insurance
V009468,PT01738,DR011,D08,2025-03-06,Prenatal Care,343647,1,2,Normal,Cash
V009469,PT04251,DR073,D04,2024-02-16,Neuropathy,5698,0,0,Not Admitted,Cash
V009470,PT03785,DR060,D04,2025-06-03,Stroke,4154,0,0,Not Admitted,Card
V009471,PT02231,DR013,D04,2024-01-27,Stroke,7011,0,0,Not Admitted,Card
V009472,PT00235,DR055,D02,2024-08-22,Ligament Tear,5339,0,0,Not Admitted,Card
V009473,PT02010,DR078,D06,2024-11-09,Radiotherapy,4554,0,0,Not Admitted,Insurance
V009474,PT02510,DR032,D07,2025-05-16,Infection,5624,0,0,Not Admitted,UPI
V009475,PT02433,DR050,D07,2025-07-08,Thyroid,1181,0,0,Not Admitted,Insurance
V009476,PT02412,DR071,D03,2025-11-12,Vaccination,7612,0,0,Not Admitted,Card
V009477,PT03206,DR077,D01,2025-06-02,Arrhythmia,1400,0,0,Not Admitted,Insurance
V009478,PT03156,DR048,D04,2024-12-07,Stroke,7014,0,0,Not Admitted,Cash
V009479,PT01604,DR072,D06,2025-09-19,Tumor Screening,240217,1,11,Normal,Insurance
V009480,PT00598,DR066,D08,2025-03-27,Prenatal Care,3810,0,0,Not Admitted,Card
V009481,PT04698,DR019,D04,2024-10-28,Migraine,4526,0,0,Not Admitted,UPI
V009482,PT04290,DR040,D08,2025-03-30,Prenatal Care,4992,0,0,Not Admitted,Card
V009483,PT01230,DR076,D04,2025-03-28,Neuropathy,6695,0,0,Not Admitted,UPI
V009484,PT04737,DR058,D03,2025-06-05,Fever,5687,0,0,Not Admitted,Cash
V009485,PT03459,DR039,D03,2024-08-29,Asthma,7688,0,0,Not Admitted,Cash
V009486,PT04587,DR058,D03,2024-06-10,Fever,1391,0,0,Not Admitted,Cash
V009487,PT03135,DR007,D05,2024-12-14,Severe Bleeding,3263,0,0,Not Admitted,Card
V009488,PT02321,DR059,D01,2025-06-26,Heart Failure,6001,0,0,Not Admitted,Card
V009489,PT01721,DR004,D05,2025-03-09,Poisoning,5177,0,0,Not Admitted,Insurance
V009490,PT04592,DR069,D07,2025-09-10,Thyroid,5090,0,0,Not Admitted,UPI
V009491,PT04338,DR010,D02,2024-08-06,Fracture,1316,0,0,Not Admitted,Card
V009492,PT02609,DR031,D03,2024-07-20,Vaccination,7974,0,0,Not Admitted,Insurance
V009493,PT00257,DR016,D06,2024-09-12,Chemotherapy,2215,0,0,Not Admitted,UPI
V009494,PT01846,DR034,D08,2024-06-23,Menstrual Disorder,7237,0,0,Not Admitted,Insurance
V009495,PT02819,DR073,D04,2025-03-21,Migraine,6626,0,0,Not Admitted,Cash
V009496,PT00055,DR036,D04,2025-06-25,Neuropathy,5973,0,0,Not Admitted,Cash
V009497,PT04702,DR069,D07,2025-08-04,Thyroid,751900,1,2,Normal,Cash
V009498,PT04242,DR067,D07,2025-01-09,Fever,5827,0,0,Not Admitted,Card
V009499,PT01396,DR049,D01,2025-01-13,CAD,3496,0,0,Not Admitted,Card
V009500,PT00236,DR036,D04,2025-02-15,Stroke,618897,1,11,Normal,Insurance
V009501,PT04343,DR063,D05,2024-04-09,Poisoning,6447,0,0,Not Admitted,UPI
V009502,PT03825,DR068,D03,2025-01-09,Fever,6786,0,0,Not Admitted,Cash
V009503,PT03225,DR057,D04,2025-06-13,Stroke,7016,0,0,Not Admitted,UPI
V009504,PT00545,DR070,D03,2024-07-17,Asthma,30327,1,3,Normal,Insurance
V009505,PT03330,DR033,D05,2024-03-25,Poisoning,53446,1,1,Normal,Cash
V009506,PT01536,DR054,D02,2024-11-12,Back Pain,1471,0,0,Not Admitted,Card
V009507,PT04114,DR071,D03,2024-06-08,Fever,5244,0,0,Not Admitted,Cash
V009508,PT01387,DR050,D07,2024-09-20,Diabetes,569165,1,10,Normal,Insurance
V009509,PT00932,DR048,D04,2024-10-10,Stroke,4422,0,0,Not Admitted,UPI
V009510,PT01240,DR062,D08,2024-02-26,PCOS,4149,0,0,Not Admitted,Card
V009511,PT00561,DR026,D05,2024-02-27,Burns,5997,0,0,Not Admitted,Insurance
V009512,PT04390,DR075,D01,2025-02-11,CAD,390043,1,6,Normal,Card
V009513,PT01385,DR020,D01,2025-01-27,CAD,1775,0,0,Not Admitted,Insurance
V009514,PT04015,DR003,D04,2024-09-17,Epilepsy,657142,1,0,Normal,Insurance
V009515,PT02416,DR070,D03,2024-08-11,Viral Infection,2018,0,0,Not Admitted,Cash
V009516,PT04241,DR062,D08,2025-03-20,Fertility,60846,1,6,Normal,Insurance
V009517,PT01591,DR049,D01,2025-07-28,Arrhythmia,5339,0,0,Not Admitted,Card
V009518,PT01644,DR044,D08,2024-07-09,PCOS,2124,0,0,Not Admitted,Cash
V009519,PT00319,DR069,D07,2024-09-25,Infection,1214,0,0,Not Admitted,Cash
V009520,PT01677,DR071,D03,2024-07-03,Vaccination,4737,0,0,Not Admitted,Card
V009521,PT00303,DR065,D04,2025-05-05,Neuropathy,2865,0,0,Not Admitted,Insurance
V009522,PT00002,DR070,D03,2025-08-11,Vaccination,1438,0,0,Not Admitted,Card
V009523,PT02730,DR006,D02,2025-04-23,Back Pain,4520,0,0,Not Admitted,Card
V009524,PT04300,DR006,D02,2024-12-04,Ligament Tear,1030,0,0,Not Admitted,Cash
V009525,PT01800,DR058,D03,2025-11-19,Fever,4470,0,0,Not Admitted,UPI
V009526,PT00624,DR022,D08,2024-07-11,PCOS,5408,0,0,Not Admitted,Cash
V009527,PT00973,DR039,D03,2024-11-05,Asthma,4389,0,0,Not Admitted,Insurance
V009528,PT04056,DR075,D01,2024-02-28,Heart Failure,1305,0,0,Not Admitted,Insurance
V009529,PT01882,DR045,D08,2024-01-25,Fertility,6640,0,0,Not Admitted,UPI
V009530,PT03963,DR075,D01,2024-05-15,Heart Failure,4301,0,0,Not Admitted,UPI
V009531,PT02720,DR050,D07,2025-04-26,Fever,6334,0,0,Not Admitted,UPI
V009532,PT01067,DR072,D06,2025-12-15,Tumor Screening,7785,0,0,Not Admitted,Card
V009533,PT02797,DR028,D06,2024-01-04,Radiotherapy,6314,0,0,Not Admitted,Cash
V009534,PT00958,DR005,D05,2024-07-26,Poisoning,4251,0,0,Not Admitted,UPI
V009535,PT01990,DR060,D04,2025-04-27,Migraine,7714,0,0,Not Admitted,Card
V009536,PT01248,DR036,D04,2024-06-30,Epilepsy,5172,0,0,Not Admitted,UPI
V009537,PT00577,DR022,D08,2025-08-09,PCOS,1323,0,0,Not Admitted,UPI
V009538,PT02450,DR071,D03,2025-08-29,Vaccination,1472,0,0,Not Admitted,Cash
V009539,PT02492,DR034,D08,2025-02-20,Prenatal Care,745784,1,8,LAMA,Insurance
V009540,PT00538,DR050,D07,2025-02-16,Diabetes,4667,0,0,Not Admitted,UPI
V009541,PT00765,DR010,D02,2025-05-01,Arthritis,6083,0,0,Not Admitted,Card
V009542,PT04436,DR030,D02,2025-05-28,Fracture,3990,0,0,Not Admitted,UPI
V009543,PT02907,DR050,D07,2025-05-17,Diabetes,161469,1,11,Normal,Cash
V009544,PT00324,DR071,D03,2024-09-02,Fever,5842,0,0,Not Admitted,Insurance
V009545,PT01335,DR057,D04,2025-09-09,Epilepsy,5384,0,0,Not Admitted,Cash
V009546,PT04927,DR054,D02,2025-06-17,Arthritis,79312,1,3,Normal,Insurance
V009547,PT03392,DR045,D08,2024-03-23,Fertility,6616,0,0,Not Admitted,Insurance
V009548,PT00248,DR041,D07,2024-03-30,Diabetes,2723,0,0,Not Admitted,UPI
V009549,PT01309,DR034,D08,2025-01-21,Menstrual Disorder,353287,1,4,Normal,UPI
V009550,PT04645,DR052,D06,2024-09-20,Post-op Care,2295,0,0,Not Admitted,Insurance
V009551,PT02913,DR022,D08,2025-08-14,Fertility,7824,0,0,Not Admitted,Insurance
V009552,PT03003,DR005,D05,2024-06-17,Severe Bleeding,4662,0,0,Not Admitted,Cash
V009553,PT00372,DR072,D06,2025-09-15,Post-op Care,151881,1,11,Normal,Card
V009554,PT04122,DR064,D02,2025-05-21,Arthritis,7645,0,0,Not Admitted,Insurance
V009555,PT01577,DR078,D06,2024-08-06,Radiotherapy,2976,0,0,Not Admitted,Insurance
V009556,PT02831,DR077,D01,2024-10-24,Hypertension,4412,0,0,Not Admitted,UPI
V009557,PT03664,DR030,D02,2025-08-30,Ligament Tear,1400,0,0,Not Admitted,UPI
V009558,PT01732,DR042,D01,2024-10-12,Hypertension,7222,0,0,Not Admitted,Card
V009559,PT00665,DR050,D07,2025-05-24,Thyroid,4655,0,0,Not Admitted,Card
V009560,PT04257,DR072,D06,2024-09-21,Tumor Screening,7875,0,0,Not Admitted,Cash
V009561,PT00621,DR016,D06,2024-08-16,Chemotherapy,3044,0,0,Not Admitted,Cash
V009562,PT02178,DR051,D05,2025-04-03,Severe Bleeding,7096,0,0,Not Admitted,Card
V009563,PT00577,DR021,D07,2025-03-26,Infection,583471,1,3,Normal,Insurance
V009564,PT01701,DR023,D02,2024-12-18,Fracture,427943,1,4,Normal,Insurance
V009565,PT04605,DR062,D08,2025-07-24,Menstrual Disorder,6505,0,0,Not Admitted,UPI
V009566,PT03999,DR015,D06,2024-08-15,Tumor Screening,3258,0,0,Not Admitted,Card
V009567,PT01543,DR073,D04,2024-07-19,Migraine,5323,0,0,Not Admitted,UPI
V009568,PT04501,DR032,D07,2024-01-26,Diabetes,4048,0,0,Not Admitted,Card
V009569,PT03323,DR077,D01,2024-07-15,Arrhythmia,2951,0,0,Not Admitted,Insurance
V009570,PT01656,DR069,D07,2024-05-22,Fever,5028,0,0,Not Admitted,Insurance
V009571,PT00524,DR068,D03,2025-10-23,Viral Infection,540432,1,12,Normal,UPI
V009572,PT02267,DR012,D04,2024-05-13,Migraine,5511,0,0,Not Admitted,Insurance
V009573,PT01721,DR068,D03,2024-09-08,Vaccination,4720,0,0,Not Admitted,Card
V009574,PT02154,DR058,D03,2025-05-10,Viral Infection,192553,1,11,Normal,Cash
V009575,PT01987,DR067,D07,2025-12-17,Diabetes,2269,0,0,Not Admitted,Insurance
V009576,PT00749,DR068,D03,2025-09-03,Vaccination,6034,0,0,Not Admitted,UPI
V009577,PT01313,DR039,D03,2024-05-03,Asthma,3666,0,0,Not Admitted,UPI
V009578,PT04659,DR015,D06,2025-06-19,Post-op Care,2364,0,0,Not Admitted,Cash
V009579,PT02733,DR019,D04,2024-10-21,Neuropathy,2609,0,0,Not Admitted,Card
V009580,PT01757,DR077,D01,2024-01-27,Heart Failure,7395,0,0,Not Admitted,Card
V009581,PT02660,DR022,D08,2024-08-06,Menstrual Disorder,5160,0,0,Not Admitted,UPI
V009582,PT01362,DR077,D01,2025-04-20,Hypertension,3125,0,0,Not Admitted,UPI
V009583,PT01969,DR075,D01,2025-12-01,Arrhythmia,5658,0,0,Not Admitted,Insurance
V009584,PT03402,DR062,D08,2025-05-10,Fertility,6406,0,0,Not Admitted,UPI
V009585,PT00919,DR078,D06,2025-04-24,Chemotherapy,7111,0,0,Not Admitted,UPI
V009586,PT00593,DR044,D08,2025-07-23,Menstrual Disorder,377895,1,10,Normal,Card
V009587,PT03812,DR013,D04,2024-12-23,Stroke,674165,1,12,Normal,Card
V009588,PT02389,DR044,D08,2025-04-18,Menstrual Disorder,4729,0,0,Not Admitted,Card
V009589,PT01531,DR039,D03,2025-05-20,Asthma,6308,0,0,Not Admitted,Card
V009590,PT03870,DR024,D05,2024-11-15,Burns,4916,0,0,Not Admitted,UPI
V009591,PT01454,DR043,D06,2025-11-13,Post-op Care,7431,0,0,Not Admitted,Card
V009592,PT04395,DR066,D08,2025-10-15,PCOS,167752,1,2,Normal,Card
V009593,PT00831,DR052,D06,2025-12-07,Tumor Screening,534538,1,2,Expired,Insurance
V009594,PT02730,DR005,D05,2024-05-07,Poisoning,1376,0,0,Not Admitted,UPI
V009595,PT01289,DR059,D01,2024-01-31,Heart Failure,758590,1,9,Normal,Card
V009596,PT00073,DR020,D01,2025-06-06,CAD,1017,0,0,Not Admitted,UPI
V009597,PT03497,DR045,D08,2024-06-20,PCOS,1253,0,0,Not Admitted,Card
V009598,PT02225,DR063,D05,2025-06-20,Severe Bleeding,6071,0,0,Not Admitted,UPI
V009599,PT03168,DR052,D06,2025-07-08,Tumor Screening,674924,1,12,Normal,Card
V009600,PT01396,DR053,D03,2025-04-10,Vaccination,433132,1,12,Normal,Card
V009601,PT04111,DR034,D08,2024-02-07,Fertility,5124,0,0,Not Admitted,Card
V009602,PT03443,DR053,D03,2024-11-23,Fever,3804,0,0,Not Admitted,Card
V009603,PT01690,DR015,D06,2025-06-13,Chemotherapy,298995,1,10,Normal,UPI
V009604,PT02243,DR069,D07,2025-08-03,Fever,4485,0,0,Not Admitted,Cash
V009605,PT00846,DR066,D08,2025-08-09,PCOS,3410,0,0,Not Admitted,UPI
V009606,PT00755,DR070,D03,2025-04-20,Asthma,5304,0,0,Not Admitted,Insurance
V009607,PT03772,DR018,D05,2025-05-21,Poisoning,7174,0,0,Not Admitted,UPI
V009608,PT01671,DR005,D05,2024-10-17,Poisoning,105083,1,7,Normal,Insurance
V009609,PT00119,DR037,D02,2024-01-13,Fracture,950,0,0,Not Admitted,Insurance
V009610,PT01616,DR041,D07,2024-08-12,Fever,151776,1,3,Expired,UPI
V009611,PT01877,DR034,D08,2025-04-14,Prenatal Care,1097,0,0,Not Admitted,Cash
V009612,PT04688,DR059,D01,2024-09-22,Hypertension,271091,1,7,Referred,UPI
V009613,PT03039,DR014,D04,2024-08-27,Stroke,48987,1,6,Normal,Cash
V009614,PT00657,DR070,D03,2025-08-14,Viral Infection,3228,0,0,Not Admitted,Cash
V009615,PT00750,DR044,D08,2024-05-24,Menstrual Disorder,5853,0,0,Not Admitted,Insurance
V009616,PT01041,DR067,D07,2025-07-27,Fever,6124,0,0,Not Admitted,Card
V009617,PT02379,DR015,D06,2025-11-29,Radiotherapy,5128,0,0,Not Admitted,UPI
V009618,PT02171,DR031,D03,2025-10-07,Asthma,6867,0,0,Not Admitted,Card
V009619,PT04968,DR074,D03,2025-01-15,Fever,3009,0,0,Not Admitted,Card
V009620,PT01886,DR041,D07,2024-07-31,Infection,3064,0,0,Not Admitted,Cash
V009621,PT01029,DR044,D08,2024-10-16,Fertility,7705,0,0,Not Admitted,Cash
V009622,PT00023,DR072,D06,2025-03-17,Tumor Screening,542271,1,8,Normal,Insurance
V009623,PT03103,DR017,D08,2025-02-07,PCOS,4048,0,0,Not Admitted,Insurance
V009624,PT01188,DR078,D06,2024-03-08,Tumor Screening,4419,0,0,Not Admitted,Card
V009625,PT04229,DR023,D02,2024-07-03,Back Pain,7866,0,0,Not Admitted,Card
V009626,PT01551,DR076,D04,2024-01-21,Stroke,451487,1,9,Referred,Insurance
V009627,PT02874,DR020,D01,2024-12-12,CAD,3510,0,0,Not Admitted,UPI
V009628,PT01713,DR075,D01,2025-08-10,CAD,669415,1,7,Normal,Cash
V009629,PT02104,DR062,D08,2024-04-06,Fertility,3402,0,0,Not Admitted,Insurance
V009630,PT00614,DR062,D08,2024-12-17,Menstrual Disorder,900,0,0,Not Admitted,Insurance
V009631,PT02508,DR008,D02,2024-02-02,Fracture,6761,0,0,Not Admitted,Cash
V009632,PT03674,DR066,D08,2024-03-02,Prenatal Care,7275,0,0,Not Admitted,UPI
V009633,PT02358,DR074,D03,2025-07-22,Fever,4238,0,0,Not Admitted,UPI
V009634,PT03528,DR012,D04,2025-12-23,Neuropathy,7131,0,0,Not Admitted,Insurance
V009635,PT03622,DR045,D08,2025-08-23,Prenatal Care,3836,0,0,Not Admitted,UPI
V009636,PT04251,DR062,D08,2025-12-07,Menstrual Disorder,141537,1,5,Normal,Cash
V009637,PT02757,DR075,D01,2024-05-04,Arrhythmia,4476,0,0,Not Admitted,UPI
V009638,PT04622,DR015,D06,2024-11-04,Post-op Care,1197,0,0,Not Admitted,Cash
V009639,PT03483,DR074,D03,2025-05-21,Asthma,2945,0,0,Not Admitted,Card
V009640,PT01537,DR052,D06,2024-04-27,Tumor Screening,1218,0,0,Not Admitted,Cash
V009641,PT01662,DR021,D07,2024-06-14,Infection,671019,1,7,Normal,UPI
V009642,PT03454,DR038,D04,2024-11-18,Epilepsy,7016,0,0,Not Admitted,UPI
V009643,PT00408,DR036,D04,2024-09-19,Epilepsy,2548,0,0,Not Admitted,Cash
V009644,PT03153,DR013,D04,2025-03-03,Migraine,1885,0,0,Not Admitted,Cash
V009645,PT01545,DR034,D08,2025-02-08,Fertility,221214,1,3,Normal,Insurance
V009646,PT00960,DR011,D08,2025-12-18,Menstrual Disorder,30735,1,9,Normal,Cash
V009647,PT00543,DR004,D05,2025-07-15,Burns,450672,1,7,Normal,Insurance
V009648,PT03346,DR001,D02,2025-09-12,Arthritis,1773,0,0,Not Admitted,Insurance
V009649,PT04235,DR052,D06,2025-12-06,Tumor Screening,1385,0,0,Not Admitted,UPI
V009650,PT02733,DR021,D07,2025-02-17,Thyroid,5178,0,0,Not Admitted,Cash
V009651,PT01812,DR007,D05,2025-09-13,Burns,4255,0,0,Not Admitted,Cash
V009652,PT01352,DR045,D08,2025-04-01,PCOS,7718,0,0,Not Admitted,UPI
V009653,PT00964,DR039,D03,2024-05-04,Vaccination,3652,0,0,Not Admitted,Insurance
V009654,PT03753,DR032,D07,2024-12-15,Diabetes,396530,1,11,Normal,UPI
V009655,PT04135,DR045,D08,2025-04-28,Menstrual Disorder,3130,0,0,Not Admitted,Insurance
V009656,PT02065,DR036,D04,2025-10-30,Neuropathy,2149,0,0,Not Admitted,UPI
V009657,PT04969,DR072,D06,2024-06-19,Post-op Care,5349,0,0,Not Admitted,Insurance
V009658,PT02766,DR062,D08,2024-10-15,PCOS,2320,0,0,Not Admitted,Insurance
V009659,PT00795,DR045,D08,2025-04-14,Menstrual Disorder,674380,1,6,Referred,UPI
V009660,PT03439,DR039,D03,2024-07-03,Fever,3291,0,0,Not Admitted,Card
V009661,PT01202,DR042,D01,2025-10-18,Heart Failure,3506,0,0,Not Admitted,Insurance
V009662,PT00632,DR013,D04,2025-10-07,Stroke,6694,0,0,Not Admitted,Insurance
V009663,PT00896,DR074,D03,2025-01-27,Vaccination,2127,0,0,Not Admitted,Card
V009664,PT01314,DR039,D03,2024-12-22,Asthma,1972,0,0,Not Admitted,Insurance
V009665,PT02952,DR007,D05,2024-02-22,Burns,7188,0,0,Not Admitted,Insurance
V009666,PT02225,DR066,D08,2024-09-30,Fertility,4060,0,0,Not Admitted,Insurance
V009667,PT02931,DR050,D07,2025-06-23,Diabetes,7431,0,0,Not Admitted,Cash
V009668,PT01932,DR066,D08,2025-12-25,Menstrual Disorder,6646,0,0,Not Admitted,Insurance
V009669,PT00048,DR052,D06,2024-06-21,Tumor Screening,7664,0,0,Not Admitted,Card
V009670,PT00158,DR032,D07,2025-07-06,Fever,4951,0,0,Not Admitted,Card
V009671,PT01795,DR066,D08,2024-06-22,PCOS,7922,0,0,Not Admitted,UPI
V009672,PT04227,DR011,D08,2025-03-08,PCOS,5329,0,0,Not Admitted,UPI
V009673,PT00616,DR074,D03,2024-03-08,Vaccination,3191,0,0,Not Admitted,Insurance
V009674,PT03181,DR010,D02,2025-01-05,Arthritis,1042,0,0,Not Admitted,Cash
V009675,PT04926,DR011,D08,2025-07-06,Prenatal Care,522258,1,5,Normal,Insurance
V009676,PT00771,DR051,D05,2024-03-11,Burns,1680,0,0,Not Admitted,UPI
V009677,PT00995,DR003,D04,2025-07-24,Migraine,1878,0,0,Not Admitted,Cash
V009678,PT01869,DR072,D06,2024-03-31,Radiotherapy,6944,0,0,Not Admitted,Insurance
V009679,PT04241,DR035,D06,2025-07-27,Post-op Care,4271,0,0,Not Admitted,Cash
V009680,PT00363,DR062,D08,2024-06-11,PCOS,388423,1,7,Normal,Cash
V009681,PT04935,DR058,D03,2024-01-11,Fever,3065,0,0,Not Admitted,UPI
V009682,PT01910,DR060,D04,2024-10-01,Stroke,788080,1,10,Normal,UPI
V009683,PT03025,DR027,D06,2024-08-01,Post-op Care,7911,0,0,Not Admitted,Insurance
V009684,PT02193,DR043,D06,2024-09-08,Tumor Screening,877,0,0,Not Admitted,Insurance
V009685,PT02602,DR051,D05,2025-04-09,Burns,80296,1,2,LAMA,UPI
V009686,PT00623,DR027,D06,2024-11-19,Chemotherapy,1578,0,0,Not Admitted,UPI
V009687,PT01326,DR031,D03,2024-02-10,Vaccination,2885,0,0,Not Admitted,Insurance
V009688,PT00285,DR012,D04,2024-03-28,Neuropathy,4612,0,0,Not Admitted,Card
V009689,PT00974,DR032,D07,2024-03-26,Thyroid,5886,0,0,Not Admitted,Insurance
V009690,PT01064,DR033,D05,2025-05-30,Trauma,2140,0,0,Not Admitted,Cash
V009691,PT03969,DR046,D02,2024-10-18,Arthritis,4479,0,0,Not Admitted,Insurance
V009692,PT02068,DR077,D01,2025-05-27,Heart Failure,4922,0,0,Not Admitted,Cash
V009693,PT00830,DR015,D06,2024-04-20,Radiotherapy,7826,0,0,Not Admitted,Card
V009694,PT01496,DR032,D07,2024-12-18,Thyroid,5650,0,0,Not Admitted,Cash
V009695,PT02090,DR005,D05,2025-01-13,Poisoning,7497,0,0,Not Admitted,Insurance
V009696,PT02511,DR019,D04,2024-12-12,Epilepsy,6401,0,0,Not Admitted,Cash
V009697,PT04310,DR040,D08,2024-05-24,PCOS,1667,0,0,Not Admitted,Cash
V009698,PT00495,DR016,D06,2025-08-02,Tumor Screening,1416,0,0,Not Admitted,UPI
V009699,PT03246,DR044,D08,2024-03-08,Menstrual Disorder,178381,1,6,Referred,UPI
V009700,PT03910,DR079,D04,2025-05-26,Migraine,611086,1,11,Normal,Card
V009701,PT02361,DR052,D06,2025-12-02,Radiotherapy,427644,1,4,Normal,UPI
V009702,PT04636,DR059,D01,2024-04-27,CAD,541,0,0,Not Admitted,UPI
V009703,PT04701,DR069,D07,2024-07-06,Infection,162658,1,4,Normal,Insurance
V009704,PT00216,DR016,D06,2024-04-30,Tumor Screening,2079,0,0,Not Admitted,UPI
V009705,PT00032,DR011,D08,2025-10-04,Menstrual Disorder,7815,0,0,Not Admitted,Cash
V009706,PT03497,DR002,D02,2025-10-04,Ligament Tear,4931,0,0,Not Admitted,Insurance
V009707,PT00678,DR050,D07,2024-09-13,Thyroid,2718,0,0,Not Admitted,Cash
V009708,PT00448,DR047,D04,2025-11-04,Stroke,5379,0,0,Not Admitted,Cash
V009709,PT03767,DR010,D02,2024-10-16,Fracture,1325,0,0,Not Admitted,Cash
V009710,PT01146,DR076,D04,2025-03-11,Migraine,259974,1,11,Normal,Insurance
V009711,PT03396,DR034,D08,2024-08-11,Prenatal Care,2822,0,0,Not Admitted,UPI
V009712,PT01657,DR025,D05,2025-04-14,Poisoning,6002,0,0,Not Admitted,UPI
V009713,PT00711,DR041,D07,2024-01-08,Fever,6895,0,0,Not Admitted,Insurance
V009714,PT01559,DR036,D04,2025-01-09,Epilepsy,7525,0,0,Not Admitted,Card
V009715,PT01761,DR061,D02,2025-08-19,Back Pain,3878,0,0,Not Admitted,UPI
V009716,PT02823,DR077,D01,2025-04-15,CAD,1052,0,0,Not Admitted,UPI
V009717,PT04814,DR078,D06,2025-11-05,Chemotherapy,4299,0,0,Not Admitted,Card
V009718,PT01399,DR006,D02,2024-10-29,Arthritis,1325,0,0,Not Admitted,UPI
V009719,PT03376,DR050,D07,2024-12-14,Infection,1280,0,0,Not Admitted,Insurance
V009720,PT03181,DR008,D02,2025-10-17,Arthritis,997,0,0,Not Admitted,UPI
V009721,PT00065,DR042,D01,2024-07-13,Arrhythmia,98073,1,8,Normal,Insurance
V009722,PT03586,DR031,D03,2025-10-06,Viral Infection,3398,0,0,Not Admitted,UPI
V009723,PT04964,DR020,D01,2024-07-16,Hypertension,5145,0,0,Not Admitted,Card
V009724,PT02168,DR071,D03,2024-03-22,Vaccination,3580,0,0,Not Admitted,Insurance
V009725,PT01576,DR053,D03,2024-08-29,Vaccination,7724,0,0,Not Admitted,Cash
V009726,PT00907,DR068,D03,2025-05-30,Vaccination,6312,0,0,Not Admitted,Insurance
V009727,PT03524,DR057,D04,2025-08-04,Epilepsy,3797,0,0,Not Admitted,Insurance
V009728,PT03150,DR080,D05,2024-04-21,Burns,7483,0,0,Not Admitted,Insurance
V009729,PT01585,DR032,D07,2024-11-05,Fever,5387,0,0,Not Admitted,UPI
V009730,PT00163,DR004,D05,2024-08-01,Burns,2894,0,0,Not Admitted,Cash
V009731,PT02380,DR077,D01,2025-07-09,Hypertension,6784,0,0,Not Admitted,Insurance
V009732,PT02457,DR043,D06,2025-03-11,Tumor Screening,308129,1,8,Normal,Card
V009733,PT04394,DR012,D04,2024-04-04,Epilepsy,3348,0,0,Not Admitted,Card
V009734,PT03053,DR003,D04,2024-11-12,Epilepsy,5107,0,0,Not Admitted,Insurance
V009735,PT04677,DR044,D08,2024-05-09,Fertility,7968,0,0,Not Admitted,Insurance
V009736,PT00600,DR021,D07,2025-08-16,Thyroid,1324,0,0,Not Admitted,Card
V009737,PT00245,DR025,D05,2025-11-01,Severe Bleeding,3045,0,0,Not Admitted,Cash
V009738,PT04825,DR039,D03,2024-12-31,Asthma,3433,0,0,Not Admitted,Cash
V009739,PT01446,DR077,D01,2024-01-11,Heart Failure,378382,1,3,Normal,Card
V009740,PT01884,DR027,D06,2024-12-06,Post-op Care,3149,0,0,Not Admitted,UPI
V009741,PT00530,DR053,D03,2024-08-17,Viral Infection,6372,0,0,Not Admitted,UPI
V009742,PT02937,DR078,D06,2024-05-01,Radiotherapy,4034,0,0,Not Admitted,Card
V009743,PT03381,DR037,D02,2025-03-09,Back Pain,5229,0,0,Not Admitted,Card
V009744,PT00107,DR021,D07,2024-03-17,Fever,5490,0,0,Not Admitted,Insurance
V009745,PT04546,DR074,D03,2024-05-23,Vaccination,7549,0,0,Not Admitted,Cash
V009746,PT03719,DR059,D01,2025-05-08,Arrhythmia,4406,0,0,Not Admitted,Insurance
V009747,PT00746,DR059,D01,2024-09-03,CAD,4412,0,0,Not Admitted,Cash
V009748,PT00273,DR078,D06,2025-02-15,Post-op Care,7312,0,0,Not Admitted,Cash
V009749,PT04034,DR031,D03,2024-08-06,Fever,3828,0,0,Not Admitted,Cash
V009750,PT01885,DR035,D06,2025-10-23,Post-op Care,6964,0,0,Not Admitted,UPI
V009751,PT01022,DR072,D06,2025-06-25,Chemotherapy,3760,0,0,Not Admitted,Cash
V009752,PT01824,DR036,D04,2025-10-19,Migraine,4667,0,0,Not Admitted,Card
V009753,PT04828,DR039,D03,2025-06-22,Viral Infection,464421,1,8,Normal,UPI
V009754,PT03566,DR020,D01,2025-01-30,Heart Failure,5417,0,0,Not Admitted,Cash
V009755,PT00078,DR018,D05,2025-10-10,Burns,1707,0,0,Not Admitted,Cash
V009756,PT04107,DR061,D02,2024-02-27,Fracture,353699,1,6,Referred,Insurance
V009757,PT01358,DR062,D08,2025-02-13,Fertility,3081,0,0,Not Admitted,UPI
V009758,PT00327,DR009,D04,2024-01-15,Neuropathy,3542,0,0,Not Admitted,Card
V009759,PT00786,DR059,D01,2024-04-19,CAD,579797,1,4,Normal,UPI
V009760,PT00160,DR071,D03,2024-05-11,Fever,2753,0,0,Not Admitted,Insurance
V009761,PT01244,DR068,D03,2025-12-03,Fever,2719,0,0,Not Admitted,Insurance
V009762,PT01852,DR013,D04,2024-01-23,Neuropathy,4139,0,0,Not Admitted,Cash
V009763,PT00339,DR050,D07,2024-12-22,Thyroid,338534,1,7,Normal,Insurance
V009764,PT00792,DR039,D03,2024-06-05,Vaccination,7123,0,0,Not Admitted,UPI
V009765,PT01411,DR074,D03,2025-02-28,Viral Infection,5969,0,0,Not Admitted,Cash
V009766,PT00986,DR077,D01,2025-02-01,CAD,7264,0,0,Not Admitted,Card
V009767,PT01176,DR011,D08,2024-08-02,PCOS,3978,0,0,Not Admitted,Cash
V009768,PT01196,DR041,D07,2024-04-06,Infection,4403,0,0,Not Admitted,Cash
V009769,PT00258,DR048,D04,2024-04-24,Neuropathy,7336,0,0,Not Admitted,Card
V009770,PT02396,DR020,D01,2025-12-28,Heart Failure,6259,0,0,Not Admitted,Cash
V009771,PT02469,DR029,D05,2025-05-04,Burns,6611,0,0,Not Admitted,Card
V009772,PT00550,DR026,D05,2025-12-21,Burns,2315,0,0,Not Admitted,UPI
V009773,PT00146,DR043,D06,2024-01-26,Radiotherapy,5909,0,0,Not Admitted,Cash
V009774,PT03259,DR062,D08,2024-02-29,Prenatal Care,598029,1,10,Normal,Card
V009775,PT04240,DR019,D04,2025-02-27,Epilepsy,6464,0,0,Not Admitted,Card
V009776,PT00634,DR015,D06,2024-05-03,Chemotherapy,6112,0,0,Not Admitted,UPI
V009777,PT03854,DR046,D02,2024-04-26,Arthritis,79288,1,5,Normal,Insurance
V009778,PT03932,DR010,D02,2025-02-19,Back Pain,508201,1,8,Normal,Cash
V009779,PT02543,DR077,D01,2025-04-18,CAD,4850,0,0,Not Admitted,Card
V009780,PT02124,DR053,D03,2024-08-11,Viral Infection,48940,1,8,Normal,Insurance
V009781,PT03620,DR027,D06,2025-07-04,Post-op Care,4767,0,0,Not Admitted,Cash
V009782,PT00376,DR019,D04,2024-11-29,Migraine,2868,0,0,Not Admitted,UPI
V009783,PT02544,DR043,D06,2024-03-21,Radiotherapy,56181,1,9,Normal,Insurance
V009784,PT01911,DR015,D06,2025-04-20,Chemotherapy,2058,0,0,Not Admitted,Insurance
V009785,PT03905,DR033,D05,2025-02-15,Poisoning,4043,0,0,Not Admitted,UPI
V009786,PT00187,DR028,D06,2024-10-26,Chemotherapy,2275,0,0,Not Admitted,UPI
V009787,PT04746,DR074,D03,2025-03-24,Viral Infection,2279,0,0,Not Admitted,Card
V009788,PT04538,DR051,D05,2024-09-07,Trauma,466051,1,10,Normal,Insurance
V009789,PT01704,DR029,D05,2024-01-12,Severe Bleeding,4289,0,0,Not Admitted,Card
V009790,PT00032,DR016,D06,2025-09-29,Radiotherapy,123412,1,0,Normal,Insurance
V009791,PT03630,DR041,D07,2025-10-23,Infection,3136,0,0,Not Admitted,Cash
V009792,PT00800,DR071,D03,2024-05-14,Vaccination,300676,1,10,Normal,UPI
V009793,PT03122,DR026,D05,2025-01-17,Poisoning,5868,0,0,Not Admitted,UPI
V009794,PT04177,DR074,D03,2025-08-05,Vaccination,323692,1,5,Normal,Cash
V009795,PT03695,DR025,D05,2025-11-13,Burns,6446,0,0,Not Admitted,UPI
V009796,PT04063,DR044,D08,2025-09-03,Fertility,7351,0,0,Not Admitted,Insurance
V009797,PT03557,DR070,D03,2024-09-30,Asthma,1400,0,0,Not Admitted,UPI
V009798,PT00527,DR075,D01,2024-02-22,Arrhythmia,1294,0,0,Not Admitted,Cash
V009799,PT03865,DR070,D03,2025-04-30,Fever,773352,1,3,Normal,Insurance
V009800,PT03627,DR073,D04,2024-10-16,Neuropathy,3788,0,0,Not Admitted,Card
V009801,PT00417,DR054,D02,2025-05-03,Ligament Tear,7389,0,0,Not Admitted,UPI
V009802,PT00072,DR079,D04,2025-08-30,Neuropathy,2781,0,0,Not Admitted,Cash
V009803,PT00523,DR038,D04,2025-02-05,Neuropathy,7565,0,0,Not Admitted,Card
V009804,PT01177,DR059,D01,2025-09-28,Hypertension,7813,0,0,Not Admitted,Card
V009805,PT01795,DR046,D02,2025-07-07,Arthritis,7170,0,0,Not Admitted,UPI
V009806,PT04914,DR032,D07,2025-11-16,Fever,3326,0,0,Not Admitted,Insurance
V009807,PT04563,DR021,D07,2024-11-12,Diabetes,153574,1,12,Normal,Insurance
V009808,PT03555,DR069,D07,2025-03-10,Fever,5525,0,0,Not Admitted,Card
V009809,PT01783,DR032,D07,2024-01-11,Diabetes,6648,0,0,Not Admitted,Cash
V009810,PT01375,DR076,D04,2024-11-05,Neuropathy,6273,0,0,Not Admitted,Insurance
V009811,PT04321,DR003,D04,2024-09-15,Neuropathy,837,0,0,Not Admitted,Card
V009812,PT00282,DR058,D03,2025-09-17,Fever,1994,0,0,Not Admitted,Card
V009813,PT02640,DR065,D04,2024-10-24,Stroke,858,0,0,Not Admitted,Cash
V009814,PT01494,DR008,D02,2025-10-12,Fracture,7825,0,0,Not Admitted,Insurance
V009815,PT03173,DR075,D01,2024-08-28,Hypertension,4603,0,0,Not Admitted,Insurance
V009816,PT01578,DR065,D04,2025-03-08,Migraine,2368,0,0,Not Admitted,Card
V009817,PT03969,DR075,D01,2025-12-05,Arrhythmia,387043,1,0,Normal,Insurance
V009818,PT03258,DR074,D03,2025-03-05,Fever,162922,1,3,Normal,Card
V009819,PT02191,DR060,D04,2025-02-17,Neuropathy,555819,1,8,Normal,Cash
V009820,PT03232,DR011,D08,2024-10-29,Prenatal Care,4357,0,0,Not Admitted,UPI
V009821,PT01418,DR021,D07,2024-07-13,Thyroid,2619,0,0,Not Admitted,Insurance
V009822,PT04878,DR054,D02,2025-04-29,Arthritis,4969,0,0,Not Admitted,Cash
V009823,PT04778,DR002,D02,2024-10-12,Fracture,1211,0,0,Not Admitted,Cash
V009824,PT01862,DR002,D02,2024-08-10,Arthritis,7552,0,0,Not Admitted,Card
V009825,PT02196,DR036,D04,2024-02-06,Migraine,4843,0,0,Not Admitted,Cash
V009826,PT00647,DR048,D04,2025-11-07,Stroke,83839,1,10,Referred,UPI
V009827,PT03071,DR076,D04,2024-12-25,Neuropathy,1661,0,0,Not Admitted,Card
V009828,PT01021,DR049,D01,2024-05-03,Hypertension,4526,0,0,Not Admitted,Cash
V009829,PT02971,DR035,D06,2025-02-11,Tumor Screening,99847,1,2,Normal,Cash
V009830,PT02858,DR016,D06,2025-03-19,Chemotherapy,2824,0,0,Not Admitted,UPI
V009831,PT03722,DR024,D05,2025-09-18,Severe Bleeding,3905,0,0,Not Admitted,UPI
V009832,PT01073,DR025,D05,2025-04-10,Trauma,3815,0,0,Not Admitted,Insurance
V009833,PT00618,DR033,D05,2025-01-05,Trauma,5617,0,0,Not Admitted,Card
V009834,PT00281,DR053,D03,2024-09-20,Fever,546624,1,1,Normal,Cash
V009835,PT01627,DR032,D07,2024-05-05,Thyroid,3683,0,0,Not Admitted,UPI
V009836,PT02585,DR004,D05,2024-11-30,Poisoning,5583,0,0,Not Admitted,Cash
V009837,PT03568,DR024,D05,2024-07-28,Trauma,605525,1,12,Normal,Insurance
V009838,PT00521,DR032,D07,2024-07-09,Fever,2646,0,0,Not Admitted,Cash
V009839,PT02315,DR011,D08,2025-04-30,Fertility,7293,0,0,Not Admitted,Cash
V009840,PT04178,DR039,D03,2024-04-29,Fever,7715,0,0,Not Admitted,Insurance
V009841,PT00263,DR001,D02,2025-08-21,Back Pain,185937,1,1,Normal,Insurance
V009842,PT03106,DR069,D07,2024-12-20,Thyroid,2649,0,0,Not Admitted,Cash
V009843,PT01483,DR029,D05,2024-10-09,Severe Bleeding,1493,0,0,Not Admitted,UPI
V009844,PT00257,DR069,D07,2025-04-23,Fever,6298,0,0,Not Admitted,UPI
V009845,PT03634,DR045,D08,2025-06-11,Fertility,2124,0,0,Not Admitted,Cash
V009846,PT01274,DR032,D07,2024-03-17,Thyroid,3802,0,0,Not Admitted,Insurance
V009847,PT03864,DR062,D08,2025-10-18,PCOS,6398,0,0,Not Admitted,Card
V009848,PT04733,DR072,D06,2024-10-29,Chemotherapy,5355,0,0,Not Admitted,Cash
V009849,PT03710,DR047,D04,2025-11-11,Epilepsy,4608,0,0,Not Admitted,UPI
V009850,PT02143,DR011,D08,2025-06-30,Prenatal Care,2486,0,0,Not Admitted,Cash
V009851,PT00686,DR039,D03,2024-11-07,Fever,173406,1,9,Normal,UPI
V009852,PT04239,DR042,D01,2024-02-29,Heart Failure,4655,0,0,Not Admitted,Card
V009853,PT02456,DR020,D01,2024-06-05,Hypertension,5181,0,0,Not Admitted,UPI
V009854,PT02959,DR031,D03,2024-02-29,Viral Infection,6376,0,0,Not Admitted,Cash
V009855,PT04919,DR052,D06,2024-02-26,Chemotherapy,6811,0,0,Not Admitted,Card
V009856,PT04155,DR021,D07,2025-05-26,Diabetes,3764,0,0,Not Admitted,Cash
V009857,PT03640,DR040,D08,2025-08-27,Prenatal Care,7161,0,0,Not Admitted,Card
V009858,PT04098,DR016,D06,2024-08-05,Tumor Screening,3495,0,0,Not Admitted,Card
V009859,PT03014,DR076,D04,2024-08-10,Epilepsy,1053,0,0,Not Admitted,Cash
V009860,PT03632,DR010,D02,2024-06-28,Ligament Tear,577559,1,4,Referred,UPI
V009861,PT01205,DR069,D07,2024-07-14,Thyroid,6895,0,0,Not Admitted,Card
V009862,PT04399,DR066,D08,2024-11-06,PCOS,6337,0,0,Not Admitted,Cash
V009863,PT00910,DR022,D08,2025-08-13,Prenatal Care,514,0,0,Not Admitted,Cash
V009864,PT02097,DR051,D05,2024-08-05,Poisoning,2010,0,0,Not Admitted,Card
V009865,PT04857,DR035,D06,2025-10-01,Tumor Screening,467072,1,11,Normal,Cash
V009866,PT00840,DR012,D04,2025-08-19,Migraine,2123,0,0,Not Admitted,UPI
V009867,PT03361,DR023,D02,2024-09-12,Fracture,4030,0,0,Not Admitted,Insurance
V009868,PT00386,DR033,D05,2025-04-12,Severe Bleeding,1096,0,0,Not Admitted,Card
V009869,PT03800,DR035,D06,2025-01-02,Chemotherapy,7745,0,0,Not Admitted,Cash
V009870,PT01648,DR051,D05,2025-07-02,Trauma,5072,0,0,Not Admitted,UPI
V009871,PT00536,DR065,D04,2025-10-30,Epilepsy,7371,0,0,Not Admitted,Cash
V009872,PT04080,DR017,D08,2025-12-12,PCOS,3673,0,0,Not Admitted,Insurance
V009873,PT00754,DR021,D07,2025-03-02,Diabetes,747306,1,8,Normal,Card
V009874,PT01619,DR008,D02,2024-01-25,Back Pain,7683,0,0,Not Admitted,Cash
V009875,PT03416,DR069,D07,2024-01-28,Diabetes,1750,0,0,Not Admitted,UPI
V009876,PT00306,DR066,D08,2024-01-09,Prenatal Care,6331,0,0,Not Admitted,Insurance
V009877,PT00179,DR041,D07,2025-10-27,Infection,776,0,0,Not Admitted,Cash
V009878,PT01618,DR025,D05,2025-10-08,Burns,5056,0,0,Not Admitted,Insurance
V009879,PT02946,DR075,D01,2024-07-31,Hypertension,7776,0,0,Not Admitted,UPI
V009880,PT00975,DR058,D03,2025-11-17,Fever,6966,0,0,Not Admitted,Cash
V009881,PT03877,DR061,D02,2025-11-26,Back Pain,3149,0,0,Not Admitted,Cash
V009882,PT03862,DR031,D03,2025-04-29,Fever,6191,0,0,Not Admitted,UPI
V009883,PT01710,DR008,D02,2024-10-14,Arthritis,1955,0,0,Not Admitted,UPI
V009884,PT02981,DR020,D01,2024-07-31,Hypertension,5416,0,0,Not Admitted,Insurance
V009885,PT02904,DR044,D08,2024-04-16,Prenatal Care,1466,0,0,Not Admitted,Card
V009886,PT03872,DR001,D02,2025-08-17,Back Pain,5136,0,0,Not Admitted,Cash
V009887,PT04253,DR022,D08,2024-06-12,Fertility,38449,1,10,Normal,Card
V009888,PT04775,DR080,D05,2025-03-06,Poisoning,152357,1,12,Normal,Cash
V009889,PT03051,DR011,D08,2024-12-08,Prenatal Care,3457,0,0,Not Admitted,Cash
V009890,PT04687,DR066,D08,2025-04-07,Menstrual Disorder,99441,1,6,Normal,Card
V009891,PT00257,DR030,D02,2024-08-04,Fracture,2317,0,0,Not Admitted,Cash
V009892,PT01609,DR065,D04,2025-02-17,Stroke,5727,0,0,Not Admitted,Cash
V009893,PT03037,DR049,D01,2024-09-18,Heart Failure,1040,0,0,Not Admitted,UPI
V009894,PT04091,DR009,D04,2025-05-24,Stroke,4266,0,0,Not Admitted,Cash
V009895,PT02863,DR027,D06,2024-09-12,Chemotherapy,7563,0,0,Not Admitted,UPI
V009896,PT02397,DR050,D07,2024-04-17,Thyroid,4399,0,0,Not Admitted,Insurance
V009897,PT01650,DR071,D03,2025-03-24,Vaccination,725,0,0,Not Admitted,Insurance
V009898,PT00339,DR012,D04,2025-01-31,Stroke,2061,0,0,Not Admitted,UPI
V009899,PT00395,DR069,D07,2025-01-03,Diabetes,584494,1,12,Normal,UPI
V009900,PT03558,DR068,D03,2024-04-02,Asthma,521863,1,2,Normal,Insurance
V009901,PT00161,DR068,D03,2024-11-12,Asthma,626078,1,7,Normal,Cash
V009902,PT03841,DR010,D02,2024-06-30,Ligament Tear,130349,1,4,Normal,UPI
V009903,PT01684,DR044,D08,2024-04-03,Menstrual Disorder,623,0,0,Not Admitted,UPI
V009904,PT03261,DR032,D07,2025-02-19,Thyroid,334243,1,11,Normal,Card
V009905,PT01374,DR054,D02,2024-11-10,Fracture,7675,0,0,Not Admitted,Cash
V009906,PT00653,DR044,D08,2025-01-07,Menstrual Disorder,1324,0,0,Not Admitted,UPI
V009907,PT02863,DR077,D01,2024-03-24,Arrhythmia,5675,0,0,Not Admitted,Insurance
V009908,PT01522,DR032,D07,2025-04-25,Infection,2758,0,0,Not Admitted,Card
V009909,PT04521,DR037,D02,2024-07-25,Ligament Tear,4122,0,0,Not Admitted,UPI
V009910,PT00387,DR037,D02,2024-11-06,Ligament Tear,261848,1,9,Normal,UPI
V009911,PT01631,DR024,D05,2024-05-09,Severe Bleeding,5438,0,0,Not Admitted,Card
V009912,PT00232,DR043,D06,2025-11-03,Chemotherapy,7619,0,0,Not Admitted,Insurance
V009913,PT02831,DR013,D04,2025-07-12,Epilepsy,783696,1,1,Normal,Cash
V009914,PT00980,DR007,D05,2024-03-17,Poisoning,3205,0,0,Not Admitted,Cash
V009915,PT01340,DR033,D05,2024-06-18,Severe Bleeding,2741,0,0,Not Admitted,Cash
V009916,PT02805,DR001,D02,2025-03-07,Ligament Tear,676,0,0,Not Admitted,UPI
V009917,PT01451,DR018,D05,2024-03-31,Trauma,4276,0,0,Not Admitted,Card
V009918,PT04118,DR007,D05,2024-06-18,Poisoning,6632,0,0,Not Admitted,Cash
V009919,PT01227,DR077,D01,2025-12-02,CAD,6179,0,0,Not Admitted,Insurance
V009920,PT01257,DR017,D08,2025-12-22,Prenatal Care,314546,1,3,Referred,UPI
V009921,PT04883,DR016,D06,2024-08-14,Chemotherapy,2388,0,0,Not Admitted,Card
V009922,PT01966,DR078,D06,2025-09-25,Chemotherapy,5734,0,0,Not Admitted,Card
V009923,PT02565,DR025,D05,2024-12-25,Trauma,7637,0,0,Not Admitted,Cash
V009924,PT00397,DR035,D06,2024-03-17,Tumor Screening,654,0,0,Not Admitted,Card
V009925,PT04549,DR050,D07,2024-03-26,Infection,2778,0,0,Not Admitted,Cash
V009926,PT01487,DR080,D05,2024-08-11,Poisoning,662806,1,12,Normal,Cash
V009927,PT00085,DR035,D06,2024-01-15,Chemotherapy,7587,0,0,Not Admitted,UPI
V009928,PT02240,DR057,D04,2025-02-23,Migraine,6128,0,0,Not Admitted,UPI
V009929,PT03924,DR021,D07,2024-08-21,Infection,509333,1,0,Normal,Card
V009930,PT01046,DR006,D02,2025-03-03,Ligament Tear,5467,0,0,Not Admitted,Cash
V009931,PT00534,DR043,D06,2024-11-29,Radiotherapy,7630,0,0,Not Admitted,Insurance
V009932,PT03137,DR042,D01,2025-04-25,Heart Failure,6273,0,0,Not Admitted,Insurance
V009933,PT04334,DR070,D03,2024-01-27,Viral Infection,1855,0,0,Not Admitted,UPI
V009934,PT02212,DR073,D04,2025-04-03,Neuropathy,4693,0,0,Not Admitted,UPI
V009935,PT00478,DR053,D03,2025-01-01,Fever,576344,1,2,Normal,Card
V009936,PT01972,DR064,D02,2025-03-08,Back Pain,7708,0,0,Not Admitted,Cash
V009937,PT04486,DR017,D08,2024-04-12,PCOS,1529,0,0,Not Admitted,Insurance
V009938,PT01254,DR080,D05,2025-02-04,Trauma,7852,0,0,Not Admitted,UPI
V009939,PT04889,DR049,D01,2024-05-29,CAD,5194,0,0,Not Admitted,Insurance
V009940,PT03878,DR011,D08,2025-05-01,Menstrual Disorder,3563,0,0,Not Admitted,Cash
V009941,PT01529,DR038,D04,2024-03-26,Stroke,6023,0,0,Not Admitted,Insurance
V009942,PT00398,DR039,D03,2024-09-08,Vaccination,1613,0,0,Not Admitted,Insurance
V009943,PT04017,DR044,D08,2025-09-20,Fertility,686,0,0,Not Admitted,Insurance
V009944,PT01930,DR043,D06,2025-09-11,Post-op Care,7176,0,0,Not Admitted,Cash
V009945,PT03924,DR080,D05,2025-10-17,Trauma,4061,0,0,Not Admitted,Cash
V009946,PT02738,DR008,D02,2024-08-20,Back Pain,816,0,0,Not Admitted,Card
V009947,PT01638,DR045,D08,2024-07-04,Fertility,181540,1,7,Normal,Insurance
V009948,PT02087,DR016,D06,2024-11-23,Chemotherapy,5814,0,0,Not Admitted,UPI
V009949,PT00907,DR017,D08,2024-11-20,Menstrual Disorder,608,0,0,Not Admitted,Insurance
V009950,PT02348,DR052,D06,2024-06-02,Chemotherapy,5186,0,0,Not Admitted,Card
V009951,PT00540,DR080,D05,2024-01-06,Burns,6509,0,0,Not Admitted,UPI
V009952,PT00189,DR054,D02,2024-10-09,Ligament Tear,7095,0,0,Not Admitted,Insurance
V009953,PT02575,DR071,D03,2025-01-14,Vaccination,1703,0,0,Not Admitted,Cash
V009954,PT02530,DR002,D02,2025-05-20,Ligament Tear,4536,0,0,Not Admitted,Card
V009955,PT02934,DR014,D04,2024-04-11,Migraine,7255,0,0,Not Admitted,UPI
V009956,PT01834,DR075,D01,2025-02-09,Hypertension,883,0,0,Not Admitted,Insurance
V009957,PT03083,DR059,D01,2025-04-05,CAD,2628,0,0,Not Admitted,Card
V009958,PT03828,DR067,D07,2024-03-24,Infection,5668,0,0,Not Admitted,Insurance
V009959,PT02040,DR018,D05,2025-03-19,Trauma,1764,0,0,Not Admitted,Insurance
V009960,PT04467,DR028,D06,2024-06-20,Tumor Screening,694803,1,9,Referred,Cash
V009961,PT03695,DR068,D03,2024-01-12,Viral Infection,7056,0,0,Not Admitted,Cash
V009962,PT03168,DR064,D02,2025-11-25,Fracture,193909,1,7,Normal,Insurance
V009963,PT04242,DR037,D02,2025-04-09,Ligament Tear,2199,0,0,Not Admitted,Card
V009964,PT03806,DR014,D04,2025-09-07,Migraine,3738,0,0,Not Admitted,Card
V009965,PT01255,DR054,D02,2025-09-14,Back Pain,6374,0,0,Not Admitted,Cash
V009966,PT01542,DR057,D04,2025-07-30,Stroke,1893,0,0,Not Admitted,UPI
V009967,PT02957,DR079,D04,2024-02-28,Epilepsy,5944,0,0,Not Admitted,Insurance
V009968,PT03298,DR069,D07,2024-08-02,Fever,6480,0,0,Not Admitted,Insurance
V009969,PT04673,DR066,D08,2024-08-23,Prenatal Care,1458,0,0,Not Admitted,Cash
V009970,PT03564,DR036,D04,2024-06-30,Stroke,2324,0,0,Not Admitted,Insurance
V009971,PT01155,DR031,D03,2025-06-04,Asthma,6114,0,0,Not Admitted,Card
V009972,PT02452,DR024,D05,2024-02-02,Burns,7483,0,0,Not Admitted,UPI
V009973,PT01847,DR051,D05,2024-09-19,Severe Bleeding,5033,0,0,Not Admitted,Cash
V009974,PT01578,DR068,D03,2025-02-03,Viral Infection,1487,0,0,Not Admitted,Insurance
V009975,PT01434,DR018,D05,2025-06-18,Poisoning,2746,0,0,Not Admitted,Card
V009976,PT04833,DR058,D03,2024-05-31,Asthma,4863,0,0,Not Admitted,UPI
V009977,PT04677,DR011,D08,2024-03-03,PCOS,3898,0,0,Not Admitted,Card
V009978,PT01358,DR070,D03,2025-01-23,Vaccination,522534,1,0,Normal,UPI
V009979,PT02051,DR026,D05,2024-09-21,Burns,1116,0,0,Not Admitted,Cash
V009980,PT02630,DR052,D06,2025-05-26,Chemotherapy,4018,0,0,Not Admitted,Cash
V009981,PT01176,DR031,D03,2024-02-01,Vaccination,401551,1,7,Normal,Insurance
V009982,PT00655,DR025,D05,2025-05-18,Trauma,5050,0,0,Not Admitted,Cash
V009983,PT03762,DR039,D03,2025-11-26,Asthma,200597,1,9,Normal,Card
V009984,PT01390,DR029,D05,2024-06-05,Burns,416804,1,2,Normal,UPI
V009985,PT00466,DR077,D01,2024-02-22,Arrhythmia,2061,0,0,Not Admitted,Insurance
V009986,PT00461,DR027,D06,2024-12-17,Post-op Care,2417,0,0,Not Admitted,Cash
V009987,PT00038,DR016,D06,2025-11-06,Radiotherapy,636058,1,9,Normal,Card
V009988,PT04585,DR021,D07,2025-12-04,Infection,4885,0,0,Not Admitted,UPI
V009989,PT03636,DR074,D03,2024-11-17,Fever,4656,0,0,Not Admitted,Cash
V009990,PT03929,DR029,D05,2024-06-11,Trauma,2272,0,0,Not Admitted,Insurance
V009991,PT00087,DR079,D04,2024-05-30,Migraine,4398,0,0,Not Admitted,UPI
V009992,PT03012,DR062,D08,2025-12-27,Fertility,5195,0,0,Not Admitted,UPI
V009993,PT01384,DR020,D01,2024-11-15,Arrhythmia,7938,0,0,Not Admitted,Card
V009994,PT01995,DR069,D07,2024-07-14,Diabetes,496746,1,11,Normal,Cash
V009995,PT01377,DR050,D07,2025-03-22,Fever,536382,1,10,Normal,Insurance
V009996,PT02654,DR077,D01,2025-10-15,Hypertension,5876,0,0,Not Admitted,Card
V009997,PT02177,DR063,D05,2025-11-13,Poisoning,6530,0,0,Not Admitted,Card
V009998,PT03520,DR068,D03,2025-10-30,Asthma,4109,0,0,Not Admitted,UPI
V009999,PT01158,DR060,D04,2024-04-19,Neuropathy,1470,0,0,Not Admitted,Insurance
V010000,PT01876,DR041,D07,2025-01-18,Infection,3352,0,0,Not Admitted,Card
V010001,PT00962,DR018,D05,2024-02-15,Burns,590,0,0,Not Admitted,Cash
V010002,PT00375,DR062,D08,2024-01-14,PCOS,798,0,0,Not Admitted,Insurance
V010003,PT00803,DR029,D05,2024-05-31,Severe Bleeding,3713,0,0,Not Admitted,UPI
V010004,PT01455,DR049,D01,2024-09-19,Heart Failure,3531,0,0,Not Admitted,Card
V010005,PT02210,DR067,D07,2024-02-25,Diabetes,37893,1,0,Referred,Insurance
V010006,PT02317,DR079,D04,2024-07-27,Migraine,4952,0,0,Not Admitted,Card
V010007,PT03677,DR047,D04,2024-11-06,Neuropathy,2594,0,0,Not Admitted,UPI
V010008,PT01989,DR007,D05,2025-08-12,Severe Bleeding,146377,1,11,Normal,Card
V010009,PT01384,DR010,D02,2025-01-03,Arthritis,3013,0,0,Not Admitted,Insurance
V010010,PT04352,DR046,D02,2024-02-16,Back Pain,4999,0,0,Not Admitted,Cash
V010011,PT03330,DR044,D08,2024-05-24,Prenatal Care,7258,0,0,Not Admitted,UPI
V010012,PT00215,DR067,D07,2025-05-14,Thyroid,6101,0,0,Not Admitted,Cash
V010013,PT03332,DR020,D01,2024-03-15,Arrhythmia,4045,0,0,Not Admitted,Insurance
V010014,PT01652,DR019,D04,2024-09-25,Epilepsy,984,0,0,Not Admitted,Card
V010015,PT00467,DR054,D02,2024-10-17,Fracture,1602,0,0,Not Admitted,Insurance
V010016,PT00117,DR072,D06,2024-10-15,Radiotherapy,1429,0,0,Not Admitted,Insurance
V010017,PT03680,DR046,D02,2024-09-26,Arthritis,5834,0,0,Not Admitted,Insurance
V010018,PT00442,DR045,D08,2024-06-14,Prenatal Care,5476,0,0,Not Admitted,Cash
V010019,PT01731,DR020,D01,2024-09-10,Arrhythmia,4404,0,0,Not Admitted,UPI
V010020,PT01227,DR009,D04,2024-09-15,Stroke,3992,0,0,Not Admitted,Cash
V010021,PT04705,DR029,D05,2025-07-08,Trauma,195460,1,10,Normal,Card
V010022,PT02715,DR075,D01,2025-04-21,CAD,144157,1,0,Normal,Cash
V010023,PT02075,DR010,D02,2025-11-23,Fracture,5146,0,0,Not Admitted,UPI
V010024,PT00369,DR064,D02,2024-07-20,Fracture,569,0,0,Not Admitted,Cash
V010025,PT01935,DR059,D01,2025-06-25,Hypertension,7753,0,0,Not Admitted,Cash
V010026,PT00738,DR045,D08,2024-01-29,Menstrual Disorder,6904,0,0,Not Admitted,Cash
V010027,PT03219,DR053,D03,2024-08-23,Asthma,4049,0,0,Not Admitted,Cash
V010028,PT00370,DR066,D08,2024-09-29,Prenatal Care,1555,0,0,Not Admitted,Card
V010029,PT04325,DR068,D03,2025-01-15,Viral Infection,7361,0,0,Not Admitted,UPI
V010030,PT03721,DR061,D02,2025-05-08,Fracture,216579,1,11,Normal,Insurance
V010031,PT02781,DR045,D08,2025-01-11,PCOS,7908,0,0,Not Admitted,UPI
V010032,PT03908,DR079,D04,2024-11-09,Stroke,434034,1,4,Normal,UPI
V010033,PT03613,DR008,D02,2024-03-15,Back Pain,4434,0,0,Not Admitted,Insurance
V010034,PT02579,DR043,D06,2025-07-15,Radiotherapy,77738,1,12,Normal,Insurance
V010035,PT01644,DR050,D07,2024-07-16,Thyroid,2806,0,0,Not Admitted,Card
V010036,PT01090,DR045,D08,2025-01-12,Fertility,435847,1,7,Normal,Cash
V010037,PT04869,DR032,D07,2025-07-26,Diabetes,714,0,0,Not Admitted,Cash
V010038,PT03722,DR054,D02,2024-08-22,Back Pain,4399,0,0,Not Admitted,Cash
V010039,PT02682,DR034,D08,2024-02-20,PCOS,684731,1,7,Normal,Cash
V010040,PT03355,DR058,D03,2024-05-26,Vaccination,4330,0,0,Not Admitted,Card
V010041,PT00934,DR033,D05,2025-01-16,Burns,3678,0,0,Not Admitted,UPI
V010042,PT01059,DR044,D08,2025-08-21,PCOS,4523,0,0,Not Admitted,Card
V010043,PT02983,DR050,D07,2024-01-04,Thyroid,717298,1,7,Normal,Insurance
V010044,PT00987,DR066,D08,2024-03-13,Menstrual Disorder,2651,0,0,Not Admitted,Insurance
V010045,PT04926,DR016,D06,2024-01-31,Radiotherapy,4919,0,0,Not Admitted,Card
V010046,PT03926,DR067,D07,2024-06-11,Thyroid,133177,1,8,Normal,Card
V010047,PT04942,DR055,D02,2025-10-17,Arthritis,480379,1,6,Referred,UPI
V010048,PT03561,DR021,D07,2025-02-23,Diabetes,5957,0,0,Not Admitted,UPI
V010049,PT02480,DR060,D04,2024-05-30,Neuropathy,1329,0,0,Not Admitted,Cash
V010050,PT01244,DR061,D02,2025-07-07,Ligament Tear,2402,0,0,Not Admitted,Card
V010051,PT00148,DR030,D02,2024-10-02,Back Pain,3919,0,0,Not Admitted,Insurance
V010052,PT03872,DR017,D08,2025-03-17,Prenatal Care,2314,0,0,Not Admitted,Card
V010053,PT00210,DR024,D05,2025-09-06,Trauma,4259,0,0,Not Admitted,Card
V010054,PT01927,DR025,D05,2025-07-26,Burns,1504,0,0,Not Admitted,Card
V010055,PT01621,DR066,D08,2025-12-26,PCOS,3551,0,0,Not Admitted,Card
V010056,PT02795,DR069,D07,2024-03-26,Thyroid,373754,1,10,Normal,Cash
V010057,PT01086,DR074,D03,2024-03-16,Viral Infection,2126,0,0,Not Admitted,Insurance
V010058,PT04721,DR002,D02,2025-03-09,Arthritis,712836,1,10,Normal,Insurance
V010059,PT01198,DR038,D04,2024-06-09,Stroke,6912,0,0,Not Admitted,Card
V010060,PT03826,DR010,D02,2025-02-24,Fracture,948,0,0,Not Admitted,UPI
V010061,PT03501,DR005,D05,2024-09-15,Burns,585,0,0,Not Admitted,Insurance
V010062,PT04060,DR075,D01,2024-10-02,Heart Failure,3139,0,0,Not Admitted,Cash
V010063,PT02721,DR043,D06,2025-04-12,Post-op Care,4426,0,0,Not Admitted,Insurance
V010064,PT03063,DR044,D08,2024-04-17,Prenatal Care,1956,0,0,Not Admitted,Insurance
V010065,PT03812,DR007,D05,2024-08-21,Poisoning,637129,1,4,Normal,Card
V010066,PT00505,DR016,D06,2024-11-29,Chemotherapy,4460,0,0,Not Admitted,UPI
V010067,PT00247,DR054,D02,2025-05-08,Back Pain,486689,1,12,Normal,Card
V010068,PT04768,DR069,D07,2025-05-12,Fever,7067,0,0,Not Admitted,Card
V010069,PT04900,DR057,D04,2025-12-01,Stroke,240359,1,1,Referred,Insurance
V010070,PT04582,DR034,D08,2025-11-24,Prenatal Care,1099,0,0,Not Admitted,Cash
V010071,PT03463,DR024,D05,2024-04-27,Burns,316212,1,11,Normal,Cash
V010072,PT02051,DR005,D05,2025-09-19,Trauma,5815,0,0,Not Admitted,Insurance
V010073,PT02423,DR068,D03,2025-01-05,Fever,177686,1,9,Normal,Insurance
V010074,PT01126,DR073,D04,2025-02-06,Neuropathy,4335,0,0,Not Admitted,UPI
V010075,PT04593,DR034,D08,2024-07-05,Menstrual Disorder,7887,0,0,Not Admitted,Cash
V010076,PT00929,DR005,D05,2025-07-07,Severe Bleeding,7124,0,0,Not Admitted,UPI
V010077,PT00742,DR054,D02,2025-04-05,Ligament Tear,6160,0,0,Not Admitted,Insurance
V010078,PT01403,DR073,D04,2025-06-02,Stroke,2036,0,0,Not Admitted,UPI
V010079,PT03262,DR021,D07,2024-08-06,Diabetes,974,0,0,Not Admitted,Cash
V010080,PT03455,DR021,D07,2025-12-15,Diabetes,573852,1,9,Normal,Card
V010081,PT01058,DR062,D08,2025-04-22,PCOS,7965,0,0,Not Admitted,Card
V010082,PT00085,DR070,D03,2025-06-20,Asthma,6826,0,0,Not Admitted,Insurance
V010083,PT04153,DR011,D08,2024-11-09,Prenatal Care,3204,0,0,Not Admitted,UPI
V010084,PT04914,DR020,D01,2025-10-13,Hypertension,7717,0,0,Not Admitted,Card
V010085,PT02564,DR047,D04,2024-09-17,Epilepsy,7351,0,0,Not Admitted,UPI
V010086,PT00123,DR066,D08,2025-12-06,PCOS,1259,0,0,Not Admitted,Cash
V010087,PT04479,DR055,D02,2025-08-26,Arthritis,742078,1,4,Normal,Insurance
V010088,PT04844,DR021,D07,2025-05-08,Fever,6825,0,0,Not Admitted,UPI
V010089,PT04711,DR059,D01,2025-08-27,Heart Failure,614169,1,2,Normal,Card
V010090,PT01078,DR019,D04,2025-08-18,Epilepsy,2281,0,0,Not Admitted,UPI
V010091,PT01399,DR059,D01,2025-07-17,CAD,4648,0,0,Not Admitted,Insurance
V010092,PT03530,DR060,D04,2024-08-30,Neuropathy,4444,0,0,Not Admitted,Insurance
V010093,PT02418,DR063,D05,2025-09-24,Severe Bleeding,6188,0,0,Not Admitted,Insurance
V010094,PT04209,DR002,D02,2025-10-11,Ligament Tear,4578,0,0,Not Admitted,Card
V010095,PT01713,DR050,D07,2025-01-16,Infection,6740,0,0,Not Admitted,Card
V010096,PT04274,DR042,D01,2025-04-14,Heart Failure,768498,1,0,Normal,UPI
V010097,PT00109,DR035,D06,2025-09-07,Radiotherapy,6479,0,0,Not Admitted,UPI
V010098,PT02027,DR016,D06,2025-06-29,Radiotherapy,5218,0,0,Not Admitted,Cash
V010099,PT03862,DR080,D05,2025-07-07,Trauma,6368,0,0,Not Admitted,Cash
V010100,PT02423,DR059,D01,2025-02-15,Hypertension,5988,0,0,Not Admitted,Card
V010101,PT03941,DR038,D04,2024-04-21,Neuropathy,2888,0,0,Not Admitted,UPI
V010102,PT00029,DR059,D01,2025-07-28,Hypertension,574627,1,6,Normal,Insurance
V010103,PT00258,DR017,D08,2025-03-29,Fertility,1368,0,0,Not Admitted,UPI
V010104,PT04494,DR028,D06,2024-04-19,Post-op Care,3640,0,0,Not Admitted,Card
V010105,PT02989,DR039,D03,2025-01-23,Fever,2499,0,0,Not Admitted,Insurance
V010106,PT01388,DR020,D01,2024-04-03,Hypertension,3135,0,0,Not Admitted,Cash
V010107,PT03627,DR039,D03,2025-08-06,Viral Infection,3202,0,0,Not Admitted,UPI
V010108,PT02341,DR031,D03,2024-03-20,Vaccination,6713,0,0,Not Admitted,Card
V010109,PT00064,DR044,D08,2024-10-24,Menstrual Disorder,1300,0,0,Not Admitted,Insurance
V010110,PT03892,DR053,D03,2024-09-06,Viral Infection,4345,0,0,Not Admitted,UPI
V010111,PT02801,DR077,D01,2024-11-29,Heart Failure,3332,0,0,Not Admitted,Cash
V010112,PT02529,DR059,D01,2024-11-30,Arrhythmia,4262,0,0,Not Admitted,Insurance
V010113,PT00494,DR041,D07,2024-11-04,Infection,2562,0,0,Not Admitted,Insurance
V010114,PT03194,DR051,D05,2024-09-27,Burns,227666,1,8,LAMA,Insurance
V010115,PT02524,DR016,D06,2025-11-25,Post-op Care,342979,1,0,Normal,Cash
V010116,PT04286,DR077,D01,2024-07-17,CAD,2381,0,0,Not Admitted,Card
V010117,PT03156,DR004,D05,2025-05-24,Trauma,5780,0,0,Not Admitted,Card
V010118,PT04459,DR075,D01,2025-01-11,Arrhythmia,3181,0,0,Not Admitted,Card
V010119,PT02553,DR026,D05,2024-12-18,Trauma,1532,0,0,Not Admitted,Insurance
V010120,PT01080,DR015,D06,2025-04-15,Radiotherapy,529278,1,8,Normal,Cash
V010121,PT02954,DR049,D01,2024-08-04,Hypertension,226651,1,8,Normal,Insurance
V010122,PT04657,DR020,D01,2025-12-03,Arrhythmia,6788,0,0,Not Admitted,Insurance
V010123,PT02420,DR019,D04,2024-06-23,Epilepsy,7777,0,0,Not Admitted,UPI
V010124,PT04994,DR024,D05,2025-10-16,Poisoning,2595,0,0,Not Admitted,UPI
V010125,PT00735,DR041,D07,2025-11-07,Infection,5875,0,0,Not Admitted,Cash
V010126,PT03767,DR015,D06,2025-06-27,Radiotherapy,2981,0,0,Not Admitted,UPI
V010127,PT03617,DR035,D06,2024-04-04,Tumor Screening,1104,0,0,Not Admitted,Cash
V010128,PT00503,DR005,D05,2024-12-06,Trauma,281265,1,2,Normal,Card
V010129,PT01201,DR068,D03,2024-05-21,Vaccination,505,0,0,Not Admitted,UPI
V010130,PT03163,DR030,D02,2025-01-06,Ligament Tear,286288,1,12,LAMA,UPI
V010131,PT02912,DR020,D01,2025-08-22,Hypertension,2836,0,0,Not Admitted,Cash
V010132,PT03446,DR051,D05,2025-04-28,Trauma,4293,0,0,Not Admitted,Card
V010133,PT01357,DR076,D04,2025-02-12,Stroke,2027,0,0,Not Admitted,Cash
V010134,PT01811,DR071,D03,2025-01-27,Viral Infection,860,0,0,Not Admitted,UPI
V010135,PT02984,DR027,D06,2025-10-21,Chemotherapy,2242,0,0,Not Admitted,Card
V010136,PT04629,DR020,D01,2025-05-09,CAD,3096,0,0,Not Admitted,Insurance
V010137,PT04930,DR072,D06,2024-08-07,Tumor Screening,5763,0,0,Not Admitted,Insurance
V010138,PT02310,DR004,D05,2025-04-29,Burns,6399,0,0,Not Admitted,Card
V010139,PT04762,DR039,D03,2025-12-02,Vaccination,1066,0,0,Not Admitted,Card
V010140,PT03708,DR015,D06,2025-07-02,Radiotherapy,5618,0,0,Not Admitted,Cash
V010141,PT03322,DR042,D01,2025-02-20,Hypertension,4748,0,0,Not Admitted,UPI
V010142,PT00885,DR032,D07,2024-06-10,Fever,2390,0,0,Not Admitted,Insurance
V010143,PT00577,DR044,D08,2024-03-20,Fertility,1829,0,0,Not Admitted,UPI
V010144,PT02719,DR077,D01,2024-12-25,Heart Failure,2386,0,0,Not Admitted,Cash
V010145,PT02487,DR067,D07,2025-07-31,Fever,1069,0,0,Not Admitted,UPI
V010146,PT04804,DR035,D06,2024-10-30,Chemotherapy,1391,0,0,Not Admitted,UPI
V010147,PT03634,DR028,D06,2025-03-23,Radiotherapy,4719,0,0,Not Admitted,Cash
V010148,PT00425,DR074,D03,2024-08-18,Fever,6498,0,0,Not Admitted,Insurance
V010149,PT03098,DR042,D01,2025-05-23,CAD,422498,1,6,Normal,Insurance
V010150,PT03785,DR071,D03,2024-05-20,Vaccination,245641,1,6,Normal,Insurance
V010151,PT01147,DR029,D05,2025-02-23,Severe Bleeding,4731,0,0,Not Admitted,UPI
V010152,PT04530,DR019,D04,2024-11-26,Neuropathy,3415,0,0,Not Admitted,Cash
V010153,PT03408,DR032,D07,2024-07-14,Fever,7589,0,0,Not Admitted,UPI
V010154,PT01604,DR066,D08,2025-04-09,PCOS,4990,0,0,Not Admitted,Insurance
V010155,PT01140,DR058,D03,2025-08-31,Vaccination,3675,0,0,Not Admitted,Insurance
V010156,PT04889,DR023,D02,2025-01-19,Ligament Tear,7366,0,0,Not Admitted,Insurance
V010157,PT03298,DR039,D03,2024-05-12,Viral Infection,5124,0,0,Not Admitted,UPI
V010158,PT03301,DR054,D02,2025-01-29,Back Pain,7578,0,0,Not Admitted,Card
V010159,PT01936,DR066,D08,2024-04-06,Menstrual Disorder,500537,1,5,Normal,UPI
V010160,PT02807,DR034,D08,2024-10-31,Menstrual Disorder,4058,0,0,Not Admitted,UPI
V010161,PT04938,DR053,D03,2024-03-22,Asthma,3294,0,0,Not Admitted,Card
V010162,PT01526,DR064,D02,2025-01-23,Ligament Tear,1240,0,0,Not Admitted,UPI
V010163,PT01422,DR041,D07,2025-06-17,Diabetes,669312,1,2,Normal,UPI
V010164,PT01416,DR004,D05,2025-08-20,Burns,666206,1,10,Referred,UPI
V010165,PT04476,DR044,D08,2025-09-29,PCOS,7554,0,0,Not Admitted,UPI
V010166,PT02606,DR038,D04,2025-01-03,Epilepsy,784,0,0,Not Admitted,UPI
V010167,PT00784,DR016,D06,2025-01-01,Chemotherapy,3721,0,0,Not Admitted,UPI
V010168,PT02207,DR048,D04,2025-07-29,Epilepsy,7243,0,0,Not Admitted,Insurance
V010169,PT01671,DR076,D04,2025-10-27,Epilepsy,661377,1,2,Normal,UPI
V010170,PT03960,DR061,D02,2024-07-09,Arthritis,1831,0,0,Not Admitted,Card
V010171,PT01322,DR065,D04,2024-06-17,Neuropathy,6284,0,0,Not Admitted,Insurance
V010172,PT00387,DR074,D03,2024-02-02,Viral Infection,5248,0,0,Not Admitted,UPI
V010173,PT01292,DR024,D05,2025-04-19,Severe Bleeding,1589,0,0,Not Admitted,Card
V010174,PT00177,DR033,D05,2025-06-17,Severe Bleeding,2071,0,0,Not Admitted,Card
V010175,PT01202,DR012,D04,2024-02-09,Migraine,2108,0,0,Not Admitted,Card
V010176,PT02758,DR058,D03,2025-11-15,Vaccination,7067,0,0,Not Admitted,UPI
V010177,PT01211,DR035,D06,2024-01-14,Chemotherapy,275931,1,1,Referred,Insurance
V010178,PT02682,DR079,D04,2024-08-23,Stroke,304432,1,10,Normal,Cash
V010179,PT04371,DR065,D04,2025-05-11,Neuropathy,529,0,0,Not Admitted,Cash
V010180,PT02305,DR071,D03,2025-08-22,Vaccination,1590,0,0,Not Admitted,UPI
V010181,PT04509,DR039,D03,2024-03-31,Asthma,31647,1,3,LAMA,Card
V010182,PT00126,DR039,D03,2025-02-14,Vaccination,660,0,0,Not Admitted,UPI
V010183,PT03621,DR025,D05,2025-03-13,Severe Bleeding,2411,0,0,Not Admitted,UPI
V010184,PT01599,DR056,D02,2025-03-04,Fracture,3031,0,0,Not Admitted,UPI
V010185,PT01012,DR035,D06,2024-09-15,Tumor Screening,543,0,0,Not Admitted,Insurance
V010186,PT01815,DR027,D06,2025-10-25,Tumor Screening,2655,0,0,Not Admitted,UPI
V010187,PT01421,DR073,D04,2025-01-09,Migraine,7707,0,0,Not Admitted,Cash
V010188,PT00388,DR050,D07,2025-08-28,Infection,603959,1,3,Normal,UPI
V010189,PT04045,DR013,D04,2024-01-28,Stroke,1948,0,0,Not Admitted,Card
V010190,PT02834,DR003,D04,2025-07-10,Stroke,4233,0,0,Not Admitted,UPI
V010191,PT02341,DR042,D01,2025-07-16,Hypertension,2874,0,0,Not Admitted,UPI
V010192,PT00826,DR069,D07,2024-01-06,Thyroid,3958,0,0,Not Admitted,Insurance
V010193,PT02872,DR044,D08,2024-09-05,PCOS,6377,0,0,Not Admitted,UPI
V010194,PT01563,DR003,D04,2024-04-07,Epilepsy,7484,0,0,Not Admitted,Card
V010195,PT03948,DR055,D02,2025-06-17,Fracture,7169,0,0,Not Admitted,UPI
V010196,PT02304,DR066,D08,2024-07-02,Fertility,901,0,0,Not Admitted,Cash
V010197,PT03077,DR034,D08,2024-03-12,Prenatal Care,770501,1,2,Normal,UPI
V010198,PT02731,DR056,D02,2024-11-12,Back Pain,1675,0,0,Not Admitted,UPI
V010199,PT04261,DR022,D08,2025-11-01,Prenatal Care,2280,0,0,Not Admitted,Card
V010200,PT02657,DR024,D05,2024-11-04,Burns,2553,0,0,Not Admitted,UPI
V010201,PT03842,DR070,D03,2025-03-01,Viral Infection,3541,0,0,Not Admitted,Card
V010202,PT04976,DR049,D01,2024-04-03,Arrhythmia,859,0,0,Not Admitted,Card
V010203,PT04934,DR049,D01,2024-08-28,CAD,401714,1,0,Referred,Insurance
V010204,PT01569,DR007,D05,2024-04-18,Poisoning,267488,1,7,Normal,Cash
V010205,PT02682,DR006,D02,2025-10-04,Ligament Tear,704003,1,0,Normal,Cash
V010206,PT02332,DR056,D02,2024-04-08,Arthritis,615,0,0,Not Admitted,Cash
V010207,PT00841,DR029,D05,2024-11-11,Poisoning,5194,0,0,Not Admitted,Insurance
V010208,PT04880,DR034,D08,2025-08-18,PCOS,2472,0,0,Not Admitted,Cash
V010209,PT00799,DR027,D06,2024-07-24,Chemotherapy,3721,0,0,Not Admitted,Insurance
V010210,PT00462,DR076,D04,2025-03-05,Epilepsy,1436,0,0,Not Admitted,Card
V010211,PT03528,DR053,D03,2025-06-18,Fever,5761,0,0,Not Admitted,UPI
V010212,PT01346,DR056,D02,2024-04-23,Arthritis,1647,0,0,Not Admitted,Cash
V010213,PT00992,DR065,D04,2024-03-22,Epilepsy,1481,0,0,Not Admitted,Cash
V010214,PT03339,DR070,D03,2025-04-21,Asthma,530353,1,4,Normal,Insurance
V010215,PT03902,DR048,D04,2024-12-31,Neuropathy,635454,1,8,Normal,Cash
V010216,PT00260,DR028,D06,2025-03-21,Radiotherapy,6256,0,0,Not Admitted,Card
V010217,PT04630,DR076,D04,2025-11-12,Epilepsy,659,0,0,Not Admitted,Card
V010218,PT04471,DR003,D04,2024-10-18,Neuropathy,7305,0,0,Not Admitted,Insurance
V010219,PT00182,DR062,D08,2024-03-12,PCOS,1072,0,0,Not Admitted,Insurance
V010220,PT01695,DR033,D05,2025-09-28,Burns,783916,1,11,Normal,Insurance
V010221,PT04679,DR004,D05,2024-06-07,Trauma,6402,0,0,Not Admitted,Insurance
V010222,PT01927,DR067,D07,2025-09-15,Thyroid,4549,0,0,Not Admitted,Card
V010223,PT04177,DR075,D01,2025-01-24,Hypertension,566857,1,4,Normal,UPI
V010224,PT01306,DR018,D05,2024-08-18,Severe Bleeding,722328,1,7,Normal,Cash
V010225,PT03276,DR054,D02,2024-07-22,Fracture,453795,1,1,Normal,UPI
V010226,PT03860,DR043,D06,2025-09-28,Post-op Care,4357,0,0,Not Admitted,UPI
V010227,PT01156,DR012,D04,2024-02-29,Neuropathy,6814,0,0,Not Admitted,Insurance
V010228,PT03985,DR007,D05,2025-05-08,Trauma,4013,0,0,Not Admitted,UPI
V010229,PT02459,DR019,D04,2024-09-04,Stroke,6848,0,0,Not Admitted,UPI
V010230,PT01586,DR031,D03,2024-05-02,Viral Infection,596879,1,8,Normal,UPI
V010231,PT02953,DR020,D01,2024-04-11,CAD,3370,0,0,Not Admitted,Insurance
V010232,PT01736,DR078,D06,2025-12-15,Tumor Screening,6754,0,0,Not Admitted,Card
V010233,PT04183,DR065,D04,2024-04-23,Stroke,2983,0,0,Not Admitted,Card
V010234,PT01997,DR040,D08,2025-11-14,Menstrual Disorder,6104,0,0,Not Admitted,Insurance
V010235,PT03621,DR022,D08,2024-07-08,Fertility,589705,1,1,LAMA,Insurance
V010236,PT03233,DR049,D01,2025-07-21,Heart Failure,1840,0,0,Not Admitted,Insurance
V010237,PT03574,DR063,D05,2024-05-03,Poisoning,2261,0,0,Not Admitted,Cash
V010238,PT03874,DR017,D08,2024-03-26,Prenatal Care,2450,0,0,Not Admitted,Card
V010239,PT01515,DR072,D06,2025-09-05,Radiotherapy,1665,0,0,Not Admitted,Card
V010240,PT00553,DR080,D05,2024-03-16,Trauma,1891,0,0,Not Admitted,Card
V010241,PT04567,DR041,D07,2025-08-24,Fever,856,0,0,Not Admitted,Insurance
V010242,PT03364,DR056,D02,2025-09-24,Ligament Tear,5820,0,0,Not Admitted,Card
V010243,PT03419,DR021,D07,2025-05-05,Fever,632356,1,12,Normal,Insurance
V010244,PT03620,DR063,D05,2024-11-23,Trauma,3252,0,0,Not Admitted,Card
V010245,PT01112,DR036,D04,2025-10-21,Migraine,3218,0,0,Not Admitted,Cash
V010246,PT01255,DR032,D07,2024-10-17,Infection,6895,0,0,Not Admitted,UPI
V010247,PT00842,DR050,D07,2024-11-01,Fever,303960,1,9,Normal,Card
V010248,PT00749,DR067,D07,2025-12-29,Diabetes,524,0,0,Not Admitted,Insurance
V010249,PT04923,DR030,D02,2025-08-16,Back Pain,374974,1,10,Normal,Card
V010250,PT00875,DR068,D03,2025-09-20,Viral Infection,4573,0,0,Not Admitted,UPI
V010251,PT03969,DR048,D04,2025-09-12,Epilepsy,3212,0,0,Not Admitted,Card
V010252,PT03766,DR008,D02,2024-05-15,Fracture,5972,0,0,Not Admitted,Insurance
V010253,PT02877,DR045,D08,2025-11-15,Fertility,265924,1,8,Normal,Cash
V010254,PT01525,DR059,D01,2025-09-09,Hypertension,614,0,0,Not Admitted,Card
V010255,PT02587,DR075,D01,2024-04-05,Hypertension,3150,0,0,Not Admitted,Card
V010256,PT02894,DR032,D07,2024-08-12,Thyroid,7070,0,0,Not Admitted,UPI
V010257,PT00137,DR031,D03,2024-04-07,Viral Infection,7875,0,0,Not Admitted,Cash
V010258,PT01677,DR050,D07,2024-08-07,Fever,526,0,0,Not Admitted,UPI
V010259,PT01133,DR007,D05,2025-04-18,Burns,1128,0,0,Not Admitted,UPI
V010260,PT00937,DR062,D08,2025-03-09,PCOS,820,0,0,Not Admitted,UPI
V010261,PT02955,DR077,D01,2024-02-28,Arrhythmia,2682,0,0,Not Admitted,UPI
V010262,PT01299,DR004,D05,2025-03-20,Burns,6892,0,0,Not Admitted,Insurance
V010263,PT01796,DR058,D03,2025-11-26,Fever,2352,0,0,Not Admitted,Cash
V010264,PT00324,DR041,D07,2025-01-13,Infection,1137,0,0,Not Admitted,Insurance
V010265,PT00997,DR028,D06,2025-07-06,Tumor Screening,5874,0,0,Not Admitted,Cash
V010266,PT02230,DR019,D04,2024-11-04,Neuropathy,497961,1,6,Normal,Insurance
V010267,PT03545,DR043,D06,2025-02-09,Tumor Screening,1019,0,0,Not Admitted,Insurance
V010268,PT02135,DR078,D06,2025-03-25,Radiotherapy,528005,1,4,Normal,Cash
V010269,PT02794,DR058,D03,2025-10-08,Vaccination,7027,0,0,Not Admitted,Insurance
V010270,PT03325,DR059,D01,2025-01-24,Heart Failure,3610,0,0,Not Admitted,Insurance
V010271,PT04560,DR033,D05,2024-01-14,Severe Bleeding,1204,0,0,Not Admitted,UPI
V010272,PT03513,DR041,D07,2025-06-14,Diabetes,5669,0,0,Not Admitted,Card
V010273,PT00269,DR006,D02,2025-05-17,Back Pain,1594,0,0,Not Admitted,Cash
V010274,PT04133,DR069,D07,2025-03-14,Diabetes,181347,1,1,Normal,UPI
V010275,PT01386,DR058,D03,2025-03-08,Fever,5732,0,0,Not Admitted,UPI
V010276,PT03709,DR058,D03,2024-04-05,Fever,1915,0,0,Not Admitted,Cash
V010277,PT01911,DR041,D07,2024-09-22,Diabetes,1729,0,0,Not Admitted,Cash
V010278,PT04370,DR036,D04,2025-09-10,Stroke,579275,1,10,Normal,Card
V010279,PT01950,DR014,D04,2025-07-12,Migraine,7274,0,0,Not Admitted,Insurance
V010280,PT02281,DR007,D05,2025-06-01,Burns,6802,0,0,Not Admitted,Cash
V010281,PT04701,DR043,D06,2024-07-08,Post-op Care,3659,0,0,Not Admitted,Card
V010282,PT03199,DR064,D02,2024-07-27,Arthritis,756730,1,3,Normal,Insurance
V010283,PT01941,DR032,D07,2025-12-17,Fever,5725,0,0,Not Admitted,UPI
V010284,PT00664,DR019,D04,2024-09-09,Epilepsy,720355,1,8,Normal,Card
V010285,PT02033,DR015,D06,2025-08-05,Radiotherapy,1283,0,0,Not Admitted,Cash
V010286,PT03639,DR067,D07,2024-12-03,Infection,3882,0,0,Not Admitted,Insurance
V010287,PT00251,DR042,D01,2025-01-27,Arrhythmia,7078,0,0,Not Admitted,UPI
V010288,PT04705,DR080,D05,2025-02-13,Trauma,801,0,0,Not Admitted,UPI
V010289,PT02212,DR040,D08,2025-04-15,Fertility,3828,0,0,Not Admitted,Card
V010290,PT04271,DR045,D08,2025-12-09,Fertility,4611,0,0,Not Admitted,Insurance
V010291,PT00383,DR073,D04,2025-08-09,Neuropathy,5558,0,0,Not Admitted,Card
V010292,PT00084,DR052,D06,2025-10-30,Post-op Care,3754,0,0,Not Admitted,Card
V010293,PT03072,DR026,D05,2025-05-04,Poisoning,1487,0,0,Not Admitted,UPI
V010294,PT01596,DR059,D01,2025-12-28,Heart Failure,361090,1,7,Normal,Cash
V010295,PT03740,DR078,D06,2025-11-29,Tumor Screening,6943,0,0,Not Admitted,UPI
V010296,PT04438,DR026,D05,2025-07-05,Burns,551190,1,7,LAMA,UPI
V010297,PT04468,DR008,D02,2024-01-20,Ligament Tear,338977,1,7,Normal,Card
V010298,PT03872,DR030,D02,2024-04-28,Arthritis,2421,0,0,Not Admitted,UPI
V010299,PT03650,DR032,D07,2025-08-02,Fever,4010,0,0,Not Admitted,Cash
V010300,PT01946,DR051,D05,2024-07-14,Severe Bleeding,1826,0,0,Not Admitted,UPI
V010301,PT00944,DR057,D04,2024-03-23,Migraine,7284,0,0,Not Admitted,Insurance
V010302,PT02539,DR068,D03,2024-09-05,Fever,4708,0,0,Not Admitted,UPI
V010303,PT00273,DR040,D08,2025-01-09,Fertility,7009,0,0,Not Admitted,Card
V010304,PT04599,DR049,D01,2024-04-07,Arrhythmia,6008,0,0,Not Admitted,Insurance
V010305,PT00742,DR040,D08,2025-07-30,Menstrual Disorder,5338,0,0,Not Admitted,UPI
V010306,PT04626,DR032,D07,2024-01-25,Thyroid,7106,0,0,Not Admitted,Card
V010307,PT00872,DR032,D07,2024-03-10,Fever,3057,0,0,Not Admitted,Cash
V010308,PT02961,DR044,D08,2025-07-19,PCOS,780282,1,4,Normal,Card
V010309,PT02627,DR051,D05,2024-11-06,Poisoning,1713,0,0,Not Admitted,UPI
V010310,PT02176,DR051,D05,2025-08-22,Burns,2779,0,0,Not Admitted,Cash
V010311,PT03845,DR068,D03,2025-12-13,Asthma,7955,0,0,Not Admitted,UPI
V010312,PT00314,DR032,D07,2024-09-23,Infection,3090,0,0,Not Admitted,Cash
V010313,PT02845,DR072,D06,2025-08-06,Tumor Screening,846,0,0,Not Admitted,Card
V010314,PT02847,DR016,D06,2025-12-27,Post-op Care,7737,0,0,Not Admitted,Cash
V010315,PT00769,DR056,D02,2024-06-25,Fracture,7987,0,0,Not Admitted,Card
V010316,PT01543,DR030,D02,2024-04-08,Back Pain,6787,0,0,Not Admitted,Insurance
V010317,PT03686,DR047,D04,2025-07-09,Neuropathy,3516,0,0,Not Admitted,Insurance
V010318,PT02145,DR039,D03,2024-09-25,Vaccination,5511,0,0,Not Admitted,Card
V010319,PT01408,DR006,D02,2025-05-31,Arthritis,768630,1,2,Normal,Insurance
V010320,PT03689,DR016,D06,2025-05-22,Radiotherapy,1827,0,0,Not Admitted,UPI
V010321,PT01727,DR028,D06,2025-03-01,Chemotherapy,5593,0,0,Not Admitted,UPI
V010322,PT03603,DR066,D08,2024-09-10,Menstrual Disorder,3005,0,0,Not Admitted,UPI
V010323,PT00591,DR053,D03,2025-08-01,Viral Infection,6671,0,0,Not Admitted,Card
V010324,PT01264,DR042,D01,2024-12-01,CAD,2663,0,0,Not Admitted,Cash
V010325,PT01505,DR062,D08,2024-06-09,Menstrual Disorder,587,0,0,Not Admitted,UPI
V010326,PT03242,DR005,D05,2025-08-16,Burns,151582,1,10,Normal,Card
V010327,PT03989,DR016,D06,2024-07-23,Post-op Care,2638,0,0,Not Admitted,Card
V010328,PT02890,DR035,D06,2025-05-28,Radiotherapy,7379,0,0,Not Admitted,Insurance
V010329,PT00744,DR071,D03,2025-03-18,Asthma,4266,0,0,Not Admitted,Card
V010330,PT03996,DR008,D02,2024-10-16,Back Pain,2536,0,0,Not Admitted,Cash
V010331,PT02065,DR021,D07,2025-06-24,Diabetes,783,0,0,Not Admitted,Cash
V010332,PT04767,DR052,D06,2024-03-12,Tumor Screening,4310,0,0,Not Admitted,Card
V010333,PT02131,DR017,D08,2024-04-18,Prenatal Care,5542,0,0,Not Admitted,Insurance
V010334,PT03550,DR020,D01,2024-04-03,CAD,617,0,0,Not Admitted,UPI
V010335,PT03440,DR001,D02,2024-12-05,Fracture,664897,1,2,Normal,UPI
V010336,PT04212,DR006,D02,2024-10-03,Back Pain,6231,0,0,Not Admitted,Cash
V010337,PT02065,DR049,D01,2024-06-06,Heart Failure,3498,0,0,Not Admitted,Insurance
V010338,PT02965,DR042,D01,2025-08-15,CAD,4791,0,0,Not Admitted,Cash
V010339,PT03314,DR040,D08,2024-10-13,Prenatal Care,7391,0,0,Not Admitted,UPI
V010340,PT01118,DR056,D02,2025-08-01,Arthritis,1160,0,0,Not Admitted,Insurance
V010341,PT01863,DR016,D06,2025-05-26,Chemotherapy,3657,0,0,Not Admitted,Insurance
V010342,PT04614,DR079,D04,2024-01-20,Stroke,233571,1,12,Normal,Card
V010343,PT03305,DR010,D02,2025-01-17,Back Pain,2404,0,0,Not Admitted,Cash
V010344,PT02585,DR030,D02,2024-08-01,Fracture,1400,0,0,Not Admitted,UPI
V010345,PT04603,DR061,D02,2025-01-03,Fracture,7657,0,0,Not Admitted,Card
V010346,PT00885,DR059,D01,2025-04-01,Heart Failure,5474,0,0,Not Admitted,Cash
V010347,PT04114,DR011,D08,2024-11-09,Fertility,2491,0,0,Not Admitted,Cash
V010348,PT00503,DR021,D07,2025-10-08,Diabetes,2068,0,0,Not Admitted,UPI
V010349,PT00101,DR030,D02,2024-12-11,Ligament Tear,5878,0,0,Not Admitted,Insurance
V010350,PT01285,DR006,D02,2024-12-14,Arthritis,4183,0,0,Not Admitted,Insurance
V010351,PT04100,DR059,D01,2025-03-16,Heart Failure,6232,0,0,Not Admitted,Card
V010352,PT02051,DR059,D01,2024-02-28,Heart Failure,7626,0,0,Not Admitted,UPI
V010353,PT02326,DR027,D06,2024-07-04,Post-op Care,3104,0,0,Not Admitted,Insurance
V010354,PT04798,DR046,D02,2025-12-21,Ligament Tear,5164,0,0,Not Admitted,Card
V010355,PT01827,DR040,D08,2025-10-12,PCOS,4920,0,0,Not Admitted,Insurance
V010356,PT00216,DR060,D04,2025-07-25,Migraine,330620,1,3,Expired,Card
V010357,PT02674,DR035,D06,2025-03-17,Radiotherapy,6393,0,0,Not Admitted,Insurance
V010358,PT01729,DR046,D02,2025-07-10,Fracture,3558,0,0,Not Admitted,Cash
V010359,PT04495,DR044,D08,2024-05-18,Prenatal Care,1485,0,0,Not Admitted,UPI
V010360,PT01290,DR040,D08,2025-05-14,Fertility,1268,0,0,Not Admitted,Insurance
V010361,PT01774,DR066,D08,2025-11-22,Fertility,2284,0,0,Not Admitted,Cash
V010362,PT00918,DR054,D02,2025-10-25,Back Pain,6294,0,0,Not Admitted,Cash
V010363,PT03206,DR068,D03,2024-10-14,Fever,6332,0,0,Not Admitted,Card
V010364,PT03427,DR074,D03,2024-09-02,Vaccination,1504,0,0,Not Admitted,Insurance
V010365,PT00295,DR053,D03,2025-05-29,Viral Infection,380541,1,6,Normal,Cash
V010366,PT01682,DR007,D05,2025-02-06,Burns,477731,1,6,Normal,Cash
V010367,PT04800,DR028,D06,2025-01-20,Tumor Screening,276581,1,8,Normal,Insurance
V010368,PT03027,DR013,D04,2024-06-26,Stroke,73920,1,8,Normal,UPI
V010369,PT02033,DR050,D07,2025-09-01,Fever,6077,0,0,Not Admitted,Insurance
V010370,PT03475,DR039,D03,2025-09-08,Viral Infection,149163,1,12,Normal,UPI
V010371,PT03885,DR069,D07,2024-06-07,Diabetes,6267,0,0,Not Admitted,Card
V010372,PT02401,DR046,D02,2025-09-12,Fracture,3192,0,0,Not Admitted,Card
V010373,PT00416,DR075,D01,2025-10-22,Arrhythmia,1108,0,0,Not Admitted,Cash
V010374,PT00132,DR062,D08,2025-04-02,Menstrual Disorder,2844,0,0,Not Admitted,Card
V010375,PT00154,DR028,D06,2025-01-19,Chemotherapy,638,0,0,Not Admitted,Card
V010376,PT04373,DR075,D01,2025-09-03,CAD,3021,0,0,Not Admitted,Card
V010377,PT02644,DR034,D08,2024-08-19,Menstrual Disorder,610606,1,7,Normal,Card
V010378,PT00610,DR069,D07,2025-06-19,Infection,1114,0,0,Not Admitted,UPI
V010379,PT04835,DR043,D06,2025-12-06,Radiotherapy,5803,0,0,Not Admitted,Cash
V010380,PT00283,DR053,D03,2024-03-29,Fever,255044,1,11,Normal,Card
V010381,PT02619,DR050,D07,2025-02-04,Thyroid,5526,0,0,Not Admitted,Cash
V010382,PT04219,DR045,D08,2025-01-16,Fertility,186404,1,3,Normal,Insurance
V010383,PT01436,DR070,D03,2025-12-19,Fever,585,0,0,Not Admitted,UPI
V010384,PT01657,DR058,D03,2024-05-31,Vaccination,3213,0,0,Not Admitted,UPI
V010385,PT04945,DR077,D01,2025-10-29,Arrhythmia,3748,0,0,Not Admitted,Card
V010386,PT00033,DR022,D08,2024-02-14,Fertility,2496,0,0,Not Admitted,Cash
V010387,PT00537,DR078,D06,2024-11-01,Tumor Screening,4763,0,0,Not Admitted,Insurance
V010388,PT01074,DR005,D05,2025-04-10,Burns,6018,0,0,Not Admitted,UPI
V010389,PT00429,DR020,D01,2025-10-04,Hypertension,6351,0,0,Not Admitted,Cash
V010390,PT03637,DR017,D08,2025-05-25,Prenatal Care,5004,0,0,Not Admitted,Insurance
V010391,PT01938,DR033,D05,2024-03-09,Poisoning,5852,0,0,Not Admitted,Cash
V010392,PT03547,DR022,D08,2024-10-14,Fertility,5389,0,0,Not Admitted,Cash
V010393,PT00315,DR040,D08,2024-11-26,PCOS,1844,0,0,Not Admitted,Cash
V010394,PT01241,DR024,D05,2024-09-01,Burns,649,0,0,Not Admitted,Cash
V010395,PT01171,DR077,D01,2025-08-11,Hypertension,3520,0,0,Not Admitted,UPI
V010396,PT04690,DR003,D04,2024-09-28,Migraine,4603,0,0,Not Admitted,Cash
V010397,PT01859,DR074,D03,2024-10-25,Vaccination,5215,0,0,Not Admitted,Insurance
V010398,PT02193,DR022,D08,2025-12-06,Menstrual Disorder,2771,0,0,Not Admitted,Insurance
V010399,PT01623,DR029,D05,2024-10-04,Trauma,5907,0,0,Not Admitted,Insurance
V010400,PT02783,DR077,D01,2025-12-15,Heart Failure,5167,0,0,Not Admitted,UPI
V010401,PT03860,DR064,D02,2025-11-06,Arthritis,1044,0,0,Not Admitted,Cash
V010402,PT04333,DR016,D06,2024-07-11,Tumor Screening,7270,0,0,Not Admitted,Insurance
V010403,PT03721,DR067,D07,2025-02-28,Thyroid,7154,0,0,Not Admitted,Cash
V010404,PT02482,DR034,D08,2024-02-20,Prenatal Care,3608,0,0,Not Admitted,Card
V010405,PT01354,DR028,D06,2024-04-16,Post-op Care,483379,1,3,Normal,Insurance
V010406,PT03898,DR025,D05,2024-02-04,Poisoning,3152,0,0,Not Admitted,UPI
V010407,PT03818,DR001,D02,2024-12-31,Ligament Tear,6836,0,0,Not Admitted,Insurance
V010408,PT02107,DR069,D07,2025-08-20,Fever,4268,0,0,Not Admitted,Insurance
V010409,PT04168,DR053,D03,2025-02-18,Asthma,1045,0,0,Not Admitted,Cash
V010410,PT01387,DR036,D04,2025-11-25,Epilepsy,1500,0,0,Not Admitted,Card
V010411,PT03586,DR060,D04,2024-03-25,Epilepsy,4586,0,0,Not Admitted,Insurance
V010412,PT04593,DR035,D06,2024-10-25,Radiotherapy,2610,0,0,Not Admitted,Cash
V010413,PT01875,DR016,D06,2025-06-22,Post-op Care,1682,0,0,Not Admitted,UPI
V010414,PT00888,DR027,D06,2024-01-12,Chemotherapy,7050,0,0,Not Admitted,Insurance
V010415,PT02108,DR007,D05,2025-05-09,Burns,6068,0,0,Not Admitted,Insurance
V010416,PT02575,DR027,D06,2024-03-08,Post-op Care,4844,0,0,Not Admitted,UPI
V010417,PT02725,DR057,D04,2025-04-19,Stroke,2323,0,0,Not Admitted,Cash
V010418,PT00360,DR019,D04,2025-05-19,Epilepsy,554144,1,1,Normal,Card
V010419,PT01108,DR030,D02,2024-11-26,Fracture,6603,0,0,Not Admitted,Insurance
V010420,PT01176,DR001,D02,2024-09-12,Arthritis,5251,0,0,Not Admitted,Insurance
V010421,PT01852,DR021,D07,2024-01-20,Fever,341640,1,12,Normal,Card
V010422,PT01058,DR034,D08,2025-01-20,PCOS,2171,0,0,Not Admitted,Cash
V010423,PT01960,DR021,D07,2025-12-20,Fever,4128,0,0,Not Admitted,Insurance
V010424,PT01071,DR049,D01,2025-08-26,CAD,1001,0,0,Not Admitted,Card
V010425,PT02387,DR071,D03,2025-07-31,Viral Infection,5797,0,0,Not Admitted,Insurance
V010426,PT02553,DR016,D06,2024-11-23,Radiotherapy,4128,0,0,Not Admitted,Insurance
V010427,PT01789,DR057,D04,2024-01-09,Migraine,723919,1,10,Normal,Cash
V010428,PT02819,DR074,D03,2025-04-24,Vaccination,5472,0,0,Not Admitted,UPI
V010429,PT00064,DR032,D07,2024-07-25,Thyroid,2825,0,0,Not Admitted,UPI
V010430,PT01297,DR058,D03,2024-10-30,Viral Infection,771423,1,9,Normal,UPI
V010431,PT00270,DR001,D02,2025-12-22,Arthritis,1377,0,0,Not Admitted,Cash
V010432,PT02779,DR039,D03,2024-10-09,Asthma,6359,0,0,Not Admitted,Cash
V010433,PT02791,DR017,D08,2025-12-29,Fertility,2905,0,0,Not Admitted,Card
V010434,PT00716,DR065,D04,2024-04-17,Epilepsy,3992,0,0,Not Admitted,UPI
V010435,PT02132,DR010,D02,2025-11-28,Arthritis,3022,0,0,Not Admitted,Cash
V010436,PT04484,DR019,D04,2025-07-26,Epilepsy,411474,1,5,Normal,Cash
V010437,PT04957,DR045,D08,2024-03-17,PCOS,7032,0,0,Not Admitted,Insurance
V010438,PT03816,DR064,D02,2025-06-17,Arthritis,1408,0,0,Not Admitted,UPI
V010439,PT02856,DR049,D01,2025-12-17,Arrhythmia,934,0,0,Not Admitted,Card
V010440,PT02356,DR043,D06,2025-10-30,Chemotherapy,3768,0,0,Not Admitted,Insurance
V010441,PT02778,DR068,D03,2024-11-29,Vaccination,2811,0,0,Not Admitted,Cash
V010442,PT00163,DR068,D03,2024-02-20,Vaccination,7819,0,0,Not Admitted,Insurance
V010443,PT04993,DR037,D02,2024-03-07,Back Pain,5443,0,0,Not Admitted,UPI
V010444,PT04019,DR039,D03,2024-05-21,Viral Infection,5020,0,0,Not Admitted,Insurance
V010445,PT04106,DR035,D06,2024-10-17,Tumor Screening,4099,0,0,Not Admitted,Cash
V010446,PT02696,DR058,D03,2025-05-27,Asthma,4616,0,0,Not Admitted,UPI
V010447,PT03713,DR059,D01,2024-08-10,Hypertension,7668,0,0,Not Admitted,Cash
V010448,PT04684,DR017,D08,2025-08-22,Prenatal Care,615,0,0,Not Admitted,Insurance
V010449,PT03901,DR066,D08,2025-02-18,PCOS,786785,1,6,Normal,Insurance
V010450,PT02527,DR020,D01,2024-04-06,Hypertension,5236,0,0,Not Admitted,Cash
V010451,PT04954,DR067,D07,2025-05-28,Diabetes,2802,0,0,Not Admitted,Cash
V010452,PT04692,DR040,D08,2024-07-24,PCOS,5657,0,0,Not Admitted,Card
V010453,PT04850,DR067,D07,2025-11-05,Diabetes,6458,0,0,Not Admitted,Card
V010454,PT04303,DR004,D05,2025-09-22,Severe Bleeding,7973,0,0,Not Admitted,Card
V010455,PT03473,DR023,D02,2024-01-11,Fracture,3344,0,0,Not Admitted,Card
V010456,PT04940,DR067,D07,2024-08-25,Fever,7612,0,0,Not Admitted,UPI
V010457,PT02260,DR069,D07,2025-10-13,Thyroid,3482,0,0,Not Admitted,Cash
V010458,PT00407,DR050,D07,2025-10-12,Infection,1402,0,0,Not Admitted,UPI
V010459,PT04182,DR020,D01,2024-05-06,Hypertension,1149,0,0,Not Admitted,Cash
V010460,PT02732,DR012,D04,2024-09-30,Neuropathy,3630,0,0,Not Admitted,Cash
V010461,PT03723,DR019,D04,2025-10-23,Migraine,5340,0,0,Not Admitted,UPI
V010462,PT04263,DR041,D07,2025-09-15,Infection,6745,0,0,Not Admitted,Insurance
V010463,PT00557,DR058,D03,2024-09-12,Viral Infection,140968,1,5,Normal,Card
V010464,PT00335,DR041,D07,2024-08-15,Fever,6012,0,0,Not Admitted,Card
V010465,PT04738,DR067,D07,2024-10-04,Fever,7110,0,0,Not Admitted,Insurance
V010466,PT02549,DR008,D02,2025-01-05,Ligament Tear,7534,0,0,Not Admitted,Cash
V010467,PT01818,DR001,D02,2024-04-17,Fracture,2195,0,0,Not Admitted,Insurance
V010468,PT03088,DR075,D01,2025-01-30,Heart Failure,2599,0,0,Not Admitted,Insurance
V010469,PT01021,DR012,D04,2025-09-13,Epilepsy,458274,1,10,Normal,Insurance
V010470,PT02478,DR051,D05,2024-03-01,Severe Bleeding,4499,0,0,Not Admitted,Insurance
V010471,PT02364,DR045,D08,2024-10-12,Fertility,3136,0,0,Not Admitted,Insurance
V010472,PT03252,DR052,D06,2025-09-05,Post-op Care,7680,0,0,Not Admitted,Cash
V010473,PT00275,DR035,D06,2025-06-08,Post-op Care,2084,0,0,Not Admitted,UPI
V010474,PT01230,DR021,D07,2024-04-09,Fever,2365,0,0,Not Admitted,Card
V010475,PT00260,DR057,D04,2024-02-19,Epilepsy,5129,0,0,Not Admitted,UPI
V010476,PT04228,DR018,D05,2024-04-03,Trauma,740,0,0,Not Admitted,Insurance
V010477,PT02417,DR071,D03,2025-10-15,Viral Infection,3944,0,0,Not Admitted,Insurance
V010478,PT01794,DR030,D02,2024-08-23,Arthritis,243718,1,9,Referred,UPI
V010479,PT03926,DR062,D08,2025-08-25,Prenatal Care,112607,1,7,Normal,Insurance
V010480,PT01441,DR031,D03,2024-04-17,Asthma,2725,0,0,Not Admitted,Cash
V010481,PT00745,DR042,D01,2025-02-21,CAD,7016,0,0,Not Admitted,Insurance
V010482,PT01827,DR002,D02,2024-03-31,Ligament Tear,5421,0,0,Not Admitted,Insurance
V010483,PT01383,DR059,D01,2024-08-19,Hypertension,49787,1,10,Normal,Cash
V010484,PT03667,DR052,D06,2025-12-12,Chemotherapy,5978,0,0,Not Admitted,Cash
V010485,PT01617,DR046,D02,2025-11-25,Ligament Tear,1090,0,0,Not Admitted,UPI
V010486,PT04956,DR020,D01,2025-01-22,CAD,200741,1,7,LAMA,UPI
V010487,PT00761,DR031,D03,2025-08-21,Vaccination,3142,0,0,Not Admitted,Card
V010488,PT04741,DR021,D07,2024-05-11,Thyroid,7900,0,0,Not Admitted,UPI
V010489,PT00186,DR020,D01,2024-03-13,CAD,4981,0,0,Not Admitted,Card
V010490,PT02704,DR020,D01,2025-06-02,Hypertension,173502,1,9,Normal,Card
V010491,PT04585,DR004,D05,2024-12-06,Trauma,730727,1,8,Normal,Card
V010492,PT00389,DR028,D06,2024-12-17,Tumor Screening,5557,0,0,Not Admitted,Card
V010493,PT03741,DR045,D08,2025-08-02,Fertility,4393,0,0,Not Admitted,Card
V010494,PT04042,DR041,D07,2024-08-14,Diabetes,1617,0,0,Not Admitted,Card
V010495,PT01970,DR001,D02,2025-10-29,Ligament Tear,3705,0,0,Not Admitted,Card
V010496,PT00937,DR012,D04,2024-03-06,Epilepsy,2092,0,0,Not Admitted,Card
V010497,PT03859,DR055,D02,2024-05-18,Arthritis,1398,0,0,Not Admitted,Cash
V010498,PT04162,DR057,D04,2025-02-11,Stroke,5650,0,0,Not Admitted,Card
V010499,PT03481,DR008,D02,2024-11-20,Fracture,6690,0,0,Not Admitted,Cash
V010500,PT00075,DR034,D08,2025-05-23,Prenatal Care,5002,0,0,Not Admitted,Cash
V010501,PT02485,DR031,D03,2025-07-02,Asthma,558770,1,10,Normal,Cash
V010502,PT03679,DR069,D07,2024-11-09,Fever,124252,1,10,Normal,Insurance
V010503,PT04044,DR062,D08,2024-12-01,Menstrual Disorder,4279,0,0,Not Admitted,Card
V010504,PT04818,DR004,D05,2025-01-30,Severe Bleeding,33848,1,0,Referred,Insurance
V010505,PT03039,DR020,D01,2025-09-25,CAD,4949,0,0,Not Admitted,Insurance
V010506,PT01155,DR037,D02,2024-11-29,Arthritis,1738,0,0,Not Admitted,UPI
V010507,PT04351,DR077,D01,2024-08-01,CAD,4203,0,0,Not Admitted,Insurance
V010508,PT03029,DR059,D01,2024-09-25,CAD,7603,0,0,Not Admitted,Insurance
V010509,PT04328,DR031,D03,2025-10-09,Viral Infection,1891,0,0,Not Admitted,UPI
V010510,PT02846,DR068,D03,2024-02-23,Fever,97118,1,9,Normal,Insurance
V010511,PT02960,DR044,D08,2025-09-06,Fertility,1947,0,0,Not Admitted,Cash
V010512,PT04190,DR021,D07,2024-03-30,Thyroid,492073,1,12,Normal,Card
V010513,PT04805,DR062,D08,2024-07-04,Fertility,4785,0,0,Not Admitted,Card
V010514,PT01629,DR037,D02,2025-09-03,Back Pain,3227,0,0,Not Admitted,Card
V010515,PT03097,DR045,D08,2024-07-24,Fertility,1618,0,0,Not Admitted,Insurance
V010516,PT01806,DR077,D01,2025-09-05,CAD,4898,0,0,Not Admitted,Cash
V010517,PT04739,DR042,D01,2025-01-10,Hypertension,5906,0,0,Not Admitted,UPI
V010518,PT04013,DR002,D02,2025-05-05,Arthritis,7509,0,0,Not Admitted,Insurance
V010519,PT02497,DR007,D05,2025-04-05,Burns,2875,0,0,Not Admitted,Cash
V010520,PT01812,DR032,D07,2025-02-26,Thyroid,1824,0,0,Not Admitted,Cash
V010521,PT04216,DR067,D07,2024-03-08,Infection,7227,0,0,Not Admitted,UPI
V010522,PT03540,DR010,D02,2024-09-13,Back Pain,484971,1,4,Normal,Cash
V010523,PT01110,DR017,D08,2024-01-26,Fertility,1874,0,0,Not Admitted,Card
V010524,PT03112,DR049,D01,2025-08-11,Arrhythmia,661,0,0,Not Admitted,UPI
V010525,PT04078,DR045,D08,2024-01-28,Menstrual Disorder,2486,0,0,Not Admitted,Insurance
V010526,PT04635,DR005,D05,2025-09-11,Trauma,1829,0,0,Not Admitted,UPI
V010527,PT05000,DR020,D01,2025-11-23,Arrhythmia,5940,0,0,Not Admitted,UPI
V010528,PT03630,DR022,D08,2025-12-21,Menstrual Disorder,6860,0,0,Not Admitted,UPI
V010529,PT04583,DR059,D01,2025-02-26,Hypertension,5290,0,0,Not Admitted,Insurance
V010530,PT02621,DR069,D07,2024-03-07,Fever,310941,1,0,Referred,Insurance
V010531,PT04960,DR027,D06,2024-03-29,Tumor Screening,7433,0,0,Not Admitted,Cash
V010532,PT04157,DR068,D03,2024-03-21,Vaccination,3390,0,0,Not Admitted,Insurance
V010533,PT00087,DR043,D06,2024-07-21,Tumor Screening,536919,1,7,Referred,Insurance
V010534,PT02824,DR015,D06,2025-02-27,Chemotherapy,4107,0,0,Not Admitted,Card
V010535,PT02628,DR021,D07,2025-01-10,Thyroid,4270,0,0,Not Admitted,Card
V010536,PT04693,DR031,D03,2024-05-13,Asthma,719365,1,1,Normal,Card
V010537,PT03747,DR050,D07,2024-04-12,Infection,3451,0,0,Not Admitted,Insurance
V010538,PT03844,DR031,D03,2024-06-19,Fever,7492,0,0,Not Admitted,Insurance
V010539,PT04116,DR053,D03,2025-06-17,Vaccination,5721,0,0,Not Admitted,Cash
V010540,PT00454,DR039,D03,2024-08-21,Fever,3778,0,0,Not Admitted,Insurance
V010541,PT03155,DR073,D04,2024-08-31,Migraine,496795,1,7,Normal,Insurance
V010542,PT04924,DR050,D07,2024-08-02,Diabetes,759,0,0,Not Admitted,Insurance
V010543,PT02131,DR056,D02,2025-08-15,Back Pain,3429,0,0,Not Admitted,Card
V010544,PT03172,DR020,D01,2025-07-07,Heart Failure,2384,0,0,Not Admitted,Cash
V010545,PT04331,DR032,D07,2024-04-14,Diabetes,632508,1,6,Normal,Insurance
V010546,PT03799,DR026,D05,2025-09-08,Severe Bleeding,4149,0,0,Not Admitted,Cash
V010547,PT01233,DR052,D06,2025-04-28,Radiotherapy,4076,0,0,Not Admitted,Insurance
V010548,PT02474,DR016,D06,2025-03-09,Radiotherapy,262246,1,1,Normal,Insurance
V010549,PT01347,DR054,D02,2025-08-17,Ligament Tear,6335,0,0,Not Admitted,Cash
V010550,PT01910,DR051,D05,2024-06-05,Severe Bleeding,3924,0,0,Not Admitted,UPI
V010551,PT01963,DR064,D02,2025-09-19,Fracture,768,0,0,Not Admitted,Cash
V010552,PT04176,DR068,D03,2025-07-05,Viral Infection,5464,0,0,Not Admitted,Insurance
V010553,PT02730,DR017,D08,2024-03-22,Fertility,754221,1,2,Normal,Insurance
V010554,PT03412,DR062,D08,2024-08-24,PCOS,1063,0,0,Not Admitted,Card
V010555,PT00295,DR067,D07,2025-12-29,Infection,514740,1,11,Normal,Insurance
V010556,PT03711,DR071,D03,2024-10-25,Fever,3661,0,0,Not Admitted,Card
V010557,PT01990,DR003,D04,2024-08-31,Stroke,6402,0,0,Not Admitted,Insurance
V010558,PT03438,DR069,D07,2025-01-04,Thyroid,7499,0,0,Not Admitted,UPI
V010559,PT00814,DR026,D05,2025-11-07,Poisoning,781,0,0,Not Admitted,Cash
V010560,PT04199,DR021,D07,2024-03-09,Thyroid,7006,0,0,Not Admitted,Card
V010561,PT01450,DR070,D03,2025-12-24,Fever,213353,1,8,Referred,Insurance
V010562,PT01100,DR017,D08,2024-12-31,Fertility,1965,0,0,Not Admitted,Card
V010563,PT02199,DR049,D01,2024-12-11,Heart Failure,2574,0,0,Not Admitted,Card
V010564,PT04896,DR020,D01,2025-11-30,Heart Failure,132912,1,8,LAMA,Insurance
V010565,PT00190,DR070,D03,2024-11-17,Vaccination,7951,0,0,Not Admitted,UPI
V010566,PT02661,DR044,D08,2025-05-10,Prenatal Care,6915,0,0,Not Admitted,Card
V010567,PT04768,DR067,D07,2024-02-02,Thyroid,3079,0,0,Not Admitted,Cash
V010568,PT01992,DR034,D08,2024-02-04,Menstrual Disorder,2649,0,0,Not Admitted,Cash
V010569,PT02384,DR078,D06,2025-12-05,Tumor Screening,5205,0,0,Not Admitted,Card
V010570,PT01985,DR022,D08,2024-12-20,Fertility,1295,0,0,Not Admitted,UPI
V010571,PT02575,DR042,D01,2024-10-29,CAD,2371,0,0,Not Admitted,Cash
V010572,PT00815,DR060,D04,2024-02-29,Neuropathy,1037,0,0,Not Admitted,Cash
V010573,PT04241,DR022,D08,2024-05-27,Menstrual Disorder,2225,0,0,Not Admitted,Insurance
V010574,PT03824,DR071,D03,2025-12-22,Vaccination,718,0,0,Not Admitted,Card
V010575,PT04324,DR043,D06,2025-07-13,Radiotherapy,5611,0,0,Not Admitted,UPI
V010576,PT01526,DR058,D03,2025-10-20,Fever,36467,1,0,Normal,Card
V010577,PT01758,DR064,D02,2024-10-19,Arthritis,3333,0,0,Not Admitted,Card
V010578,PT02383,DR027,D06,2025-10-09,Tumor Screening,1386,0,0,Not Admitted,Insurance
V010579,PT03963,DR003,D04,2024-09-04,Stroke,2361,0,0,Not Admitted,Card
V010580,PT03397,DR069,D07,2024-01-13,Diabetes,6462,0,0,Not Admitted,UPI
V010581,PT04040,DR052,D06,2025-06-06,Tumor Screening,3123,0,0,Not Admitted,Card
V010582,PT03447,DR061,D02,2024-11-17,Ligament Tear,5878,0,0,Not Admitted,Card
V010583,PT00887,DR046,D02,2024-04-13,Ligament Tear,1124,0,0,Not Admitted,Insurance
V010584,PT03121,DR068,D03,2025-09-05,Viral Infection,1060,0,0,Not Admitted,Card
V010585,PT00796,DR027,D06,2025-01-04,Tumor Screening,4854,0,0,Not Admitted,Card
V010586,PT04336,DR029,D05,2024-09-07,Trauma,764409,1,2,Normal,Card
V010587,PT03073,DR051,D05,2025-02-15,Burns,5270,0,0,Not Admitted,Cash
V010588,PT02211,DR007,D05,2025-04-05,Trauma,586026,1,5,Normal,Card
V010589,PT01703,DR023,D02,2024-02-18,Ligament Tear,6447,0,0,Not Admitted,Cash
V010590,PT04572,DR077,D01,2024-02-07,Arrhythmia,285105,1,3,LAMA,UPI
V010591,PT04836,DR020,D01,2024-02-28,Hypertension,4509,0,0,Not Admitted,Insurance
V010592,PT00505,DR047,D04,2024-04-28,Epilepsy,7188,0,0,Not Admitted,Card
V010593,PT04451,DR074,D03,2024-01-18,Viral Infection,1302,0,0,Not Admitted,Card
V010594,PT02905,DR010,D02,2025-07-11,Fracture,5583,0,0,Not Admitted,UPI
V010595,PT02029,DR029,D05,2025-01-30,Severe Bleeding,2534,0,0,Not Admitted,Card
V010596,PT00572,DR020,D01,2025-09-30,Heart Failure,7111,0,0,Not Admitted,Card
V010597,PT01401,DR053,D03,2025-06-09,Asthma,1563,0,0,Not Admitted,UPI
V010598,PT01234,DR004,D05,2025-04-15,Severe Bleeding,6269,0,0,Not Admitted,Cash
V010599,PT00516,DR013,D04,2024-11-12,Stroke,4758,0,0,Not Admitted,Cash
V010600,PT01354,DR040,D08,2025-03-23,Menstrual Disorder,1930,0,0,Not Admitted,UPI
V010601,PT00184,DR075,D01,2024-04-25,Arrhythmia,7217,0,0,Not Admitted,Card
V010602,PT02478,DR025,D05,2025-11-22,Trauma,5225,0,0,Not Admitted,Cash
V010603,PT00937,DR068,D03,2024-11-29,Viral Infection,7197,0,0,Not Admitted,UPI
V010604,PT04403,DR067,D07,2025-07-12,Diabetes,6434,0,0,Not Admitted,Cash
V010605,PT01805,DR049,D01,2024-03-17,CAD,2467,0,0,Not Admitted,UPI
V010606,PT01375,DR077,D01,2024-11-18,CAD,378072,1,3,Normal,UPI
V010607,PT01926,DR069,D07,2024-08-14,Thyroid,103570,1,1,Normal,Cash
V010608,PT03930,DR047,D04,2024-09-23,Stroke,6102,0,0,Not Admitted,Card
V010609,PT02427,DR048,D04,2025-05-08,Stroke,6814,0,0,Not Admitted,Cash
V010610,PT02547,DR080,D05,2024-12-17,Severe Bleeding,1284,0,0,Not Admitted,Insurance
V010611,PT03783,DR014,D04,2025-06-13,Stroke,984,0,0,Not Admitted,Insurance
V010612,PT03010,DR020,D01,2024-06-14,CAD,7047,0,0,Not Admitted,UPI
V010613,PT00256,DR044,D08,2025-01-15,Fertility,6250,0,0,Not Admitted,UPI
V010614,PT02194,DR041,D07,2025-07-07,Diabetes,6791,0,0,Not Admitted,Cash
V010615,PT01529,DR007,D05,2025-02-02,Trauma,1778,0,0,Not Admitted,Card
V010616,PT03861,DR050,D07,2025-10-21,Fever,345535,1,6,Normal,UPI
V010617,PT04027,DR074,D03,2024-09-18,Asthma,3930,0,0,Not Admitted,Card
V010618,PT00112,DR036,D04,2025-08-19,Stroke,618,0,0,Not Admitted,Card
V010619,PT00815,DR063,D05,2025-02-04,Trauma,5661,0,0,Not Admitted,Card
V010620,PT02082,DR031,D03,2024-10-12,Vaccination,4339,0,0,Not Admitted,Insurance
V010621,PT04291,DR049,D01,2025-01-11,Heart Failure,1378,0,0,Not Admitted,UPI
V010622,PT00437,DR029,D05,2025-06-22,Severe Bleeding,5644,0,0,Not Admitted,UPI
V010623,PT01853,DR042,D01,2025-06-26,Arrhythmia,1769,0,0,Not Admitted,UPI
V010624,PT00920,DR031,D03,2025-10-10,Fever,6096,0,0,Not Admitted,Card
V010625,PT00232,DR050,D07,2024-06-19,Thyroid,6495,0,0,Not Admitted,Card
V010626,PT03161,DR077,D01,2025-09-10,Hypertension,752,0,0,Not Admitted,Insurance
V010627,PT03965,DR007,D05,2025-07-04,Burns,3333,0,0,Not Admitted,Cash
V010628,PT03274,DR051,D05,2025-04-16,Severe Bleeding,2865,0,0,Not Admitted,Insurance
V010629,PT04703,DR020,D01,2025-09-22,CAD,5153,0,0,Not Admitted,Insurance
V010630,PT03353,DR003,D04,2025-02-06,Neuropathy,1627,0,0,Not Admitted,Cash
V010631,PT01514,DR036,D04,2024-08-08,Neuropathy,158033,1,3,Normal,UPI
V010632,PT01373,DR063,D05,2025-03-05,Severe Bleeding,1647,0,0,Not Admitted,Card
V010633,PT01977,DR066,D08,2025-08-21,Fertility,2003,0,0,Not Admitted,Cash
V010634,PT04029,DR057,D04,2025-03-14,Epilepsy,3817,0,0,Not Admitted,Card
V010635,PT01613,DR065,D04,2024-01-05,Epilepsy,6091,0,0,Not Admitted,Card
V010636,PT04796,DR080,D05,2025-01-09,Burns,7688,0,0,Not Admitted,UPI
V010637,PT01690,DR062,D08,2024-05-13,PCOS,853,0,0,Not Admitted,Card
V010638,PT01200,DR017,D08,2024-11-17,Fertility,1195,0,0,Not Admitted,Cash
V010639,PT00373,DR058,D03,2025-12-26,Fever,2630,0,0,Not Admitted,UPI
V010640,PT03822,DR039,D03,2024-06-27,Vaccination,3714,0,0,Not Admitted,Card
V010641,PT01992,DR041,D07,2024-12-14,Thyroid,5654,0,0,Not Admitted,UPI
V010642,PT01003,DR038,D04,2025-10-23,Stroke,601852,1,9,Normal,Cash
V010643,PT04214,DR003,D04,2025-11-21,Epilepsy,1752,0,0,Not Admitted,Card
V010644,PT03881,DR022,D08,2025-01-16,Prenatal Care,1226,0,0,Not Admitted,UPI
V010645,PT02011,DR012,D04,2025-04-07,Neuropathy,795122,1,2,Normal,Insurance
V010646,PT03290,DR065,D04,2025-03-26,Epilepsy,5584,0,0,Not Admitted,Cash
V010647,PT04662,DR025,D05,2024-08-20,Poisoning,349689,1,11,Normal,UPI
V010648,PT00759,DR044,D08,2025-10-18,Menstrual Disorder,7292,0,0,Not Admitted,Insurance
V010649,PT01385,DR013,D04,2024-04-28,Epilepsy,6307,0,0,Not Admitted,UPI
V010650,PT03167,DR074,D03,2024-09-16,Vaccination,7987,0,0,Not Admitted,Insurance
V010651,PT00467,DR075,D01,2025-01-23,Hypertension,3431,0,0,Not Admitted,Cash
V010652,PT00345,DR055,D02,2025-04-18,Fracture,4122,0,0,Not Admitted,Insurance
V010653,PT02559,DR050,D07,2024-02-24,Thyroid,7873,0,0,Not Admitted,Card
V010654,PT01243,DR067,D07,2024-04-02,Fever,5022,0,0,Not Admitted,Insurance
V010655,PT03089,DR056,D02,2024-01-30,Arthritis,719976,1,9,Normal,Cash
V010656,PT04377,DR027,D06,2024-01-27,Radiotherapy,5170,0,0,Not Admitted,Insurance
V010657,PT00610,DR077,D01,2024-07-06,CAD,2446,0,0,Not Admitted,Cash
V010658,PT00799,DR058,D03,2024-02-13,Viral Infection,5813,0,0,Not Admitted,Cash
V010659,PT03332,DR024,D05,2024-08-22,Severe Bleeding,2458,0,0,Not Admitted,UPI
V010660,PT02125,DR069,D07,2025-08-12,Infection,82525,1,0,Normal,Card
V010661,PT03755,DR050,D07,2024-03-08,Infection,126109,1,4,LAMA,UPI
V010662,PT02772,DR049,D01,2024-07-26,CAD,2589,0,0,Not Admitted,Insurance
V010663,PT04786,DR074,D03,2024-08-02,Asthma,6980,0,0,Not Admitted,Cash
V010664,PT04956,DR068,D03,2024-03-16,Fever,1304,0,0,Not Admitted,Cash
V010665,PT03044,DR022,D08,2025-06-30,Prenatal Care,792629,1,3,Normal,Cash
V010666,PT03235,DR042,D01,2024-10-10,Heart Failure,4450,0,0,Not Admitted,Insurance
V010667,PT03425,DR023,D02,2024-08-19,Back Pain,6604,0,0,Not Admitted,Card
V010668,PT03750,DR030,D02,2024-03-01,Arthritis,1898,0,0,Not Admitted,Card
V010669,PT04668,DR064,D02,2025-08-13,Fracture,1383,0,0,Not Admitted,Insurance
V010670,PT00886,DR045,D08,2025-06-19,Menstrual Disorder,741595,1,3,Normal,UPI
V010671,PT04841,DR065,D04,2024-02-10,Migraine,3034,0,0,Not Admitted,Insurance
V010672,PT04370,DR044,D08,2025-06-08,Prenatal Care,7519,0,0,Not Admitted,Card
V010673,PT00876,DR022,D08,2025-05-27,Prenatal Care,2597,0,0,Not Admitted,UPI
V010674,PT02240,DR033,D05,2025-09-08,Severe Bleeding,157220,1,11,Normal,Cash
V010675,PT02197,DR049,D01,2024-12-08,Hypertension,7584,0,0,Not Admitted,Card
V010676,PT02026,DR067,D07,2025-02-15,Infection,7031,0,0,Not Admitted,Card
V010677,PT00564,DR006,D02,2025-09-16,Fracture,2357,0,0,Not Admitted,UPI
V010678,PT02829,DR039,D03,2025-04-29,Viral Infection,656168,1,6,Normal,UPI
V010679,PT00284,DR001,D02,2024-05-30,Fracture,1227,0,0,Not Admitted,UPI
V010680,PT03635,DR064,D02,2024-10-31,Ligament Tear,3619,0,0,Not Admitted,UPI
V010681,PT00826,DR005,D05,2025-01-05,Burns,5047,0,0,Not Admitted,Card
V010682,PT03663,DR027,D06,2025-11-30,Post-op Care,7872,0,0,Not Admitted,Insurance
V010683,PT03561,DR049,D01,2024-04-17,Arrhythmia,48035,1,6,Normal,UPI
V010684,PT03246,DR010,D02,2024-06-07,Back Pain,5529,0,0,Not Admitted,Insurance
V010685,PT00017,DR052,D06,2024-09-27,Tumor Screening,7182,0,0,Not Admitted,Card
V010686,PT04038,DR032,D07,2024-10-29,Fever,4472,0,0,Not Admitted,Insurance
V010687,PT02491,DR069,D07,2024-09-07,Diabetes,496980,1,6,Referred,Cash
V010688,PT01689,DR071,D03,2024-05-27,Vaccination,398904,1,11,Normal,Card
V010689,PT01674,DR030,D02,2024-05-12,Back Pain,2972,0,0,Not Admitted,Card
V010690,PT02400,DR029,D05,2025-10-30,Trauma,1602,0,0,Not Admitted,Card
V010691,PT01099,DR065,D04,2024-02-04,Migraine,5226,0,0,Not Admitted,Card
V010692,PT00836,DR004,D05,2025-09-09,Trauma,1165,0,0,Not Admitted,Card
V010693,PT00200,DR032,D07,2024-09-19,Diabetes,6498,0,0,Not Admitted,Insurance
V010694,PT00818,DR040,D08,2025-08-31,Fertility,5582,0,0,Not Admitted,UPI
V010695,PT04976,DR013,D04,2024-06-30,Stroke,7550,0,0,Not Admitted,UPI
V010696,PT04931,DR015,D06,2024-06-03,Chemotherapy,301197,1,11,Normal,UPI
V010697,PT03908,DR021,D07,2025-05-13,Infection,316944,1,2,Normal,Insurance
V010698,PT01286,DR069,D07,2025-02-08,Fever,830,0,0,Not Admitted,Insurance
V010699,PT03039,DR041,D07,2024-10-15,Thyroid,776587,1,6,Normal,Card
V010700,PT01824,DR004,D05,2024-05-19,Trauma,458011,1,5,Normal,Insurance
V010701,PT02389,DR067,D07,2025-04-22,Diabetes,4748,0,0,Not Admitted,Card
V010702,PT02704,DR052,D06,2024-08-10,Radiotherapy,5637,0,0,Not Admitted,Insurance
V010703,PT03321,DR077,D01,2024-08-27,Hypertension,6294,0,0,Not Admitted,Cash
V010704,PT00328,DR045,D08,2024-12-18,Menstrual Disorder,403269,1,8,Normal,Card
V010705,PT00081,DR053,D03,2024-08-02,Viral Infection,3552,0,0,Not Admitted,Insurance
V010706,PT03350,DR049,D01,2025-02-06,CAD,2496,0,0,Not Admitted,UPI
V010707,PT02805,DR045,D08,2025-05-18,PCOS,1173,0,0,Not Admitted,Cash
V010708,PT04529,DR039,D03,2024-11-13,Asthma,106470,1,8,Normal,Card
V010709,PT02509,DR056,D02,2025-01-09,Back Pain,551389,1,9,Referred,Cash
V010710,PT03354,DR008,D02,2024-02-10,Fracture,7740,0,0,Not Admitted,Cash
V010711,PT03388,DR031,D03,2024-02-19,Viral Infection,532688,1,10,Normal,Card
V010712,PT02251,DR060,D04,2025-12-02,Epilepsy,680035,1,7,Normal,Insurance
V010713,PT00432,DR065,D04,2024-10-05,Neuropathy,7661,0,0,Not Admitted,Insurance
V010714,PT00568,DR034,D08,2025-04-27,Prenatal Care,2192,0,0,Not Admitted,Insurance
V010715,PT02724,DR026,D05,2024-07-24,Burns,1528,0,0,Not Admitted,Cash
V010716,PT01432,DR065,D04,2025-04-08,Epilepsy,6484,0,0,Not Admitted,UPI
V010717,PT00681,DR044,D08,2024-12-28,PCOS,7704,0,0,Not Admitted,Insurance
V010718,PT03623,DR042,D01,2024-08-14,Heart Failure,462447,1,0,Normal,Insurance
V010719,PT01941,DR077,D01,2025-04-20,Heart Failure,1921,0,0,Not Admitted,Card
V010720,PT02773,DR039,D03,2025-12-05,Asthma,580,0,0,Not Admitted,Cash
V010721,PT01507,DR029,D05,2025-04-18,Trauma,5933,0,0,Not Admitted,Card
V010722,PT03315,DR051,D05,2024-08-28,Poisoning,1950,0,0,Not Admitted,Card
V010723,PT02037,DR072,D06,2024-01-01,Radiotherapy,4327,0,0,Not Admitted,UPI
V010724,PT02163,DR015,D06,2025-03-13,Tumor Screening,553015,1,2,Normal,Insurance
V010725,PT04207,DR025,D05,2024-07-04,Trauma,383884,1,2,Normal,UPI
V010726,PT04687,DR027,D06,2024-09-24,Tumor Screening,7488,0,0,Not Admitted,UPI
V010727,PT01158,DR027,D06,2024-08-29,Post-op Care,2923,0,0,Not Admitted,Cash
V010728,PT01571,DR051,D05,2024-04-15,Severe Bleeding,2617,0,0,Not Admitted,UPI
V010729,PT02439,DR008,D02,2024-04-30,Fracture,1358,0,0,Not Admitted,Cash
V010730,PT01752,DR036,D04,2025-10-31,Stroke,328702,1,4,Normal,Card
V010731,PT02946,DR076,D04,2024-10-30,Migraine,126983,1,3,Normal,Card
V010732,PT04613,DR077,D01,2025-08-09,CAD,5722,0,0,Not Admitted,UPI
V010733,PT01738,DR077,D01,2024-08-13,Heart Failure,1045,0,0,Not Admitted,Insurance
V010734,PT01111,DR034,D08,2025-01-20,Fertility,1311,0,0,Not Admitted,UPI
V010735,PT03932,DR054,D02,2025-10-31,Ligament Tear,672911,1,3,Normal,Insurance
V010736,PT03009,DR041,D07,2024-03-16,Fever,1275,0,0,Not Admitted,Cash
V010737,PT03916,DR035,D06,2025-03-03,Post-op Care,4066,0,0,Not Admitted,Card
V010738,PT03738,DR004,D05,2024-09-15,Burns,101980,1,1,Normal,Card
V010739,PT03991,DR076,D04,2025-01-30,Epilepsy,3429,0,0,Not Admitted,UPI
V010740,PT00459,DR058,D03,2024-08-27,Vaccination,7679,0,0,Not Admitted,Insurance
V010741,PT00103,DR027,D06,2024-04-24,Chemotherapy,110443,1,11,Normal,Cash
V010742,PT01853,DR016,D06,2025-07-03,Post-op Care,233885,1,9,Normal,UPI
V010743,PT03767,DR069,D07,2024-08-13,Fever,5632,0,0,Not Admitted,Insurance
V010744,PT00066,DR007,D05,2025-02-08,Trauma,5212,0,0,Not Admitted,Card
V010745,PT03152,DR007,D05,2024-10-19,Burns,913,0,0,Not Admitted,Insurance
V010746,PT01415,DR034,D08,2024-09-08,PCOS,6141,0,0,Not Admitted,Insurance
V010747,PT00792,DR021,D07,2025-01-14,Diabetes,338549,1,7,Normal,Cash
V010748,PT02115,DR029,D05,2025-07-07,Trauma,4473,0,0,Not Admitted,Insurance
V010749,PT00507,DR063,D05,2024-11-21,Burns,6859,0,0,Not Admitted,Cash
V010750,PT00601,DR064,D02,2025-08-06,Back Pain,6328,0,0,Not Admitted,Cash
V010751,PT03756,DR052,D06,2025-06-13,Chemotherapy,152875,1,8,Normal,Insurance
V010752,PT00425,DR044,D08,2025-09-08,Fertility,2626,0,0,Not Admitted,Insurance
V010753,PT03026,DR063,D05,2025-09-04,Severe Bleeding,2167,0,0,Not Admitted,Card
V010754,PT02522,DR027,D06,2024-06-13,Radiotherapy,489564,1,3,Normal,Cash
V010755,PT01054,DR004,D05,2024-05-27,Burns,7017,0,0,Not Admitted,UPI
V010756,PT04304,DR077,D01,2025-02-14,Hypertension,961,0,0,Not Admitted,Card
V010757,PT04506,DR059,D01,2025-09-30,Hypertension,140685,1,3,Referred,Cash
V010758,PT04388,DR049,D01,2024-06-14,CAD,1122,0,0,Not Admitted,Card
V010759,PT03355,DR053,D03,2025-06-12,Viral Infection,174808,1,8,Normal,UPI
V010760,PT04232,DR058,D03,2025-02-08,Vaccination,884,0,0,Not Admitted,UPI
V010761,PT00914,DR035,D06,2025-01-28,Post-op Care,5761,0,0,Not Admitted,Card
V010762,PT03008,DR054,D02,2024-03-27,Back Pain,3963,0,0,Not Admitted,Cash
V010763,PT04294,DR049,D01,2025-12-13,Arrhythmia,280471,1,2,Normal,Cash
V010764,PT04378,DR021,D07,2024-08-19,Thyroid,6892,0,0,Not Admitted,Card
V010765,PT02928,DR001,D02,2025-02-19,Ligament Tear,2826,0,0,Not Admitted,UPI
V010766,PT03783,DR050,D07,2024-09-30,Infection,492712,1,7,Normal,UPI
V010767,PT03882,DR055,D02,2025-11-28,Arthritis,1547,0,0,Not Admitted,Cash
V010768,PT04571,DR007,D05,2024-09-22,Trauma,1141,0,0,Not Admitted,UPI
V010769,PT02029,DR071,D03,2024-07-28,Fever,7581,0,0,Not Admitted,Card
V010770,PT02763,DR029,D05,2025-03-03,Severe Bleeding,6165,0,0,Not Admitted,Cash
V010771,PT04647,DR027,D06,2025-11-21,Chemotherapy,7267,0,0,Not Admitted,UPI
V010772,PT03504,DR077,D01,2024-12-14,Heart Failure,110419,1,1,LAMA,Insurance
V010773,PT04903,DR009,D04,2024-05-20,Migraine,3690,0,0,Not Admitted,UPI
V010774,PT02244,DR049,D01,2025-10-06,Arrhythmia,742433,1,4,Normal,Card
V010775,PT03296,DR034,D08,2025-07-20,Prenatal Care,6330,0,0,Not Admitted,Insurance
V010776,PT02868,DR028,D06,2025-07-18,Radiotherapy,4814,0,0,Not Admitted,Cash
V010777,PT00663,DR065,D04,2024-08-09,Migraine,5252,0,0,Not Admitted,Card
V010778,PT04617,DR033,D05,2025-03-21,Severe Bleeding,3724,0,0,Not Admitted,Cash
V010779,PT00930,DR053,D03,2024-09-13,Vaccination,205992,1,5,Referred,Cash
V010780,PT04900,DR027,D06,2024-09-04,Chemotherapy,2133,0,0,Not Admitted,Card
V010781,PT01217,DR051,D05,2024-06-11,Severe Bleeding,3700,0,0,Not Admitted,UPI
V010782,PT01302,DR019,D04,2024-04-23,Neuropathy,3840,0,0,Not Admitted,Card
V010783,PT04233,DR078,D06,2025-06-14,Chemotherapy,2710,0,0,Not Admitted,Card
V010784,PT00173,DR066,D08,2025-04-11,Fertility,7595,0,0,Not Admitted,Card
V010785,PT04889,DR019,D04,2024-12-17,Migraine,660838,1,1,Normal,Card
V010786,PT03949,DR015,D06,2025-02-19,Radiotherapy,1772,0,0,Not Admitted,Insurance
V010787,PT02230,DR021,D07,2025-03-12,Thyroid,780624,1,0,Referred,Card
V010788,PT03425,DR017,D08,2025-03-12,Menstrual Disorder,5139,0,0,Not Admitted,Insurance
V010789,PT01443,DR053,D03,2025-07-10,Asthma,1642,0,0,Not Admitted,Insurance
V010790,PT03915,DR066,D08,2024-10-26,Fertility,538894,1,2,Normal,Cash
V010791,PT00377,DR062,D08,2025-03-02,Menstrual Disorder,7125,0,0,Not Admitted,Card
V010792,PT02053,DR020,D01,2025-03-10,Hypertension,4551,0,0,Not Admitted,UPI
V010793,PT02520,DR057,D04,2025-07-02,Epilepsy,1600,0,0,Not Admitted,Cash
V010794,PT00552,DR029,D05,2024-04-18,Trauma,6761,0,0,Not Admitted,UPI
V010795,PT03430,DR020,D01,2024-11-16,Arrhythmia,7174,0,0,Not Admitted,Card
V010796,PT04388,DR050,D07,2025-12-19,Fever,1262,0,0,Not Admitted,Insurance
V010797,PT03160,DR061,D02,2024-10-31,Fracture,6612,0,0,Not Admitted,UPI
V010798,PT03074,DR039,D03,2025-01-26,Viral Infection,3407,0,0,Not Admitted,UPI
V010799,PT00518,DR047,D04,2024-11-17,Stroke,253685,1,3,Normal,Cash
V010800,PT03303,DR015,D06,2024-10-31,Chemotherapy,2702,0,0,Not Admitted,Insurance
V010801,PT04227,DR004,D05,2024-09-15,Poisoning,2285,0,0,Not Admitted,Card
V010802,PT00629,DR034,D08,2025-09-26,Prenatal Care,6392,0,0,Not Admitted,Cash
V010803,PT00062,DR058,D03,2025-07-26,Vaccination,1399,0,0,Not Admitted,UPI
V010804,PT01491,DR001,D02,2025-07-03,Back Pain,4820,0,0,Not Admitted,Insurance
V010805,PT01759,DR035,D06,2025-03-05,Tumor Screening,3426,0,0,Not Admitted,Cash
V010806,PT00007,DR069,D07,2024-06-07,Infection,6547,0,0,Not Admitted,Cash
V010807,PT02407,DR026,D05,2025-01-25,Burns,316442,1,10,Normal,Cash
V010808,PT01734,DR030,D02,2024-05-16,Fracture,5934,0,0,Not Admitted,Cash
V010809,PT04068,DR037,D02,2024-10-06,Arthritis,6897,0,0,Not Admitted,Cash
V010810,PT01536,DR005,D05,2025-08-26,Burns,348880,1,5,Normal,UPI
V010811,PT01660,DR068,D03,2025-03-17,Viral Infection,5319,0,0,Not Admitted,UPI
V010812,PT01988,DR002,D02,2024-10-14,Back Pain,5499,0,0,Not Admitted,Insurance
V010813,PT04840,DR059,D01,2024-06-06,Arrhythmia,6797,0,0,Not Admitted,Insurance
V010814,PT00674,DR032,D07,2024-12-16,Fever,4976,0,0,Not Admitted,Cash
V010815,PT01041,DR068,D03,2024-07-09,Vaccination,5396,0,0,Not Admitted,Card
V010816,PT04255,DR068,D03,2024-10-20,Fever,5135,0,0,Not Admitted,UPI
V010817,PT02647,DR073,D04,2025-03-17,Neuropathy,5723,0,0,Not Admitted,Cash
V010818,PT01218,DR069,D07,2025-10-27,Diabetes,461836,1,1,Normal,UPI
V010819,PT02242,DR050,D07,2024-10-29,Diabetes,2968,0,0,Not Admitted,UPI
V010820,PT01204,DR053,D03,2025-07-21,Vaccination,5633,0,0,Not Admitted,UPI
V010821,PT01099,DR038,D04,2025-01-26,Neuropathy,5255,0,0,Not Admitted,Insurance
V010822,PT04462,DR023,D02,2024-08-11,Ligament Tear,4968,0,0,Not Admitted,Cash
V010823,PT01648,DR071,D03,2024-06-20,Vaccination,1652,0,0,Not Admitted,Card
V010824,PT00635,DR005,D05,2025-03-04,Trauma,5784,0,0,Not Admitted,Cash
V010825,PT00744,DR058,D03,2024-09-11,Fever,1928,0,0,Not Admitted,Card
V010826,PT04975,DR056,D02,2024-05-19,Back Pain,7648,0,0,Not Admitted,Insurance
V010827,PT03344,DR074,D03,2025-04-12,Asthma,5928,0,0,Not Admitted,UPI
V010828,PT02474,DR022,D08,2024-01-31,Menstrual Disorder,5167,0,0,Not Admitted,Insurance
V010829,PT04194,DR032,D07,2025-07-09,Diabetes,5758,0,0,Not Admitted,UPI
V010830,PT00751,DR030,D02,2024-01-20,Fracture,2183,0,0,Not Admitted,Card
V010831,PT00652,DR019,D04,2025-09-27,Stroke,6703,0,0,Not Admitted,Insurance
V010832,PT04196,DR067,D07,2025-12-03,Diabetes,5847,0,0,Not Admitted,Card
V010833,PT04091,DR048,D04,2024-07-10,Epilepsy,3490,0,0,Not Admitted,UPI
V010834,PT00114,DR059,D01,2025-02-02,CAD,509,0,0,Not Admitted,UPI
V010835,PT01110,DR031,D03,2025-04-04,Vaccination,6027,0,0,Not Admitted,Insurance
V010836,PT04632,DR069,D07,2024-09-21,Infection,543523,1,10,Referred,UPI
V010837,PT05000,DR035,D06,2024-11-06,Radiotherapy,116647,1,5,Normal,UPI
V010838,PT01807,DR045,D08,2025-08-30,Fertility,5339,0,0,Not Admitted,Cash
V010839,PT01565,DR005,D05,2025-10-19,Poisoning,7434,0,0,Not Admitted,Insurance
V010840,PT04775,DR053,D03,2024-03-14,Asthma,687,0,0,Not Admitted,Card
V010841,PT01965,DR021,D07,2025-03-22,Infection,6292,0,0,Not Admitted,UPI
V010842,PT03942,DR018,D05,2024-09-20,Severe Bleeding,874,0,0,Not Admitted,Insurance
V010843,PT04625,DR060,D04,2024-04-27,Neuropathy,2397,0,0,Not Admitted,Insurance
V010844,PT04327,DR010,D02,2025-05-28,Ligament Tear,1210,0,0,Not Admitted,Cash
V010845,PT04029,DR036,D04,2024-06-21,Stroke,868,0,0,Not Admitted,Insurance
V010846,PT03013,DR059,D01,2025-03-23,Arrhythmia,2301,0,0,Not Admitted,UPI
V010847,PT04176,DR053,D03,2024-06-10,Asthma,5597,0,0,Not Admitted,Card
V010848,PT00893,DR049,D01,2025-08-07,Heart Failure,46300,1,1,Normal,Cash
V010849,PT01575,DR020,D01,2025-09-26,CAD,2659,0,0,Not Admitted,UPI
V010850,PT04058,DR072,D06,2024-08-27,Chemotherapy,3253,0,0,Not Admitted,UPI
V010851,PT00239,DR072,D06,2024-02-03,Chemotherapy,6138,0,0,Not Admitted,Cash
V010852,PT00946,DR027,D06,2025-09-25,Tumor Screening,85478,1,7,Normal,UPI
V010853,PT02790,DR067,D07,2024-11-04,Diabetes,4221,0,0,Not Admitted,Cash
V010854,PT00650,DR059,D01,2025-02-27,Heart Failure,3924,0,0,Not Admitted,Insurance
V010855,PT01408,DR011,D08,2025-06-09,Menstrual Disorder,3339,0,0,Not Admitted,Card
V010856,PT01115,DR009,D04,2025-03-10,Neuropathy,5054,0,0,Not Admitted,UPI
V010857,PT04685,DR046,D02,2025-04-06,Ligament Tear,5801,0,0,Not Admitted,UPI
V010858,PT01228,DR041,D07,2024-07-23,Fever,4225,0,0,Not Admitted,Insurance
V010859,PT02104,DR057,D04,2025-10-26,Epilepsy,5928,0,0,Not Admitted,Cash
V010860,PT03473,DR022,D08,2025-02-26,Fertility,365821,1,7,Normal,Cash
V010861,PT03891,DR076,D04,2025-05-02,Stroke,4140,0,0,Not Admitted,Card
V010862,PT00599,DR034,D08,2024-01-07,Fertility,5442,0,0,Not Admitted,Cash
V010863,PT02631,DR077,D01,2025-11-04,Arrhythmia,4504,0,0,Not Admitted,Card
V010864,PT00110,DR017,D08,2025-02-05,Menstrual Disorder,3663,0,0,Not Admitted,UPI
V010865,PT04455,DR053,D03,2025-10-03,Fever,5536,0,0,Not Admitted,Insurance
V010866,PT00707,DR073,D04,2025-09-21,Stroke,7455,0,0,Not Admitted,Card
V010867,PT01807,DR062,D08,2025-03-01,PCOS,6077,0,0,Not Admitted,Card
V010868,PT01410,DR017,D08,2025-02-08,Prenatal Care,4804,0,0,Not Admitted,Insurance
V010869,PT01819,DR078,D06,2025-09-22,Chemotherapy,3087,0,0,Not Admitted,Cash
V010870,PT03347,DR016,D06,2024-11-19,Tumor Screening,6841,0,0,Not Admitted,UPI
V010871,PT02762,DR027,D06,2024-02-03,Chemotherapy,213686,1,4,Referred,Card
V010872,PT02337,DR078,D06,2025-04-17,Post-op Care,5889,0,0,Not Admitted,Insurance
V010873,PT04827,DR050,D07,2024-09-01,Infection,1738,0,0,Not Admitted,UPI
V010874,PT02229,DR054,D02,2025-03-27,Back Pain,3367,0,0,Not Admitted,Cash
V010875,PT01129,DR024,D05,2024-10-20,Severe Bleeding,4410,0,0,Not Admitted,Cash
V010876,PT01069,DR038,D04,2024-12-15,Epilepsy,2696,0,0,Not Admitted,Insurance
V010877,PT03394,DR074,D03,2025-07-14,Vaccination,1779,0,0,Not Admitted,Cash
V010878,PT04704,DR067,D07,2025-08-05,Thyroid,1594,0,0,Not Admitted,UPI
V010879,PT01551,DR023,D02,2024-09-12,Fracture,2298,0,0,Not Admitted,UPI
V010880,PT03951,DR070,D03,2025-11-03,Vaccination,1985,0,0,Not Admitted,Card
V010881,PT01218,DR011,D08,2024-04-21,Menstrual Disorder,7727,0,0,Not Admitted,Cash
V010882,PT03524,DR071,D03,2024-12-06,Asthma,2597,0,0,Not Admitted,Card
V010883,PT01847,DR015,D06,2024-03-30,Radiotherapy,5123,0,0,Not Admitted,Cash
V010884,PT03780,DR062,D08,2024-06-26,Prenatal Care,1619,0,0,Not Admitted,Cash
V010885,PT04623,DR075,D01,2024-11-24,Arrhythmia,5414,0,0,Not Admitted,Insurance
V010886,PT04314,DR021,D07,2024-04-02,Fever,3418,0,0,Not Admitted,Insurance
V010887,PT01855,DR003,D04,2024-09-01,Neuropathy,2687,0,0,Not Admitted,Insurance
V010888,PT00492,DR077,D01,2024-09-13,Hypertension,1678,0,0,Not Admitted,Insurance
V010889,PT02828,DR075,D01,2025-07-02,Arrhythmia,4384,0,0,Not Admitted,UPI
V010890,PT01739,DR059,D01,2024-06-27,Arrhythmia,3333,0,0,Not Admitted,Insurance
V010891,PT01692,DR045,D08,2025-04-22,Prenatal Care,6924,0,0,Not Admitted,Cash
V010892,PT03544,DR044,D08,2025-04-25,Fertility,602910,1,12,Normal,UPI
V010893,PT02095,DR003,D04,2025-03-09,Migraine,5685,0,0,Not Admitted,UPI
V010894,PT00193,DR053,D03,2024-11-24,Vaccination,695199,1,12,Referred,Insurance
V010895,PT02816,DR032,D07,2025-08-01,Fever,6689,0,0,Not Admitted,Card
V010896,PT02410,DR079,D04,2024-08-15,Epilepsy,7606,0,0,Not Admitted,Card
V010897,PT03905,DR055,D02,2024-09-07,Back Pain,1234,0,0,Not Admitted,UPI
V010898,PT04282,DR029,D05,2024-04-10,Poisoning,218462,1,8,Normal,UPI
V010899,PT02634,DR036,D04,2025-07-07,Neuropathy,500532,1,8,LAMA,Insurance
V010900,PT00735,DR077,D01,2024-01-11,Heart Failure,4978,0,0,Not Admitted,Card
V010901,PT03954,DR062,D08,2024-05-06,Fertility,760,0,0,Not Admitted,Cash
V010902,PT03451,DR007,D05,2025-08-30,Poisoning,79723,1,10,Normal,Cash
V010903,PT00172,DR044,D08,2024-02-22,Fertility,2841,0,0,Not Admitted,Card
V010904,PT03707,DR018,D05,2025-12-17,Poisoning,2175,0,0,Not Admitted,Insurance
V010905,PT04245,DR047,D04,2024-07-22,Stroke,7274,0,0,Not Admitted,Insurance
V010906,PT03375,DR070,D03,2025-09-23,Viral Infection,6635,0,0,Not Admitted,Cash
V010907,PT03759,DR015,D06,2024-11-15,Tumor Screening,6252,0,0,Not Admitted,Cash
V010908,PT01039,DR056,D02,2025-12-04,Ligament Tear,3952,0,0,Not Admitted,Cash
V010909,PT04158,DR017,D08,2025-10-17,Prenatal Care,3460,0,0,Not Admitted,Insurance
V010910,PT00197,DR037,D02,2024-07-08,Ligament Tear,1024,0,0,Not Admitted,Insurance
V010911,PT03118,DR027,D06,2025-04-09,Chemotherapy,2852,0,0,Not Admitted,Insurance
V010912,PT00860,DR054,D02,2024-03-21,Ligament Tear,7576,0,0,Not Admitted,Cash
V010913,PT00527,DR020,D01,2025-07-02,CAD,656,0,0,Not Admitted,Cash
V010914,PT00987,DR041,D07,2025-11-22,Diabetes,5481,0,0,Not Admitted,UPI
V010915,PT00467,DR072,D06,2024-02-20,Post-op Care,6642,0,0,Not Admitted,UPI
V010916,PT02793,DR011,D08,2024-11-11,Fertility,2932,0,0,Not Admitted,Insurance
V010917,PT02690,DR034,D08,2024-02-17,Menstrual Disorder,5798,0,0,Not Admitted,Card
V010918,PT03638,DR026,D05,2025-11-01,Burns,4155,0,0,Not Admitted,Card
V010919,PT04178,DR018,D05,2024-12-19,Trauma,6762,0,0,Not Admitted,Insurance
V010920,PT01505,DR062,D08,2025-09-04,Fertility,1307,0,0,Not Admitted,Card
V010921,PT02984,DR043,D06,2024-11-08,Radiotherapy,6172,0,0,Not Admitted,UPI
V010922,PT01273,DR048,D04,2024-12-19,Epilepsy,4887,0,0,Not Admitted,Cash
V010923,PT03231,DR077,D01,2025-01-03,Hypertension,7823,0,0,Not Admitted,UPI
V010924,PT01848,DR036,D04,2024-09-01,Neuropathy,7090,0,0,Not Admitted,UPI
V010925,PT04933,DR039,D03,2024-03-27,Vaccination,464342,1,5,Normal,Cash
V010926,PT00137,DR080,D05,2024-09-24,Poisoning,4234,0,0,Not Admitted,Cash
V010927,PT02656,DR014,D04,2025-11-19,Stroke,610,0,0,Not Admitted,Cash
V010928,PT02728,DR031,D03,2024-11-26,Fever,279688,1,4,Normal,Card
V010929,PT01579,DR032,D07,2025-11-04,Diabetes,3847,0,0,Not Admitted,Cash
V010930,PT00452,DR020,D01,2025-04-15,Arrhythmia,80552,1,7,Normal,Insurance
V010931,PT02495,DR067,D07,2025-11-26,Fever,668863,1,10,Normal,Insurance
V010932,PT01447,DR039,D03,2025-08-13,Fever,1553,0,0,Not Admitted,Card
V010933,PT03023,DR053,D03,2024-03-23,Vaccination,7271,0,0,Not Admitted,UPI
V010934,PT00146,DR032,D07,2024-06-11,Thyroid,4206,0,0,Not Admitted,Insurance
V010935,PT01761,DR014,D04,2024-05-30,Stroke,5700,0,0,Not Admitted,Card
V010936,PT00938,DR049,D01,2025-08-24,CAD,6618,0,0,Not Admitted,Cash
V010937,PT02386,DR010,D02,2025-01-31,Fracture,2493,0,0,Not Admitted,Insurance
V010938,PT00932,DR080,D05,2025-09-07,Burns,2600,0,0,Not Admitted,UPI
V010939,PT02220,DR041,D07,2025-02-21,Diabetes,2888,0,0,Not Admitted,Cash
V010940,PT02122,DR020,D01,2025-11-21,CAD,4123,0,0,Not Admitted,Cash
V010941,PT01674,DR051,D05,2025-04-03,Severe Bleeding,1058,0,0,Not Admitted,Insurance
V010942,PT01146,DR035,D06,2025-08-09,Post-op Care,432070,1,10,Normal,UPI
V010943,PT01437,DR045,D08,2025-04-28,PCOS,658378,1,2,Normal,Card
V010944,PT00142,DR050,D07,2025-06-15,Thyroid,6373,0,0,Not Admitted,UPI
V010945,PT04875,DR039,D03,2025-10-25,Fever,116909,1,0,Normal,Cash
V010946,PT02095,DR066,D08,2024-10-26,PCOS,6474,0,0,Not Admitted,Cash
V010947,PT04313,DR059,D01,2024-07-07,Hypertension,558,0,0,Not Admitted,UPI
V010948,PT03071,DR075,D01,2024-10-17,CAD,7747,0,0,Not Admitted,UPI
V010949,PT04029,DR041,D07,2024-07-14,Diabetes,4862,0,0,Not Admitted,UPI
V010950,PT01753,DR002,D02,2025-10-27,Arthritis,751,0,0,Not Admitted,Card
V010951,PT02134,DR007,D05,2024-05-15,Trauma,7606,0,0,Not Admitted,Cash
V010952,PT01447,DR047,D04,2024-04-24,Epilepsy,5384,0,0,Not Admitted,UPI
V010953,PT03704,DR042,D01,2024-04-03,Hypertension,6243,0,0,Not Admitted,Card
V010954,PT00204,DR051,D05,2025-04-03,Poisoning,1085,0,0,Not Admitted,UPI
V010955,PT01896,DR011,D08,2024-05-22,Menstrual Disorder,1174,0,0,Not Admitted,UPI
V010956,PT03437,DR050,D07,2025-03-06,Fever,1917,0,0,Not Admitted,Card
V010957,PT00654,DR071,D03,2025-11-24,Viral Infection,7081,0,0,Not Admitted,Insurance
V010958,PT02783,DR040,D08,2025-04-05,Menstrual Disorder,7402,0,0,Not Admitted,UPI
V010959,PT00776,DR041,D07,2024-05-31,Fever,4720,0,0,Not Admitted,Cash
V010960,PT04828,DR041,D07,2025-09-08,Diabetes,358710,1,3,Normal,Insurance
V010961,PT02622,DR057,D04,2025-11-17,Neuropathy,4198,0,0,Not Admitted,UPI
V010962,PT01839,DR038,D04,2025-11-13,Neuropathy,4662,0,0,Not Admitted,Insurance
V010963,PT03142,DR013,D04,2024-08-15,Stroke,5191,0,0,Not Admitted,Insurance
V010964,PT02888,DR055,D02,2025-10-03,Ligament Tear,5813,0,0,Not Admitted,Cash
V010965,PT04253,DR019,D04,2025-05-15,Stroke,561,0,0,Not Admitted,UPI
V010966,PT01521,DR050,D07,2024-10-05,Fever,7593,0,0,Not Admitted,UPI
V010967,PT02858,DR054,D02,2025-12-11,Ligament Tear,6279,0,0,Not Admitted,Cash
V010968,PT01322,DR020,D01,2025-08-03,CAD,5680,0,0,Not Admitted,Cash
V010969,PT03080,DR017,D08,2025-09-17,PCOS,632191,1,3,Normal,Insurance
V010970,PT03340,DR020,D01,2024-09-11,Hypertension,598753,1,7,Normal,Insurance
V010971,PT04768,DR066,D08,2025-10-28,Menstrual Disorder,1348,0,0,Not Admitted,Card
V010972,PT02099,DR041,D07,2025-11-02,Thyroid,7708,0,0,Not Admitted,Card
V010973,PT00222,DR020,D01,2024-11-16,CAD,3065,0,0,Not Admitted,UPI
V010974,PT04948,DR050,D07,2024-11-20,Thyroid,5685,0,0,Not Admitted,UPI
V010975,PT03766,DR076,D04,2025-01-28,Stroke,4669,0,0,Not Admitted,Card
V010976,PT04071,DR021,D07,2024-10-28,Fever,7498,0,0,Not Admitted,Card
V010977,PT02168,DR059,D01,2024-12-07,Heart Failure,3841,0,0,Not Admitted,UPI
V010978,PT00576,DR008,D02,2025-08-05,Fracture,3070,0,0,Not Admitted,Cash
V010979,PT03071,DR052,D06,2025-09-18,Post-op Care,4508,0,0,Not Admitted,Cash
V010980,PT02672,DR027,D06,2024-12-02,Post-op Care,7345,0,0,Not Admitted,UPI
V010981,PT03092,DR040,D08,2024-10-10,PCOS,1717,0,0,Not Admitted,Cash
V010982,PT01955,DR072,D06,2024-08-25,Post-op Care,1194,0,0,Not Admitted,Insurance
V010983,PT03292,DR028,D06,2024-05-05,Radiotherapy,3019,0,0,Not Admitted,Card
V010984,PT02314,DR019,D04,2024-04-07,Neuropathy,1007,0,0,Not Admitted,Card
V010985,PT00887,DR038,D04,2024-03-25,Migraine,521,0,0,Not Admitted,Cash
V010986,PT03447,DR046,D02,2025-01-05,Fracture,3978,0,0,Not Admitted,Card
V010987,PT03636,DR051,D05,2025-12-18,Trauma,1471,0,0,Not Admitted,Insurance
V010988,PT02893,DR045,D08,2024-05-12,PCOS,538541,1,9,Normal,Card
V010989,PT00359,DR072,D06,2024-02-28,Tumor Screening,2020,0,0,Not Admitted,Insurance
V010990,PT01641,DR070,D03,2025-03-04,Asthma,7282,0,0,Not Admitted,UPI
V010991,PT03803,DR075,D01,2024-11-28,Hypertension,366744,1,9,Normal,Insurance
V010992,PT00189,DR076,D04,2025-05-02,Stroke,5322,0,0,Not Admitted,Insurance
V010993,PT02454,DR016,D06,2025-07-29,Chemotherapy,476690,1,10,Normal,Card
V010994,PT01755,DR042,D01,2025-11-27,Arrhythmia,7373,0,0,Not Admitted,Insurance
V010995,PT00039,DR039,D03,2024-07-23,Viral Infection,2512,0,0,Not Admitted,Card
V010996,PT01749,DR068,D03,2024-03-17,Viral Infection,4415,0,0,Not Admitted,Card
V010997,PT00848,DR043,D06,2024-10-05,Chemotherapy,543756,1,8,Normal,Insurance
V010998,PT00918,DR020,D01,2025-01-17,CAD,337354,1,7,Normal,Card
V010999,PT03353,DR075,D01,2025-08-06,Arrhythmia,619,0,0,Not Admitted,UPI
V011000,PT03170,DR042,D01,2025-04-07,Heart Failure,4279,0,0,Not Admitted,Insurance
V011001,PT03475,DR075,D01,2025-08-02,Arrhythmia,432317,1,0,Normal,Insurance
V011002,PT02375,DR039,D03,2025-04-30,Viral Infection,2784,0,0,Not Admitted,UPI
V011003,PT03525,DR021,D07,2024-05-29,Thyroid,6778,0,0,Not Admitted,Cash
V011004,PT03433,DR026,D05,2024-09-26,Burns,4367,0,0,Not Admitted,UPI
V011005,PT02396,DR076,D04,2025-09-30,Migraine,298806,1,2,Normal,Cash
V011006,PT03719,DR020,D01,2024-10-15,CAD,6466,0,0,Not Admitted,Cash
V011007,PT04265,DR074,D03,2024-10-20,Vaccination,789094,1,4,LAMA,UPI
V011008,PT01114,DR050,D07,2024-10-12,Diabetes,3746,0,0,Not Admitted,Card
V011009,PT03544,DR037,D02,2024-11-11,Arthritis,2625,0,0,Not Admitted,UPI
V011010,PT04847,DR015,D06,2024-09-11,Radiotherapy,4796,0,0,Not Admitted,Cash
V011011,PT01672,DR072,D06,2025-12-25,Chemotherapy,2797,0,0,Not Admitted,Card
V011012,PT03744,DR058,D03,2024-01-06,Fever,2674,0,0,Not Admitted,UPI
V011013,PT02989,DR058,D03,2025-02-01,Vaccination,7764,0,0,Not Admitted,UPI
V011014,PT02817,DR009,D04,2025-12-10,Epilepsy,170898,1,2,Normal,Card
V011015,PT01659,DR058,D03,2025-03-13,Fever,2560,0,0,Not Admitted,UPI
V011016,PT00187,DR071,D03,2024-11-21,Fever,3805,0,0,Not Admitted,UPI
V011017,PT03801,DR058,D03,2024-11-30,Asthma,7418,0,0,Not Admitted,Card
V011018,PT00577,DR049,D01,2024-02-17,CAD,3371,0,0,Not Admitted,Insurance
V011019,PT04444,DR006,D02,2024-08-11,Fracture,7001,0,0,Not Admitted,Insurance
V011020,PT02275,DR030,D02,2024-07-15,Fracture,3203,0,0,Not Admitted,Card
V011021,PT02651,DR026,D05,2024-05-27,Poisoning,516826,1,9,Normal,Card
V011022,PT02588,DR011,D08,2024-12-02,Fertility,5238,0,0,Not Admitted,Insurance
V011023,PT03949,DR052,D06,2024-09-11,Post-op Care,2167,0,0,Not Admitted,Cash
V011024,PT02889,DR022,D08,2025-09-16,Menstrual Disorder,2166,0,0,Not Admitted,UPI
V011025,PT00239,DR051,D05,2024-02-29,Severe Bleeding,7058,0,0,Not Admitted,Insurance
V011026,PT01619,DR048,D04,2025-01-21,Epilepsy,338841,1,7,Normal,Cash
V011027,PT04380,DR034,D08,2024-06-10,Fertility,4969,0,0,Not Admitted,Cash
V011028,PT04809,DR062,D08,2024-06-21,Fertility,3745,0,0,Not Admitted,Insurance
V011029,PT03733,DR080,D05,2025-01-19,Severe Bleeding,844,0,0,Not Admitted,Cash
V011030,PT01098,DR001,D02,2025-01-12,Fracture,561198,1,6,Normal,Insurance
V011031,PT04044,DR074,D03,2024-09-15,Viral Infection,7273,0,0,Not Admitted,Insurance
V011032,PT01513,DR008,D02,2025-04-24,Ligament Tear,1083,0,0,Not Admitted,Cash
V011033,PT00825,DR054,D02,2025-06-11,Back Pain,448584,1,0,Normal,Insurance
V011034,PT03558,DR052,D06,2025-10-05,Radiotherapy,795643,1,5,Normal,UPI
V011035,PT02849,DR022,D08,2024-10-07,PCOS,1110,0,0,Not Admitted,Cash
V011036,PT00647,DR078,D06,2025-04-09,Post-op Care,83206,1,12,Normal,Insurance
V011037,PT02629,DR010,D02,2025-06-29,Fracture,2299,0,0,Not Admitted,Cash
V011038,PT00810,DR065,D04,2025-02-23,Migraine,6109,0,0,Not Admitted,Card
V011039,PT04919,DR068,D03,2024-12-21,Asthma,7070,0,0,Not Admitted,Cash
V011040,PT03941,DR044,D08,2025-05-01,Menstrual Disorder,2161,0,0,Not Admitted,Card
V011041,PT02044,DR049,D01,2025-03-23,CAD,3925,0,0,Not Admitted,Card
V011042,PT03523,DR033,D05,2024-11-16,Trauma,2950,0,0,Not Admitted,Cash
V011043,PT02027,DR032,D07,2024-12-03,Thyroid,6179,0,0,Not Admitted,Card
V011044,PT00971,DR005,D05,2025-10-30,Severe Bleeding,505153,1,5,Normal,Cash
V011045,PT02170,DR011,D08,2024-01-21,Menstrual Disorder,7623,0,0,Not Admitted,Cash
V011046,PT00386,DR052,D06,2025-08-06,Post-op Care,7407,0,0,Not Admitted,Card
V011047,PT02540,DR020,D01,2025-06-28,CAD,6103,0,0,Not Admitted,Insurance
V011048,PT00592,DR033,D05,2025-12-25,Severe Bleeding,2372,0,0,Not Admitted,Cash
V011049,PT02292,DR025,D05,2024-07-17,Burns,5717,0,0,Not Admitted,Card
V011050,PT04388,DR039,D03,2024-04-06,Vaccination,465457,1,4,Referred,UPI
V011051,PT01105,DR071,D03,2025-02-01,Fever,6096,0,0,Not Admitted,Card
V011052,PT00947,DR022,D08,2025-06-14,Fertility,2133,0,0,Not Admitted,Card
V011053,PT02317,DR075,D01,2024-04-07,Heart Failure,158122,1,1,Normal,Cash
V011054,PT03923,DR044,D08,2025-11-28,PCOS,4107,0,0,Not Admitted,UPI
V011055,PT04636,DR051,D05,2024-05-15,Burns,673115,1,1,Expired,UPI
V011056,PT00884,DR045,D08,2024-12-18,Menstrual Disorder,2144,0,0,Not Admitted,Cash
V011057,PT03586,DR066,D08,2025-08-25,Prenatal Care,211883,1,0,Normal,Insurance
V011058,PT02752,DR049,D01,2025-12-27,Heart Failure,4294,0,0,Not Admitted,UPI
V011059,PT04924,DR012,D04,2024-04-02,Epilepsy,1033,0,0,Not Admitted,Cash
V011060,PT00405,DR074,D03,2024-08-26,Vaccination,1901,0,0,Not Admitted,Cash
V011061,PT03741,DR026,D05,2024-02-14,Poisoning,5170,0,0,Not Admitted,Card
V011062,PT00966,DR062,D08,2025-05-04,Prenatal Care,7151,0,0,Not Admitted,Insurance
V011063,PT00883,DR074,D03,2024-12-13,Fever,730026,1,10,Normal,Insurance
V011064,PT00748,DR032,D07,2024-05-18,Thyroid,2424,0,0,Not Admitted,UPI
V011065,PT00973,DR070,D03,2024-04-07,Viral Infection,4252,0,0,Not Admitted,Insurance
V011066,PT00602,DR075,D01,2025-08-31,Hypertension,45838,1,1,Normal,Cash
V011067,PT04314,DR051,D05,2025-10-25,Burns,6058,0,0,Not Admitted,UPI
V011068,PT02730,DR040,D08,2024-04-18,PCOS,7952,0,0,Not Admitted,UPI
V011069,PT03147,DR020,D01,2025-10-28,Heart Failure,4298,0,0,Not Admitted,UPI
V011070,PT00180,DR059,D01,2024-04-15,Hypertension,7308,0,0,Not Admitted,Cash
V011071,PT00576,DR022,D08,2025-08-18,Fertility,5300,0,0,Not Admitted,Card
V011072,PT04321,DR052,D06,2025-09-27,Radiotherapy,6796,0,0,Not Admitted,Cash
V011073,PT01086,DR034,D08,2025-08-27,PCOS,6813,0,0,Not Admitted,Insurance
V011074,PT00585,DR016,D06,2025-08-30,Chemotherapy,1592,0,0,Not Admitted,Card
V011075,PT00698,DR068,D03,2024-07-05,Fever,7147,0,0,Not Admitted,Card
V011076,PT01368,DR001,D02,2024-06-22,Back Pain,4288,0,0,Not Admitted,UPI
V011077,PT00716,DR074,D03,2024-01-17,Asthma,3398,0,0,Not Admitted,Card
V011078,PT01984,DR026,D05,2024-10-02,Severe Bleeding,7345,0,0,Not Admitted,Cash
V011079,PT04151,DR033,D05,2024-11-13,Severe Bleeding,4590,0,0,Not Admitted,Card
V011080,PT02499,DR027,D06,2024-08-18,Radiotherapy,2397,0,0,Not Admitted,Cash
V011081,PT04355,DR078,D06,2024-08-28,Chemotherapy,540597,1,4,Expired,Insurance
V011082,PT00022,DR049,D01,2025-01-05,CAD,5222,0,0,Not Admitted,Cash
V011083,PT04574,DR026,D05,2025-05-07,Burns,5027,0,0,Not Admitted,Card
V011084,PT02191,DR027,D06,2025-05-17,Post-op Care,6896,0,0,Not Admitted,Insurance
V011085,PT03894,DR006,D02,2025-12-03,Fracture,2138,0,0,Not Admitted,Cash
V011086,PT00855,DR058,D03,2025-08-02,Viral Infection,177215,1,10,Normal,UPI
V011087,PT04984,DR077,D01,2025-11-15,Hypertension,2116,0,0,Not Admitted,Insurance
V011088,PT02863,DR069,D07,2025-05-25,Thyroid,2507,0,0,Not Admitted,Insurance
V011089,PT04085,DR049,D01,2024-10-30,CAD,4735,0,0,Not Admitted,Insurance
V011090,PT04145,DR069,D07,2025-11-27,Diabetes,779,0,0,Not Admitted,Cash
V011091,PT01527,DR052,D06,2025-07-18,Radiotherapy,1572,0,0,Not Admitted,Insurance
V011092,PT03108,DR004,D05,2025-07-05,Poisoning,7884,0,0,Not Admitted,UPI
V011093,PT04187,DR069,D07,2024-09-24,Diabetes,3032,0,0,Not Admitted,Cash
V011094,PT03230,DR065,D04,2024-07-19,Epilepsy,4748,0,0,Not Admitted,UPI
V011095,PT04185,DR005,D05,2024-09-23,Poisoning,1114,0,0,Not Admitted,Card
V011096,PT03434,DR041,D07,2025-01-31,Infection,3793,0,0,Not Admitted,Insurance
V011097,PT04371,DR019,D04,2025-02-23,Stroke,3913,0,0,Not Admitted,Cash
V011098,PT02226,DR009,D04,2025-05-15,Stroke,6863,0,0,Not Admitted,UPI
V011099,PT03320,DR072,D06,2025-12-06,Tumor Screening,5536,0,0,Not Admitted,Cash
V011100,PT01443,DR022,D08,2025-02-18,Prenatal Care,5362,0,0,Not Admitted,Card
V011101,PT04180,DR033,D05,2024-06-30,Trauma,5359,0,0,Not Admitted,Cash
V011102,PT02829,DR044,D08,2025-08-29,Fertility,2689,0,0,Not Admitted,Insurance
V011103,PT03100,DR058,D03,2024-06-16,Fever,7152,0,0,Not Admitted,UPI
V011104,PT04744,DR077,D01,2024-11-04,CAD,348175,1,12,Referred,Insurance
V011105,PT01882,DR075,D01,2024-11-04,CAD,4444,0,0,Not Admitted,Cash
V011106,PT01409,DR027,D06,2024-08-16,Radiotherapy,5334,0,0,Not Admitted,UPI
V011107,PT02178,DR068,D03,2025-07-15,Vaccination,2325,0,0,Not Admitted,Card
V011108,PT02252,DR055,D02,2024-07-18,Ligament Tear,3934,0,0,Not Admitted,Insurance
V011109,PT04455,DR005,D05,2025-01-24,Trauma,1296,0,0,Not Admitted,Card
V011110,PT01685,DR041,D07,2025-07-21,Fever,3180,0,0,Not Admitted,Card
V011111,PT01039,DR054,D02,2024-11-06,Ligament Tear,7956,0,0,Not Admitted,Cash
V011112,PT01667,DR072,D06,2025-01-23,Tumor Screening,849,0,0,Not Admitted,Insurance
V011113,PT00171,DR029,D05,2024-03-25,Severe Bleeding,5131,0,0,Not Admitted,Cash
V011114,PT04470,DR033,D05,2025-05-31,Burns,2121,0,0,Not Admitted,UPI
V011115,PT01296,DR075,D01,2024-11-01,Hypertension,758564,1,1,Normal,Cash
V011116,PT02661,DR030,D02,2025-05-18,Ligament Tear,5498,0,0,Not Admitted,Card
V011117,PT04847,DR029,D05,2025-12-10,Burns,7261,0,0,Not Admitted,Insurance
V011118,PT03365,DR069,D07,2024-08-26,Infection,878,0,0,Not Admitted,Card
V011119,PT02886,DR077,D01,2024-09-24,Arrhythmia,478674,1,5,LAMA,Insurance
V011120,PT00883,DR025,D05,2025-09-24,Severe Bleeding,5568,0,0,Not Admitted,Card
V011121,PT04146,DR074,D03,2024-11-30,Fever,7038,0,0,Not Admitted,Insurance
V011122,PT01137,DR051,D05,2025-09-06,Severe Bleeding,5339,0,0,Not Admitted,UPI
V011123,PT00680,DR001,D02,2024-09-02,Arthritis,4568,0,0,Not Admitted,Insurance
V011124,PT01411,DR059,D01,2025-04-30,Arrhythmia,2687,0,0,Not Admitted,Card
V011125,PT01236,DR020,D01,2024-06-16,Heart Failure,774,0,0,Not Admitted,Card
V011126,PT02576,DR071,D03,2025-03-28,Vaccination,3893,0,0,Not Admitted,Card
V011127,PT02879,DR008,D02,2024-06-07,Fracture,3822,0,0,Not Admitted,Cash
V011128,PT02701,DR041,D07,2024-07-25,Infection,555851,1,5,Normal,Insurance
V011129,PT00359,DR057,D04,2025-06-15,Migraine,2214,0,0,Not Admitted,Cash
V011130,PT01027,DR012,D04,2024-08-24,Migraine,6621,0,0,Not Admitted,Insurance
V011131,PT02281,DR033,D05,2025-08-28,Burns,1539,0,0,Not Admitted,Insurance
V011132,PT02838,DR077,D01,2024-12-03,Arrhythmia,5956,0,0,Not Admitted,UPI
V011133,PT01570,DR006,D02,2024-06-09,Ligament Tear,253777,1,9,Normal,Insurance
V011134,PT02804,DR045,D08,2024-10-04,Fertility,494603,1,6,Normal,UPI
V011135,PT03756,DR017,D08,2024-08-09,PCOS,1932,0,0,Not Admitted,Card
V011136,PT01575,DR080,D05,2025-05-28,Trauma,7828,0,0,Not Admitted,Insurance
V011137,PT04663,DR053,D03,2024-08-24,Vaccination,6906,0,0,Not Admitted,UPI
V011138,PT04970,DR006,D02,2025-09-27,Back Pain,138795,1,5,Referred,Insurance
V011139,PT02674,DR002,D02,2025-05-16,Ligament Tear,624117,1,6,Normal,Card
V011140,PT00255,DR031,D03,2025-04-20,Asthma,139106,1,7,Normal,Card
V011141,PT00181,DR042,D01,2024-08-03,CAD,5505,0,0,Not Admitted,Insurance
V011142,PT01260,DR052,D06,2025-02-26,Radiotherapy,3984,0,0,Not Admitted,Insurance
V011143,PT02746,DR017,D08,2024-04-03,PCOS,1120,0,0,Not Admitted,UPI
V011144,PT01625,DR032,D07,2024-11-10,Fever,739625,1,4,Normal,UPI
V011145,PT02915,DR017,D08,2024-07-06,Fertility,2263,0,0,Not Admitted,Insurance
V011146,PT03486,DR014,D04,2025-10-27,Migraine,6243,0,0,Not Admitted,Card
V011147,PT03731,DR018,D05,2024-01-01,Poisoning,2438,0,0,Not Admitted,Insurance
V011148,PT03637,DR011,D08,2025-10-22,Menstrual Disorder,2001,0,0,Not Admitted,Card
V011149,PT00654,DR024,D05,2025-05-20,Trauma,58906,1,10,Normal,Insurance
V011150,PT03143,DR059,D01,2025-07-22,Hypertension,6286,0,0,Not Admitted,Insurance
V011151,PT04311,DR041,D07,2024-12-26,Fever,4804,0,0,Not Admitted,Insurance
V011152,PT02913,DR003,D04,2025-10-22,Migraine,929,0,0,Not Admitted,Cash
V011153,PT04773,DR049,D01,2024-06-01,Hypertension,1299,0,0,Not Admitted,Insurance
V011154,PT03852,DR052,D06,2025-06-11,Tumor Screening,3885,0,0,Not Admitted,Card
V011155,PT01304,DR049,D01,2025-02-23,CAD,7117,0,0,Not Admitted,Cash
V011156,PT00640,DR011,D08,2025-01-31,Menstrual Disorder,1787,0,0,Not Admitted,UPI
V011157,PT02318,DR072,D06,2024-10-11,Radiotherapy,6745,0,0,Not Admitted,Cash
V011158,PT01448,DR051,D05,2024-12-07,Trauma,275860,1,1,Expired,Card
V011159,PT02965,DR039,D03,2025-12-30,Asthma,3522,0,0,Not Admitted,UPI
V011160,PT00357,DR032,D07,2025-07-20,Thyroid,6156,0,0,Not Admitted,Card
V011161,PT02858,DR046,D02,2024-11-25,Back Pain,2994,0,0,Not Admitted,UPI
V011162,PT03714,DR066,D08,2024-03-25,Fertility,2911,0,0,Not Admitted,Card
V011163,PT01606,DR053,D03,2024-07-05,Vaccination,3462,0,0,Not Admitted,Insurance
V011164,PT01015,DR032,D07,2025-01-28,Fever,6817,0,0,Not Admitted,Card
V011165,PT03800,DR010,D02,2025-03-23,Back Pain,418418,1,5,Normal,Card
V011166,PT03803,DR067,D07,2025-04-09,Infection,4667,0,0,Not Admitted,Card
V011167,PT03748,DR014,D04,2024-10-01,Stroke,866,0,0,Not Admitted,Card
V011168,PT01703,DR049,D01,2024-11-06,CAD,5201,0,0,Not Admitted,Insurance
V011169,PT03494,DR068,D03,2024-06-22,Fever,5233,0,0,Not Admitted,Insurance
V011170,PT03607,DR067,D07,2024-08-29,Diabetes,4089,0,0,Not Admitted,Cash
V011171,PT04006,DR015,D06,2024-10-23,Radiotherapy,643,0,0,Not Admitted,Insurance
V011172,PT00923,DR042,D01,2024-11-07,Arrhythmia,2681,0,0,Not Admitted,Insurance
V011173,PT03838,DR033,D05,2025-07-25,Poisoning,7758,0,0,Not Admitted,Cash
V011174,PT02023,DR001,D02,2025-02-07,Arthritis,1881,0,0,Not Admitted,UPI
V011175,PT01106,DR027,D06,2024-06-05,Tumor Screening,4653,0,0,Not Admitted,Insurance
V011176,PT02547,DR032,D07,2025-12-24,Diabetes,677,0,0,Not Admitted,Cash
V011177,PT03549,DR067,D07,2024-06-03,Thyroid,69273,1,4,Normal,Cash
V011178,PT03110,DR078,D06,2024-05-08,Post-op Care,601939,1,10,Normal,Cash
V011179,PT02954,DR077,D01,2024-08-19,CAD,291768,1,1,Normal,Card
V011180,PT03473,DR037,D02,2025-09-20,Arthritis,1015,0,0,Not Admitted,Cash
V011181,PT02630,DR021,D07,2024-07-18,Diabetes,6921,0,0,Not Admitted,Cash
V011182,PT04314,DR031,D03,2024-11-16,Viral Infection,107621,1,2,Normal,Card
V011183,PT01663,DR067,D07,2025-10-27,Infection,5401,0,0,Not Admitted,Cash
V011184,PT03275,DR042,D01,2024-06-19,Arrhythmia,7380,0,0,Not Admitted,Cash
V011185,PT02646,DR044,D08,2025-02-10,Menstrual Disorder,7323,0,0,Not Admitted,Insurance
V011186,PT02134,DR017,D08,2024-10-22,PCOS,2738,0,0,Not Admitted,UPI
V011187,PT04016,DR078,D06,2025-06-01,Tumor Screening,2729,0,0,Not Admitted,Cash
V011188,PT04912,DR039,D03,2025-02-18,Vaccination,5440,0,0,Not Admitted,Card
V011189,PT04049,DR026,D05,2024-07-15,Burns,611613,1,4,Normal,UPI
V011190,PT04708,DR004,D05,2025-04-15,Burns,6877,0,0,Not Admitted,Card
V011191,PT04614,DR022,D08,2024-11-15,Fertility,3328,0,0,Not Admitted,Cash
V011192,PT00670,DR009,D04,2024-08-20,Epilepsy,6536,0,0,Not Admitted,Cash
V011193,PT00682,DR011,D08,2024-01-04,Fertility,579,0,0,Not Admitted,UPI
V011194,PT03087,DR054,D02,2024-04-10,Back Pain,129324,1,9,Normal,Insurance
V011195,PT00379,DR067,D07,2025-06-04,Infection,1589,0,0,Not Admitted,Insurance
V011196,PT03003,DR045,D08,2024-05-09,PCOS,126952,1,2,Normal,UPI
V011197,PT00937,DR007,D05,2024-05-09,Burns,4953,0,0,Not Admitted,Cash
V011198,PT04644,DR061,D02,2025-05-30,Back Pain,3620,0,0,Not Admitted,Card
V011199,PT03103,DR068,D03,2025-01-10,Asthma,1527,0,0,Not Admitted,UPI
V011200,PT02443,DR006,D02,2024-01-03,Ligament Tear,1171,0,0,Not Admitted,Insurance
V011201,PT01229,DR011,D08,2025-10-13,Prenatal Care,410245,1,8,Normal,Card
V011202,PT04547,DR030,D02,2025-12-05,Back Pain,4229,0,0,Not Admitted,Cash
V011203,PT01639,DR001,D02,2025-06-05,Arthritis,3428,0,0,Not Admitted,UPI
V011204,PT03573,DR070,D03,2025-01-11,Asthma,2226,0,0,Not Admitted,UPI
V011205,PT01020,DR041,D07,2025-12-13,Fever,121712,1,9,Normal,Card
V011206,PT03992,DR045,D08,2025-09-21,Menstrual Disorder,2400,0,0,Not Admitted,Insurance
V011207,PT01212,DR031,D03,2024-10-19,Asthma,4923,0,0,Not Admitted,Card
V011208,PT04705,DR017,D08,2024-09-15,Prenatal Care,2836,0,0,Not Admitted,Card
V011209,PT03975,DR041,D07,2024-03-02,Diabetes,3224,0,0,Not Admitted,Card
V011210,PT00334,DR049,D01,2024-09-27,Hypertension,5781,0,0,Not Admitted,Card
V011211,PT04309,DR068,D03,2024-11-06,Asthma,4252,0,0,Not Admitted,Insurance
V011212,PT02313,DR070,D03,2025-06-09,Vaccination,7278,0,0,Not Admitted,Cash
V011213,PT04615,DR007,D05,2025-12-08,Severe Bleeding,1957,0,0,Not Admitted,UPI
V011214,PT02364,DR022,D08,2025-08-25,Fertility,7411,0,0,Not Admitted,Insurance
V011215,PT02873,DR070,D03,2025-01-11,Vaccination,5511,0,0,Not Admitted,UPI
V011216,PT04735,DR074,D03,2024-09-10,Vaccination,30453,1,5,Normal,Cash
V011217,PT01161,DR004,D05,2024-06-18,Poisoning,6486,0,0,Not Admitted,UPI
V011218,PT02029,DR070,D03,2024-11-29,Viral Infection,5675,0,0,Not Admitted,Cash
V011219,PT03007,DR051,D05,2024-03-22,Trauma,6511,0,0,Not Admitted,UPI
V011220,PT00550,DR067,D07,2025-03-02,Infection,5567,0,0,Not Admitted,UPI
V011221,PT04187,DR067,D07,2024-07-20,Diabetes,1593,0,0,Not Admitted,UPI
V011222,PT00041,DR053,D03,2024-12-27,Asthma,5917,0,0,Not Admitted,Cash
V011223,PT01320,DR080,D05,2024-05-10,Poisoning,1622,0,0,Not Admitted,Insurance
V011224,PT00560,DR040,D08,2024-05-08,Fertility,710,0,0,Not Admitted,UPI
V011225,PT02442,DR058,D03,2025-10-22,Asthma,791711,1,2,Normal,Card
V011226,PT00777,DR043,D06,2025-08-31,Chemotherapy,4890,0,0,Not Admitted,Insurance
V011227,PT04362,DR005,D05,2025-11-02,Severe Bleeding,5876,0,0,Not Admitted,Cash
V011228,PT02752,DR029,D05,2025-01-30,Trauma,4955,0,0,Not Admitted,Cash
V011229,PT04579,DR025,D05,2025-06-19,Burns,2296,0,0,Not Admitted,UPI
V011230,PT03336,DR018,D05,2024-06-21,Trauma,1244,0,0,Not Admitted,Insurance
V011231,PT00316,DR015,D06,2025-08-23,Chemotherapy,6297,0,0,Not Admitted,UPI
V011232,PT03786,DR043,D06,2024-08-13,Chemotherapy,3739,0,0,Not Admitted,Cash
V011233,PT00780,DR011,D08,2025-05-04,Fertility,3402,0,0,Not Admitted,Insurance
V011234,PT02205,DR062,D08,2024-10-26,Prenatal Care,3671,0,0,Not Admitted,Insurance
V011235,PT02525,DR076,D04,2024-10-18,Epilepsy,1535,0,0,Not Admitted,Cash
V011236,PT02697,DR043,D06,2025-02-28,Post-op Care,541950,1,6,Normal,Card
V011237,PT00791,DR035,D06,2025-07-10,Chemotherapy,5516,0,0,Not Admitted,Cash
V011238,PT01644,DR057,D04,2024-04-07,Neuropathy,3253,0,0,Not Admitted,UPI
V011239,PT02132,DR042,D01,2024-06-18,Arrhythmia,325397,1,7,Normal,Insurance
V011240,PT03563,DR067,D07,2025-03-25,Infection,1417,0,0,Not Admitted,Card
V011241,PT00785,DR050,D07,2025-10-26,Infection,946,0,0,Not Admitted,UPI
V011242,PT02119,DR027,D06,2024-01-02,Post-op Care,4571,0,0,Not Admitted,Insurance
V011243,PT03533,DR015,D06,2025-03-18,Tumor Screening,1728,0,0,Not Admitted,Cash
V011244,PT03156,DR014,D04,2024-01-27,Neuropathy,2965,0,0,Not Admitted,Cash
V011245,PT01057,DR041,D07,2024-09-25,Fever,349815,1,6,Normal,Card
V011246,PT04476,DR067,D07,2025-02-26,Fever,7100,0,0,Not Admitted,Cash
V011247,PT02913,DR074,D03,2024-06-20,Viral Infection,1077,0,0,Not Admitted,UPI
V011248,PT01250,DR041,D07,2024-01-28,Thyroid,1535,0,0,Not Admitted,Card
V011249,PT00125,DR046,D02,2025-04-20,Back Pain,6840,0,0,Not Admitted,Card
V011250,PT01530,DR038,D04,2024-05-27,Neuropathy,3095,0,0,Not Admitted,Insurance
V011251,PT01439,DR016,D06,2024-07-19,Chemotherapy,5583,0,0,Not Admitted,Insurance
V011252,PT04108,DR021,D07,2025-07-29,Infection,3276,0,0,Not Admitted,UPI
V011253,PT04432,DR001,D02,2025-10-20,Ligament Tear,5411,0,0,Not Admitted,Card
V011254,PT00215,DR047,D04,2024-02-16,Stroke,702,0,0,Not Admitted,Insurance
V011255,PT02787,DR046,D02,2025-08-05,Ligament Tear,5472,0,0,Not Admitted,Insurance
V011256,PT04029,DR050,D07,2024-11-27,Thyroid,624654,1,7,Normal,Card
V011257,PT00283,DR002,D02,2025-01-20,Ligament Tear,1567,0,0,Not Admitted,UPI
V011258,PT00261,DR077,D01,2025-05-06,Heart Failure,6190,0,0,Not Admitted,Insurance
V011259,PT01372,DR066,D08,2024-05-09,Prenatal Care,831,0,0,Not Admitted,Card
V011260,PT03337,DR067,D07,2024-07-29,Diabetes,299630,1,1,Normal,Card
V011261,PT03422,DR077,D01,2025-10-21,CAD,111089,1,10,Normal,UPI
V011262,PT03065,DR034,D08,2025-05-07,PCOS,845,0,0,Not Admitted,Insurance
V011263,PT03076,DR039,D03,2024-02-03,Fever,3071,0,0,Not Admitted,Insurance
V011264,PT00110,DR040,D08,2025-01-23,Menstrual Disorder,2207,0,0,Not Admitted,Card
V011265,PT00196,DR012,D04,2025-07-25,Neuropathy,7830,0,0,Not Admitted,Insurance
V011266,PT04369,DR078,D06,2024-09-21,Chemotherapy,5725,0,0,Not Admitted,Insurance
V011267,PT01551,DR028,D06,2024-12-09,Chemotherapy,994,0,0,Not Admitted,Card
V011268,PT04555,DR071,D03,2025-06-23,Viral Infection,420182,1,4,LAMA,Insurance
V011269,PT01212,DR024,D05,2024-03-04,Burns,6998,0,0,Not Admitted,UPI
V011270,PT01122,DR070,D03,2025-06-30,Viral Infection,6345,0,0,Not Admitted,Cash
V011271,PT02547,DR069,D07,2025-04-30,Diabetes,7036,0,0,Not Admitted,Insurance
V011272,PT01359,DR067,D07,2024-02-04,Infection,341651,1,12,Normal,Insurance
V011273,PT04618,DR001,D02,2025-06-23,Ligament Tear,1388,0,0,Not Admitted,UPI
V011274,PT00381,DR046,D02,2025-08-17,Fracture,2764,0,0,Not Admitted,Card
V011275,PT00081,DR076,D04,2025-02-02,Epilepsy,3130,0,0,Not Admitted,Cash
V011276,PT03672,DR068,D03,2025-09-27,Fever,4633,0,0,Not Admitted,Insurance
V011277,PT04698,DR066,D08,2024-08-07,Fertility,271778,1,7,Normal,Insurance
V011278,PT00798,DR020,D01,2024-11-15,Heart Failure,255704,1,0,Normal,Insurance
V011279,PT03183,DR051,D05,2025-07-17,Burns,2615,0,0,Not Admitted,Insurance
V011280,PT02618,DR056,D02,2024-07-23,Arthritis,252303,1,9,Normal,Card
V011281,PT00931,DR061,D02,2024-06-25,Ligament Tear,295185,1,10,Normal,Cash
V011282,PT01095,DR004,D05,2024-06-13,Severe Bleeding,2556,0,0,Not Admitted,Insurance
V011283,PT03300,DR027,D06,2024-05-08,Radiotherapy,715,0,0,Not Admitted,UPI
V011284,PT02465,DR015,D06,2024-09-01,Chemotherapy,2212,0,0,Not Admitted,Card
V011285,PT00215,DR027,D06,2024-09-28,Tumor Screening,7374,0,0,Not Admitted,Card
V011286,PT00210,DR017,D08,2024-03-11,Menstrual Disorder,6515,0,0,Not Admitted,Card
V011287,PT04809,DR050,D07,2024-05-29,Thyroid,423288,1,4,Normal,Insurance
V011288,PT00020,DR035,D06,2025-10-06,Chemotherapy,2845,0,0,Not Admitted,Cash
V011289,PT00498,DR050,D07,2025-10-16,Thyroid,830,0,0,Not Admitted,Cash
V011290,PT00533,DR027,D06,2024-10-07,Tumor Screening,2389,0,0,Not Admitted,Insurance
V011291,PT01629,DR019,D04,2024-03-20,Neuropathy,2602,0,0,Not Admitted,UPI
V011292,PT00499,DR010,D02,2024-06-28,Ligament Tear,5307,0,0,Not Admitted,Card
V011293,PT00103,DR033,D05,2025-01-18,Burns,7493,0,0,Not Admitted,Insurance
V011294,PT02432,DR024,D05,2025-01-24,Severe Bleeding,6402,0,0,Not Admitted,Card
V011295,PT04281,DR051,D05,2024-05-06,Severe Bleeding,78364,1,6,LAMA,UPI
V011296,PT01860,DR042,D01,2025-01-30,Heart Failure,3973,0,0,Not Admitted,Insurance
V011297,PT03296,DR067,D07,2025-01-31,Thyroid,6856,0,0,Not Admitted,Insurance
V011298,PT02749,DR032,D07,2025-01-10,Infection,7360,0,0,Not Admitted,Cash
V011299,PT03193,DR069,D07,2024-09-03,Fever,3642,0,0,Not Admitted,UPI
V011300,PT00758,DR076,D04,2025-01-20,Migraine,699,0,0,Not Admitted,Insurance
V011301,PT01069,DR074,D03,2024-12-09,Fever,539788,1,6,Normal,UPI
V011302,PT00191,DR035,D06,2024-10-21,Radiotherapy,6089,0,0,Not Admitted,Card
V011303,PT00646,DR057,D04,2025-08-31,Epilepsy,6645,0,0,Not Admitted,Insurance
V011304,PT00858,DR051,D05,2024-05-09,Severe Bleeding,1590,0,0,Not Admitted,Insurance
V011305,PT00676,DR079,D04,2024-10-21,Neuropathy,6072,0,0,Not Admitted,Card
V011306,PT03328,DR080,D05,2024-05-13,Burns,4525,0,0,Not Admitted,Insurance
V011307,PT04842,DR003,D04,2024-03-28,Epilepsy,785,0,0,Not Admitted,Insurance
V011308,PT00295,DR020,D01,2025-10-09,Hypertension,3229,0,0,Not Admitted,Cash
V011309,PT01553,DR032,D07,2025-09-24,Diabetes,1230,0,0,Not Admitted,Cash
V011310,PT02913,DR015,D06,2024-12-11,Post-op Care,7365,0,0,Not Admitted,Card
V011311,PT04026,DR075,D01,2025-09-27,CAD,3045,0,0,Not Admitted,Cash
V011312,PT01868,DR021,D07,2024-11-15,Diabetes,5060,0,0,Not Admitted,Cash
V011313,PT00650,DR013,D04,2025-02-04,Stroke,397015,1,10,Normal,UPI
V011314,PT03332,DR007,D05,2025-11-24,Trauma,6758,0,0,Not Admitted,Card
V011315,PT01817,DR031,D03,2024-08-01,Asthma,2804,0,0,Not Admitted,Cash
V011316,PT02458,DR067,D07,2024-08-16,Thyroid,3678,0,0,Not Admitted,Cash
V011317,PT04913,DR019,D04,2025-09-16,Stroke,3047,0,0,Not Admitted,Card
V011318,PT02107,DR011,D08,2025-12-25,Prenatal Care,1460,0,0,Not Admitted,UPI
V011319,PT03609,DR012,D04,2025-07-26,Migraine,5245,0,0,Not Admitted,Cash
V011320,PT04629,DR002,D02,2025-04-07,Ligament Tear,6194,0,0,Not Admitted,Card
V011321,PT03889,DR021,D07,2025-08-07,Fever,684,0,0,Not Admitted,Card
V011322,PT03091,DR067,D07,2024-04-11,Diabetes,1770,0,0,Not Admitted,UPI
V011323,PT00923,DR069,D07,2025-02-26,Thyroid,5260,0,0,Not Admitted,Cash
V011324,PT01483,DR069,D07,2025-10-07,Thyroid,286408,1,4,Normal,Card
V011325,PT04458,DR029,D05,2025-04-27,Burns,570232,1,12,Referred,Insurance
V011326,PT01348,DR077,D01,2024-04-11,Heart Failure,4010,0,0,Not Admitted,Cash
V011327,PT03152,DR060,D04,2025-07-01,Neuropathy,660492,1,3,Normal,Card
V011328,PT02455,DR049,D01,2024-03-29,CAD,4929,0,0,Not Admitted,Insurance
V011329,PT01291,DR057,D04,2025-10-28,Neuropathy,1712,0,0,Not Admitted,Card
V011330,PT03199,DR077,D01,2025-03-23,Arrhythmia,7285,0,0,Not Admitted,Cash
V011331,PT01529,DR062,D08,2024-07-27,Fertility,6935,0,0,Not Admitted,Cash
V011332,PT01178,DR025,D05,2024-07-24,Poisoning,4469,0,0,Not Admitted,Card
V011333,PT01040,DR021,D07,2025-10-12,Diabetes,38285,1,11,Normal,Card
V011334,PT02215,DR050,D07,2025-06-22,Thyroid,245288,1,2,LAMA,UPI
V011335,PT01386,DR063,D05,2024-11-08,Trauma,7663,0,0,Not Admitted,Card
V011336,PT00733,DR075,D01,2024-10-19,Heart Failure,6418,0,0,Not Admitted,Insurance
V011337,PT02940,DR026,D05,2025-04-22,Severe Bleeding,159538,1,10,Referred,Card
V011338,PT03551,DR004,D05,2024-06-06,Poisoning,702,0,0,Not Admitted,Card
V011339,PT00871,DR076,D04,2025-05-02,Stroke,7790,0,0,Not Admitted,Insurance
V011340,PT02951,DR011,D08,2024-06-14,PCOS,916,0,0,Not Admitted,UPI
V011341,PT03216,DR045,D08,2024-12-25,PCOS,3313,0,0,Not Admitted,UPI
V011342,PT00404,DR003,D04,2024-10-22,Migraine,5431,0,0,Not Admitted,Card
V011343,PT04851,DR045,D08,2025-05-21,Prenatal Care,3732,0,0,Not Admitted,UPI
V011344,PT03739,DR041,D07,2025-04-09,Infection,4027,0,0,Not Admitted,UPI
V011345,PT04142,DR021,D07,2025-03-25,Infection,4036,0,0,Not Admitted,Card
V011346,PT03533,DR038,D04,2025-02-07,Neuropathy,2482,0,0,Not Admitted,Cash
V011347,PT04610,DR019,D04,2024-08-30,Migraine,4925,0,0,Not Admitted,Insurance
V011348,PT04784,DR046,D02,2024-10-29,Ligament Tear,3559,0,0,Not Admitted,UPI
V011349,PT00007,DR001,D02,2024-04-05,Back Pain,946,0,0,Not Admitted,Cash
V011350,PT00279,DR066,D08,2024-11-19,Menstrual Disorder,2280,0,0,Not Admitted,Card
V011351,PT03487,DR043,D06,2025-10-12,Tumor Screening,7305,0,0,Not Admitted,Cash
V011352,PT04670,DR041,D07,2025-01-05,Thyroid,157069,1,8,Normal,Card
V011353,PT01657,DR023,D02,2025-04-19,Fracture,1158,0,0,Not Admitted,Cash
V011354,PT00842,DR042,D01,2025-07-17,Hypertension,289979,1,7,Normal,Card
V011355,PT00166,DR021,D07,2025-09-14,Infection,196978,1,9,Normal,Cash
V011356,PT00218,DR020,D01,2024-05-19,Arrhythmia,3424,0,0,Not Admitted,Card
V011357,PT03691,DR042,D01,2024-11-16,Heart Failure,5278,0,0,Not Admitted,UPI
V011358,PT00682,DR007,D05,2024-05-25,Burns,404113,1,7,Normal,UPI
V011359,PT02646,DR021,D07,2025-12-14,Infection,273547,1,8,Normal,Insurance
V011360,PT02350,DR080,D05,2025-12-12,Severe Bleeding,570313,1,5,Normal,Cash
V011361,PT02620,DR041,D07,2024-07-07,Diabetes,7752,0,0,Not Admitted,Card
V011362,PT01630,DR052,D06,2024-12-07,Tumor Screening,3388,0,0,Not Admitted,UPI
V011363,PT03181,DR040,D08,2024-06-14,PCOS,6994,0,0,Not Admitted,Insurance
V011364,PT03592,DR061,D02,2025-06-08,Back Pain,7372,0,0,Not Admitted,Insurance
V011365,PT02085,DR077,D01,2024-05-08,Arrhythmia,5308,0,0,Not Admitted,UPI
V011366,PT00403,DR078,D06,2025-10-30,Post-op Care,7466,0,0,Not Admitted,Card
V011367,PT01109,DR048,D04,2025-06-28,Neuropathy,1888,0,0,Not Admitted,Cash
V011368,PT03097,DR024,D05,2024-01-30,Trauma,1520,0,0,Not Admitted,UPI
V011369,PT01253,DR041,D07,2024-04-09,Fever,4131,0,0,Not Admitted,UPI
V011370,PT01764,DR045,D08,2024-10-30,Prenatal Care,2832,0,0,Not Admitted,Card
V011371,PT00830,DR034,D08,2024-02-26,Prenatal Care,4816,0,0,Not Admitted,Insurance
V011372,PT02244,DR055,D02,2025-07-17,Back Pain,1076,0,0,Not Admitted,Cash
V011373,PT04341,DR059,D01,2025-11-10,Hypertension,1859,0,0,Not Admitted,Cash
V011374,PT03012,DR034,D08,2025-02-03,Prenatal Care,2588,0,0,Not Admitted,Card
V011375,PT00451,DR049,D01,2025-01-03,CAD,6810,0,0,Not Admitted,Cash
V011376,PT04545,DR063,D05,2025-12-14,Trauma,4499,0,0,Not Admitted,Cash
V011377,PT01432,DR050,D07,2025-11-07,Infection,811,0,0,Not Admitted,UPI
V011378,PT01278,DR032,D07,2024-08-17,Infection,4290,0,0,Not Admitted,UPI
V011379,PT01572,DR007,D05,2025-04-13,Poisoning,7699,0,0,Not Admitted,UPI
V011380,PT04187,DR031,D03,2025-02-10,Fever,3479,0,0,Not Admitted,Cash
V011381,PT02738,DR049,D01,2024-04-29,Heart Failure,7326,0,0,Not Admitted,Cash
V011382,PT00368,DR078,D06,2025-08-30,Post-op Care,286469,1,5,Normal,UPI
V011383,PT00274,DR044,D08,2024-03-08,Fertility,5948,0,0,Not Admitted,Card
V011384,PT00188,DR070,D03,2024-01-16,Asthma,662,0,0,Not Admitted,Card
V011385,PT02720,DR014,D04,2025-12-17,Migraine,754392,1,3,Normal,Cash
V011386,PT02487,DR032,D07,2024-07-24,Thyroid,7269,0,0,Not Admitted,Cash
V011387,PT00641,DR041,D07,2025-05-16,Thyroid,749143,1,1,Normal,Card
V011388,PT03695,DR023,D02,2024-06-07,Fracture,1583,0,0,Not Admitted,Card
V011389,PT04777,DR034,D08,2025-01-11,Menstrual Disorder,6188,0,0,Not Admitted,UPI
V011390,PT00825,DR022,D08,2024-02-23,Menstrual Disorder,4025,0,0,Not Admitted,UPI
V011391,PT04409,DR044,D08,2025-08-03,PCOS,2286,0,0,Not Admitted,Card
V011392,PT03811,DR052,D06,2025-08-12,Tumor Screening,3176,0,0,Not Admitted,Card
V011393,PT04362,DR001,D02,2024-10-29,Ligament Tear,6719,0,0,Not Admitted,Insurance
V011394,PT03015,DR059,D01,2024-09-27,Heart Failure,3006,0,0,Not Admitted,UPI
V011395,PT04105,DR008,D02,2025-09-08,Arthritis,2224,0,0,Not Admitted,Insurance
V011396,PT03110,DR065,D04,2024-10-20,Epilepsy,5020,0,0,Not Admitted,Cash
V011397,PT04495,DR023,D02,2024-11-22,Back Pain,798974,1,7,Normal,Card
V011398,PT03469,DR052,D06,2024-10-26,Chemotherapy,3483,0,0,Not Admitted,UPI
V011399,PT03781,DR068,D03,2024-11-07,Asthma,1653,0,0,Not Admitted,Insurance
V011400,PT04445,DR017,D08,2025-02-13,Prenatal Care,6754,0,0,Not Admitted,Cash
V011401,PT01170,DR042,D01,2025-11-19,CAD,3008,0,0,Not Admitted,Cash
V011402,PT01817,DR024,D05,2024-06-28,Trauma,7092,0,0,Not Admitted,UPI
V011403,PT04441,DR050,D07,2025-12-07,Diabetes,1628,0,0,Not Admitted,Card
V011404,PT04428,DR074,D03,2024-02-10,Fever,2487,0,0,Not Admitted,UPI
V011405,PT02653,DR016,D06,2024-02-21,Chemotherapy,7751,0,0,Not Admitted,Insurance
V011406,PT01265,DR043,D06,2024-02-08,Post-op Care,4103,0,0,Not Admitted,Card
V011407,PT01973,DR075,D01,2024-05-26,Arrhythmia,5554,0,0,Not Admitted,Cash
V011408,PT04988,DR013,D04,2024-06-22,Epilepsy,388142,1,1,Normal,UPI
V011409,PT01038,DR024,D05,2025-07-05,Severe Bleeding,3517,0,0,Not Admitted,Cash
V011410,PT01040,DR067,D07,2024-04-07,Infection,4056,0,0,Not Admitted,Insurance
V011411,PT02001,DR021,D07,2025-08-31,Diabetes,1194,0,0,Not Admitted,UPI
V011412,PT00513,DR032,D07,2024-05-19,Diabetes,1793,0,0,Not Admitted,Insurance
V011413,PT02249,DR008,D02,2025-04-28,Arthritis,670891,1,7,Referred,Cash
V011414,PT01438,DR046,D02,2024-06-18,Back Pain,398165,1,2,Normal,Insurance
V011415,PT00191,DR070,D03,2024-05-10,Fever,5285,0,0,Not Admitted,Card
V011416,PT00902,DR018,D05,2024-10-17,Trauma,2679,0,0,Not Admitted,UPI
V011417,PT00897,DR057,D04,2025-04-13,Neuropathy,5607,0,0,Not Admitted,Cash
V011418,PT01767,DR047,D04,2024-11-23,Migraine,2261,0,0,Not Admitted,UPI
V011419,PT03277,DR050,D07,2024-01-18,Infection,3526,0,0,Not Admitted,Cash
V011420,PT00115,DR027,D06,2024-12-25,Chemotherapy,4716,0,0,Not Admitted,Insurance
V011421,PT00502,DR035,D06,2025-07-18,Radiotherapy,5476,0,0,Not Admitted,Card
V011422,PT04429,DR058,D03,2025-05-03,Asthma,6039,0,0,Not Admitted,Insurance
V011423,PT04339,DR050,D07,2024-01-10,Thyroid,307456,1,10,Normal,Insurance
V011424,PT01378,DR056,D02,2025-02-21,Ligament Tear,3407,0,0,Not Admitted,Card
V011425,PT02182,DR036,D04,2025-12-17,Epilepsy,7440,0,0,Not Admitted,Card
V011426,PT02251,DR032,D07,2025-03-25,Fever,2245,0,0,Not Admitted,UPI
V011427,PT00537,DR039,D03,2024-07-01,Asthma,469862,1,12,Normal,Card
V011428,PT01817,DR062,D08,2025-03-04,Prenatal Care,1151,0,0,Not Admitted,Card
V011429,PT02685,DR022,D08,2025-08-17,Fertility,2196,0,0,Not Admitted,Cash
V011430,PT01567,DR080,D05,2025-07-10,Severe Bleeding,4490,0,0,Not Admitted,Card
V011431,PT02976,DR011,D08,2024-10-25,PCOS,4755,0,0,Not Admitted,UPI
V011432,PT01362,DR009,D04,2025-03-15,Stroke,617148,1,6,Normal,Cash
V011433,PT03308,DR031,D03,2024-05-30,Viral Infection,4486,0,0,Not Admitted,UPI
V011434,PT01625,DR041,D07,2024-09-22,Infection,2122,0,0,Not Admitted,Cash
V011435,PT04616,DR054,D02,2024-08-16,Back Pain,1137,0,0,Not Admitted,Card
V011436,PT03491,DR071,D03,2025-07-25,Fever,1788,0,0,Not Admitted,Card
V011437,PT00521,DR052,D06,2025-05-17,Post-op Care,333800,1,1,Normal,Insurance
V011438,PT02418,DR029,D05,2025-01-05,Severe Bleeding,195974,1,3,Normal,Cash
V011439,PT03045,DR042,D01,2025-01-29,Arrhythmia,756983,1,12,Normal,Insurance
V011440,PT04147,DR040,D08,2024-11-15,Prenatal Care,3166,0,0,Not Admitted,Card
V011441,PT00666,DR069,D07,2024-11-11,Infection,7443,0,0,Not Admitted,UPI
V011442,PT04361,DR074,D03,2025-01-28,Viral Infection,6770,0,0,Not Admitted,Insurance
V011443,PT01878,DR069,D07,2025-04-10,Infection,529,0,0,Not Admitted,Cash
V011444,PT03739,DR049,D01,2025-03-14,Arrhythmia,6605,0,0,Not Admitted,UPI
V011445,PT00685,DR069,D07,2025-06-17,Infection,2903,0,0,Not Admitted,Insurance
V011446,PT01669,DR075,D01,2024-06-12,Heart Failure,1195,0,0,Not Admitted,Cash
V011447,PT04295,DR019,D04,2024-09-08,Neuropathy,5931,0,0,Not Admitted,Card
V011448,PT01325,DR049,D01,2024-07-28,Arrhythmia,504460,1,10,Normal,Card
V011449,PT00126,DR020,D01,2025-08-11,Arrhythmia,603945,1,6,Normal,Insurance
V011450,PT04250,DR012,D04,2025-05-08,Neuropathy,634847,1,0,Normal,Insurance
V011451,PT02034,DR020,D01,2024-04-26,CAD,7602,0,0,Not Admitted,UPI
V011452,PT03935,DR047,D04,2024-09-27,Migraine,680569,1,9,Normal,Insurance
V011453,PT04304,DR027,D06,2025-04-24,Tumor Screening,7524,0,0,Not Admitted,Insurance
V011454,PT01069,DR018,D05,2025-05-08,Poisoning,1158,0,0,Not Admitted,Insurance
V011455,PT02564,DR004,D05,2024-07-05,Burns,908,0,0,Not Admitted,Insurance
V011456,PT01782,DR026,D05,2024-05-23,Trauma,424945,1,6,Normal,Cash
V011457,PT04719,DR027,D06,2024-04-27,Post-op Care,5928,0,0,Not Admitted,Cash
V011458,PT00325,DR056,D02,2024-04-12,Arthritis,7462,0,0,Not Admitted,Cash
V011459,PT02288,DR040,D08,2024-10-30,Prenatal Care,994,0,0,Not Admitted,Cash
V011460,PT03033,DR020,D01,2025-09-13,CAD,5972,0,0,Not Admitted,Card
V011461,PT01157,DR029,D05,2024-05-19,Poisoning,6550,0,0,Not Admitted,Card
V011462,PT03925,DR056,D02,2025-12-11,Fracture,1384,0,0,Not Admitted,Insurance
V011463,PT04241,DR078,D06,2025-08-17,Radiotherapy,4792,0,0,Not Admitted,UPI
V011464,PT03129,DR007,D05,2025-02-21,Burns,3995,0,0,Not Admitted,Cash
V011465,PT01238,DR016,D06,2024-08-28,Tumor Screening,849,0,0,Not Admitted,UPI
V011466,PT01060,DR038,D04,2025-05-08,Epilepsy,574,0,0,Not Admitted,UPI
V011467,PT03647,DR010,D02,2025-05-22,Arthritis,1213,0,0,Not Admitted,Card
V011468,PT01987,DR019,D04,2024-08-01,Epilepsy,3420,0,0,Not Admitted,Insurance
V011469,PT01699,DR027,D06,2025-07-04,Tumor Screening,601167,1,1,Normal,UPI
V011470,PT04922,DR011,D08,2025-05-29,Menstrual Disorder,670,0,0,Not Admitted,UPI
V011471,PT02933,DR074,D03,2024-01-05,Asthma,235752,1,12,Normal,Insurance
V011472,PT03370,DR054,D02,2025-02-10,Arthritis,7053,0,0,Not Admitted,Cash
V011473,PT01389,DR058,D03,2025-02-09,Vaccination,5906,0,0,Not Admitted,Card
V011474,PT00627,DR014,D04,2025-11-21,Neuropathy,286031,1,8,Normal,UPI
V011475,PT02026,DR070,D03,2025-05-06,Viral Infection,4931,0,0,Not Admitted,Insurance
V011476,PT03516,DR074,D03,2025-09-28,Viral Infection,1037,0,0,Not Admitted,Insurance
V011477,PT02673,DR063,D05,2025-12-24,Poisoning,5834,0,0,Not Admitted,Card
V011478,PT03875,DR020,D01,2025-12-03,Hypertension,7889,0,0,Not Admitted,Card
V011479,PT04126,DR069,D07,2024-09-18,Infection,7649,0,0,Not Admitted,Cash
V011480,PT01608,DR041,D07,2025-04-13,Diabetes,469963,1,6,Normal,Insurance
V011481,PT03298,DR076,D04,2024-01-16,Neuropathy,2961,0,0,Not Admitted,UPI
V011482,PT02870,DR018,D05,2024-06-01,Poisoning,217981,1,2,Normal,UPI
V011483,PT00867,DR067,D07,2025-08-21,Fever,7974,0,0,Not Admitted,UPI
V011484,PT03761,DR043,D06,2024-02-25,Post-op Care,4365,0,0,Not Admitted,Insurance
V011485,PT02674,DR036,D04,2024-07-18,Epilepsy,252860,1,12,Normal,Cash
V011486,PT04885,DR064,D02,2024-06-17,Fracture,5735,0,0,Not Admitted,Insurance
V011487,PT03025,DR012,D04,2025-07-07,Epilepsy,7773,0,0,Not Admitted,Insurance
V011488,PT03367,DR041,D07,2025-11-21,Infection,6828,0,0,Not Admitted,UPI
V011489,PT02018,DR030,D02,2025-04-03,Arthritis,7980,0,0,Not Admitted,Card
V011490,PT00980,DR001,D02,2024-12-07,Arthritis,32428,1,4,Normal,Insurance
V011491,PT04458,DR058,D03,2024-03-06,Viral Infection,429472,1,4,Normal,Insurance
V011492,PT02495,DR027,D06,2025-08-07,Radiotherapy,268447,1,11,Normal,Insurance
V011493,PT03745,DR016,D06,2024-02-18,Post-op Care,1508,0,0,Not Admitted,Cash
V011494,PT02724,DR035,D06,2025-02-27,Radiotherapy,4515,0,0,Not Admitted,Cash
V011495,PT01183,DR025,D05,2025-11-06,Severe Bleeding,2537,0,0,Not Admitted,Card
V011496,PT00810,DR020,D01,2024-10-17,Heart Failure,3510,0,0,Not Admitted,Cash
V011497,PT02916,DR003,D04,2025-05-29,Migraine,1071,0,0,Not Admitted,Cash
V011498,PT03701,DR029,D05,2024-08-12,Trauma,3874,0,0,Not Admitted,Insurance
V011499,PT00598,DR043,D06,2024-09-25,Chemotherapy,5683,0,0,Not Admitted,Insurance
V011500,PT04808,DR017,D08,2024-10-23,Prenatal Care,6609,0,0,Not Admitted,Card
V011501,PT01578,DR030,D02,2025-07-25,Back Pain,1558,0,0,Not Admitted,UPI
V011502,PT01808,DR038,D04,2024-01-18,Neuropathy,3700,0,0,Not Admitted,Card
V011503,PT03122,DR065,D04,2025-12-20,Neuropathy,3202,0,0,Not Admitted,Insurance
V011504,PT02493,DR038,D04,2025-11-27,Neuropathy,574440,1,3,Normal,UPI
V011505,PT01499,DR075,D01,2024-02-24,Arrhythmia,5158,0,0,Not Admitted,UPI
V011506,PT03607,DR023,D02,2024-09-23,Fracture,5791,0,0,Not Admitted,Cash
V011507,PT00495,DR032,D07,2025-08-24,Thyroid,6267,0,0,Not Admitted,UPI
V011508,PT03455,DR042,D01,2024-07-18,Heart Failure,2288,0,0,Not Admitted,UPI
V011509,PT04930,DR035,D06,2024-05-28,Tumor Screening,7887,0,0,Not Admitted,UPI
V011510,PT02133,DR021,D07,2024-02-17,Fever,7107,0,0,Not Admitted,Card
V011511,PT04635,DR007,D05,2024-02-09,Poisoning,1337,0,0,Not Admitted,Cash
V011512,PT01982,DR063,D05,2024-07-20,Severe Bleeding,5906,0,0,Not Admitted,Insurance
V011513,PT00060,DR034,D08,2024-12-04,PCOS,3110,0,0,Not Admitted,UPI
V011514,PT02664,DR011,D08,2025-05-19,Fertility,4929,0,0,Not Admitted,Cash
V011515,PT04363,DR047,D04,2025-01-19,Epilepsy,2192,0,0,Not Admitted,Card
V011516,PT00653,DR070,D03,2025-10-23,Asthma,5992,0,0,Not Admitted,Card
V011517,PT00996,DR079,D04,2025-07-24,Migraine,3023,0,0,Not Admitted,Insurance
V011518,PT01646,DR056,D02,2025-11-09,Fracture,1916,0,0,Not Admitted,Cash
V011519,PT00316,DR058,D03,2024-03-20,Asthma,4360,0,0,Not Admitted,Insurance
V011520,PT01416,DR022,D08,2024-11-01,Menstrual Disorder,6988,0,0,Not Admitted,Insurance
V011521,PT02898,DR067,D07,2025-10-08,Fever,4571,0,0,Not Admitted,Cash
V011522,PT00101,DR038,D04,2025-09-22,Stroke,378755,1,3,Normal,UPI
V011523,PT04106,DR031,D03,2025-04-02,Asthma,6771,0,0,Not Admitted,Cash
V011524,PT01040,DR004,D05,2025-08-18,Poisoning,7016,0,0,Not Admitted,Card
V011525,PT03863,DR017,D08,2024-07-15,Fertility,4440,0,0,Not Admitted,Card
V011526,PT01239,DR042,D01,2024-05-21,Arrhythmia,1907,0,0,Not Admitted,Card
V011527,PT04590,DR013,D04,2024-02-18,Epilepsy,3424,0,0,Not Admitted,Insurance
V011528,PT02762,DR028,D06,2025-06-18,Radiotherapy,7600,0,0,Not Admitted,Card
V011529,PT02105,DR062,D08,2025-06-03,Prenatal Care,5069,0,0,Not Admitted,Card
V011530,PT03713,DR073,D04,2025-01-24,Stroke,7066,0,0,Not Admitted,Cash
V011531,PT04085,DR050,D07,2025-01-16,Fever,6777,0,0,Not Admitted,Card
V011532,PT01790,DR009,D04,2025-08-22,Stroke,6764,0,0,Not Admitted,Cash
V011533,PT03060,DR040,D08,2024-01-08,Fertility,4783,0,0,Not Admitted,Card
V011534,PT03292,DR033,D05,2024-04-21,Trauma,1332,0,0,Not Admitted,UPI
V011535,PT00021,DR041,D07,2025-06-23,Fever,2559,0,0,Not Admitted,Card
V011536,PT01059,DR027,D06,2025-07-20,Chemotherapy,5125,0,0,Not Admitted,UPI
V011537,PT04035,DR048,D04,2024-02-01,Epilepsy,3303,0,0,Not Admitted,Cash
V011538,PT01319,DR020,D01,2025-12-24,CAD,7656,0,0,Not Admitted,UPI
V011539,PT02012,DR015,D06,2025-08-08,Tumor Screening,7867,0,0,Not Admitted,Insurance
V011540,PT04796,DR077,D01,2025-10-08,Hypertension,1362,0,0,Not Admitted,UPI
V011541,PT03830,DR040,D08,2025-01-30,Menstrual Disorder,1427,0,0,Not Admitted,UPI
V011542,PT03884,DR070,D03,2025-08-29,Asthma,1184,0,0,Not Admitted,Insurance
V011543,PT01779,DR047,D04,2025-12-19,Migraine,1511,0,0,Not Admitted,Insurance
V011544,PT02624,DR058,D03,2025-06-03,Vaccination,6604,0,0,Not Admitted,UPI
V011545,PT01806,DR047,D04,2025-10-29,Neuropathy,547561,1,3,Normal,Cash
V011546,PT04034,DR072,D06,2024-10-26,Tumor Screening,2161,0,0,Not Admitted,Card
V011547,PT03248,DR043,D06,2024-10-16,Post-op Care,640,0,0,Not Admitted,Card
V011548,PT00532,DR016,D06,2025-08-28,Post-op Care,6497,0,0,Not Admitted,Card
V011549,PT00044,DR026,D05,2025-10-01,Poisoning,594,0,0,Not Admitted,Insurance
V011550,PT04532,DR049,D01,2024-02-07,Arrhythmia,3533,0,0,Not Admitted,UPI
V011551,PT01570,DR032,D07,2024-09-29,Fever,7650,0,0,Not Admitted,UPI
V011552,PT02349,DR044,D08,2024-01-09,Menstrual Disorder,5725,0,0,Not Admitted,Cash
V011553,PT04419,DR041,D07,2025-11-13,Diabetes,2852,0,0,Not Admitted,Cash
V011554,PT03247,DR025,D05,2025-07-02,Trauma,7403,0,0,Not Admitted,Cash
V011555,PT02634,DR077,D01,2025-04-16,CAD,7920,0,0,Not Admitted,Insurance
V011556,PT00353,DR038,D04,2024-01-31,Stroke,449497,1,6,Referred,Cash
V011557,PT04820,DR024,D05,2024-09-22,Burns,535764,1,7,Normal,Card
V011558,PT00396,DR043,D06,2024-09-09,Chemotherapy,7970,0,0,Not Admitted,Insurance
V011559,PT00952,DR050,D07,2025-07-16,Infection,7610,0,0,Not Admitted,Cash
V011560,PT04018,DR072,D06,2025-09-13,Radiotherapy,4569,0,0,Not Admitted,UPI
V011561,PT00053,DR016,D06,2025-04-24,Radiotherapy,3664,0,0,Not Admitted,UPI
V011562,PT04809,DR071,D03,2025-12-08,Fever,1740,0,0,Not Admitted,Insurance
V011563,PT00071,DR003,D04,2025-12-12,Neuropathy,2790,0,0,Not Admitted,UPI
V011564,PT02987,DR003,D04,2024-08-18,Neuropathy,4990,0,0,Not Admitted,Cash
V011565,PT03528,DR005,D05,2024-10-15,Trauma,1988,0,0,Not Admitted,Insurance
V011566,PT02646,DR053,D03,2025-01-14,Vaccination,4314,0,0,Not Admitted,Cash
V011567,PT04301,DR045,D08,2024-03-28,Prenatal Care,6152,0,0,Not Admitted,Insurance
V011568,PT02141,DR016,D06,2025-10-11,Chemotherapy,7090,0,0,Not Admitted,Card
V011569,PT02471,DR034,D08,2025-08-17,Fertility,2523,0,0,Not Admitted,Insurance
V011570,PT00892,DR070,D03,2024-07-20,Asthma,181084,1,12,LAMA,Insurance
V011571,PT03028,DR022,D08,2024-12-23,Prenatal Care,2482,0,0,Not Admitted,Card
V011572,PT02651,DR032,D07,2025-07-09,Fever,636969,1,2,Normal,Insurance
V011573,PT02050,DR066,D08,2025-05-27,PCOS,5059,0,0,Not Admitted,UPI
V011574,PT02422,DR050,D07,2024-11-19,Thyroid,5102,0,0,Not Admitted,Insurance
V011575,PT00741,DR012,D04,2024-09-12,Stroke,5614,0,0,Not Admitted,Card
V011576,PT00072,DR052,D06,2025-05-02,Post-op Care,2259,0,0,Not Admitted,Card
V011577,PT04637,DR066,D08,2024-01-11,Menstrual Disorder,1246,0,0,Not Admitted,Insurance
V011578,PT03160,DR067,D07,2025-03-31,Infection,7847,0,0,Not Admitted,Cash
V011579,PT04311,DR031,D03,2025-02-25,Asthma,6653,0,0,Not Admitted,UPI
V011580,PT02320,DR068,D03,2024-06-24,Fever,197720,1,8,Normal,Card
V011581,PT02063,DR057,D04,2024-12-10,Neuropathy,917,0,0,Not Admitted,Card
V011582,PT04583,DR050,D07,2025-05-11,Thyroid,2344,0,0,Not Admitted,Card
V011583,PT00546,DR032,D07,2024-09-15,Fever,6805,0,0,Not Admitted,Cash
V011584,PT03777,DR044,D08,2024-07-20,Prenatal Care,1354,0,0,Not Admitted,Card
V011585,PT03716,DR034,D08,2025-11-29,PCOS,1054,0,0,Not Admitted,Insurance
V011586,PT02011,DR049,D01,2025-03-04,CAD,784,0,0,Not Admitted,UPI
V011587,PT04718,DR014,D04,2024-02-15,Neuropathy,2045,0,0,Not Admitted,Card
V011588,PT04147,DR045,D08,2025-02-19,Fertility,2047,0,0,Not Admitted,Cash
V011589,PT01881,DR077,D01,2025-02-26,Hypertension,3517,0,0,Not Admitted,Cash
V011590,PT03809,DR054,D02,2024-01-26,Ligament Tear,2541,0,0,Not Admitted,Insurance
V011591,PT04348,DR078,D06,2025-11-16,Tumor Screening,7106,0,0,Not Admitted,Cash
V011592,PT03268,DR028,D06,2025-12-02,Radiotherapy,7246,0,0,Not Admitted,Cash
V011593,PT03617,DR042,D01,2025-01-16,CAD,5739,0,0,Not Admitted,Cash
V011594,PT01207,DR048,D04,2025-06-03,Stroke,7184,0,0,Not Admitted,Cash
V011595,PT04124,DR079,D04,2025-03-30,Neuropathy,1535,0,0,Not Admitted,UPI
V011596,PT04093,DR061,D02,2024-06-22,Ligament Tear,5852,0,0,Not Admitted,Cash
V011597,PT00857,DR065,D04,2024-06-05,Stroke,1925,0,0,Not Admitted,UPI
V011598,PT00540,DR011,D08,2025-04-23,Prenatal Care,1864,0,0,Not Admitted,UPI
V011599,PT02019,DR051,D05,2024-11-21,Trauma,2878,0,0,Not Admitted,Card
V011600,PT01761,DR056,D02,2025-12-13,Back Pain,4029,0,0,Not Admitted,UPI
V011601,PT00507,DR039,D03,2025-09-16,Asthma,745789,1,9,Normal,Cash
V011602,PT03296,DR050,D07,2024-03-20,Fever,3160,0,0,Not Admitted,Cash
V011603,PT02141,DR076,D04,2024-01-27,Stroke,4727,0,0,Not Admitted,Card
V011604,PT04366,DR007,D05,2025-10-05,Severe Bleeding,1142,0,0,Not Admitted,Card
V011605,PT01464,DR053,D03,2025-07-20,Asthma,3167,0,0,Not Admitted,Insurance
V011606,PT00842,DR015,D06,2024-04-25,Radiotherapy,6239,0,0,Not Admitted,Card
V011607,PT01805,DR005,D05,2024-06-05,Poisoning,5410,0,0,Not Admitted,Card
V011608,PT01653,DR080,D05,2024-02-06,Trauma,6672,0,0,Not Admitted,Card
V011609,PT01452,DR024,D05,2025-03-19,Burns,1058,0,0,Not Admitted,UPI
V011610,PT01582,DR075,D01,2024-04-13,Hypertension,2874,0,0,Not Admitted,Card
V011611,PT04373,DR040,D08,2024-03-14,Menstrual Disorder,5175,0,0,Not Admitted,Card
V011612,PT00719,DR054,D02,2024-05-25,Back Pain,2158,0,0,Not Admitted,Insurance
V011613,PT01124,DR038,D04,2025-04-29,Epilepsy,3450,0,0,Not Admitted,UPI
V011614,PT02301,DR014,D04,2025-02-04,Migraine,1670,0,0,Not Admitted,Insurance
V011615,PT00350,DR036,D04,2025-05-13,Stroke,1351,0,0,Not Admitted,Insurance
V011616,PT01145,DR055,D02,2024-07-17,Back Pain,3477,0,0,Not Admitted,UPI
V011617,PT04250,DR072,D06,2024-06-24,Tumor Screening,1009,0,0,Not Admitted,Cash
V011618,PT03138,DR066,D08,2024-09-09,Fertility,1063,0,0,Not Admitted,UPI
V011619,PT01089,DR014,D04,2024-02-10,Migraine,1862,0,0,Not Admitted,Cash
V011620,PT01270,DR016,D06,2025-05-20,Tumor Screening,3528,0,0,Not Admitted,Card
V011621,PT02826,DR011,D08,2025-06-14,Fertility,3081,0,0,Not Admitted,UPI
V011622,PT03181,DR048,D04,2025-03-24,Neuropathy,5578,0,0,Not Admitted,Insurance
V011623,PT04721,DR008,D02,2024-07-30,Arthritis,7151,0,0,Not Admitted,Insurance
V011624,PT02237,DR036,D04,2025-06-25,Migraine,511863,1,2,Normal,Insurance
V011625,PT02468,DR075,D01,2024-12-27,CAD,1202,0,0,Not Admitted,Card
V011626,PT04736,DR039,D03,2024-06-07,Fever,1452,0,0,Not Admitted,Cash
V011627,PT04159,DR058,D03,2024-01-31,Fever,4356,0,0,Not Admitted,Card
V011628,PT01126,DR044,D08,2024-08-18,Fertility,3862,0,0,Not Admitted,UPI
V011629,PT01230,DR067,D07,2025-08-27,Diabetes,1544,0,0,Not Admitted,Insurance
V011630,PT03385,DR044,D08,2024-10-10,PCOS,321370,1,2,Normal,UPI
V011631,PT04648,DR037,D02,2024-08-03,Back Pain,3596,0,0,Not Admitted,Card
V011632,PT02819,DR041,D07,2025-05-28,Thyroid,7358,0,0,Not Admitted,Cash
V011633,PT01124,DR025,D05,2025-07-30,Trauma,608,0,0,Not Admitted,Cash
V011634,PT00640,DR032,D07,2025-03-24,Infection,2435,0,0,Not Admitted,Cash
V011635,PT00692,DR043,D06,2024-10-27,Radiotherapy,4099,0,0,Not Admitted,Cash
V011636,PT01755,DR073,D04,2025-12-15,Migraine,5372,0,0,Not Admitted,Insurance
V011637,PT01582,DR024,D05,2024-11-23,Trauma,1576,0,0,Not Admitted,Cash
V011638,PT01437,DR019,D04,2024-12-23,Neuropathy,1139,0,0,Not Admitted,UPI
V011639,PT01707,DR035,D06,2024-03-10,Tumor Screening,3103,0,0,Not Admitted,Insurance
V011640,PT03049,DR025,D05,2025-05-30,Severe Bleeding,110135,1,12,Expired,UPI
V011641,PT04445,DR041,D07,2025-10-22,Diabetes,6629,0,0,Not Admitted,Cash
V011642,PT00521,DR045,D08,2024-08-12,Fertility,530231,1,12,Normal,UPI
V011643,PT00384,DR047,D04,2024-08-29,Neuropathy,7001,0,0,Not Admitted,Cash
V011644,PT03145,DR030,D02,2025-05-22,Arthritis,3009,0,0,Not Admitted,Card
V011645,PT00759,DR074,D03,2024-01-02,Viral Infection,6531,0,0,Not Admitted,Cash
V011646,PT01258,DR034,D08,2024-07-20,Prenatal Care,6327,0,0,Not Admitted,Insurance
V011647,PT00606,DR014,D04,2024-02-03,Migraine,6342,0,0,Not Admitted,Cash
V011648,PT04415,DR008,D02,2025-05-28,Ligament Tear,5693,0,0,Not Admitted,UPI
V011649,PT03615,DR072,D06,2024-05-03,Radiotherapy,4356,0,0,Not Admitted,Insurance
V011650,PT03995,DR047,D04,2024-03-24,Epilepsy,800,0,0,Not Admitted,Card
V011651,PT00669,DR069,D07,2024-06-01,Infection,543,0,0,Not Admitted,Cash
V011652,PT01953,DR032,D07,2025-07-20,Infection,1368,0,0,Not Admitted,UPI
V011653,PT00523,DR052,D06,2025-10-29,Post-op Care,3405,0,0,Not Admitted,Insurance
V011654,PT01461,DR033,D05,2024-08-20,Poisoning,2283,0,0,Not Admitted,Cash
V011655,PT01622,DR071,D03,2025-01-15,Fever,1678,0,0,Not Admitted,Cash
V011656,PT03827,DR014,D04,2025-07-14,Migraine,3862,0,0,Not Admitted,Card
V011657,PT01199,DR062,D08,2025-01-02,PCOS,5391,0,0,Not Admitted,Cash
V011658,PT04311,DR056,D02,2024-03-12,Back Pain,348861,1,1,Normal,Cash
V011659,PT01086,DR021,D07,2024-08-24,Fever,2974,0,0,Not Admitted,Insurance
V011660,PT02270,DR065,D04,2024-10-05,Stroke,5422,0,0,Not Admitted,Insurance
V011661,PT04649,DR061,D02,2024-05-13,Fracture,5903,0,0,Not Admitted,UPI
V011662,PT00018,DR004,D05,2025-12-06,Trauma,2028,0,0,Not Admitted,Insurance
V011663,PT01189,DR009,D04,2024-08-09,Stroke,6080,0,0,Not Admitted,UPI
V011664,PT01427,DR042,D01,2025-06-26,CAD,7227,0,0,Not Admitted,Cash
V011665,PT04718,DR061,D02,2024-11-09,Fracture,110468,1,2,Normal,Insurance
V011666,PT02660,DR024,D05,2025-02-17,Severe Bleeding,6136,0,0,Not Admitted,Insurance
V011667,PT02642,DR017,D08,2025-10-09,PCOS,4764,0,0,Not Admitted,UPI
V011668,PT02702,DR039,D03,2025-06-11,Viral Infection,1432,0,0,Not Admitted,Insurance
V011669,PT02691,DR070,D03,2024-06-18,Fever,6674,0,0,Not Admitted,Card
V011670,PT01314,DR066,D08,2025-07-13,Fertility,7244,0,0,Not Admitted,Insurance
V011671,PT01254,DR005,D05,2025-01-19,Severe Bleeding,3429,0,0,Not Admitted,UPI
V011672,PT04752,DR076,D04,2025-07-01,Stroke,1492,0,0,Not Admitted,Card
V011673,PT04481,DR074,D03,2025-09-24,Viral Infection,4347,0,0,Not Admitted,Insurance
V011674,PT04404,DR054,D02,2025-06-19,Ligament Tear,586391,1,12,Normal,Cash
V011675,PT02483,DR077,D01,2024-01-18,Hypertension,7891,0,0,Not Admitted,UPI
V011676,PT03807,DR014,D04,2025-02-12,Epilepsy,773,0,0,Not Admitted,Card
V011677,PT02046,DR032,D07,2025-03-01,Diabetes,4022,0,0,Not Admitted,Cash
V011678,PT02497,DR063,D05,2024-09-30,Poisoning,7670,0,0,Not Admitted,Cash
V011679,PT02503,DR014,D04,2025-07-21,Epilepsy,7422,0,0,Not Admitted,Cash
V011680,PT02785,DR035,D06,2025-03-22,Post-op Care,1824,0,0,Not Admitted,Cash
V011681,PT01038,DR024,D05,2024-02-03,Severe Bleeding,554677,1,0,Normal,Insurance
V011682,PT03857,DR015,D06,2025-09-06,Chemotherapy,81514,1,5,Normal,UPI
V011683,PT02067,DR015,D06,2025-12-15,Radiotherapy,2773,0,0,Not Admitted,Insurance
V011684,PT00634,DR044,D08,2025-12-02,Prenatal Care,1785,0,0,Not Admitted,Cash
V011685,PT04812,DR051,D05,2024-06-11,Poisoning,1125,0,0,Not Admitted,UPI
V011686,PT03201,DR053,D03,2025-10-29,Viral Infection,1654,0,0,Not Admitted,UPI
V011687,PT02864,DR011,D08,2025-10-04,Fertility,2516,0,0,Not Admitted,Insurance
V011688,PT00515,DR039,D03,2025-03-11,Fever,5648,0,0,Not Admitted,Insurance
V011689,PT04841,DR032,D07,2025-06-17,Infection,4256,0,0,Not Admitted,Cash
V011690,PT00270,DR030,D02,2025-11-24,Arthritis,7233,0,0,Not Admitted,Insurance
V011691,PT03387,DR073,D04,2025-03-20,Stroke,7158,0,0,Not Admitted,Card
V011692,PT04853,DR067,D07,2024-06-06,Diabetes,64940,1,0,Normal,UPI
V011693,PT02088,DR025,D05,2025-03-14,Severe Bleeding,515,0,0,Not Admitted,UPI
V011694,PT01171,DR040,D08,2024-07-09,PCOS,5507,0,0,Not Admitted,UPI
V011695,PT01003,DR016,D06,2024-07-05,Chemotherapy,936,0,0,Not Admitted,Card
V011696,PT01698,DR030,D02,2025-07-26,Fracture,1914,0,0,Not Admitted,UPI
V011697,PT03309,DR064,D02,2024-11-17,Fracture,4510,0,0,Not Admitted,Insurance
V011698,PT04070,DR055,D02,2024-07-19,Arthritis,2935,0,0,Not Admitted,UPI
V011699,PT02740,DR078,D06,2024-08-05,Radiotherapy,4539,0,0,Not Admitted,Cash
V011700,PT01230,DR022,D08,2025-10-10,Prenatal Care,6675,0,0,Not Admitted,Card
V011701,PT00967,DR049,D01,2025-01-13,Arrhythmia,1874,0,0,Not Admitted,Cash
V011702,PT02885,DR026,D05,2025-11-05,Poisoning,2987,0,0,Not Admitted,UPI
V011703,PT00740,DR052,D06,2024-04-05,Radiotherapy,566,0,0,Not Admitted,Cash
V011704,PT04243,DR065,D04,2025-11-23,Epilepsy,5520,0,0,Not Admitted,Cash
V011705,PT01138,DR026,D05,2024-12-04,Trauma,7184,0,0,Not Admitted,Insurance
V011706,PT02341,DR044,D08,2025-11-04,Prenatal Care,4344,0,0,Not Admitted,Insurance
V011707,PT00268,DR077,D01,2024-12-16,Hypertension,658871,1,11,Normal,Cash
V011708,PT02295,DR027,D06,2025-12-10,Tumor Screening,6716,0,0,Not Admitted,Insurance
V011709,PT04188,DR040,D08,2024-01-30,Fertility,1445,0,0,Not Admitted,Card
V011710,PT00416,DR020,D01,2025-02-16,Arrhythmia,44610,1,5,Normal,Cash
V011711,PT01094,DR077,D01,2024-04-13,CAD,2015,0,0,Not Admitted,Card
V011712,PT02957,DR005,D05,2024-03-23,Burns,3252,0,0,Not Admitted,Card
V011713,PT00749,DR036,D04,2025-06-02,Epilepsy,4520,0,0,Not Admitted,UPI
V011714,PT03287,DR052,D06,2025-03-13,Post-op Care,3685,0,0,Not Admitted,UPI
V011715,PT04278,DR075,D01,2024-02-06,CAD,3679,0,0,Not Admitted,Cash
V011716,PT03460,DR010,D02,2025-07-04,Fracture,2725,0,0,Not Admitted,UPI
V011717,PT03923,DR007,D05,2024-03-21,Trauma,4563,0,0,Not Admitted,UPI
V011718,PT00634,DR053,D03,2024-02-07,Vaccination,7562,0,0,Not Admitted,Cash
V011719,PT04897,DR059,D01,2024-10-25,Arrhythmia,2775,0,0,Not Admitted,UPI
V011720,PT00749,DR054,D02,2024-10-15,Fracture,7661,0,0,Not Admitted,UPI
V011721,PT00044,DR042,D01,2025-05-15,Arrhythmia,1256,0,0,Not Admitted,Insurance
V011722,PT04240,DR077,D01,2025-07-29,Hypertension,3012,0,0,Not Admitted,Card
V011723,PT01958,DR074,D03,2024-04-02,Fever,6580,0,0,Not Admitted,UPI
V011724,PT02900,DR007,D05,2024-09-20,Trauma,545,0,0,Not Admitted,Insurance
V011725,PT04427,DR039,D03,2025-09-05,Vaccination,387925,1,6,Normal,UPI
V011726,PT00677,DR058,D03,2024-03-23,Asthma,1756,0,0,Not Admitted,Cash
V011727,PT02971,DR032,D07,2025-04-30,Thyroid,785694,1,3,Normal,Insurance
V011728,PT02614,DR012,D04,2025-10-29,Stroke,3127,0,0,Not Admitted,Card
V011729,PT02064,DR007,D05,2024-03-29,Poisoning,1982,0,0,Not Admitted,Cash
V011730,PT02871,DR032,D07,2025-09-28,Diabetes,82544,1,12,Normal,Cash
V011731,PT02489,DR009,D04,2024-11-02,Epilepsy,747846,1,5,Normal,Insurance
V011732,PT00898,DR031,D03,2025-09-07,Asthma,622577,1,10,Normal,UPI
V011733,PT00277,DR035,D06,2024-02-07,Chemotherapy,3897,0,0,Not Admitted,UPI
V011734,PT03815,DR007,D05,2025-04-13,Poisoning,6792,0,0,Not Admitted,Card
V011735,PT00633,DR071,D03,2025-04-26,Fever,502,0,0,Not Admitted,Insurance
V011736,PT02191,DR067,D07,2024-07-07,Infection,4949,0,0,Not Admitted,Cash
V011737,PT04572,DR035,D06,2024-01-17,Tumor Screening,909,0,0,Not Admitted,Card
V011738,PT00574,DR062,D08,2024-04-07,Menstrual Disorder,7219,0,0,Not Admitted,UPI
V011739,PT01084,DR020,D01,2025-05-07,Hypertension,4246,0,0,Not Admitted,UPI
V011740,PT00513,DR042,D01,2025-08-16,Hypertension,92196,1,12,Normal,Cash
V011741,PT02007,DR028,D06,2025-06-24,Post-op Care,1001,0,0,Not Admitted,Card
V011742,PT04940,DR077,D01,2024-01-16,Heart Failure,564677,1,9,Normal,Cash
V011743,PT02200,DR026,D05,2025-09-30,Severe Bleeding,2042,0,0,Not Admitted,Cash
V011744,PT01781,DR061,D02,2025-07-04,Ligament Tear,2213,0,0,Not Admitted,UPI
V011745,PT02964,DR048,D04,2025-02-25,Stroke,1280,0,0,Not Admitted,Card
V011746,PT03264,DR023,D02,2024-08-23,Ligament Tear,423716,1,9,Normal,Card
V011747,PT00053,DR032,D07,2024-12-30,Diabetes,688543,1,0,Normal,Insurance
V011748,PT03896,DR071,D03,2025-11-22,Vaccination,4831,0,0,Not Admitted,Card
V011749,PT02347,DR049,D01,2024-08-21,Arrhythmia,6113,0,0,Not Admitted,UPI
V011750,PT01271,DR011,D08,2024-06-12,Menstrual Disorder,4123,0,0,Not Admitted,UPI
V011751,PT02991,DR066,D08,2025-01-24,Fertility,306347,1,5,Normal,Cash
V011752,PT02483,DR007,D05,2025-05-06,Severe Bleeding,4725,0,0,Not Admitted,Insurance
V011753,PT01284,DR039,D03,2025-11-11,Vaccination,4437,0,0,Not Admitted,Cash
V011754,PT02837,DR067,D07,2024-06-04,Thyroid,5544,0,0,Not Admitted,Insurance
V011755,PT01852,DR018,D05,2024-03-07,Severe Bleeding,6101,0,0,Not Admitted,UPI
V011756,PT01630,DR040,D08,2025-07-07,PCOS,7299,0,0,Not Admitted,Cash
V011757,PT04482,DR011,D08,2024-01-02,Prenatal Care,2234,0,0,Not Admitted,Insurance
V011758,PT04791,DR049,D01,2024-10-01,Arrhythmia,3780,0,0,Not Admitted,Cash
V011759,PT00443,DR046,D02,2024-05-06,Ligament Tear,7110,0,0,Not Admitted,Insurance
V011760,PT02004,DR050,D07,2025-04-06,Infection,3685,0,0,Not Admitted,Cash
V011761,PT00642,DR069,D07,2025-11-29,Thyroid,6089,0,0,Not Admitted,UPI
V011762,PT02075,DR032,D07,2024-01-24,Fever,4014,0,0,Not Admitted,Cash
V011763,PT03835,DR066,D08,2024-08-11,Menstrual Disorder,214478,1,0,Referred,Card
V011764,PT02900,DR053,D03,2024-01-23,Viral Infection,5608,0,0,Not Admitted,Insurance
V011765,PT01717,DR049,D01,2025-08-14,Arrhythmia,333146,1,1,Normal,UPI
V011766,PT04664,DR040,D08,2025-01-20,Menstrual Disorder,2162,0,0,Not Admitted,Card
V011767,PT04508,DR034,D08,2024-02-15,Fertility,2598,0,0,Not Admitted,Insurance
V011768,PT01093,DR066,D08,2024-09-12,PCOS,6986,0,0,Not Admitted,Insurance
V011769,PT01672,DR006,D02,2024-10-17,Ligament Tear,2572,0,0,Not Admitted,UPI
V011770,PT01788,DR074,D03,2024-03-11,Asthma,35767,1,0,Normal,Insurance
V011771,PT01899,DR027,D06,2025-02-11,Tumor Screening,2093,0,0,Not Admitted,Card
V011772,PT01370,DR039,D03,2024-06-11,Fever,3951,0,0,Not Admitted,Insurance
V011773,PT00662,DR018,D05,2024-03-05,Burns,732353,1,2,Normal,UPI
V011774,PT00305,DR049,D01,2025-07-04,Arrhythmia,5728,0,0,Not Admitted,Cash
V011775,PT01433,DR074,D03,2025-10-16,Fever,2512,0,0,Not Admitted,Card
V011776,PT01575,DR069,D07,2024-06-21,Infection,2220,0,0,Not Admitted,Cash
V011777,PT04640,DR067,D07,2024-11-26,Diabetes,6352,0,0,Not Admitted,Insurance
V011778,PT03761,DR068,D03,2024-04-29,Fever,6516,0,0,Not Admitted,Insurance
V011779,PT02180,DR042,D01,2024-01-23,Hypertension,5187,0,0,Not Admitted,Card
V011780,PT04078,DR007,D05,2025-06-07,Trauma,3270,0,0,Not Admitted,Card
V011781,PT04392,DR045,D08,2024-01-22,Menstrual Disorder,3653,0,0,Not Admitted,Cash
V011782,PT00602,DR055,D02,2024-11-10,Fracture,684764,1,11,Normal,Cash
V011783,PT04798,DR052,D06,2025-01-11,Tumor Screening,4510,0,0,Not Admitted,UPI
V011784,PT00596,DR007,D05,2024-04-23,Severe Bleeding,1361,0,0,Not Admitted,UPI
V011785,PT00334,DR042,D01,2025-12-01,Heart Failure,6910,0,0,Not Admitted,Insurance
V011786,PT03646,DR015,D06,2024-01-08,Post-op Care,2569,0,0,Not Admitted,UPI
V011787,PT01274,DR064,D02,2025-05-06,Fracture,785357,1,0,Normal,Insurance
V011788,PT02761,DR015,D06,2025-04-19,Radiotherapy,5103,0,0,Not Admitted,Insurance
V011789,PT01118,DR039,D03,2025-07-13,Viral Infection,1198,0,0,Not Admitted,UPI
V011790,PT00243,DR080,D05,2024-06-08,Burns,6479,0,0,Not Admitted,Card
V011791,PT01071,DR011,D08,2024-01-17,Fertility,463619,1,7,LAMA,Insurance
V011792,PT04149,DR038,D04,2025-06-08,Epilepsy,1243,0,0,Not Admitted,UPI
V011793,PT00683,DR030,D02,2025-03-15,Back Pain,5683,0,0,Not Admitted,Card
V011794,PT03688,DR024,D05,2024-08-17,Poisoning,6408,0,0,Not Admitted,Card
V011795,PT04458,DR010,D02,2024-12-31,Arthritis,7946,0,0,Not Admitted,Card
V011796,PT01435,DR070,D03,2025-04-10,Asthma,2486,0,0,Not Admitted,Cash
V011797,PT02221,DR068,D03,2024-01-24,Asthma,6037,0,0,Not Admitted,Insurance
V011798,PT01152,DR026,D05,2025-03-10,Poisoning,3715,0,0,Not Admitted,Card
V011799,PT04522,DR068,D03,2025-02-13,Asthma,7305,0,0,Not Admitted,Cash
V011800,PT04407,DR053,D03,2024-02-29,Asthma,6288,0,0,Not Admitted,Card
V011801,PT02677,DR019,D04,2024-10-25,Migraine,3990,0,0,Not Admitted,Cash
V011802,PT02039,DR051,D05,2025-08-09,Severe Bleeding,1952,0,0,Not Admitted,UPI
V011803,PT03268,DR011,D08,2024-05-16,Fertility,7816,0,0,Not Admitted,Insurance
V011804,PT03722,DR004,D05,2024-02-16,Severe Bleeding,3058,0,0,Not Admitted,Insurance
V011805,PT00073,DR017,D08,2024-02-03,Fertility,5532,0,0,Not Admitted,Card
V011806,PT01138,DR020,D01,2025-11-11,Heart Failure,7105,0,0,Not Admitted,UPI
V011807,PT03092,DR056,D02,2024-03-15,Fracture,6945,0,0,Not Admitted,Cash
V011808,PT01173,DR014,D04,2024-01-10,Epilepsy,7778,0,0,Not Admitted,Card
V011809,PT03750,DR036,D04,2025-03-21,Migraine,6960,0,0,Not Admitted,UPI
V011810,PT04802,DR079,D04,2025-06-09,Neuropathy,3948,0,0,Not Admitted,Card
V011811,PT02786,DR012,D04,2025-02-27,Migraine,678,0,0,Not Admitted,UPI
V011812,PT03206,DR075,D01,2024-11-18,Heart Failure,5452,0,0,Not Admitted,UPI
V011813,PT02646,DR039,D03,2024-03-24,Asthma,746043,1,12,Normal,UPI
V011814,PT03674,DR026,D05,2024-08-27,Poisoning,7667,0,0,Not Admitted,Card
V011815,PT00378,DR075,D01,2025-10-25,Heart Failure,252302,1,1,Normal,Cash
V011816,PT01929,DR024,D05,2025-01-16,Trauma,6111,0,0,Not Admitted,Cash
V011817,PT00220,DR002,D02,2024-03-25,Fracture,6410,0,0,Not Admitted,Insurance
V011818,PT00905,DR020,D01,2025-10-31,CAD,5606,0,0,Not Admitted,UPI
V011819,PT02567,DR049,D01,2024-06-07,Heart Failure,4825,0,0,Not Admitted,Card
V011820,PT01338,DR073,D04,2025-06-29,Epilepsy,7212,0,0,Not Admitted,Insurance
V011821,PT01900,DR046,D02,2025-11-11,Fracture,506,0,0,Not Admitted,Insurance
V011822,PT02580,DR075,D01,2025-10-16,Heart Failure,543673,1,1,Normal,Cash
V011823,PT01211,DR057,D04,2025-11-01,Migraine,577335,1,0,Normal,UPI
V011824,PT02937,DR029,D05,2024-10-20,Trauma,4625,0,0,Not Admitted,UPI
V011825,PT04905,DR038,D04,2025-09-10,Migraine,2910,0,0,Not Admitted,Insurance
V011826,PT01190,DR025,D05,2025-12-13,Poisoning,1679,0,0,Not Admitted,UPI
V011827,PT00836,DR056,D02,2025-01-18,Arthritis,713466,1,1,Normal,Cash
V011828,PT03697,DR049,D01,2025-11-20,Heart Failure,712221,1,9,Normal,Card
V011829,PT02716,DR018,D05,2025-03-27,Trauma,5618,0,0,Not Admitted,Insurance
V011830,PT03387,DR044,D08,2024-07-09,Prenatal Care,2748,0,0,Not Admitted,Cash
V011831,PT01539,DR071,D03,2025-11-26,Asthma,606451,1,3,LAMA,Insurance
V011832,PT03480,DR018,D05,2024-02-08,Trauma,5554,0,0,Not Admitted,Cash
V011833,PT03724,DR049,D01,2024-02-09,CAD,5865,0,0,Not Admitted,UPI
V011834,PT02330,DR078,D06,2024-05-23,Radiotherapy,7715,0,0,Not Admitted,UPI
V011835,PT01057,DR062,D08,2025-11-13,Prenatal Care,2338,0,0,Not Admitted,UPI
V011836,PT02938,DR022,D08,2024-09-14,Fertility,4430,0,0,Not Admitted,UPI
V011837,PT01664,DR037,D02,2024-03-11,Arthritis,579,0,0,Not Admitted,Insurance
V011838,PT02722,DR078,D06,2024-11-04,Chemotherapy,1454,0,0,Not Admitted,Insurance
V011839,PT00580,DR034,D08,2024-10-27,Prenatal Care,4011,0,0,Not Admitted,Card
V011840,PT00601,DR072,D06,2025-01-28,Chemotherapy,2272,0,0,Not Admitted,Insurance
V011841,PT00823,DR019,D04,2025-03-25,Stroke,1957,0,0,Not Admitted,Card
V011842,PT02423,DR077,D01,2024-12-18,Heart Failure,7256,0,0,Not Admitted,Cash
V011843,PT03024,DR057,D04,2024-09-11,Epilepsy,5336,0,0,Not Admitted,Cash
V011844,PT01043,DR017,D08,2025-07-01,Prenatal Care,749,0,0,Not Admitted,Card
V011845,PT03212,DR028,D06,2024-04-14,Post-op Care,3465,0,0,Not Admitted,Card
V011846,PT03435,DR053,D03,2024-02-28,Vaccination,6092,0,0,Not Admitted,Cash
V011847,PT00008,DR079,D04,2024-02-03,Stroke,1660,0,0,Not Admitted,Card
V011848,PT03679,DR051,D05,2025-06-02,Severe Bleeding,3147,0,0,Not Admitted,Cash
V011849,PT02974,DR069,D07,2024-05-10,Thyroid,3217,0,0,Not Admitted,UPI
V011850,PT03891,DR043,D06,2025-09-21,Chemotherapy,4824,0,0,Not Admitted,UPI
V011851,PT03585,DR056,D02,2024-07-16,Fracture,714,0,0,Not Admitted,UPI
V011852,PT04581,DR018,D05,2025-05-28,Trauma,695965,1,8,Normal,Card
V011853,PT01170,DR037,D02,2024-01-16,Arthritis,1655,0,0,Not Admitted,Card
V011854,PT02395,DR031,D03,2024-06-26,Asthma,7517,0,0,Not Admitted,Card
V011855,PT02584,DR041,D07,2024-08-10,Thyroid,4447,0,0,Not Admitted,Cash
V011856,PT03581,DR021,D07,2025-05-24,Fever,545276,1,1,Normal,UPI
V011857,PT04573,DR075,D01,2025-02-14,Hypertension,580746,1,9,Expired,UPI
V011858,PT04107,DR025,D05,2024-06-13,Poisoning,1275,0,0,Not Admitted,Card
V011859,PT04000,DR017,D08,2025-06-03,Menstrual Disorder,3039,0,0,Not Admitted,Insurance
V011860,PT00639,DR050,D07,2024-04-16,Thyroid,686815,1,2,Normal,Card
V011861,PT04891,DR020,D01,2024-10-22,CAD,6622,0,0,Not Admitted,Card
V011862,PT01968,DR053,D03,2025-08-05,Viral Infection,722111,1,6,Normal,Card
V011863,PT02647,DR071,D03,2025-06-27,Fever,5489,0,0,Not Admitted,UPI
V011864,PT02306,DR030,D02,2025-03-09,Fracture,5102,0,0,Not Admitted,UPI
V011865,PT03248,DR056,D02,2024-06-17,Back Pain,6194,0,0,Not Admitted,Insurance
V011866,PT00494,DR059,D01,2025-03-17,Heart Failure,163605,1,2,Normal,Card
V011867,PT04503,DR010,D02,2024-07-05,Back Pain,4066,0,0,Not Admitted,UPI
V011868,PT04396,DR013,D04,2025-04-08,Epilepsy,7248,0,0,Not Admitted,UPI
V011869,PT03401,DR003,D04,2024-04-21,Stroke,7474,0,0,Not Admitted,Cash
V011870,PT00578,DR006,D02,2024-04-25,Fracture,7271,0,0,Not Admitted,Insurance
V011871,PT04374,DR017,D08,2024-11-10,Menstrual Disorder,237698,1,7,Normal,Cash
V011872,PT04673,DR077,D01,2024-03-06,Arrhythmia,6902,0,0,Not Admitted,UPI
V011873,PT03098,DR034,D08,2025-09-28,PCOS,381468,1,0,LAMA,UPI
V011874,PT00364,DR020,D01,2024-12-27,Heart Failure,552245,1,6,Normal,Cash
V011875,PT03582,DR056,D02,2025-12-20,Back Pain,7956,0,0,Not Admitted,Cash
V011876,PT01994,DR077,D01,2025-04-13,CAD,450397,1,4,Normal,Cash
V011877,PT02405,DR069,D07,2024-10-09,Thyroid,6301,0,0,Not Admitted,UPI
V011878,PT00621,DR077,D01,2025-09-15,Arrhythmia,5828,0,0,Not Admitted,Insurance
V011879,PT03285,DR049,D01,2024-10-15,Heart Failure,5199,0,0,Not Admitted,Card
V011880,PT00561,DR080,D05,2024-01-17,Severe Bleeding,55683,1,6,Normal,UPI
V011881,PT02827,DR032,D07,2025-01-22,Thyroid,5047,0,0,Not Admitted,Card
V011882,PT04961,DR050,D07,2025-05-15,Fever,1383,0,0,Not Admitted,UPI
V011883,PT03180,DR007,D05,2025-12-13,Severe Bleeding,6129,0,0,Not Admitted,Card
V011884,PT01425,DR074,D03,2025-08-30,Asthma,459941,1,1,Normal,Insurance
V011885,PT02472,DR022,D08,2024-07-09,Fertility,505163,1,9,Normal,Insurance
V011886,PT01758,DR058,D03,2024-10-05,Fever,1914,0,0,Not Admitted,Cash
V011887,PT04284,DR043,D06,2024-08-30,Radiotherapy,6962,0,0,Not Admitted,Cash
V011888,PT03019,DR005,D05,2024-05-09,Poisoning,3145,0,0,Not Admitted,Cash
V011889,PT00896,DR045,D08,2025-11-19,Menstrual Disorder,1293,0,0,Not Admitted,Insurance
V011890,PT00499,DR036,D04,2025-12-13,Epilepsy,1154,0,0,Not Admitted,UPI
V011891,PT03004,DR049,D01,2024-02-12,Hypertension,7180,0,0,Not Admitted,Card
V011892,PT04453,DR056,D02,2024-10-20,Fracture,4938,0,0,Not Admitted,Card
V011893,PT03648,DR045,D08,2024-10-03,Fertility,1377,0,0,Not Admitted,Card
V011894,PT02731,DR072,D06,2025-05-22,Chemotherapy,547095,1,7,Normal,Cash
V011895,PT04855,DR011,D08,2024-02-26,Fertility,2939,0,0,Not Admitted,UPI
V011896,PT04667,DR032,D07,2024-01-10,Thyroid,935,0,0,Not Admitted,UPI
V011897,PT01614,DR048,D04,2025-03-23,Stroke,7902,0,0,Not Admitted,UPI
V011898,PT02946,DR014,D04,2025-08-06,Epilepsy,3020,0,0,Not Admitted,Cash
V011899,PT04754,DR072,D06,2025-02-04,Post-op Care,3387,0,0,Not Admitted,Card
V011900,PT04231,DR007,D05,2024-08-31,Severe Bleeding,2084,0,0,Not Admitted,UPI
V011901,PT02175,DR022,D08,2025-05-06,PCOS,3159,0,0,Not Admitted,Cash
V011902,PT02352,DR016,D06,2025-04-16,Post-op Care,2305,0,0,Not Admitted,Insurance
V011903,PT03688,DR018,D05,2025-02-12,Burns,2980,0,0,Not Admitted,Insurance
V011904,PT04672,DR029,D05,2024-04-22,Severe Bleeding,2775,0,0,Not Admitted,UPI
V011905,PT04473,DR003,D04,2024-12-19,Migraine,4361,0,0,Not Admitted,Cash
V011906,PT03103,DR034,D08,2025-06-20,Fertility,3234,0,0,Not Admitted,Insurance
V011907,PT00853,DR063,D05,2024-04-07,Trauma,676,0,0,Not Admitted,Card
V011908,PT04360,DR051,D05,2024-10-17,Burns,1385,0,0,Not Admitted,UPI
V011909,PT00921,DR047,D04,2024-03-01,Migraine,5569,0,0,Not Admitted,UPI
V011910,PT03707,DR035,D06,2025-03-06,Post-op Care,6241,0,0,Not Admitted,UPI
V011911,PT00234,DR023,D02,2025-04-03,Fracture,4255,0,0,Not Admitted,Insurance
V011912,PT01067,DR023,D02,2025-07-26,Arthritis,2211,0,0,Not Admitted,UPI
V011913,PT02825,DR057,D04,2025-03-06,Neuropathy,6034,0,0,Not Admitted,Card
V011914,PT04931,DR032,D07,2025-04-29,Fever,6546,0,0,Not Admitted,UPI
V011915,PT01383,DR047,D04,2024-05-23,Migraine,2890,0,0,Not Admitted,Insurance
V011916,PT01817,DR041,D07,2024-07-17,Thyroid,5729,0,0,Not Admitted,Card
V011917,PT02241,DR045,D08,2025-11-13,Menstrual Disorder,6796,0,0,Not Admitted,Cash
V011918,PT00233,DR006,D02,2025-07-19,Fracture,2256,0,0,Not Admitted,Card
V011919,PT03106,DR043,D06,2024-09-16,Tumor Screening,5626,0,0,Not Admitted,Insurance
V011920,PT02474,DR013,D04,2025-11-12,Stroke,5908,0,0,Not Admitted,Cash
V011921,PT02563,DR049,D01,2025-12-01,Heart Failure,2546,0,0,Not Admitted,Insurance
V011922,PT01544,DR049,D01,2025-12-06,CAD,2603,0,0,Not Admitted,Cash
V011923,PT04644,DR045,D08,2025-12-09,PCOS,5365,0,0,Not Admitted,Card
V011924,PT00961,DR059,D01,2024-08-22,Heart Failure,402528,1,4,Normal,Insurance
V011925,PT02554,DR042,D01,2025-07-08,Heart Failure,4648,0,0,Not Admitted,Cash
V011926,PT01095,DR053,D03,2024-07-14,Vaccination,7716,0,0,Not Admitted,Insurance
V011927,PT04622,DR042,D01,2025-06-04,Arrhythmia,5790,0,0,Not Admitted,UPI
V011928,PT00716,DR042,D01,2024-07-01,Heart Failure,1739,0,0,Not Admitted,Insurance
V011929,PT00368,DR041,D07,2025-10-17,Thyroid,1982,0,0,Not Admitted,Card
V011930,PT02284,DR046,D02,2024-02-08,Arthritis,4760,0,0,Not Admitted,UPI
V011931,PT01193,DR042,D01,2024-02-05,Heart Failure,4968,0,0,Not Admitted,Insurance
V011932,PT04635,DR026,D05,2025-01-22,Poisoning,2142,0,0,Not Admitted,Insurance
V011933,PT03006,DR059,D01,2025-05-27,CAD,5990,0,0,Not Admitted,Cash
V011934,PT03452,DR002,D02,2024-03-27,Back Pain,7205,0,0,Not Admitted,Cash
V011935,PT04299,DR056,D02,2025-01-04,Fracture,6043,0,0,Not Admitted,Card
V011936,PT00810,DR025,D05,2024-11-05,Trauma,238280,1,12,Normal,Insurance
V011937,PT02699,DR012,D04,2024-03-21,Epilepsy,6496,0,0,Not Admitted,Insurance
V011938,PT00955,DR075,D01,2024-07-15,CAD,7114,0,0,Not Admitted,Insurance
V011939,PT03076,DR031,D03,2024-03-17,Asthma,1052,0,0,Not Admitted,UPI
V011940,PT02874,DR032,D07,2025-06-03,Diabetes,349859,1,11,Normal,Cash
V011941,PT03629,DR037,D02,2025-01-10,Arthritis,2412,0,0,Not Admitted,Cash
V011942,PT01882,DR070,D03,2025-09-02,Fever,7401,0,0,Not Admitted,UPI
V011943,PT01124,DR072,D06,2024-07-16,Tumor Screening,724648,1,3,Normal,Card
V011944,PT00476,DR041,D07,2025-12-20,Fever,5208,0,0,Not Admitted,Card
V011945,PT03945,DR074,D03,2024-09-06,Vaccination,3706,0,0,Not Admitted,Insurance
V011946,PT01565,DR018,D05,2025-05-06,Poisoning,4432,0,0,Not Admitted,UPI
V011947,PT01029,DR021,D07,2024-08-17,Infection,6909,0,0,Not Admitted,Card
V011948,PT01106,DR063,D05,2025-08-03,Poisoning,5551,0,0,Not Admitted,Cash
V011949,PT00856,DR021,D07,2025-10-18,Infection,5841,0,0,Not Admitted,Insurance
V011950,PT04865,DR003,D04,2025-04-07,Stroke,2527,0,0,Not Admitted,Cash
V011951,PT02648,DR024,D05,2025-08-21,Trauma,7202,0,0,Not Admitted,Insurance
V011952,PT01541,DR042,D01,2025-07-06,Arrhythmia,4737,0,0,Not Admitted,UPI
V011953,PT02562,DR057,D04,2024-05-17,Epilepsy,4917,0,0,Not Admitted,Card
V011954,PT03910,DR055,D02,2025-09-12,Fracture,4518,0,0,Not Admitted,Cash
V011955,PT01135,DR035,D06,2024-12-13,Post-op Care,287318,1,6,Normal,UPI
V011956,PT01551,DR053,D03,2025-01-22,Vaccination,5992,0,0,Not Admitted,Card
V011957,PT03096,DR078,D06,2025-05-06,Radiotherapy,633504,1,12,Normal,Cash
V011958,PT04973,DR028,D06,2024-10-11,Post-op Care,7595,0,0,Not Admitted,Cash
V011959,PT00874,DR041,D07,2025-07-16,Infection,7088,0,0,Not Admitted,Cash
V011960,PT00461,DR075,D01,2024-11-27,Arrhythmia,2823,0,0,Not Admitted,UPI
V011961,PT04873,DR036,D04,2025-08-18,Stroke,7050,0,0,Not Admitted,Card
V011962,PT00069,DR077,D01,2025-11-19,CAD,3429,0,0,Not Admitted,Insurance
V011963,PT01213,DR079,D04,2025-11-22,Migraine,5737,0,0,Not Admitted,Cash
V011964,PT03646,DR005,D05,2025-08-27,Poisoning,3149,0,0,Not Admitted,Cash
V011965,PT03044,DR021,D07,2024-09-24,Fever,6233,0,0,Not Admitted,Cash
V011966,PT04964,DR060,D04,2024-10-02,Epilepsy,2275,0,0,Not Admitted,UPI
V011967,PT02126,DR023,D02,2025-09-22,Ligament Tear,2158,0,0,Not Admitted,Cash
V011968,PT03350,DR069,D07,2024-05-25,Fever,839,0,0,Not Admitted,Cash
V011969,PT03026,DR010,D02,2025-05-08,Back Pain,5973,0,0,Not Admitted,UPI
V011970,PT02534,DR069,D07,2024-06-01,Thyroid,5680,0,0,Not Admitted,UPI
V011971,PT02893,DR050,D07,2025-06-13,Thyroid,4127,0,0,Not Admitted,UPI
V011972,PT04806,DR031,D03,2025-02-23,Viral Infection,4924,0,0,Not Admitted,Insurance
V011973,PT02050,DR051,D05,2024-08-01,Severe Bleeding,7244,0,0,Not Admitted,UPI
V011974,PT01629,DR009,D04,2025-04-25,Epilepsy,970,0,0,Not Admitted,Cash
V011975,PT04443,DR010,D02,2025-12-25,Ligament Tear,4269,0,0,Not Admitted,Card
V011976,PT04852,DR005,D05,2025-03-13,Severe Bleeding,7662,0,0,Not Admitted,Cash
V011977,PT03498,DR017,D08,2024-05-29,Menstrual Disorder,2994,0,0,Not Admitted,Card
V011978,PT02321,DR049,D01,2024-10-09,Heart Failure,586,0,0,Not Admitted,Card
V011979,PT02337,DR054,D02,2024-09-27,Fracture,3485,0,0,Not Admitted,UPI
V011980,PT04995,DR064,D02,2024-03-03,Ligament Tear,7945,0,0,Not Admitted,UPI
V011981,PT04407,DR044,D08,2025-12-12,PCOS,3727,0,0,Not Admitted,Card
V011982,PT03202,DR012,D04,2024-06-25,Stroke,4823,0,0,Not Admitted,Cash
V011983,PT03414,DR034,D08,2024-03-08,Fertility,2500,0,0,Not Admitted,Card
V011984,PT01680,DR050,D07,2024-09-30,Fever,3641,0,0,Not Admitted,Insurance
V011985,PT02779,DR066,D08,2024-11-11,PCOS,6363,0,0,Not Admitted,Insurance
V011986,PT03517,DR061,D02,2024-11-28,Back Pain,774,0,0,Not Admitted,Cash
V011987,PT02253,DR061,D02,2024-03-08,Ligament Tear,3110,0,0,Not Admitted,Card
V011988,PT02886,DR059,D01,2024-11-21,Hypertension,7236,0,0,Not Admitted,Card
V011989,PT04325,DR004,D05,2024-10-08,Burns,7684,0,0,Not Admitted,Insurance
V011990,PT04286,DR028,D06,2024-04-28,Tumor Screening,7524,0,0,Not Admitted,Card
V011991,PT03867,DR053,D03,2025-12-01,Vaccination,7951,0,0,Not Admitted,Card
V011992,PT00662,DR058,D03,2025-03-31,Fever,516189,1,1,Normal,Card
V011993,PT03163,DR041,D07,2025-06-02,Thyroid,531,0,0,Not Admitted,Card
V011994,PT02302,DR075,D01,2025-01-07,Arrhythmia,6258,0,0,Not Admitted,Card
V011995,PT02995,DR046,D02,2024-03-02,Arthritis,3243,0,0,Not Admitted,UPI
V011996,PT04808,DR053,D03,2024-12-04,Vaccination,1952,0,0,Not Admitted,UPI
V011997,PT03076,DR068,D03,2025-02-14,Fever,6655,0,0,Not Admitted,UPI
V011998,PT04615,DR015,D06,2025-09-20,Radiotherapy,6248,0,0,Not Admitted,UPI
V011999,PT01289,DR022,D08,2025-03-05,Menstrual Disorder,792,0,0,Not Admitted,UPI
V012000,PT04412,DR020,D01,2025-01-19,Arrhythmia,2281,0,0,Not Admitted,Card
